section,measure,category,count,denominator,percent,value,value_text,unit,denominator_definition,response_type,work_ids,note
Phrase co-occurrence,Same-work phrase pair,large language model + medical or health-professions education,120,485,24.7,,,canonical works,all canonical works,multiple response pair; minimum pair count 3,00dc13a955ae4496d4ca;01a746b554d461cb998c;03345c1deb2aad29820e;038dc9e15385ce662149;039798e4f1498c17cf82;04b48ce4dda567febfa2;07d462beafe4d21ba016;088f42aecd2674d3dbe5;0a2c09d04e10e0478041;0a56637c161743569cf5;0de698b6ef36192c9365;0fe5747ae7b23830be21;1158803af3fb0ab9c072;14e96fc7b4c3181fd39b;18f9eaf414ec69e25aad;19e84bd61f0782eec51c;1c073acedd6171c3394d;1df5cdc0b4ba5e34b2ba;243562012607f7033171;24c93ac0955292251f20;296fc2ba93325a6b3ed0;2dd7865e84af395616af;302dee907e926e18ddba;32b43fcb025a9d77581f;34ea437817489bccb36b;359e1289e1f098bb36e2;38da855b4155bb083590;3a2d4841832fea8715fe;3b0e82db448631888b4c;3e6c586541bbab277f12;415ba4f99eeb473a50c2;4252b0b43599d37a154a;432422a165ddc6a24c2f;44090e715310ee158f37;4823a4ac11c66c68a7d4;48a55d4cf5cff922481f;48e2ce8734d9d1acb602;4c580842a4d610a72e9d;4ff984fed8d71f9ad381;50ac103890932b40242c;538dc624d4f06d86f6a2;539c65e906ee41f3eabf;548ca816901c7761f0bf;55c688efa556cdf3a77e;56dc16bbc7cd98ca993a;581dc0790951c1557bba;582bc7c400fa7acf214f;58483951ebaed609e26a;593c7da1de5e9f26b59d;594824ec9813877abe34;594d7ce86781a2e8398f;59ac00c951a84da39213;5aeb6b891099b95aa832;5d6128771afb1cccb251;633dafafd7b2de3e7ad0;6457c6be7c6ba150ede6;64947cabbe7282713c10;654de90417901825feeb;67e2860b474712736027;6d3fca2519e927f795b8;73cb9769cd2180a04bb0;7442954006aac8fa63fa;76597dc445d9df2ae743;766d498375e7ceff4c70;78b358c1b1f53fdbc100;79301031755b16db8fe6;7a269bae27b9f603ddda;7bda59402c9478eda64c;81087c9bc5a7366ff084;81e99943a71c35f1b5e2;862592293f46ff109fb6;86f76ce0ac18d03915b2;87dd3b9b5e7ef2d3f457;8a18fabf9cf9be3f8a36;8ce5650fcd50af3976ab;8fa1ae6b843e2388520d;9053eb63f4358c343310;91738aa3fb8146efb96d;9aeba4bdaf161dff8c40;9ba2ceb3ea808e2794a1;9d0e015a74d4a026b092;9eb3b25f5e4e48cdcb6a;a4d746b41f7f88ceb127;aedb9561df16d70a7ef8;afa9fe102dc8ed9bfaff;ba1df7c86ec2eeb0e945;ba402925b430558ae1e0;ba93136b38c9a66d059f;bad1f4fb855554cb4aba;c837d77a482b4e089619;c98aa2499bea62fd3f2a;cfa4cceea1f21315935e;d02cfb250e397dd52db5;d2f64f874b70a189b145;d3f99e099b9310de57e3;d46506f34cc784478c88;d6b29e9cea0c868cc28e;d7a2412d7fe5f7bee1e5;d885762caf8919afe125;d90096afc3b383fbecb7;d977c356ff57ab060fef;da4715a1835405ea02b7;db6b016a13edb570269a;de583e684ddd0364a161;df606ccebb857fa9a592;df6dd96b9ea594a121ce;e5814fecd144cc3fe016;e5b4ed028b3c0ea2eeec;eb0a6b505c3ccc9e534d;eb8b75c75edacbfa547b;ed072d60d05f5e236143;ed80b78f8297d945224d;f2454b259920b1b1d032;f31767356a0db5360a3d;f74b171e97e291bab8d3;f97eadc969f29dc262e7;fb4436cacb550c46d347;fc535dce265384650ae6;ff3b7f48f6f586cf90b7;sci_1b84a9e2391f6779175c,Descriptive same-work co-occurrence only.
Phrase co-occurrence,Same-work phrase pair,generative artificial intelligence + medical or health-professions education,103,485,21.2,,,canonical works,all canonical works,multiple response pair; minimum pair count 3,00dc13a955ae4496d4ca;03345c1deb2aad29820e;035291e867ecf965f467;096c409373966ea99821;0c75f057197182777687;107a276748b6c98a2e50;116dd099707d378fb9a6;19e84bd61f0782eec51c;1c073acedd6171c3394d;243562012607f7033171;2befb2019a25a1ea563f;31f58d5793ca1ef590ea;32b43fcb025a9d77581f;3592795dfee0e066000a;37bb0c4c182653ebb8f9;38da855b4155bb083590;3a5aebe14250eec39412;3cc4d65478e63af8ab6e;412046e11296d150c70a;416753b67d9e900455c8;4252b0b43599d37a154a;4301913b143d4dcf67c6;43f6ad0fa6f4597d56fc;44d09fb5dabfde2e9e31;47160b043b610b447eca;48e2ce8734d9d1acb602;4b7753ecc7bff0d54289;4c10642623772d392b58;4c580842a4d610a72e9d;4f796e0ce90dce8d4da8;4ff984fed8d71f9ad381;548ca816901c7761f0bf;55c688efa556cdf3a77e;58483951ebaed609e26a;5966d1a884499670acf2;59ac00c951a84da39213;5aeb6b891099b95aa832;5c99d6be17d81210020f;633dafafd7b2de3e7ad0;6457c6be7c6ba150ede6;654de90417901825feeb;681bba8e632d1614f426;68306d2649f0e34ccfa7;6d60da2f964efcc60587;6d85b580a0562cc121d4;72f2fcd3a833c8b6e39e;76597dc445d9df2ae743;766d498375e7ceff4c70;766fde2e997ea8140bd0;7791c8951d81b4aa0b71;78b358c1b1f53fdbc100;79301031755b16db8fe6;7a9ca4d4d16f4705139f;7acd89712f3fc0bb4cb7;7bda59402c9478eda64c;7fc0513f51b7c61dad31;81087c9bc5a7366ff084;859f96f4eca259cdb9e8;862592293f46ff109fb6;86f76ce0ac18d03915b2;891bdc5ee1f3d07f820a;8a18fabf9cf9be3f8a36;8f2528d2ba0e05485210;9053eb63f4358c343310;94bb63aeb68eddb59442;98c23d01b9fb23bd43c4;a03df064164f1b54d1d5;a2883a095e505041a802;a32c2fb665f05ef6086f;a9588de788e2402350be;abda3007be07a5153c0c;aea68236a77645892d74;af9edf1f4c2a0c11a5eb;b216d2e3bbb753147fd2;b2f1db675b2599e354ab;b36e071a220a2c96e7c2;bd0527af9d9859ca54bb;bda47b5b58b47ca77285;c2a9bbee811cd29891e3;c4f5fe90704c2aa68c75;cb97375c66ea36d11d94;d02cfb250e397dd52db5;d3f99e099b9310de57e3;da8839d00c24db7f6ad6;df5127c0b752274d452e;e2a36443154e9a33aff9;e3ee954b5290b4f74f0b;e5814fecd144cc3fe016;eb0a6b505c3ccc9e534d;eb6ba637fab26b824344;eb8b75c75edacbfa547b;ed072d60d05f5e236143;ed38fd3a7de3cb77f8a6;eeb5a3afa4e8b1c2635c;f41f37dbb22b9ed8ae7c;f4631b37b9a1fd57d914;f54e36609097c96e8b6d;f5c57c1a6cc5d054fcac;fa24b39d9c9c2f6142d6;fd0c4ec164cda596074b;ff3b7f48f6f586cf90b7;sci_300870bf7109221baf28;sci_f57abde71790ef1bc83d,Descriptive same-work co-occurrence only.
Phrase co-occurrence,Same-work phrase pair,large language model + virtual patient,102,485,21.0,,,canonical works,all canonical works,multiple response pair; minimum pair count 3,01a746b554d461cb998c;038dc9e15385ce662149;0394426a6c4e7afe938e;07d462beafe4d21ba016;0835d7fde9c090ca963c;0a2c09d04e10e0478041;0de698b6ef36192c9365;0fe5747ae7b23830be21;166aa3cc368ebd076b91;19e84bd61f0782eec51c;1a1d7801effe1e2b850a;1a8a9f25ccdf589f88f6;1c073acedd6171c3394d;1c9542cefba3287a5281;1df5cdc0b4ba5e34b2ba;20e73ed62a3078e6a9b4;217a1796806e392c3e77;282aa7d3820de53059e9;2877ad2c6a928639280a;30b04ea7e17c283383c8;34ea437817489bccb36b;35ffd2cef7df5e4ea7fc;36878122d89a1f0ba51c;3a2d4841832fea8715fe;3e6c586541bbab277f12;415ba4f99eeb473a50c2;432422a165ddc6a24c2f;48e2ce8734d9d1acb602;4ff984fed8d71f9ad381;50ac103890932b40242c;538dc624d4f06d86f6a2;539c65e906ee41f3eabf;55c688efa556cdf3a77e;581dc0790951c1557bba;58483951ebaed609e26a;594824ec9813877abe34;59ac00c951a84da39213;5da1c6c1e35204ff7f9d;5dd47cd1855294dcfafd;633dafafd7b2de3e7ad0;64947cabbe7282713c10;64a85483f87115653128;654de90417901825feeb;6af91184365b35a93de5;6f1527fb10827ca1da01;713e417da7d85579b2d1;73cb9769cd2180a04bb0;7442954006aac8fa63fa;758d651bc8d5020199f1;76597dc445d9df2ae743;76a6c8049ee4223224f6;78b358c1b1f53fdbc100;7938acbdb4523b82db58;7a269bae27b9f603ddda;7b19776512fecc94e643;81087c9bc5a7366ff084;85b8ae635d7a78f669e0;862592293f46ff109fb6;86f76ce0ac18d03915b2;894f08a5035b3a1872d5;8a18fabf9cf9be3f8a36;8ad0258644c0c312a7d8;8bece1a102e2fe87b74e;8ce5650fcd50af3976ab;9053eb63f4358c343310;91738aa3fb8146efb96d;9b8b66d55c35b17e843c;9d0e015a74d4a026b092;9eb3b25f5e4e48cdcb6a;a4d746b41f7f88ceb127;adc1485c258278b24c4e;aedb9561df16d70a7ef8;af881e87f70fad542887;afc8c786ca5b65ba8c74;b191e9f77e079eab9ed3;b3a8d73bf08119c4ce68;b608f772e32f2dbbff5e;c58a4682ca46d2e66e96;c837d77a482b4e089619;c98aa2499bea62fd3f2a;caf55d1c5f0358791a96;d3f99e099b9310de57e3;d46506f34cc784478c88;d90096afc3b383fbecb7;d977c356ff57ab060fef;da4715a1835405ea02b7;db6b016a13edb570269a;de583e684ddd0364a161;e4a287ed511b7be9baa5;e5814fecd144cc3fe016;ea35181a48e801132195;eb0a6b505c3ccc9e534d;ed23e4c8ee00516d2110;ed80b78f8297d945224d;f2454b259920b1b1d032;f74b171e97e291bab8d3;f97eadc969f29dc262e7;fb4436cacb550c46d347;fc535dce265384650ae6;ff3b7f48f6f586cf90b7;sci_0deb435b497fb81c6d22;sci_479872e4f60f538cbd03,Descriptive same-work co-occurrence only.
Phrase co-occurrence,Same-work phrase pair,virtual patient + medical or health-professions education,96,485,19.8,,,canonical works,all canonical works,multiple response pair; minimum pair count 3,01a746b554d461cb998c;038dc9e15385ce662149;07d462beafe4d21ba016;096c409373966ea99821;0a2c09d04e10e0478041;0de698b6ef36192c9365;0fe5747ae7b23830be21;116dd099707d378fb9a6;19e84bd61f0782eec51c;1b913a0ed3ab13c6f644;1c073acedd6171c3394d;1df5cdc0b4ba5e34b2ba;31f58d5793ca1ef590ea;34ea437817489bccb36b;3592795dfee0e066000a;3a2d4841832fea8715fe;3e6c586541bbab277f12;415ba4f99eeb473a50c2;432422a165ddc6a24c2f;44d09fb5dabfde2e9e31;48e2ce8734d9d1acb602;4b7753ecc7bff0d54289;4c10642623772d392b58;4c4dc7fcefb1e9f3abdf;4f796e0ce90dce8d4da8;4ff984fed8d71f9ad381;50ac103890932b40242c;538dc624d4f06d86f6a2;539c65e906ee41f3eabf;53e73c84997817856e1f;55c688efa556cdf3a77e;581dc0790951c1557bba;58483951ebaed609e26a;594824ec9813877abe34;59ac00c951a84da39213;5b356113a239c62ba5ac;633dafafd7b2de3e7ad0;64947cabbe7282713c10;654de90417901825feeb;681bba8e632d1614f426;6d60da2f964efcc60587;73cb9769cd2180a04bb0;7442954006aac8fa63fa;76597dc445d9df2ae743;766fde2e997ea8140bd0;7791c8951d81b4aa0b71;78b358c1b1f53fdbc100;7a269bae27b9f603ddda;7a9ca4d4d16f4705139f;7acd89712f3fc0bb4cb7;7fc0513f51b7c61dad31;81087c9bc5a7366ff084;859f96f4eca259cdb9e8;862592293f46ff109fb6;86f76ce0ac18d03915b2;8a18fabf9cf9be3f8a36;8ce5650fcd50af3976ab;9053eb63f4358c343310;91738aa3fb8146efb96d;98c23d01b9fb23bd43c4;9d0e015a74d4a026b092;9d44b976cb2c076751e8;9eb3b25f5e4e48cdcb6a;a2883a095e505041a802;a4d746b41f7f88ceb127;adf94a39c16c36a40d45;aedb9561df16d70a7ef8;b2f1db675b2599e354ab;b3e39792f96130f4a0b4;c4f5fe90704c2aa68c75;c837d77a482b4e089619;c98aa2499bea62fd3f2a;d3f99e099b9310de57e3;d46506f34cc784478c88;d90096afc3b383fbecb7;d977c356ff57ab060fef;da4715a1835405ea02b7;da8839d00c24db7f6ad6;db6b016a13edb570269a;de583e684ddd0364a161;df5127c0b752274d452e;e2a36443154e9a33aff9;e5814fecd144cc3fe016;e73b99fafd0009a6e927;eb0a6b505c3ccc9e534d;ed80b78f8297d945224d;f2454b259920b1b1d032;f5e8d39c518465a0d255;f74b171e97e291bab8d3;f97eadc969f29dc262e7;fa24b39d9c9c2f6142d6;fb4436cacb550c46d347;fc535dce265384650ae6;fd0c4ec164cda596074b;ff3b7f48f6f586cf90b7;sci_9353c3c154cbf1cd3c54,Descriptive same-work co-occurrence only.
Phrase co-occurrence,Same-work phrase pair,large language model + assessment or scoring,93,485,19.2,,,canonical works,all canonical works,multiple response pair; minimum pair count 3,03345c1deb2aad29820e;0835d7fde9c090ca963c;0a2c09d04e10e0478041;1158803af3fb0ab9c072;166aa3cc368ebd076b91;19e84bd61f0782eec51c;1a8a9f25ccdf589f88f6;1df5cdc0b4ba5e34b2ba;217a1796806e392c3e77;240393927e83854aac9b;282aa7d3820de53059e9;296fc2ba93325a6b3ed0;2c33e3b00e199776ba05;2f08c4b2b3acc1eaa9d5;302dee907e926e18ddba;32b43fcb025a9d77581f;38da855b4155bb083590;3a2d4841832fea8715fe;3e6c586541bbab277f12;44090e715310ee158f37;4823a4ac11c66c68a7d4;48e2ce8734d9d1acb602;4c580842a4d610a72e9d;4eabef99b9ccb8ef8fd4;4ff984fed8d71f9ad381;50ac103890932b40242c;54972cda535948a803e8;55c688efa556cdf3a77e;582bc7c400fa7acf214f;593c7da1de5e9f26b59d;5aa2066f4c78fde5a50b;5aeb6b891099b95aa832;5da1c6c1e35204ff7f9d;5dd47cd1855294dcfafd;63c69a200d415bc42d9b;6457c6be7c6ba150ede6;64a85483f87115653128;64d8153970a657aa23b0;654de90417901825feeb;67e2860b474712736027;6f1527fb10827ca1da01;73a1f91733c91359d5f0;73cb9769cd2180a04bb0;7571d4d2871565bc5c1c;758d651bc8d5020199f1;76597dc445d9df2ae743;78b358c1b1f53fdbc100;7bda59402c9478eda64c;7f98755e27ed54f044ae;8094cb5448e9c4e2f371;843a6b1f2c79c1bd4273;85b8ae635d7a78f669e0;87dd3b9b5e7ef2d3f457;886368e8c3c194de3abd;8a18fabf9cf9be3f8a36;8ad0258644c0c312a7d8;9053eb63f4358c343310;9ba2ceb3ea808e2794a1;9d0e015a74d4a026b092;a4f6e4afd67cbf667f95;adc1485c258278b24c4e;afa9fe102dc8ed9bfaff;afc8c786ca5b65ba8c74;b4fa4675ffa2674da6e1;b53bf33d223a68f17e8c;b777355095979479280c;bad1f4fb855554cb4aba;bc52d7f8f145e43beefc;bed98da775e40e17c44e;c837d77a482b4e089619;caf55d1c5f0358791a96;d02cfb250e397dd52db5;d7a2412d7fe5f7bee1e5;d885762caf8919afe125;d90096afc3b383fbecb7;db80308782a219cbea0e;df4adbef2a265890959e;e5814fecd144cc3fe016;e5b4ed028b3c0ea2eeec;ea35181a48e801132195;ead3628c23fe3e244e24;eb8b75c75edacbfa547b;ec6081495209898a9c42;ed80b78f8297d945224d;f1b256cdccd6208d0cc8;f2454b259920b1b1d032;f2be4ac5256845407914;f68a92632e9b465b9cd8;f917e0b66cef158b9df0;f97eadc969f29dc262e7;fb4436cacb550c46d347;fc535dce265384650ae6;sci_454fe3ad37947557e9a6,Descriptive same-work co-occurrence only.
Phrase co-occurrence,Same-work phrase pair,medical or health-professions education + assessment or scoring,83,485,17.1,,,canonical works,all canonical works,multiple response pair; minimum pair count 3,03345c1deb2aad29820e;061a5c17950367156401;096c409373966ea99821;0a25081e59bfa2406a89;0a2c09d04e10e0478041;0c75f057197182777687;1158803af3fb0ab9c072;19e84bd61f0782eec51c;1df5cdc0b4ba5e34b2ba;27940ac9615817e019e3;296fc2ba93325a6b3ed0;302dee907e926e18ddba;31f58d5793ca1ef590ea;32b43fcb025a9d77581f;38300507331b97225df5;38da855b4155bb083590;3a2d4841832fea8715fe;3e6c586541bbab277f12;412046e11296d150c70a;44090e715310ee158f37;44d09fb5dabfde2e9e31;4823a4ac11c66c68a7d4;48e2ce8734d9d1acb602;4c580842a4d610a72e9d;4f796e0ce90dce8d4da8;4ff984fed8d71f9ad381;50ac103890932b40242c;53e73c84997817856e1f;55c688efa556cdf3a77e;582bc7c400fa7acf214f;588316012a3f2d9b790a;593c7da1de5e9f26b59d;5aeb6b891099b95aa832;6457c6be7c6ba150ede6;654de90417901825feeb;67e2860b474712736027;681bba8e632d1614f426;68306d2649f0e34ccfa7;6ab002878664147423a1;6d85b580a0562cc121d4;73cb9769cd2180a04bb0;76597dc445d9df2ae743;7791c8951d81b4aa0b71;78b358c1b1f53fdbc100;7acd89712f3fc0bb4cb7;7bda59402c9478eda64c;7f735724143207af94c1;86d7e55b4cfd49b202f0;87dd3b9b5e7ef2d3f457;8a18fabf9cf9be3f8a36;8f2528d2ba0e05485210;9053eb63f4358c343310;94bb63aeb68eddb59442;94dc4442e5bc1f047433;9b5ff9099d241db5f86a;9ba2ceb3ea808e2794a1;9d0e015a74d4a026b092;a9588de788e2402350be;afa9fe102dc8ed9bfaff;b216d2e3bbb753147fd2;bad1f4fb855554cb4aba;c4f5fe90704c2aa68c75;c837d77a482b4e089619;d02cfb250e397dd52db5;d7a2412d7fe5f7bee1e5;d885762caf8919afe125;d90096afc3b383fbecb7;da8839d00c24db7f6ad6;df5127c0b752274d452e;e5814fecd144cc3fe016;e5b4ed028b3c0ea2eeec;eb8b75c75edacbfa547b;ebc2ea10b1b751d8e58c;ed80b78f8297d945224d;f2454b259920b1b1d032;f41f37dbb22b9ed8ae7c;f4631b37b9a1fd57d914;f97eadc969f29dc262e7;fb4436cacb550c46d347;fc535dce265384650ae6;fd0c4ec164cda596074b;sci_300870bf7109221baf28;sci_9353c3c154cbf1cd3c54,Descriptive same-work co-occurrence only.
Phrase co-occurrence,Same-work phrase pair,generative artificial intelligence + assessment or scoring,82,485,16.9,,,canonical works,all canonical works,multiple response pair; minimum pair count 3,03345c1deb2aad29820e;0835d7fde9c090ca963c;096c409373966ea99821;0b1e929029c5b43c5beb;0c75f057197182777687;11f31f18ad70545cab85;12a5244797e0de4599d0;19e84bd61f0782eec51c;24ffbec5a9dbce04e0fd;282aa7d3820de53059e9;31f58d5793ca1ef590ea;32b43fcb025a9d77581f;38da855b4155bb083590;412046e11296d150c70a;434224fa76b1280311a5;44d09fb5dabfde2e9e31;48e2ce8734d9d1acb602;4c580842a4d610a72e9d;4eabef99b9ccb8ef8fd4;4f06f0d72a1de087b5c5;4f796e0ce90dce8d4da8;4fdab8147c5288a598e6;4ff984fed8d71f9ad381;501d19c3bd3160083e8a;55c688efa556cdf3a77e;5aeb6b891099b95aa832;5dd47cd1855294dcfafd;5e9d52b66e4686a38781;643ef34d4dd326d5b164;6457c6be7c6ba150ede6;64a85483f87115653128;64caff9ef7b3adaafe2d;654de90417901825feeb;669cbda7d16ac3f32155;681bba8e632d1614f426;68306d2649f0e34ccfa7;6d85b580a0562cc121d4;6e06ede93e94c8f8e15c;6f1527fb10827ca1da01;740cc1ae550411dacecc;76597dc445d9df2ae743;7713a8c3085fddc6419c;7791c8951d81b4aa0b71;78b358c1b1f53fdbc100;7a5ffafc98c031b3684e;7ab76d429b6539b40243;7acd89712f3fc0bb4cb7;7bda59402c9478eda64c;843a6b1f2c79c1bd4273;8a18fabf9cf9be3f8a36;8ad0258644c0c312a7d8;8f2528d2ba0e05485210;9053eb63f4358c343310;94bb63aeb68eddb59442;a9588de788e2402350be;adc1485c258278b24c4e;afc8c786ca5b65ba8c74;b216d2e3bbb753147fd2;b4fa4675ffa2674da6e1;be9dea9f8b093b59c0c4;beedb370b817079634f7;c2d6c7abc598aacc0368;c4f5fe90704c2aa68c75;d02cfb250e397dd52db5;d06c6ad96bb08eb739dc;da8839d00c24db7f6ad6;dcce0a8cef5543c4fec4;df5127c0b752274d452e;e5814fecd144cc3fe016;ead3628c23fe3e244e24;eb664530dc232a9e1750;eb8b75c75edacbfa547b;ec6081495209898a9c42;eee52e824f1559f7759a;ef046f239f256df5f180;f41f37dbb22b9ed8ae7c;f4631b37b9a1fd57d914;fd0c4ec164cda596074b;ffe994fbb4a27b100f16;sci_300870bf7109221baf28;sci_829c4bcf5b773dba44a2;sci_a90d053bc1db526acda9,Descriptive same-work co-occurrence only.
Phrase co-occurrence,Same-work phrase pair,generative artificial intelligence + virtual patient,76,485,15.7,,,canonical works,all canonical works,multiple response pair; minimum pair count 3,0394426a6c4e7afe938e;0835d7fde9c090ca963c;096c409373966ea99821;116dd099707d378fb9a6;14a6c8b99daf76e8179d;19e84bd61f0782eec51c;1c073acedd6171c3394d;25f6a5df250f3ed0360b;282aa7d3820de53059e9;319d5b791f54df181b23;31f58d5793ca1ef590ea;3592795dfee0e066000a;3a87ecbc1ceea37e2382;3adc77e0b0502fcefcc3;401238697481e3dbe32e;44d09fb5dabfde2e9e31;48e2ce8734d9d1acb602;4b7753ecc7bff0d54289;4c10642623772d392b58;4f06f0d72a1de087b5c5;4f796e0ce90dce8d4da8;4ff984fed8d71f9ad381;5245cf325337d81e78ff;55c688efa556cdf3a77e;58483951ebaed609e26a;592d3957693502aad933;59ac00c951a84da39213;5dd47cd1855294dcfafd;614d439112e6f1ccea50;633dafafd7b2de3e7ad0;64a85483f87115653128;654de90417901825feeb;669cbda7d16ac3f32155;681bba8e632d1614f426;6d60da2f964efcc60587;6f1527fb10827ca1da01;713e417da7d85579b2d1;76597dc445d9df2ae743;766fde2e997ea8140bd0;7791c8951d81b4aa0b71;78b358c1b1f53fdbc100;7920ebcf271025a5a8ee;7a9ca4d4d16f4705139f;7acd89712f3fc0bb4cb7;7b627eb0e17b77a07c57;7f84c902e862e25dbf2c;7fc0513f51b7c61dad31;81087c9bc5a7366ff084;859f96f4eca259cdb9e8;862592293f46ff109fb6;86f76ce0ac18d03915b2;8a18fabf9cf9be3f8a36;8ad0258644c0c312a7d8;8db4130844dc8d367d1f;9053eb63f4358c343310;98c23d01b9fb23bd43c4;a2883a095e505041a802;adc1485c258278b24c4e;af881e87f70fad542887;afc8c786ca5b65ba8c74;b2f1db675b2599e354ab;bd2cdf16f21f3814f67d;be9dea9f8b093b59c0c4;c2d6c7abc598aacc0368;c4f5fe90704c2aa68c75;d06c6ad96bb08eb739dc;d3f99e099b9310de57e3;da8839d00c24db7f6ad6;df5127c0b752274d452e;e2a36443154e9a33aff9;e4a287ed511b7be9baa5;e5814fecd144cc3fe016;eb0a6b505c3ccc9e534d;fa24b39d9c9c2f6142d6;fd0c4ec164cda596074b;ff3b7f48f6f586cf90b7,Descriptive same-work co-occurrence only.
Phrase co-occurrence,Same-work phrase pair,large language model + generative artificial intelligence,65,485,13.4,,,canonical works,all canonical works,multiple response pair; minimum pair count 3,00dc13a955ae4496d4ca;03345c1deb2aad29820e;0394426a6c4e7afe938e;0835d7fde9c090ca963c;19e84bd61f0782eec51c;1c073acedd6171c3394d;1f1c780e93f8833f8015;243562012607f7033171;2610ebe5f560db94c888;272439595ff3b96c35f3;282aa7d3820de53059e9;2a63460a75ff944e1d44;32b43fcb025a9d77581f;38da855b4155bb083590;4252b0b43599d37a154a;48e2ce8734d9d1acb602;4c580842a4d610a72e9d;4eabef99b9ccb8ef8fd4;4ff984fed8d71f9ad381;5116aab375eedc896bfd;548ca816901c7761f0bf;55c688efa556cdf3a77e;58483951ebaed609e26a;59ac00c951a84da39213;5aeb6b891099b95aa832;5dd47cd1855294dcfafd;633dafafd7b2de3e7ad0;6457c6be7c6ba150ede6;64a85483f87115653128;654de90417901825feeb;6ad5ba253eb6dea25a47;6f1527fb10827ca1da01;713e417da7d85579b2d1;76597dc445d9df2ae743;766d498375e7ceff4c70;78868accc1f86fb42dce;78b358c1b1f53fdbc100;79301031755b16db8fe6;7bda59402c9478eda64c;7d5cb710e5a6901bbaaa;81087c9bc5a7366ff084;843a6b1f2c79c1bd4273;862592293f46ff109fb6;86f76ce0ac18d03915b2;8a18fabf9cf9be3f8a36;8ad0258644c0c312a7d8;9053eb63f4358c343310;adc1485c258278b24c4e;af881e87f70fad542887;afc8c786ca5b65ba8c74;b052274076e5e7cc16db;b4fa4675ffa2674da6e1;d02cfb250e397dd52db5;d3f99e099b9310de57e3;e4a287ed511b7be9baa5;e5814fecd144cc3fe016;ead3628c23fe3e244e24;eb0a6b505c3ccc9e534d;eb6afac746ee34d7a37f;eb8b75c75edacbfa547b;ec6081495209898a9c42;ed072d60d05f5e236143;f30eee8f6354bfa06744;ff3b7f48f6f586cf90b7;sci_66be3ed42b9293d2ff9f,Descriptive same-work co-occurrence only.
Phrase co-occurrence,Same-work phrase pair,large language model + standardized patient,63,485,13.0,,,canonical works,all canonical works,multiple response pair; minimum pair count 3,03345c1deb2aad29820e;038dc9e15385ce662149;0394426a6c4e7afe938e;0835d7fde9c090ca963c;1158803af3fb0ab9c072;14e96fc7b4c3181fd39b;18f9eaf414ec69e25aad;19e84bd61f0782eec51c;1c073acedd6171c3394d;240393927e83854aac9b;24c93ac0955292251f20;2a63460a75ff944e1d44;2c33e3b00e199776ba05;302dee907e926e18ddba;327767a02786d8ff7a19;32b43fcb025a9d77581f;35ffd2cef7df5e4ea7fc;3a2d4841832fea8715fe;432422a165ddc6a24c2f;4b471ab893f0c3845025;548ca816901c7761f0bf;581dc0790951c1557bba;582bc7c400fa7acf214f;58483951ebaed609e26a;59ac00c951a84da39213;5aeb6b891099b95aa832;5da1c6c1e35204ff7f9d;64d8153970a657aa23b0;67e2860b474712736027;72c30900482428bf1e49;73a1f91733c91359d5f0;76597dc445d9df2ae743;76a6c8049ee4223224f6;7bda59402c9478eda64c;81087c9bc5a7366ff084;81e99943a71c35f1b5e2;86f76ce0ac18d03915b2;87dd3b9b5e7ef2d3f457;8ad0258644c0c312a7d8;8bece1a102e2fe87b74e;8ce5650fcd50af3976ab;9717d5f24495686aabe2;9b8b66d55c35b17e843c;a4f6e4afd67cbf667f95;b191e9f77e079eab9ed3;b4fa4675ffa2674da6e1;b608f772e32f2dbbff5e;ba93136b38c9a66d059f;c837d77a482b4e089619;d3f99e099b9310de57e3;d90096afc3b383fbecb7;da4715a1835405ea02b7;da920e8320da57a1954a;df6dd96b9ea594a121ce;e5814fecd144cc3fe016;eb6afac746ee34d7a37f;ed80b78f8297d945224d;f74b171e97e291bab8d3;f917e0b66cef158b9df0;fbcfe4a5c41e518e74ba;fd1a9c7f0b28a609f8af;sci_19c7e7b5094b7aa538d4;sci_3d6777cb059403330506,Descriptive same-work co-occurrence only.
Phrase co-occurrence,Same-work phrase pair,virtual patient + assessment or scoring,60,485,12.4,,,canonical works,all canonical works,multiple response pair; minimum pair count 3,0835d7fde9c090ca963c;096c409373966ea99821;0a2c09d04e10e0478041;166aa3cc368ebd076b91;19e84bd61f0782eec51c;1a8a9f25ccdf589f88f6;1df5cdc0b4ba5e34b2ba;217a1796806e392c3e77;282aa7d3820de53059e9;31f58d5793ca1ef590ea;3a2d4841832fea8715fe;3e6c586541bbab277f12;44d09fb5dabfde2e9e31;48e2ce8734d9d1acb602;4f06f0d72a1de087b5c5;4f796e0ce90dce8d4da8;4ff984fed8d71f9ad381;50ac103890932b40242c;53e73c84997817856e1f;55c688efa556cdf3a77e;5da1c6c1e35204ff7f9d;5dd47cd1855294dcfafd;64a85483f87115653128;654de90417901825feeb;669cbda7d16ac3f32155;681bba8e632d1614f426;6e7213516f82875618ff;6f1527fb10827ca1da01;73cb9769cd2180a04bb0;758d651bc8d5020199f1;76597dc445d9df2ae743;7791c8951d81b4aa0b71;78b358c1b1f53fdbc100;7acd89712f3fc0bb4cb7;85b8ae635d7a78f669e0;8a18fabf9cf9be3f8a36;8ad0258644c0c312a7d8;9053eb63f4358c343310;987d3b654bc3d24dc464;9d0e015a74d4a026b092;adc1485c258278b24c4e;afc8c786ca5b65ba8c74;be9dea9f8b093b59c0c4;c2d6c7abc598aacc0368;c4f5fe90704c2aa68c75;c837d77a482b4e089619;caf55d1c5f0358791a96;d06c6ad96bb08eb739dc;d90096afc3b383fbecb7;da8839d00c24db7f6ad6;df5127c0b752274d452e;e5814fecd144cc3fe016;ea35181a48e801132195;ed80b78f8297d945224d;f2454b259920b1b1d032;f97eadc969f29dc262e7;fb4436cacb550c46d347;fc535dce265384650ae6;fd0c4ec164cda596074b;sci_9353c3c154cbf1cd3c54,Descriptive same-work co-occurrence only.
Phrase co-occurrence,Same-work phrase pair,medical or health-professions education + communication skills,59,485,12.2,,,canonical works,all canonical works,multiple response pair; minimum pair count 3,00dc13a955ae4496d4ca;01a746b554d461cb998c;03345c1deb2aad29820e;0b386fbba1d6908a565d;0de698b6ef36192c9365;107a276748b6c98a2e50;116dd099707d378fb9a6;14e96fc7b4c3181fd39b;18f9eaf414ec69e25aad;1b087547ad0e2e8a3fa3;1b913a0ed3ab13c6f644;1c073acedd6171c3394d;1c5402a057ba8f451244;24c93ac0955292251f20;31f58d5793ca1ef590ea;3592795dfee0e066000a;37bb0c4c182653ebb8f9;38da855b4155bb083590;3a2d4841832fea8715fe;4252b0b43599d37a154a;44090e715310ee158f37;44d09fb5dabfde2e9e31;48a55d4cf5cff922481f;4c10642623772d392b58;4f796e0ce90dce8d4da8;50ac103890932b40242c;58483951ebaed609e26a;594d7ce86781a2e8398f;5b356113a239c62ba5ac;633dafafd7b2de3e7ad0;6457c6be7c6ba150ede6;668b98624eeda1089d99;73cb9769cd2180a04bb0;7442954006aac8fa63fa;81087c9bc5a7366ff084;862592293f46ff109fb6;86d7e55b4cfd49b202f0;86f76ce0ac18d03915b2;87dd3b9b5e7ef2d3f457;8a18fabf9cf9be3f8a36;8f2528d2ba0e05485210;8fa1ae6b843e2388520d;9053eb63f4358c343310;98c23d01b9fb23bd43c4;a4d746b41f7f88ceb127;a9588de788e2402350be;af9edf1f4c2a0c11a5eb;b3e39792f96130f4a0b4;ba402925b430558ae1e0;bad1f4fb855554cb4aba;cc3c546075dc11e58802;d885762caf8919afe125;d90096afc3b383fbecb7;df5127c0b752274d452e;eb6ba637fab26b824344;ed072d60d05f5e236143;f5c57c1a6cc5d054fcac;f74b171e97e291bab8d3;ff3b7f48f6f586cf90b7,Descriptive same-work co-occurrence only.
Phrase co-occurrence,Same-work phrase pair,large language model + communication skills,57,485,11.8,,,canonical works,all canonical works,multiple response pair; minimum pair count 3,00dc13a955ae4496d4ca;01a746b554d461cb998c;03345c1deb2aad29820e;0394426a6c4e7afe938e;0835d7fde9c090ca963c;0de698b6ef36192c9365;14e96fc7b4c3181fd39b;18f9eaf414ec69e25aad;1a1d7801effe1e2b850a;1c073acedd6171c3394d;217a1796806e392c3e77;24c93ac0955292251f20;327767a02786d8ff7a19;35ffd2cef7df5e4ea7fc;38da855b4155bb083590;3a2d4841832fea8715fe;4252b0b43599d37a154a;425ec6ee2ca714b7434a;44090e715310ee158f37;48a55d4cf5cff922481f;50ac103890932b40242c;58483951ebaed609e26a;594d7ce86781a2e8398f;5aa2066f4c78fde5a50b;5b529e4bc562ac2c093e;633dafafd7b2de3e7ad0;6457c6be7c6ba150ede6;64a85483f87115653128;73cb9769cd2180a04bb0;7442954006aac8fa63fa;76a6c8049ee4223224f6;81087c9bc5a7366ff084;862592293f46ff109fb6;86f76ce0ac18d03915b2;87dd3b9b5e7ef2d3f457;8a18fabf9cf9be3f8a36;8ad0258644c0c312a7d8;8fa1ae6b843e2388520d;9053eb63f4358c343310;9717d5f24495686aabe2;9b8b66d55c35b17e843c;a4d746b41f7f88ceb127;afc8c786ca5b65ba8c74;b052274076e5e7cc16db;b191e9f77e079eab9ed3;b3a8d73bf08119c4ce68;ba402925b430558ae1e0;bad1f4fb855554cb4aba;d885762caf8919afe125;d90096afc3b383fbecb7;da920e8320da57a1954a;e359eafa6af6abbb467d;ed072d60d05f5e236143;f74b171e97e291bab8d3;f917e0b66cef158b9df0;fd1a9c7f0b28a609f8af;ff3b7f48f6f586cf90b7,Descriptive same-work co-occurrence only.
Phrase co-occurrence,Same-work phrase pair,generative artificial intelligence + communication skills,56,485,11.5,,,canonical works,all canonical works,multiple response pair; minimum pair count 3,00dc13a955ae4496d4ca;03345c1deb2aad29820e;0394426a6c4e7afe938e;06baad752a52246f7f43;0835d7fde9c090ca963c;0b1e929029c5b43c5beb;107a276748b6c98a2e50;116dd099707d378fb9a6;12a5244797e0de4599d0;1557e783fc8af1e8fdd6;1c073acedd6171c3394d;31f58d5793ca1ef590ea;3592795dfee0e066000a;37bb0c4c182653ebb8f9;38da855b4155bb083590;3a87ecbc1ceea37e2382;4252b0b43599d37a154a;44d09fb5dabfde2e9e31;4c10642623772d392b58;4cac4c9f22b3d59d56dd;4f06f0d72a1de087b5c5;4f796e0ce90dce8d4da8;58483951ebaed609e26a;592d3957693502aad933;598901438bbefd691625;633dafafd7b2de3e7ad0;6457c6be7c6ba150ede6;64a85483f87115653128;7ab76d429b6539b40243;7b627eb0e17b77a07c57;81087c9bc5a7366ff084;862592293f46ff109fb6;86f76ce0ac18d03915b2;8a18fabf9cf9be3f8a36;8ad0258644c0c312a7d8;8db4130844dc8d367d1f;8f2528d2ba0e05485210;9053eb63f4358c343310;98c23d01b9fb23bd43c4;9d1c14070287793c215b;a3991fd1e09daca82f29;a9588de788e2402350be;af9edf1f4c2a0c11a5eb;afc8c786ca5b65ba8c74;b052274076e5e7cc16db;bd2cdf16f21f3814f67d;dcce0a8cef5543c4fec4;df5127c0b752274d452e;e4caff2128dfb4f4ac0c;eb6ba637fab26b824344;ed072d60d05f5e236143;f4d7fdee2c3cc083329d;f5c57c1a6cc5d054fcac;ff3b7f48f6f586cf90b7;sci_333316fb42bc0b910010;sci_a90d053bc1db526acda9,Descriptive same-work co-occurrence only.
Phrase co-occurrence,Same-work phrase pair,large language model + clinical reasoning,55,485,11.3,,,canonical works,all canonical works,multiple response pair; minimum pair count 3,00b1591b551023fc549f;03345c1deb2aad29820e;0394426a6c4e7afe938e;07d462beafe4d21ba016;0a56637c161743569cf5;1131dfab50144331e92a;217a1796806e392c3e77;2877ad2c6a928639280a;2a63460a75ff944e1d44;35ffd2cef7df5e4ea7fc;38da855b4155bb083590;4823a4ac11c66c68a7d4;48e2ce8734d9d1acb602;4ff984fed8d71f9ad381;50ac103890932b40242c;538dc624d4f06d86f6a2;539c65e906ee41f3eabf;55c688efa556cdf3a77e;594d7ce86781a2e8398f;5dd47cd1855294dcfafd;6457c6be7c6ba150ede6;64947cabbe7282713c10;67e2860b474712736027;6ad5ba253eb6dea25a47;6f1527fb10827ca1da01;73cb9769cd2180a04bb0;78b358c1b1f53fdbc100;86f76ce0ac18d03915b2;894f08a5035b3a1872d5;9053eb63f4358c343310;91738aa3fb8146efb96d;9ba2ceb3ea808e2794a1;9d0e015a74d4a026b092;aa05a5932f8ebb716574;ab784e3f29bfc7622997;aedb9561df16d70a7ef8;b3a8d73bf08119c4ce68;b608f772e32f2dbbff5e;b75fad8b8777d2f878b6;d02cfb250e397dd52db5;d3f99e099b9310de57e3;d6b29e9cea0c868cc28e;da4715a1835405ea02b7;db6b016a13edb570269a;e5814fecd144cc3fe016;e5b4ed028b3c0ea2eeec;ed072d60d05f5e236143;ed80b78f8297d945224d;f2454b259920b1b1d032;f917e0b66cef158b9df0;fb4436cacb550c46d347;fbcfe4a5c41e518e74ba;ff3b7f48f6f586cf90b7;sci_454fe3ad37947557e9a6;sci_b852c26f48dfbf482b84,Descriptive same-work co-occurrence only.
Phrase co-occurrence,Same-work phrase pair,medical or health-professions education + clinical reasoning,53,485,10.9,,,canonical works,all canonical works,multiple response pair; minimum pair count 3,03345c1deb2aad29820e;07d462beafe4d21ba016;096c409373966ea99821;0a56637c161743569cf5;0c75f057197182777687;1b913a0ed3ab13c6f644;3592795dfee0e066000a;38da855b4155bb083590;44d09fb5dabfde2e9e31;47160b043b610b447eca;4823a4ac11c66c68a7d4;48e2ce8734d9d1acb602;4ff984fed8d71f9ad381;50ac103890932b40242c;538dc624d4f06d86f6a2;539c65e906ee41f3eabf;55c688efa556cdf3a77e;594d7ce86781a2e8398f;5c99d6be17d81210020f;6457c6be7c6ba150ede6;64947cabbe7282713c10;668b98624eeda1089d99;67e2860b474712736027;6d60da2f964efcc60587;6d85b580a0562cc121d4;73cb9769cd2180a04bb0;7791c8951d81b4aa0b71;78b358c1b1f53fdbc100;86d7e55b4cfd49b202f0;86f76ce0ac18d03915b2;9053eb63f4358c343310;91738aa3fb8146efb96d;9ba2ceb3ea808e2794a1;9d0e015a74d4a026b092;a2883a095e505041a802;a32c2fb665f05ef6086f;aedb9561df16d70a7ef8;b216d2e3bbb753147fd2;d02cfb250e397dd52db5;d3f99e099b9310de57e3;d6b29e9cea0c868cc28e;da4715a1835405ea02b7;db6b016a13edb570269a;e5814fecd144cc3fe016;e5b4ed028b3c0ea2eeec;eb6ba637fab26b824344;ed072d60d05f5e236143;ed80b78f8297d945224d;f2454b259920b1b1d032;f41f37dbb22b9ed8ae7c;f4631b37b9a1fd57d914;fb4436cacb550c46d347;ff3b7f48f6f586cf90b7,Descriptive same-work co-occurrence only.
Phrase co-occurrence,Same-work phrase pair,generative artificial intelligence + clinical reasoning,51,485,10.5,,,canonical works,all canonical works,multiple response pair; minimum pair count 3,03345c1deb2aad29820e;0394426a6c4e7afe938e;096c409373966ea99821;0c75f057197182777687;14a6c8b99daf76e8179d;2a63460a75ff944e1d44;32c1dcd0212f833ee125;3592795dfee0e066000a;38da855b4155bb083590;3aba8ba7976a49acd0ac;44d09fb5dabfde2e9e31;47160b043b610b447eca;48e2ce8734d9d1acb602;49a3c3f5df637d33e854;4fdab8147c5288a598e6;4ff984fed8d71f9ad381;55c688efa556cdf3a77e;592d3957693502aad933;5c99d6be17d81210020f;5dd47cd1855294dcfafd;643ef34d4dd326d5b164;6457c6be7c6ba150ede6;6ad5ba253eb6dea25a47;6d60da2f964efcc60587;6d85b580a0562cc121d4;6f1527fb10827ca1da01;71a491a468f6c4c71249;7791c8951d81b4aa0b71;78b358c1b1f53fdbc100;7a5ffafc98c031b3684e;7ab76d429b6539b40243;86f76ce0ac18d03915b2;8db4130844dc8d367d1f;9053eb63f4358c343310;94ed3a0dbe4657397dc4;a2883a095e505041a802;a32c2fb665f05ef6086f;b216d2e3bbb753147fd2;b6f4bfb66f82ba008b32;c13d5a010789f6f44c11;d02cfb250e397dd52db5;d3f99e099b9310de57e3;e5814fecd144cc3fe016;eb664530dc232a9e1750;eb6ba637fab26b824344;ed072d60d05f5e236143;f41f37dbb22b9ed8ae7c;f4631b37b9a1fd57d914;ff3b7f48f6f586cf90b7;ffe994fbb4a27b100f16;sci_333316fb42bc0b910010,Descriptive same-work co-occurrence only.
Phrase co-occurrence,Same-work phrase pair,large language model + simulated patient,49,485,10.1,,,canonical works,all canonical works,multiple response pair; minimum pair count 3,00dc13a955ae4496d4ca;01a746b554d461cb998c;038dc9e15385ce662149;03e1a6632b830e0512c9;04b48ce4dda567febfa2;0a56637c161743569cf5;0b1b0febb2293831bcc0;0de698b6ef36192c9365;0fe5747ae7b23830be21;14e96fc7b4c3181fd39b;1d69e819d76b702e955f;20e73ed62a3078e6a9b4;240393927e83854aac9b;24c93ac0955292251f20;282aa7d3820de53059e9;296fc2ba93325a6b3ed0;34ea437817489bccb36b;35ffd2cef7df5e4ea7fc;432422a165ddc6a24c2f;4823a4ac11c66c68a7d4;50ac103890932b40242c;548ca816901c7761f0bf;54972cda535948a803e8;58483951ebaed609e26a;594d7ce86781a2e8398f;59ac00c951a84da39213;63c69a200d415bc42d9b;73cb9769cd2180a04bb0;7571d4d2871565bc5c1c;766d498375e7ceff4c70;7938acbdb4523b82db58;8094cb5448e9c4e2f371;81e99943a71c35f1b5e2;8fa1ae6b843e2388520d;9ba2ceb3ea808e2794a1;9d0e015a74d4a026b092;af881e87f70fad542887;afc8c786ca5b65ba8c74;b3a8d73bf08119c4ce68;ba402925b430558ae1e0;cfa4cceea1f21315935e;d977c356ff57ab060fef;e2272dd53f2ee764e3a8;ea35181a48e801132195;ed072d60d05f5e236143;f31767356a0db5360a3d;fcd1902a5e565b2d2fcc;sci_0deb435b497fb81c6d22;sci_93a452609f10d60e9d33,Descriptive same-work co-occurrence only.
Phrase co-occurrence,Same-work phrase pair,virtual patient + communication skills,48,485,9.9,,,canonical works,all canonical works,multiple response pair; minimum pair count 3,01a746b554d461cb998c;0394426a6c4e7afe938e;0835d7fde9c090ca963c;0de698b6ef36192c9365;116dd099707d378fb9a6;1a1d7801effe1e2b850a;1b913a0ed3ab13c6f644;1c073acedd6171c3394d;217a1796806e392c3e77;31f58d5793ca1ef590ea;3592795dfee0e066000a;35ffd2cef7df5e4ea7fc;3a2d4841832fea8715fe;3a87ecbc1ceea37e2382;44d09fb5dabfde2e9e31;4c10642623772d392b58;4f06f0d72a1de087b5c5;4f796e0ce90dce8d4da8;50ac103890932b40242c;58483951ebaed609e26a;592d3957693502aad933;5b356113a239c62ba5ac;633dafafd7b2de3e7ad0;64a85483f87115653128;73cb9769cd2180a04bb0;7442954006aac8fa63fa;76a6c8049ee4223224f6;7b627eb0e17b77a07c57;81087c9bc5a7366ff084;862592293f46ff109fb6;86f76ce0ac18d03915b2;8a18fabf9cf9be3f8a36;8ad0258644c0c312a7d8;8db4130844dc8d367d1f;9053eb63f4358c343310;98c23d01b9fb23bd43c4;9b8b66d55c35b17e843c;a4d746b41f7f88ceb127;afc8c786ca5b65ba8c74;b191e9f77e079eab9ed3;b3a8d73bf08119c4ce68;b3e39792f96130f4a0b4;bd2cdf16f21f3814f67d;d0ead936020ec24f78a7;d90096afc3b383fbecb7;df5127c0b752274d452e;f74b171e97e291bab8d3;ff3b7f48f6f586cf90b7,Descriptive same-work co-occurrence only.
Phrase co-occurrence,Same-work phrase pair,standardized patient + medical or health-professions education,47,485,9.7,,,canonical works,all canonical works,multiple response pair; minimum pair count 3,03345c1deb2aad29820e;038dc9e15385ce662149;0a25081e59bfa2406a89;1158803af3fb0ab9c072;14e96fc7b4c3181fd39b;18f9eaf414ec69e25aad;19e84bd61f0782eec51c;1c073acedd6171c3394d;24c93ac0955292251f20;27940ac9615817e019e3;2befb2019a25a1ea563f;302dee907e926e18ddba;32b43fcb025a9d77581f;3a2d4841832fea8715fe;432422a165ddc6a24c2f;53e73c84997817856e1f;548ca816901c7761f0bf;581dc0790951c1557bba;582bc7c400fa7acf214f;58483951ebaed609e26a;59ac00c951a84da39213;5aeb6b891099b95aa832;67e2860b474712736027;76597dc445d9df2ae743;766fde2e997ea8140bd0;7a9ca4d4d16f4705139f;7bda59402c9478eda64c;81087c9bc5a7366ff084;81e99943a71c35f1b5e2;86d7e55b4cfd49b202f0;86f76ce0ac18d03915b2;87dd3b9b5e7ef2d3f457;8ce5650fcd50af3976ab;98c23d01b9fb23bd43c4;9b5ff9099d241db5f86a;ba93136b38c9a66d059f;c837d77a482b4e089619;d3f99e099b9310de57e3;d90096afc3b383fbecb7;da4715a1835405ea02b7;df6dd96b9ea594a121ce;e5814fecd144cc3fe016;ebc2ea10b1b751d8e58c;ed80b78f8297d945224d;f41f37dbb22b9ed8ae7c;f4631b37b9a1fd57d914;f74b171e97e291bab8d3,Descriptive same-work co-occurrence only.
Phrase co-occurrence,Same-work phrase pair,simulated patient + medical or health-professions education,46,485,9.5,,,canonical works,all canonical works,multiple response pair; minimum pair count 3,00dc13a955ae4496d4ca;01a746b554d461cb998c;038dc9e15385ce662149;04b48ce4dda567febfa2;0a25081e59bfa2406a89;0a56637c161743569cf5;0b386fbba1d6908a565d;0de698b6ef36192c9365;0fe5747ae7b23830be21;14e96fc7b4c3181fd39b;1c5402a057ba8f451244;24c93ac0955292251f20;296fc2ba93325a6b3ed0;34ea437817489bccb36b;37bb0c4c182653ebb8f9;432422a165ddc6a24c2f;4823a4ac11c66c68a7d4;4f796e0ce90dce8d4da8;50ac103890932b40242c;548ca816901c7761f0bf;58483951ebaed609e26a;594d7ce86781a2e8398f;59ac00c951a84da39213;668b98624eeda1089d99;6d85b580a0562cc121d4;73cb9769cd2180a04bb0;766d498375e7ceff4c70;81e99943a71c35f1b5e2;86d7e55b4cfd49b202f0;8fa1ae6b843e2388520d;98c23d01b9fb23bd43c4;9ba2ceb3ea808e2794a1;9d0e015a74d4a026b092;a32c2fb665f05ef6086f;ba402925b430558ae1e0;cfa4cceea1f21315935e;d977c356ff57ab060fef;da8839d00c24db7f6ad6;df5127c0b752274d452e;e2a36443154e9a33aff9;ed072d60d05f5e236143;f31767356a0db5360a3d;f41f37dbb22b9ed8ae7c;f4631b37b9a1fd57d914;f5e8d39c518465a0d255;fd0c4ec164cda596074b,Descriptive same-work co-occurrence only.
Phrase co-occurrence,Same-work phrase pair,large language model + chatbot or conversational agent,44,485,9.1,,,canonical works,all canonical works,multiple response pair; minimum pair count 3,01a746b554d461cb998c;03345c1deb2aad29820e;0394426a6c4e7afe938e;04b48ce4dda567febfa2;14e96fc7b4c3181fd39b;18f9eaf414ec69e25aad;282aa7d3820de53059e9;30b04ea7e17c283383c8;33fa7a94d105663796d8;37a099d4d3aa15cafaa9;432422a165ddc6a24c2f;54972cda535948a803e8;56dc16bbc7cd98ca993a;582bc7c400fa7acf214f;594824ec9813877abe34;594d7ce86781a2e8398f;5b529e4bc562ac2c093e;63c69a200d415bc42d9b;6457c6be7c6ba150ede6;64a85483f87115653128;64d8153970a657aa23b0;713e417da7d85579b2d1;72c30900482428bf1e49;73cb9769cd2180a04bb0;7571d4d2871565bc5c1c;79301031755b16db8fe6;8ad0258644c0c312a7d8;9287cf74b213e44a489d;afc8c786ca5b65ba8c74;b3a8d73bf08119c4ce68;b924bd45d30abb49831e;ba402925b430558ae1e0;cfa4cceea1f21315935e;df4adbef2a265890959e;e2272dd53f2ee764e3a8;ea35181a48e801132195;eb0a6b505c3ccc9e534d;ed072d60d05f5e236143;f30eee8f6354bfa06744;f68a92632e9b465b9cd8;fcd1902a5e565b2d2fcc;ff3b7f48f6f586cf90b7;sci_19c7e7b5094b7aa538d4;sci_1b84a9e2391f6779175c,Descriptive same-work co-occurrence only.
Phrase co-occurrence,Same-work phrase pair,virtual patient + clinical reasoning,44,485,9.1,,,canonical works,all canonical works,multiple response pair; minimum pair count 3,0394426a6c4e7afe938e;07d462beafe4d21ba016;096c409373966ea99821;14a6c8b99daf76e8179d;1b913a0ed3ab13c6f644;217a1796806e392c3e77;2877ad2c6a928639280a;3592795dfee0e066000a;35ffd2cef7df5e4ea7fc;44d09fb5dabfde2e9e31;48e2ce8734d9d1acb602;4ff984fed8d71f9ad381;50ac103890932b40242c;538dc624d4f06d86f6a2;539c65e906ee41f3eabf;55c688efa556cdf3a77e;592d3957693502aad933;5dd47cd1855294dcfafd;64947cabbe7282713c10;6d60da2f964efcc60587;6e7213516f82875618ff;6f1527fb10827ca1da01;73cb9769cd2180a04bb0;7791c8951d81b4aa0b71;78b358c1b1f53fdbc100;86f76ce0ac18d03915b2;894f08a5035b3a1872d5;8db4130844dc8d367d1f;9053eb63f4358c343310;91738aa3fb8146efb96d;9d0e015a74d4a026b092;a2883a095e505041a802;aedb9561df16d70a7ef8;b3a8d73bf08119c4ce68;b608f772e32f2dbbff5e;d0ead936020ec24f78a7;d3f99e099b9310de57e3;da4715a1835405ea02b7;db6b016a13edb570269a;e5814fecd144cc3fe016;ed80b78f8297d945224d;f2454b259920b1b1d032;fb4436cacb550c46d347;ff3b7f48f6f586cf90b7,Descriptive same-work co-occurrence only.
Phrase co-occurrence,Same-work phrase pair,clinical reasoning + assessment or scoring,42,485,8.7,,,canonical works,all canonical works,multiple response pair; minimum pair count 3,03345c1deb2aad29820e;096c409373966ea99821;0c75f057197182777687;217a1796806e392c3e77;38da855b4155bb083590;43800694173ba371af4f;44d09fb5dabfde2e9e31;4823a4ac11c66c68a7d4;48e2ce8734d9d1acb602;4fdab8147c5288a598e6;4ff984fed8d71f9ad381;50ac103890932b40242c;55c688efa556cdf3a77e;5dd47cd1855294dcfafd;643ef34d4dd326d5b164;6457c6be7c6ba150ede6;67e2860b474712736027;6d85b580a0562cc121d4;6e7213516f82875618ff;6f1527fb10827ca1da01;73cb9769cd2180a04bb0;7791c8951d81b4aa0b71;78b358c1b1f53fdbc100;7a5ffafc98c031b3684e;7ab76d429b6539b40243;86d7e55b4cfd49b202f0;9053eb63f4358c343310;9ba2ceb3ea808e2794a1;9d0e015a74d4a026b092;b216d2e3bbb753147fd2;d02cfb250e397dd52db5;e5814fecd144cc3fe016;e5b4ed028b3c0ea2eeec;eb664530dc232a9e1750;ed80b78f8297d945224d;f2454b259920b1b1d032;f41f37dbb22b9ed8ae7c;f4631b37b9a1fd57d914;f917e0b66cef158b9df0;fb4436cacb550c46d347;ffe994fbb4a27b100f16;sci_454fe3ad37947557e9a6,Descriptive same-work co-occurrence only.
Phrase co-occurrence,Same-work phrase pair,generative artificial intelligence + nursing education,40,485,8.2,,,canonical works,all canonical works,multiple response pair; minimum pair count 3,0038624c09ec9fe46395;0394426a6c4e7afe938e;0b1e929029c5b43c5beb;1563f87491d1ce4d02fb;2610ebe5f560db94c888;3a87ecbc1ceea37e2382;3adc77e0b0502fcefcc3;3bb7eee2436c25920c9e;3d4ea70252a23ce4cd2f;4252b0b43599d37a154a;434224fa76b1280311a5;43f6ad0fa6f4597d56fc;45e7ea1fbbde53125fd7;5dd47cd1855294dcfafd;60653c070afcf8848788;614d439112e6f1ccea50;643ef34d4dd326d5b164;669cbda7d16ac3f32155;6a18d985481870e99d72;766fde2e997ea8140bd0;7713a8c3085fddc6419c;78b358c1b1f53fdbc100;7a5ffafc98c031b3684e;7ab76d429b6539b40243;8f2528d2ba0e05485210;906c1e2afc9ab8dc6794;94bb63aeb68eddb59442;94ed3a0dbe4657397dc4;af9edf1f4c2a0c11a5eb;bd2cdf16f21f3814f67d;beedb370b817079634f7;c13d5a010789f6f44c11;cb97375c66ea36d11d94;ce47d43f097c456cdf45;e4caff2128dfb4f4ac0c;ef046f239f256df5f180;f6df2d018d41c258414a;sci_333316fb42bc0b910010;sci_66be3ed42b9293d2ff9f;sci_a90d053bc1db526acda9,Descriptive same-work co-occurrence only.
Phrase co-occurrence,Same-work phrase pair,standardized patient + assessment or scoring,39,485,8.0,,,canonical works,all canonical works,multiple response pair; minimum pair count 3,03345c1deb2aad29820e;0835d7fde9c090ca963c;0a25081e59bfa2406a89;1158803af3fb0ab9c072;19e84bd61f0782eec51c;240393927e83854aac9b;27940ac9615817e019e3;2c33e3b00e199776ba05;302dee907e926e18ddba;32b43fcb025a9d77581f;3a2d4841832fea8715fe;4fdab8147c5288a598e6;53e73c84997817856e1f;582bc7c400fa7acf214f;5aeb6b891099b95aa832;5da1c6c1e35204ff7f9d;64d8153970a657aa23b0;67e2860b474712736027;6e7213516f82875618ff;73a1f91733c91359d5f0;76597dc445d9df2ae743;7713a8c3085fddc6419c;7ab76d429b6539b40243;7bda59402c9478eda64c;86d7e55b4cfd49b202f0;87dd3b9b5e7ef2d3f457;8ad0258644c0c312a7d8;9b5ff9099d241db5f86a;a4f6e4afd67cbf667f95;b4fa4675ffa2674da6e1;c837d77a482b4e089619;d90096afc3b383fbecb7;e5814fecd144cc3fe016;ebc2ea10b1b751d8e58c;ed80b78f8297d945224d;f41f37dbb22b9ed8ae7c;f4631b37b9a1fd57d914;f917e0b66cef158b9df0;sci_829c4bcf5b773dba44a2,Descriptive same-work co-occurrence only.
Phrase co-occurrence,Same-work phrase pair,virtual patient + standardized patient,39,485,8.0,,,canonical works,all canonical works,multiple response pair; minimum pair count 3,038dc9e15385ce662149;0394426a6c4e7afe938e;0835d7fde9c090ca963c;19e84bd61f0782eec51c;1c073acedd6171c3394d;35ffd2cef7df5e4ea7fc;3a2d4841832fea8715fe;3a87ecbc1ceea37e2382;432422a165ddc6a24c2f;53e73c84997817856e1f;581dc0790951c1557bba;58483951ebaed609e26a;59ac00c951a84da39213;5da1c6c1e35204ff7f9d;6e7213516f82875618ff;76597dc445d9df2ae743;766fde2e997ea8140bd0;76a6c8049ee4223224f6;7a9ca4d4d16f4705139f;7f84c902e862e25dbf2c;81087c9bc5a7366ff084;86f76ce0ac18d03915b2;8ad0258644c0c312a7d8;8bece1a102e2fe87b74e;8ce5650fcd50af3976ab;907d492e03a26ae110b8;98c23d01b9fb23bd43c4;9b8b66d55c35b17e843c;b191e9f77e079eab9ed3;b608f772e32f2dbbff5e;b94b9bcb1d96d93db9c0;c837d77a482b4e089619;d0ead936020ec24f78a7;d3f99e099b9310de57e3;d90096afc3b383fbecb7;da4715a1835405ea02b7;e5814fecd144cc3fe016;ed80b78f8297d945224d;f74b171e97e291bab8d3,Descriptive same-work co-occurrence only.
Phrase co-occurrence,Same-work phrase pair,objective structured clinical examination + assessment or scoring,38,485,7.8,,,canonical works,all canonical works,multiple response pair; minimum pair count 3,03345c1deb2aad29820e;03dcc8a1b078476d19e0;0a25081e59bfa2406a89;0c75f057197182777687;11f31f18ad70545cab85;27940ac9615817e019e3;296fc2ba93325a6b3ed0;302dee907e926e18ddba;31f58d5793ca1ef590ea;44090e715310ee158f37;4f796e0ce90dce8d4da8;4fdab8147c5288a598e6;55c688efa556cdf3a77e;5aeb6b891099b95aa832;5e9d52b66e4686a38781;67e2860b474712736027;68306d2649f0e34ccfa7;6ab002878664147423a1;7713a8c3085fddc6419c;7f98755e27ed54f044ae;86d7e55b4cfd49b202f0;94dc4442e5bc1f047433;9b5ff9099d241db5f86a;9d0e015a74d4a026b092;b216d2e3bbb753147fd2;b4fa4675ffa2674da6e1;bed98da775e40e17c44e;c837d77a482b4e089619;d02cfb250e397dd52db5;d7a2412d7fe5f7bee1e5;dcce0a8cef5543c4fec4;eb664530dc232a9e1750;eb8b75c75edacbfa547b;ebc2ea10b1b751d8e58c;ed80b78f8297d945224d;ef046f239f256df5f180;f1b256cdccd6208d0cc8;ffe994fbb4a27b100f16,Descriptive same-work co-occurrence only.
Phrase co-occurrence,Same-work phrase pair,objective structured clinical examination + medical or health-professions education,38,485,7.8,,,canonical works,all canonical works,multiple response pair; minimum pair count 3,03345c1deb2aad29820e;0a25081e59bfa2406a89;0c75f057197182777687;1c5402a057ba8f451244;243562012607f7033171;27940ac9615817e019e3;296fc2ba93325a6b3ed0;302dee907e926e18ddba;31f58d5793ca1ef590ea;34ea437817489bccb36b;44090e715310ee158f37;4b7753ecc7bff0d54289;4f796e0ce90dce8d4da8;548ca816901c7761f0bf;55c688efa556cdf3a77e;594d7ce86781a2e8398f;5aeb6b891099b95aa832;67e2860b474712736027;68306d2649f0e34ccfa7;6ab002878664147423a1;86d7e55b4cfd49b202f0;8ce5650fcd50af3976ab;8fa1ae6b843e2388520d;91738aa3fb8146efb96d;94dc4442e5bc1f047433;9b5ff9099d241db5f86a;9d0e015a74d4a026b092;aea68236a77645892d74;b216d2e3bbb753147fd2;b3e39792f96130f4a0b4;c837d77a482b4e089619;d02cfb250e397dd52db5;d7a2412d7fe5f7bee1e5;da4715a1835405ea02b7;eb8b75c75edacbfa547b;ebc2ea10b1b751d8e58c;ed072d60d05f5e236143;ed80b78f8297d945224d,Descriptive same-work co-occurrence only.
Phrase co-occurrence,Same-work phrase pair,generative artificial intelligence + chatbot or conversational agent,36,485,7.4,,,canonical works,all canonical works,multiple response pair; minimum pair count 3,03345c1deb2aad29820e;0394426a6c4e7afe938e;06baad752a52246f7f43;24ffbec5a9dbce04e0fd;282aa7d3820de53059e9;31f58d5793ca1ef590ea;37bb0c4c182653ebb8f9;416753b67d9e900455c8;43f6ad0fa6f4597d56fc;501d19c3bd3160083e8a;5245cf325337d81e78ff;60653c070afcf8848788;6457c6be7c6ba150ede6;64a85483f87115653128;713e417da7d85579b2d1;73f1b1dee9a19c0ea0af;740cc1ae550411dacecc;79301031755b16db8fe6;8ad0258644c0c312a7d8;a32c2fb665f05ef6086f;abda3007be07a5153c0c;af9edf1f4c2a0c11a5eb;afc8c786ca5b65ba8c74;b2f1db675b2599e354ab;bd2cdf16f21f3814f67d;dec5b56924e40c32e506;e28e63bbe4974bda0026;e2a36443154e9a33aff9;e9d6ceded269a04cde99;eb0a6b505c3ccc9e534d;ed072d60d05f5e236143;eee52e824f1559f7759a;f30eee8f6354bfa06744;fa24b39d9c9c2f6142d6;ff3b7f48f6f586cf90b7;sci_a90d053bc1db526acda9,Descriptive same-work co-occurrence only.
Phrase co-occurrence,Same-work phrase pair,chatbot or conversational agent + medical or health-professions education,35,485,7.2,,,canonical works,all canonical works,multiple response pair; minimum pair count 3,01a746b554d461cb998c;03345c1deb2aad29820e;04b48ce4dda567febfa2;0a25081e59bfa2406a89;0b386fbba1d6908a565d;14e96fc7b4c3181fd39b;18f9eaf414ec69e25aad;31f58d5793ca1ef590ea;328dc44eb7208308940c;37bb0c4c182653ebb8f9;416753b67d9e900455c8;432422a165ddc6a24c2f;43f6ad0fa6f4597d56fc;56dc16bbc7cd98ca993a;582bc7c400fa7acf214f;594824ec9813877abe34;594d7ce86781a2e8398f;5b356113a239c62ba5ac;6457c6be7c6ba150ede6;73cb9769cd2180a04bb0;79301031755b16db8fe6;a32c2fb665f05ef6086f;abda3007be07a5153c0c;af9edf1f4c2a0c11a5eb;b2f1db675b2599e354ab;b4ed643f7430dbf0ccb9;ba402925b430558ae1e0;cfa4cceea1f21315935e;e2a36443154e9a33aff9;eb0a6b505c3ccc9e534d;ed072d60d05f5e236143;fa24b39d9c9c2f6142d6;ff3b7f48f6f586cf90b7;sci_1b84a9e2391f6779175c;sci_42199d910f14a1707aa3,Descriptive same-work co-occurrence only.
Phrase co-occurrence,Same-work phrase pair,generative artificial intelligence + standardized patient,35,485,7.2,,,canonical works,all canonical works,multiple response pair; minimum pair count 3,03345c1deb2aad29820e;0394426a6c4e7afe938e;0835d7fde9c090ca963c;19e84bd61f0782eec51c;1c073acedd6171c3394d;2a63460a75ff944e1d44;2befb2019a25a1ea563f;32b43fcb025a9d77581f;3a87ecbc1ceea37e2382;4fdab8147c5288a598e6;548ca816901c7761f0bf;58483951ebaed609e26a;59ac00c951a84da39213;5aeb6b891099b95aa832;76597dc445d9df2ae743;766fde2e997ea8140bd0;7713a8c3085fddc6419c;7a9ca4d4d16f4705139f;7ab76d429b6539b40243;7bda59402c9478eda64c;7f84c902e862e25dbf2c;81087c9bc5a7366ff084;86f76ce0ac18d03915b2;8ad0258644c0c312a7d8;906c1e2afc9ab8dc6794;98c23d01b9fb23bd43c4;b4fa4675ffa2674da6e1;d3f99e099b9310de57e3;e5814fecd144cc3fe016;eb6afac746ee34d7a37f;f41f37dbb22b9ed8ae7c;f4631b37b9a1fd57d914;f4d7fdee2c3cc083329d;f6df2d018d41c258414a;sci_829c4bcf5b773dba44a2,Descriptive same-work co-occurrence only.
Phrase co-occurrence,Same-work phrase pair,communication skills + assessment or scoring,34,485,7.0,,,canonical works,all canonical works,multiple response pair; minimum pair count 3,03345c1deb2aad29820e;03dcc8a1b078476d19e0;0835d7fde9c090ca963c;0b1e929029c5b43c5beb;12a5244797e0de4599d0;217a1796806e392c3e77;31f58d5793ca1ef590ea;38da855b4155bb083590;3a2d4841832fea8715fe;44090e715310ee158f37;44d09fb5dabfde2e9e31;4f06f0d72a1de087b5c5;4f796e0ce90dce8d4da8;50ac103890932b40242c;5aa2066f4c78fde5a50b;6457c6be7c6ba150ede6;64a85483f87115653128;73cb9769cd2180a04bb0;7ab76d429b6539b40243;86d7e55b4cfd49b202f0;87dd3b9b5e7ef2d3f457;8a18fabf9cf9be3f8a36;8ad0258644c0c312a7d8;8f2528d2ba0e05485210;9053eb63f4358c343310;a9588de788e2402350be;afc8c786ca5b65ba8c74;bad1f4fb855554cb4aba;d885762caf8919afe125;d90096afc3b383fbecb7;dcce0a8cef5543c4fec4;df5127c0b752274d452e;f917e0b66cef158b9df0;sci_a90d053bc1db526acda9,Descriptive same-work co-occurrence only.
Phrase co-occurrence,Same-work phrase pair,large language model + decision-making,33,485,6.8,,,canonical works,all canonical works,multiple response pair; minimum pair count 3,088f42aecd2674d3dbe5;0a56637c161743569cf5;0b1b0febb2293831bcc0;217a1796806e392c3e77;2610ebe5f560db94c888;2877ad2c6a928639280a;34ab5ecef79b768723f6;359e1289e1f098bb36e2;3b0e82db448631888b4c;432422a165ddc6a24c2f;59ac00c951a84da39213;5aa2066f4c78fde5a50b;5d6128771afb1cccb251;5da1c6c1e35204ff7f9d;7442954006aac8fa63fa;758d651bc8d5020199f1;78868accc1f86fb42dce;78b358c1b1f53fdbc100;7d5cb710e5a6901bbaaa;8616afb3ca85007ec9d7;87dd3b9b5e7ef2d3f457;894f08a5035b3a1872d5;9717d5f24495686aabe2;9ba2ceb3ea808e2794a1;c6788113fb3c0b6f7bcf;caf55d1c5f0358791a96;d6b29e9cea0c868cc28e;d977c356ff57ab060fef;de583e684ddd0364a161;ec6081495209898a9c42;f30eee8f6354bfa06744;f917e0b66cef158b9df0;fb4436cacb550c46d347,Descriptive same-work co-occurrence only.
Phrase co-occurrence,Same-work phrase pair,large language model + virtual reality,32,485,6.6,,,canonical works,all canonical works,multiple response pair; minimum pair count 3,0394426a6c4e7afe938e;0a2c09d04e10e0478041;166aa3cc368ebd076b91;197361cc9246160f71a5;1c9542cefba3287a5281;217a1796806e392c3e77;30b04ea7e17c283383c8;359e1289e1f098bb36e2;35ffd2cef7df5e4ea7fc;5aa2066f4c78fde5a50b;5da1c6c1e35204ff7f9d;64a85483f87115653128;6d3fca2519e927f795b8;713e417da7d85579b2d1;73cb9769cd2180a04bb0;758d651bc8d5020199f1;7938acbdb4523b82db58;7b19776512fecc94e643;9287cf74b213e44a489d;a4d746b41f7f88ceb127;ae74530d7e9fa7f91f65;b191e9f77e079eab9ed3;b53bf33d223a68f17e8c;b777355095979479280c;ba1df7c86ec2eeb0e945;bed98da775e40e17c44e;c301ce506b01b01e6207;d46506f34cc784478c88;de583e684ddd0364a161;ead3628c23fe3e244e24;f97eadc969f29dc262e7;sci_0deb435b497fb81c6d22,Descriptive same-work co-occurrence only.
Phrase co-occurrence,Same-work phrase pair,virtual patient + simulated patient,32,485,6.6,,,canonical works,all canonical works,multiple response pair; minimum pair count 3,01a746b554d461cb998c;038dc9e15385ce662149;0de698b6ef36192c9365;0fe5747ae7b23830be21;20e73ed62a3078e6a9b4;282aa7d3820de53059e9;34ea437817489bccb36b;35ffd2cef7df5e4ea7fc;432422a165ddc6a24c2f;4f06f0d72a1de087b5c5;4f796e0ce90dce8d4da8;50ac103890932b40242c;58483951ebaed609e26a;59ac00c951a84da39213;73cb9769cd2180a04bb0;7938acbdb4523b82db58;8db4130844dc8d367d1f;907d492e03a26ae110b8;98c23d01b9fb23bd43c4;9d0e015a74d4a026b092;af881e87f70fad542887;afc8c786ca5b65ba8c74;b3a8d73bf08119c4ce68;bd2cdf16f21f3814f67d;d977c356ff57ab060fef;da8839d00c24db7f6ad6;df5127c0b752274d452e;e2a36443154e9a33aff9;ea35181a48e801132195;f5e8d39c518465a0d255;fd0c4ec164cda596074b;sci_0deb435b497fb81c6d22,Descriptive same-work co-occurrence only.
Phrase co-occurrence,Same-work phrase pair,virtual patient + virtual reality,32,485,6.6,,,canonical works,all canonical works,multiple response pair; minimum pair count 3,0394426a6c4e7afe938e;0a2c09d04e10e0478041;0aad164402f8e4deea3b;166aa3cc368ebd076b91;1c9542cefba3287a5281;217a1796806e392c3e77;25f6a5df250f3ed0360b;30b04ea7e17c283383c8;319d5b791f54df181b23;35ffd2cef7df5e4ea7fc;3adc77e0b0502fcefcc3;401238697481e3dbe32e;5245cf325337d81e78ff;5da1c6c1e35204ff7f9d;64a85483f87115653128;713e417da7d85579b2d1;73cb9769cd2180a04bb0;758d651bc8d5020199f1;7938acbdb4523b82db58;7b19776512fecc94e643;8db4130844dc8d367d1f;a4d746b41f7f88ceb127;b191e9f77e079eab9ed3;c4f5fe90704c2aa68c75;d46506f34cc784478c88;de583e684ddd0364a161;e73b99fafd0009a6e927;f97eadc969f29dc262e7;fa24b39d9c9c2f6142d6;sci_0deb435b497fb81c6d22;sci_aea73a0d6d3e592a48a0;sci_f2cc5417df9af41a5165,Descriptive same-work co-occurrence only.
Phrase co-occurrence,Same-work phrase pair,generative artificial intelligence + virtual reality,31,485,6.4,,,canonical works,all canonical works,multiple response pair; minimum pair count 3,0394426a6c4e7afe938e;0b1e929029c5b43c5beb;1557e783fc8af1e8fdd6;25f6a5df250f3ed0360b;319d5b791f54df181b23;32c1dcd0212f833ee125;3adc77e0b0502fcefcc3;3cc4d65478e63af8ab6e;3e3d7476a0d0198a12a3;401238697481e3dbe32e;416753b67d9e900455c8;437f09a0c472e4ba343e;5245cf325337d81e78ff;64a85483f87115653128;713e417da7d85579b2d1;72f2fcd3a833c8b6e39e;7a5ffafc98c031b3684e;7ab76d429b6539b40243;8db4130844dc8d367d1f;8f2528d2ba0e05485210;906c1e2afc9ab8dc6794;b36e071a220a2c96e7c2;c4f5fe90704c2aa68c75;e3ee954b5290b4f74f0b;ead3628c23fe3e244e24;eb664530dc232a9e1750;ed38fd3a7de3cb77f8a6;fa24b39d9c9c2f6142d6;sci_0f0b074ee785f63a5645;sci_829c4bcf5b773dba44a2;sci_a09f51bed9668b4f7e21,Descriptive same-work co-occurrence only.
Phrase co-occurrence,Same-work phrase pair,large language model + role-play,31,485,6.4,,,canonical works,all canonical works,multiple response pair; minimum pair count 3,01a746b554d461cb998c;03e1a6632b830e0512c9;04b48ce4dda567febfa2;0835d7fde9c090ca963c;1158803af3fb0ab9c072;1c073acedd6171c3394d;243562012607f7033171;282aa7d3820de53059e9;2877ad2c6a928639280a;3a2d4841832fea8715fe;415ba4f99eeb473a50c2;4252b0b43599d37a154a;432422a165ddc6a24c2f;4dcbdf4bf0f5a9a6c8c8;54972cda535948a803e8;594824ec9813877abe34;64a85483f87115653128;76597dc445d9df2ae743;81087c9bc5a7366ff084;81e99943a71c35f1b5e2;8fce68134f06065fdd4a;b4fa4675ffa2674da6e1;ba402925b430558ae1e0;bc5dd5d7b1ad1b4d21e4;d90096afc3b383fbecb7;eb0a6b505c3ccc9e534d;ed072d60d05f5e236143;ed23e4c8ee00516d2110;fcd1902a5e565b2d2fcc;sci_6140618886946efd3455;sci_93a452609f10d60e9d33,Descriptive same-work co-occurrence only.
Phrase co-occurrence,Same-work phrase pair,medical or health-professions education + decision-making,31,485,6.4,,,canonical works,all canonical works,multiple response pair; minimum pair count 3,088f42aecd2674d3dbe5;0a56637c161743569cf5;180163049fadb98a0ef8;1b913a0ed3ab13c6f644;359e1289e1f098bb36e2;37bb0c4c182653ebb8f9;3b0e82db448631888b4c;432422a165ddc6a24c2f;43f6ad0fa6f4597d56fc;47160b043b610b447eca;59ac00c951a84da39213;5d6128771afb1cccb251;6fb769efa53620e383b7;7442954006aac8fa63fa;766fde2e997ea8140bd0;78b358c1b1f53fdbc100;7acd89712f3fc0bb4cb7;87dd3b9b5e7ef2d3f457;9ba2ceb3ea808e2794a1;a2883a095e505041a802;b3e39792f96130f4a0b4;b4ed643f7430dbf0ccb9;bda47b5b58b47ca77285;cb97375c66ea36d11d94;d6b29e9cea0c868cc28e;d977c356ff57ab060fef;de583e684ddd0364a161;eb6ba637fab26b824344;f41f37dbb22b9ed8ae7c;fb4436cacb550c46d347;sci_d54eaf2ee85c6160a060,Descriptive same-work co-occurrence only.
Phrase co-occurrence,Same-work phrase pair,standardized patient + communication skills,31,485,6.4,,,canonical works,all canonical works,multiple response pair; minimum pair count 3,03345c1deb2aad29820e;0394426a6c4e7afe938e;0835d7fde9c090ca963c;14e96fc7b4c3181fd39b;18f9eaf414ec69e25aad;1c073acedd6171c3394d;24c93ac0955292251f20;327767a02786d8ff7a19;35ffd2cef7df5e4ea7fc;3a2d4841832fea8715fe;3a87ecbc1ceea37e2382;58483951ebaed609e26a;76a6c8049ee4223224f6;7ab76d429b6539b40243;81087c9bc5a7366ff084;86d7e55b4cfd49b202f0;86f76ce0ac18d03915b2;87dd3b9b5e7ef2d3f457;8ad0258644c0c312a7d8;9717d5f24495686aabe2;98c23d01b9fb23bd43c4;9b8b66d55c35b17e843c;b191e9f77e079eab9ed3;d0ead936020ec24f78a7;d90096afc3b383fbecb7;da920e8320da57a1954a;e4987ba5c8f46735e9ff;f4d7fdee2c3cc083329d;f74b171e97e291bab8d3;f917e0b66cef158b9df0;fd1a9c7f0b28a609f8af,Descriptive same-work co-occurrence only.
Phrase co-occurrence,Same-work phrase pair,large language model + objective structured clinical examination,29,485,6.0,,,canonical works,all canonical works,multiple response pair; minimum pair count 3,03345c1deb2aad29820e;243562012607f7033171;296fc2ba93325a6b3ed0;302dee907e926e18ddba;34ea437817489bccb36b;425ec6ee2ca714b7434a;44090e715310ee158f37;548ca816901c7761f0bf;55c688efa556cdf3a77e;594d7ce86781a2e8398f;5aeb6b891099b95aa832;67e2860b474712736027;7938acbdb4523b82db58;7f98755e27ed54f044ae;8ce5650fcd50af3976ab;8fa1ae6b843e2388520d;91738aa3fb8146efb96d;9d0e015a74d4a026b092;b3a8d73bf08119c4ce68;b4fa4675ffa2674da6e1;bed98da775e40e17c44e;c837d77a482b4e089619;d02cfb250e397dd52db5;d7a2412d7fe5f7bee1e5;da4715a1835405ea02b7;eb8b75c75edacbfa547b;ed072d60d05f5e236143;ed80b78f8297d945224d;f1b256cdccd6208d0cc8,Descriptive same-work co-occurrence only.
Phrase co-occurrence,Same-work phrase pair,simulated patient + communication skills,29,485,6.0,,,canonical works,all canonical works,multiple response pair; minimum pair count 3,00dc13a955ae4496d4ca;01a746b554d461cb998c;0b386fbba1d6908a565d;0de698b6ef36192c9365;14e96fc7b4c3181fd39b;1c5402a057ba8f451244;24c93ac0955292251f20;35ffd2cef7df5e4ea7fc;37bb0c4c182653ebb8f9;4f06f0d72a1de087b5c5;4f796e0ce90dce8d4da8;50ac103890932b40242c;58483951ebaed609e26a;594d7ce86781a2e8398f;668b98624eeda1089d99;73cb9769cd2180a04bb0;86d7e55b4cfd49b202f0;8db4130844dc8d367d1f;8fa1ae6b843e2388520d;98c23d01b9fb23bd43c4;afc8c786ca5b65ba8c74;b3a8d73bf08119c4ce68;ba402925b430558ae1e0;bd2cdf16f21f3814f67d;dcce0a8cef5543c4fec4;df5127c0b752274d452e;e4987ba5c8f46735e9ff;ed072d60d05f5e236143;f4d7fdee2c3cc083329d,Descriptive same-work co-occurrence only.
Phrase co-occurrence,Same-work phrase pair,generative artificial intelligence + decision-making,27,485,5.6,,,canonical works,all canonical works,multiple response pair; minimum pair count 3,24ffbec5a9dbce04e0fd;2610ebe5f560db94c888;37bb0c4c182653ebb8f9;43f6ad0fa6f4597d56fc;47160b043b610b447eca;50e4613efeaaadc861f8;592d3957693502aad933;598901438bbefd691625;59ac00c951a84da39213;64caff9ef7b3adaafe2d;766fde2e997ea8140bd0;78868accc1f86fb42dce;78b358c1b1f53fdbc100;7ab76d429b6539b40243;7acd89712f3fc0bb4cb7;7d5cb710e5a6901bbaaa;98459bc57c099322761c;a2883a095e505041a802;bda47b5b58b47ca77285;c13d5a010789f6f44c11;cb97375c66ea36d11d94;e9d6ceded269a04cde99;ea8e0a7c38a125bf8f1d;eb6ba637fab26b824344;ec6081495209898a9c42;f30eee8f6354bfa06744;f41f37dbb22b9ed8ae7c,Descriptive same-work co-occurrence only.
Phrase co-occurrence,Same-work phrase pair,generative artificial intelligence + simulated patient,27,485,5.6,,,canonical works,all canonical works,multiple response pair; minimum pair count 3,00dc13a955ae4496d4ca;08cc34de5385d0bd76a6;282aa7d3820de53059e9;37bb0c4c182653ebb8f9;4f06f0d72a1de087b5c5;4f796e0ce90dce8d4da8;548ca816901c7761f0bf;58483951ebaed609e26a;59ac00c951a84da39213;6d85b580a0562cc121d4;71a491a468f6c4c71249;766d498375e7ceff4c70;8db4130844dc8d367d1f;98c23d01b9fb23bd43c4;a32c2fb665f05ef6086f;af881e87f70fad542887;afc8c786ca5b65ba8c74;bd2cdf16f21f3814f67d;da8839d00c24db7f6ad6;dcce0a8cef5543c4fec4;df5127c0b752274d452e;e2a36443154e9a33aff9;ed072d60d05f5e236143;f41f37dbb22b9ed8ae7c;f4631b37b9a1fd57d914;f4d7fdee2c3cc083329d;fd0c4ec164cda596074b,Descriptive same-work co-occurrence only.
Phrase co-occurrence,Same-work phrase pair,communication skills + clinical reasoning,26,485,5.4,,,canonical works,all canonical works,multiple response pair; minimum pair count 3,03345c1deb2aad29820e;0394426a6c4e7afe938e;1b913a0ed3ab13c6f644;217a1796806e392c3e77;3592795dfee0e066000a;35ffd2cef7df5e4ea7fc;38da855b4155bb083590;44d09fb5dabfde2e9e31;50ac103890932b40242c;592d3957693502aad933;594d7ce86781a2e8398f;6457c6be7c6ba150ede6;668b98624eeda1089d99;73cb9769cd2180a04bb0;7ab76d429b6539b40243;86d7e55b4cfd49b202f0;86f76ce0ac18d03915b2;8db4130844dc8d367d1f;9053eb63f4358c343310;b3a8d73bf08119c4ce68;d0ead936020ec24f78a7;eb6ba637fab26b824344;ed072d60d05f5e236143;f917e0b66cef158b9df0;ff3b7f48f6f586cf90b7;sci_333316fb42bc0b910010,Descriptive same-work co-occurrence only.
Phrase co-occurrence,Same-work phrase pair,generative artificial intelligence + role-play,26,485,5.4,,,canonical works,all canonical works,multiple response pair; minimum pair count 3,06baad752a52246f7f43;0835d7fde9c090ca963c;12a5244797e0de4599d0;1c073acedd6171c3394d;243562012607f7033171;24ffbec5a9dbce04e0fd;282aa7d3820de53059e9;4252b0b43599d37a154a;45e7ea1fbbde53125fd7;614d439112e6f1ccea50;64a85483f87115653128;73f1b1dee9a19c0ea0af;740cc1ae550411dacecc;76597dc445d9df2ae743;7a9ca4d4d16f4705139f;81087c9bc5a7366ff084;906c1e2afc9ab8dc6794;a9588de788e2402350be;af9edf1f4c2a0c11a5eb;b4fa4675ffa2674da6e1;df5127c0b752274d452e;eb0a6b505c3ccc9e534d;ed072d60d05f5e236143;fa24b39d9c9c2f6142d6;ffe994fbb4a27b100f16;sci_a8f02e0b2a448efff5e6,Descriptive same-work co-occurrence only.
Phrase co-occurrence,Same-work phrase pair,role-play + medical or health-professions education,26,485,5.4,,,canonical works,all canonical works,multiple response pair; minimum pair count 3,01a746b554d461cb998c;04b48ce4dda567febfa2;1158803af3fb0ab9c072;1b087547ad0e2e8a3fa3;1c073acedd6171c3394d;243562012607f7033171;328dc44eb7208308940c;3a2d4841832fea8715fe;415ba4f99eeb473a50c2;4252b0b43599d37a154a;432422a165ddc6a24c2f;594824ec9813877abe34;668b98624eeda1089d99;76597dc445d9df2ae743;7a9ca4d4d16f4705139f;81087c9bc5a7366ff084;81e99943a71c35f1b5e2;a9588de788e2402350be;af9edf1f4c2a0c11a5eb;b3e39792f96130f4a0b4;ba402925b430558ae1e0;d90096afc3b383fbecb7;df5127c0b752274d452e;eb0a6b505c3ccc9e534d;ed072d60d05f5e236143;fa24b39d9c9c2f6142d6,Descriptive same-work co-occurrence only.
Phrase co-occurrence,Same-work phrase pair,simulated patient + assessment or scoring,26,485,5.4,,,canonical works,all canonical works,multiple response pair; minimum pair count 3,0a25081e59bfa2406a89;240393927e83854aac9b;282aa7d3820de53059e9;296fc2ba93325a6b3ed0;4823a4ac11c66c68a7d4;4f06f0d72a1de087b5c5;4f796e0ce90dce8d4da8;50ac103890932b40242c;54972cda535948a803e8;60f8f44c77f909f61dc3;63c69a200d415bc42d9b;6d85b580a0562cc121d4;73cb9769cd2180a04bb0;7571d4d2871565bc5c1c;8094cb5448e9c4e2f371;86d7e55b4cfd49b202f0;9ba2ceb3ea808e2794a1;9d0e015a74d4a026b092;afc8c786ca5b65ba8c74;da8839d00c24db7f6ad6;dcce0a8cef5543c4fec4;df5127c0b752274d452e;ea35181a48e801132195;f41f37dbb22b9ed8ae7c;f4631b37b9a1fd57d914;fd0c4ec164cda596074b,Descriptive same-work co-occurrence only.
Phrase co-occurrence,Same-work phrase pair,chatbot or conversational agent + communication skills,25,485,5.2,,,canonical works,all canonical works,multiple response pair; minimum pair count 3,01a746b554d461cb998c;03345c1deb2aad29820e;0394426a6c4e7afe938e;06baad752a52246f7f43;0b386fbba1d6908a565d;14e96fc7b4c3181fd39b;18f9eaf414ec69e25aad;31f58d5793ca1ef590ea;37bb0c4c182653ebb8f9;594d7ce86781a2e8398f;5b356113a239c62ba5ac;5b529e4bc562ac2c093e;6457c6be7c6ba150ede6;64a85483f87115653128;73cb9769cd2180a04bb0;8ad0258644c0c312a7d8;af9edf1f4c2a0c11a5eb;afc8c786ca5b65ba8c74;b3a8d73bf08119c4ce68;ba402925b430558ae1e0;bd2cdf16f21f3814f67d;e4987ba5c8f46735e9ff;ed072d60d05f5e236143;ff3b7f48f6f586cf90b7;sci_a90d053bc1db526acda9,Descriptive same-work co-occurrence only.
Phrase co-occurrence,Same-work phrase pair,chatbot or conversational agent + simulated patient,25,485,5.2,,,canonical works,all canonical works,multiple response pair; minimum pair count 3,01a746b554d461cb998c;04b48ce4dda567febfa2;0a25081e59bfa2406a89;0b386fbba1d6908a565d;14e96fc7b4c3181fd39b;282aa7d3820de53059e9;37bb0c4c182653ebb8f9;432422a165ddc6a24c2f;54972cda535948a803e8;594d7ce86781a2e8398f;63c69a200d415bc42d9b;73cb9769cd2180a04bb0;7571d4d2871565bc5c1c;a32c2fb665f05ef6086f;afc8c786ca5b65ba8c74;b3a8d73bf08119c4ce68;ba402925b430558ae1e0;bd2cdf16f21f3814f67d;cfa4cceea1f21315935e;e2272dd53f2ee764e3a8;e2a36443154e9a33aff9;e4987ba5c8f46735e9ff;ea35181a48e801132195;ed072d60d05f5e236143;fcd1902a5e565b2d2fcc,Descriptive same-work co-occurrence only.
Phrase co-occurrence,Same-work phrase pair,generative artificial intelligence + objective structured clinical examination,24,485,4.9,,,canonical works,all canonical works,multiple response pair; minimum pair count 3,03345c1deb2aad29820e;0c75f057197182777687;11f31f18ad70545cab85;243562012607f7033171;31f58d5793ca1ef590ea;4b7753ecc7bff0d54289;4f796e0ce90dce8d4da8;4fdab8147c5288a598e6;548ca816901c7761f0bf;55c688efa556cdf3a77e;5aeb6b891099b95aa832;5e9d52b66e4686a38781;68306d2649f0e34ccfa7;7713a8c3085fddc6419c;aea68236a77645892d74;b216d2e3bbb753147fd2;b4fa4675ffa2674da6e1;d02cfb250e397dd52db5;dcce0a8cef5543c4fec4;eb664530dc232a9e1750;eb8b75c75edacbfa547b;ed072d60d05f5e236143;ef046f239f256df5f180;ffe994fbb4a27b100f16,Descriptive same-work co-occurrence only.
Phrase co-occurrence,Same-work phrase pair,large language model + empathy,24,485,4.9,,,canonical works,all canonical works,multiple response pair; minimum pair count 3,0de698b6ef36192c9365;1c9542cefba3287a5281;217a1796806e392c3e77;2a63460a75ff944e1d44;302dee907e926e18ddba;35ffd2cef7df5e4ea7fc;4252b0b43599d37a154a;5d6128771afb1cccb251;654de90417901825feeb;72c30900482428bf1e49;758d651bc8d5020199f1;76597dc445d9df2ae743;7d5cb710e5a6901bbaaa;8094cb5448e9c4e2f371;86f76ce0ac18d03915b2;87dd3b9b5e7ef2d3f457;adc1485c258278b24c4e;b191e9f77e079eab9ed3;c98aa2499bea62fd3f2a;db80308782a219cbea0e;eb6afac746ee34d7a37f;f917e0b66cef158b9df0;sci_479872e4f60f538cbd03;sci_93a452609f10d60e9d33,Descriptive same-work co-occurrence only.
Phrase co-occurrence,Same-work phrase pair,chatbot or conversational agent + assessment or scoring,23,485,4.7,,,canonical works,all canonical works,multiple response pair; minimum pair count 3,03345c1deb2aad29820e;0a25081e59bfa2406a89;24ffbec5a9dbce04e0fd;282aa7d3820de53059e9;31f58d5793ca1ef590ea;4781da10664bc6a33ebc;501d19c3bd3160083e8a;54972cda535948a803e8;582bc7c400fa7acf214f;63c69a200d415bc42d9b;6457c6be7c6ba150ede6;64a85483f87115653128;64d8153970a657aa23b0;73cb9769cd2180a04bb0;740cc1ae550411dacecc;7571d4d2871565bc5c1c;8ad0258644c0c312a7d8;afc8c786ca5b65ba8c74;df4adbef2a265890959e;ea35181a48e801132195;eee52e824f1559f7759a;f68a92632e9b465b9cd8;sci_a90d053bc1db526acda9,Descriptive same-work co-occurrence only.
Phrase co-occurrence,Same-work phrase pair,chatbot or conversational agent + virtual patient,23,485,4.7,,,canonical works,all canonical works,multiple response pair; minimum pair count 3,01a746b554d461cb998c;0394426a6c4e7afe938e;0aad164402f8e4deea3b;282aa7d3820de53059e9;30b04ea7e17c283383c8;31f58d5793ca1ef590ea;432422a165ddc6a24c2f;5245cf325337d81e78ff;594824ec9813877abe34;5b356113a239c62ba5ac;64a85483f87115653128;713e417da7d85579b2d1;73cb9769cd2180a04bb0;8ad0258644c0c312a7d8;afc8c786ca5b65ba8c74;b2f1db675b2599e354ab;b3a8d73bf08119c4ce68;bd2cdf16f21f3814f67d;e2a36443154e9a33aff9;ea35181a48e801132195;eb0a6b505c3ccc9e534d;fa24b39d9c9c2f6142d6;ff3b7f48f6f586cf90b7,Descriptive same-work co-occurrence only.
Phrase co-occurrence,Same-work phrase pair,virtual reality + assessment or scoring,23,485,4.7,,,canonical works,all canonical works,multiple response pair; minimum pair count 3,03dcc8a1b078476d19e0;061a5c17950367156401;0a2c09d04e10e0478041;0b1e929029c5b43c5beb;166aa3cc368ebd076b91;217a1796806e392c3e77;588316012a3f2d9b790a;5aa2066f4c78fde5a50b;5da1c6c1e35204ff7f9d;64a85483f87115653128;73cb9769cd2180a04bb0;758d651bc8d5020199f1;7a5ffafc98c031b3684e;7ab76d429b6539b40243;8f2528d2ba0e05485210;b53bf33d223a68f17e8c;b777355095979479280c;bed98da775e40e17c44e;c4f5fe90704c2aa68c75;ead3628c23fe3e244e24;eb664530dc232a9e1750;f97eadc969f29dc262e7;sci_829c4bcf5b773dba44a2,Descriptive same-work co-occurrence only.
Phrase co-occurrence,Same-work phrase pair,generative artificial intelligence + empathy,22,485,4.5,,,canonical works,all canonical works,multiple response pair; minimum pair count 3,2a63460a75ff944e1d44;31f58d5793ca1ef590ea;37bb0c4c182653ebb8f9;3aba8ba7976a49acd0ac;4252b0b43599d37a154a;614d439112e6f1ccea50;654de90417901825feeb;6a18d985481870e99d72;76597dc445d9df2ae743;7d5cb710e5a6901bbaaa;859f96f4eca259cdb9e8;86f76ce0ac18d03915b2;906c1e2afc9ab8dc6794;98c23d01b9fb23bd43c4;9d1c14070287793c215b;a44cf2193e8756673fa7;adc1485c258278b24c4e;af9edf1f4c2a0c11a5eb;c13d5a010789f6f44c11;dcce0a8cef5543c4fec4;eb6afac746ee34d7a37f;sci_f57abde71790ef1bc83d,Descriptive same-work co-occurrence only.
Phrase co-occurrence,Same-work phrase pair,nursing education + assessment or scoring,22,485,4.5,,,canonical works,all canonical works,multiple response pair; minimum pair count 3,03dcc8a1b078476d19e0;0b1e929029c5b43c5beb;1df5cdc0b4ba5e34b2ba;434224fa76b1280311a5;4781da10664bc6a33ebc;49bb4b3f2e5c7a1a3f92;5dd47cd1855294dcfafd;643ef34d4dd326d5b164;669cbda7d16ac3f32155;73cb9769cd2180a04bb0;758d651bc8d5020199f1;7713a8c3085fddc6419c;78b358c1b1f53fdbc100;7a5ffafc98c031b3684e;7ab76d429b6539b40243;8f2528d2ba0e05485210;94bb63aeb68eddb59442;987d3b654bc3d24dc464;beedb370b817079634f7;ef046f239f256df5f180;sci_9353c3c154cbf1cd3c54;sci_a90d053bc1db526acda9,Descriptive same-work co-occurrence only.
Phrase co-occurrence,Same-work phrase pair,virtual reality + medical or health-professions education,21,485,4.3,,,canonical works,all canonical works,multiple response pair; minimum pair count 3,061a5c17950367156401;0a2c09d04e10e0478041;359e1289e1f098bb36e2;3cc4d65478e63af8ab6e;416753b67d9e900455c8;588316012a3f2d9b790a;6d3fca2519e927f795b8;72f2fcd3a833c8b6e39e;73cb9769cd2180a04bb0;8f2528d2ba0e05485210;a4d746b41f7f88ceb127;b36e071a220a2c96e7c2;ba1df7c86ec2eeb0e945;c4f5fe90704c2aa68c75;d46506f34cc784478c88;de583e684ddd0364a161;e3ee954b5290b4f74f0b;e73b99fafd0009a6e927;ed38fd3a7de3cb77f8a6;f97eadc969f29dc262e7;fa24b39d9c9c2f6142d6,Descriptive same-work co-occurrence only.
Phrase co-occurrence,Same-work phrase pair,decision-making + assessment or scoring,20,485,4.1,,,canonical works,all canonical works,multiple response pair; minimum pair count 3,03dcc8a1b078476d19e0;217a1796806e392c3e77;24ffbec5a9dbce04e0fd;43800694173ba371af4f;4781da10664bc6a33ebc;5aa2066f4c78fde5a50b;5da1c6c1e35204ff7f9d;64caff9ef7b3adaafe2d;6e7213516f82875618ff;758d651bc8d5020199f1;78b358c1b1f53fdbc100;7ab76d429b6539b40243;7acd89712f3fc0bb4cb7;87dd3b9b5e7ef2d3f457;9ba2ceb3ea808e2794a1;caf55d1c5f0358791a96;ec6081495209898a9c42;f41f37dbb22b9ed8ae7c;f917e0b66cef158b9df0;fb4436cacb550c46d347,Descriptive same-work co-occurrence only.
Phrase co-occurrence,Same-work phrase pair,medical or health-professions education + empathy,20,485,4.1,,,canonical works,all canonical works,multiple response pair; minimum pair count 3,0a25081e59bfa2406a89;0b386fbba1d6908a565d;0de698b6ef36192c9365;1b913a0ed3ab13c6f644;302dee907e926e18ddba;31f58d5793ca1ef590ea;37bb0c4c182653ebb8f9;4252b0b43599d37a154a;5d6128771afb1cccb251;654de90417901825feeb;76597dc445d9df2ae743;859f96f4eca259cdb9e8;86f76ce0ac18d03915b2;87dd3b9b5e7ef2d3f457;98c23d01b9fb23bd43c4;af9edf1f4c2a0c11a5eb;c98aa2499bea62fd3f2a;ebc2ea10b1b751d8e58c;f5e8d39c518465a0d255;sci_f57abde71790ef1bc83d,Descriptive same-work co-occurrence only.
Phrase co-occurrence,Same-work phrase pair,standardized patient + clinical reasoning,20,485,4.1,,,canonical works,all canonical works,multiple response pair; minimum pair count 3,03345c1deb2aad29820e;0394426a6c4e7afe938e;2a63460a75ff944e1d44;35ffd2cef7df5e4ea7fc;4fdab8147c5288a598e6;67e2860b474712736027;6e7213516f82875618ff;7ab76d429b6539b40243;86d7e55b4cfd49b202f0;86f76ce0ac18d03915b2;b608f772e32f2dbbff5e;d0ead936020ec24f78a7;d3f99e099b9310de57e3;da4715a1835405ea02b7;e5814fecd144cc3fe016;ed80b78f8297d945224d;f41f37dbb22b9ed8ae7c;f4631b37b9a1fd57d914;f917e0b66cef158b9df0;fbcfe4a5c41e518e74ba,Descriptive same-work co-occurrence only.
Phrase co-occurrence,Same-work phrase pair,virtual patient + decision-making,20,485,4.1,,,canonical works,all canonical works,multiple response pair; minimum pair count 3,1b913a0ed3ab13c6f644;217a1796806e392c3e77;2877ad2c6a928639280a;432422a165ddc6a24c2f;592d3957693502aad933;59ac00c951a84da39213;5da1c6c1e35204ff7f9d;6e7213516f82875618ff;7442954006aac8fa63fa;758d651bc8d5020199f1;766fde2e997ea8140bd0;78b358c1b1f53fdbc100;7acd89712f3fc0bb4cb7;894f08a5035b3a1872d5;a2883a095e505041a802;b3e39792f96130f4a0b4;caf55d1c5f0358791a96;d977c356ff57ab060fef;de583e684ddd0364a161;fb4436cacb550c46d347,Descriptive same-work co-occurrence only.
Phrase co-occurrence,Same-work phrase pair,virtual patient + role-play,20,485,4.1,,,canonical works,all canonical works,multiple response pair; minimum pair count 3,01a746b554d461cb998c;0835d7fde9c090ca963c;1c073acedd6171c3394d;282aa7d3820de53059e9;2877ad2c6a928639280a;3a2d4841832fea8715fe;415ba4f99eeb473a50c2;432422a165ddc6a24c2f;594824ec9813877abe34;614d439112e6f1ccea50;64a85483f87115653128;76597dc445d9df2ae743;7a9ca4d4d16f4705139f;81087c9bc5a7366ff084;b3e39792f96130f4a0b4;d90096afc3b383fbecb7;df5127c0b752274d452e;eb0a6b505c3ccc9e534d;ed23e4c8ee00516d2110;fa24b39d9c9c2f6142d6,Descriptive same-work co-occurrence only.
Phrase co-occurrence,Same-work phrase pair,chatbot or conversational agent + role-play,19,485,3.9,,,canonical works,all canonical works,multiple response pair; minimum pair count 3,01a746b554d461cb998c;04b48ce4dda567febfa2;06baad752a52246f7f43;15b1e2fee67db58575b7;24ffbec5a9dbce04e0fd;282aa7d3820de53059e9;328dc44eb7208308940c;432422a165ddc6a24c2f;54972cda535948a803e8;594824ec9813877abe34;64a85483f87115653128;73f1b1dee9a19c0ea0af;740cc1ae550411dacecc;af9edf1f4c2a0c11a5eb;ba402925b430558ae1e0;eb0a6b505c3ccc9e534d;ed072d60d05f5e236143;fa24b39d9c9c2f6142d6;fcd1902a5e565b2d2fcc,Descriptive same-work co-occurrence only.
Phrase co-occurrence,Same-work phrase pair,clinical reasoning + decision-making,19,485,3.9,,,canonical works,all canonical works,multiple response pair; minimum pair count 3,0a56637c161743569cf5;1b913a0ed3ab13c6f644;217a1796806e392c3e77;2877ad2c6a928639280a;43800694173ba371af4f;47160b043b610b447eca;592d3957693502aad933;6e7213516f82875618ff;78b358c1b1f53fdbc100;7ab76d429b6539b40243;894f08a5035b3a1872d5;9ba2ceb3ea808e2794a1;a2883a095e505041a802;c13d5a010789f6f44c11;d6b29e9cea0c868cc28e;eb6ba637fab26b824344;f41f37dbb22b9ed8ae7c;f917e0b66cef158b9df0;fb4436cacb550c46d347,Descriptive same-work co-occurrence only.
Phrase co-occurrence,Same-work phrase pair,generative artificial intelligence + debriefing,19,485,3.9,,,canonical works,all canonical works,multiple response pair; minimum pair count 3,0835d7fde9c090ca963c;116dd099707d378fb9a6;24ffbec5a9dbce04e0fd;272439595ff3b96c35f3;3adc77e0b0502fcefcc3;3bb7eee2436c25920c9e;4301913b143d4dcf67c6;5e70fc602d28beb4158b;643ef34d4dd326d5b164;766fde2e997ea8140bd0;7a5ffafc98c031b3684e;7ab76d429b6539b40243;843a6b1f2c79c1bd4273;98459bc57c099322761c;a03df064164f1b54d1d5;b216d2e3bbb753147fd2;eb8b75c75edacbfa547b;f30eee8f6354bfa06744;sci_a09f51bed9668b4f7e21,Descriptive same-work co-occurrence only.
Phrase co-occurrence,Same-work phrase pair,simulated patient + clinical reasoning,19,485,3.9,,,canonical works,all canonical works,multiple response pair; minimum pair count 3,0a56637c161743569cf5;2972cffe675ec25e930c;35ffd2cef7df5e4ea7fc;4823a4ac11c66c68a7d4;50ac103890932b40242c;594d7ce86781a2e8398f;668b98624eeda1089d99;6d85b580a0562cc121d4;71a491a468f6c4c71249;73cb9769cd2180a04bb0;86d7e55b4cfd49b202f0;8db4130844dc8d367d1f;9ba2ceb3ea808e2794a1;9d0e015a74d4a026b092;a32c2fb665f05ef6086f;b3a8d73bf08119c4ce68;ed072d60d05f5e236143;f41f37dbb22b9ed8ae7c;f4631b37b9a1fd57d914,Descriptive same-work co-occurrence only.
Phrase co-occurrence,Same-work phrase pair,standardized patient + objective structured clinical examination,19,485,3.9,,,canonical works,all canonical works,multiple response pair; minimum pair count 3,03345c1deb2aad29820e;0a25081e59bfa2406a89;27940ac9615817e019e3;302dee907e926e18ddba;4b5e1bc310423d1d0555;4fdab8147c5288a598e6;548ca816901c7761f0bf;5aeb6b891099b95aa832;67e2860b474712736027;7713a8c3085fddc6419c;86d7e55b4cfd49b202f0;8ce5650fcd50af3976ab;9b5ff9099d241db5f86a;b4fa4675ffa2674da6e1;b94b9bcb1d96d93db9c0;c837d77a482b4e089619;da4715a1835405ea02b7;ebc2ea10b1b751d8e58c;ed80b78f8297d945224d,Descriptive same-work co-occurrence only.
Phrase co-occurrence,Same-work phrase pair,large language model + automated feedback,18,485,3.7,,,canonical works,all canonical works,multiple response pair; minimum pair count 3,01a746b554d461cb998c;0835d7fde9c090ca963c;0a56637c161743569cf5;18f9eaf414ec69e25aad;19e84bd61f0782eec51c;327767a02786d8ff7a19;35ffd2cef7df5e4ea7fc;594d7ce86781a2e8398f;59ac00c951a84da39213;76a6c8049ee4223224f6;7938acbdb4523b82db58;8094cb5448e9c4e2f371;afc8c786ca5b65ba8c74;bad1f4fb855554cb4aba;ea35181a48e801132195;ed072d60d05f5e236143;ed80b78f8297d945224d;f1b256cdccd6208d0cc8,Descriptive same-work co-occurrence only.
Phrase co-occurrence,Same-work phrase pair,role-play + communication skills,18,485,3.7,,,canonical works,all canonical works,multiple response pair; minimum pair count 3,01a746b554d461cb998c;06baad752a52246f7f43;0835d7fde9c090ca963c;12a5244797e0de4599d0;1b087547ad0e2e8a3fa3;1c073acedd6171c3394d;3a2d4841832fea8715fe;4252b0b43599d37a154a;64a85483f87115653128;668b98624eeda1089d99;81087c9bc5a7366ff084;a9588de788e2402350be;af9edf1f4c2a0c11a5eb;b3e39792f96130f4a0b4;ba402925b430558ae1e0;d90096afc3b383fbecb7;df5127c0b752274d452e;ed072d60d05f5e236143,Descriptive same-work co-occurrence only.
Phrase co-occurrence,Same-work phrase pair,simulated patient + standardized patient,18,485,3.7,,,canonical works,all canonical works,multiple response pair; minimum pair count 3,038dc9e15385ce662149;0a25081e59bfa2406a89;14e96fc7b4c3181fd39b;240393927e83854aac9b;24c93ac0955292251f20;35ffd2cef7df5e4ea7fc;432422a165ddc6a24c2f;548ca816901c7761f0bf;58483951ebaed609e26a;59ac00c951a84da39213;81e99943a71c35f1b5e2;86d7e55b4cfd49b202f0;907d492e03a26ae110b8;98c23d01b9fb23bd43c4;e4987ba5c8f46735e9ff;f41f37dbb22b9ed8ae7c;f4631b37b9a1fd57d914;f4d7fdee2c3cc083329d,Descriptive same-work co-occurrence only.
Phrase co-occurrence,Same-work phrase pair,virtual patient + empathy,18,485,3.7,,,canonical works,all canonical works,multiple response pair; minimum pair count 3,0de698b6ef36192c9365;1b913a0ed3ab13c6f644;1c9542cefba3287a5281;217a1796806e392c3e77;31f58d5793ca1ef590ea;35ffd2cef7df5e4ea7fc;614d439112e6f1ccea50;654de90417901825feeb;758d651bc8d5020199f1;76597dc445d9df2ae743;859f96f4eca259cdb9e8;86f76ce0ac18d03915b2;98c23d01b9fb23bd43c4;adc1485c258278b24c4e;b191e9f77e079eab9ed3;c98aa2499bea62fd3f2a;f5e8d39c518465a0d255;sci_479872e4f60f538cbd03,Descriptive same-work co-occurrence only.
Phrase co-occurrence,Same-work phrase pair,debriefing + assessment or scoring,17,485,3.5,,,canonical works,all canonical works,multiple response pair; minimum pair count 3,0835d7fde9c090ca963c;2366390c9f679e2c90b7;24ffbec5a9dbce04e0fd;5a18de075da6eacf874c;5aa2066f4c78fde5a50b;643ef34d4dd326d5b164;6e7213516f82875618ff;7a5ffafc98c031b3684e;7ab76d429b6539b40243;7f735724143207af94c1;8094cb5448e9c4e2f371;843a6b1f2c79c1bd4273;886368e8c3c194de3abd;b216d2e3bbb753147fd2;d90096afc3b383fbecb7;eb8b75c75edacbfa547b;f917e0b66cef158b9df0,Descriptive same-work co-occurrence only.
Phrase co-occurrence,Same-work phrase pair,objective structured clinical examination + clinical reasoning,17,485,3.5,,,canonical works,all canonical works,multiple response pair; minimum pair count 3,03345c1deb2aad29820e;0c75f057197182777687;4fdab8147c5288a598e6;55c688efa556cdf3a77e;594d7ce86781a2e8398f;67e2860b474712736027;86d7e55b4cfd49b202f0;91738aa3fb8146efb96d;9d0e015a74d4a026b092;b216d2e3bbb753147fd2;b3a8d73bf08119c4ce68;d02cfb250e397dd52db5;da4715a1835405ea02b7;eb664530dc232a9e1750;ed072d60d05f5e236143;ed80b78f8297d945224d;ffe994fbb4a27b100f16,Descriptive same-work co-occurrence only.
Phrase co-occurrence,Same-work phrase pair,virtual patient + nursing education,17,485,3.5,,,canonical works,all canonical works,multiple response pair; minimum pair count 3,0394426a6c4e7afe938e;1df5cdc0b4ba5e34b2ba;3a87ecbc1ceea37e2382;3adc77e0b0502fcefcc3;5dd47cd1855294dcfafd;614d439112e6f1ccea50;669cbda7d16ac3f32155;73cb9769cd2180a04bb0;758d651bc8d5020199f1;766fde2e997ea8140bd0;78b358c1b1f53fdbc100;987d3b654bc3d24dc464;adf94a39c16c36a40d45;bd2cdf16f21f3814f67d;c58a4682ca46d2e66e96;sci_9353c3c154cbf1cd3c54;sci_f2cc5417df9af41a5165,Descriptive same-work co-occurrence only.
Phrase co-occurrence,Same-work phrase pair,communication skills + empathy,16,485,3.3,,,canonical works,all canonical works,multiple response pair; minimum pair count 3,0b386fbba1d6908a565d;0de698b6ef36192c9365;1b913a0ed3ab13c6f644;217a1796806e392c3e77;31f58d5793ca1ef590ea;35ffd2cef7df5e4ea7fc;37bb0c4c182653ebb8f9;4252b0b43599d37a154a;86f76ce0ac18d03915b2;87dd3b9b5e7ef2d3f457;98c23d01b9fb23bd43c4;9d1c14070287793c215b;af9edf1f4c2a0c11a5eb;b191e9f77e079eab9ed3;dcce0a8cef5543c4fec4;f917e0b66cef158b9df0,Descriptive same-work co-occurrence only.
Phrase co-occurrence,Same-work phrase pair,role-play + assessment or scoring,16,485,3.3,,,canonical works,all canonical works,multiple response pair; minimum pair count 3,0835d7fde9c090ca963c;1158803af3fb0ab9c072;12a5244797e0de4599d0;24ffbec5a9dbce04e0fd;282aa7d3820de53059e9;3a2d4841832fea8715fe;54972cda535948a803e8;60f8f44c77f909f61dc3;64a85483f87115653128;740cc1ae550411dacecc;76597dc445d9df2ae743;a9588de788e2402350be;b4fa4675ffa2674da6e1;d90096afc3b383fbecb7;df5127c0b752274d452e;ffe994fbb4a27b100f16,Descriptive same-work co-occurrence only.
Phrase co-occurrence,Same-work phrase pair,automated feedback + medical or health-professions education,15,485,3.1,,,canonical works,all canonical works,multiple response pair; minimum pair count 3,01a746b554d461cb998c;0a56637c161743569cf5;18f9eaf414ec69e25aad;19e84bd61f0782eec51c;31f58d5793ca1ef590ea;37bb0c4c182653ebb8f9;594d7ce86781a2e8398f;59ac00c951a84da39213;6d85b580a0562cc121d4;94bb63aeb68eddb59442;a2883a095e505041a802;b216d2e3bbb753147fd2;bad1f4fb855554cb4aba;ed072d60d05f5e236143;ed80b78f8297d945224d,Descriptive same-work co-occurrence only.
Phrase co-occurrence,Same-work phrase pair,large language model + nursing education,15,485,3.1,,,canonical works,all canonical works,multiple response pair; minimum pair count 3,0394426a6c4e7afe938e;1df5cdc0b4ba5e34b2ba;2610ebe5f560db94c888;4252b0b43599d37a154a;5b995fc6546cbe610568;5dd47cd1855294dcfafd;69f44a30a1f5c09b5e41;73cb9769cd2180a04bb0;758d651bc8d5020199f1;78b358c1b1f53fdbc100;b924bd45d30abb49831e;c301ce506b01b01e6207;c58a4682ca46d2e66e96;fcd1902a5e565b2d2fcc;sci_66be3ed42b9293d2ff9f,Descriptive same-work co-occurrence only.
Phrase co-occurrence,Same-work phrase pair,virtual patient + objective structured clinical examination,15,485,3.1,,,canonical works,all canonical works,multiple response pair; minimum pair count 3,31f58d5793ca1ef590ea;34ea437817489bccb36b;4b7753ecc7bff0d54289;4f796e0ce90dce8d4da8;55c688efa556cdf3a77e;7938acbdb4523b82db58;8ce5650fcd50af3976ab;91738aa3fb8146efb96d;9d0e015a74d4a026b092;b3a8d73bf08119c4ce68;b3e39792f96130f4a0b4;b94b9bcb1d96d93db9c0;c837d77a482b4e089619;da4715a1835405ea02b7;ed80b78f8297d945224d,Descriptive same-work co-occurrence only.
Phrase co-occurrence,Same-work phrase pair,communication skills + decision-making,14,485,2.9,,,canonical works,all canonical works,multiple response pair; minimum pair count 3,03dcc8a1b078476d19e0;1b913a0ed3ab13c6f644;217a1796806e392c3e77;37bb0c4c182653ebb8f9;592d3957693502aad933;598901438bbefd691625;5aa2066f4c78fde5a50b;7442954006aac8fa63fa;7ab76d429b6539b40243;87dd3b9b5e7ef2d3f457;9717d5f24495686aabe2;b3e39792f96130f4a0b4;eb6ba637fab26b824344;f917e0b66cef158b9df0,Descriptive same-work co-occurrence only.
Phrase co-occurrence,Same-work phrase pair,empathy + assessment or scoring,14,485,2.9,,,canonical works,all canonical works,multiple response pair; minimum pair count 3,0a25081e59bfa2406a89;217a1796806e392c3e77;302dee907e926e18ddba;31f58d5793ca1ef590ea;654de90417901825feeb;758d651bc8d5020199f1;76597dc445d9df2ae743;8094cb5448e9c4e2f371;87dd3b9b5e7ef2d3f457;adc1485c258278b24c4e;db80308782a219cbea0e;dcce0a8cef5543c4fec4;ebc2ea10b1b751d8e58c;f917e0b66cef158b9df0,Descriptive same-work co-occurrence only.
Phrase co-occurrence,Same-work phrase pair,large language model + debriefing,14,485,2.9,,,canonical works,all canonical works,multiple response pair; minimum pair count 3,0835d7fde9c090ca963c;26de74e3debea64ac297;272439595ff3b96c35f3;5aa2066f4c78fde5a50b;8094cb5448e9c4e2f371;843a6b1f2c79c1bd4273;886368e8c3c194de3abd;9287cf74b213e44a489d;d11ce96adb05741aef6d;d90096afc3b383fbecb7;e359eafa6af6abbb467d;eb8b75c75edacbfa547b;f30eee8f6354bfa06744;f917e0b66cef158b9df0,Descriptive same-work co-occurrence only.
Phrase co-occurrence,Same-work phrase pair,large language model + retrieval-augmented generation,14,485,2.9,,,canonical works,all canonical works,multiple response pair; minimum pair count 3,35ffd2cef7df5e4ea7fc;415ba4f99eeb473a50c2;44090e715310ee158f37;4b471ab893f0c3845025;539c65e906ee41f3eabf;6f1527fb10827ca1da01;7a269bae27b9f603ddda;8616afb3ca85007ec9d7;ab784e3f29bfc7622997;af881e87f70fad542887;ba1df7c86ec2eeb0e945;c6788113fb3c0b6f7bcf;d977c356ff57ab060fef;df4adbef2a265890959e,Descriptive same-work co-occurrence only.
Phrase co-occurrence,Same-work phrase pair,medical or health-professions education + nursing education,14,485,2.9,,,canonical works,all canonical works,multiple response pair; minimum pair count 3,1df5cdc0b4ba5e34b2ba;4252b0b43599d37a154a;43f6ad0fa6f4597d56fc;73cb9769cd2180a04bb0;766fde2e997ea8140bd0;78b358c1b1f53fdbc100;8f2528d2ba0e05485210;94bb63aeb68eddb59442;9eabda9ff317373c18d3;adf94a39c16c36a40d45;af9edf1f4c2a0c11a5eb;cb97375c66ea36d11d94;sci_49f3e83303945c5d95da;sci_9353c3c154cbf1cd3c54,Descriptive same-work co-occurrence only.
Phrase co-occurrence,Same-work phrase pair,objective structured clinical examination + communication skills,14,485,2.9,,,canonical works,all canonical works,multiple response pair; minimum pair count 3,03345c1deb2aad29820e;03dcc8a1b078476d19e0;1c5402a057ba8f451244;31f58d5793ca1ef590ea;425ec6ee2ca714b7434a;44090e715310ee158f37;4f796e0ce90dce8d4da8;594d7ce86781a2e8398f;86d7e55b4cfd49b202f0;8fa1ae6b843e2388520d;b3a8d73bf08119c4ce68;b3e39792f96130f4a0b4;dcce0a8cef5543c4fec4;ed072d60d05f5e236143,Descriptive same-work co-occurrence only.
Phrase co-occurrence,Same-work phrase pair,simulated patient + objective structured clinical examination,14,485,2.9,,,canonical works,all canonical works,multiple response pair; minimum pair count 3,0a25081e59bfa2406a89;1c5402a057ba8f451244;296fc2ba93325a6b3ed0;34ea437817489bccb36b;4f796e0ce90dce8d4da8;548ca816901c7761f0bf;594d7ce86781a2e8398f;7938acbdb4523b82db58;86d7e55b4cfd49b202f0;8fa1ae6b843e2388520d;9d0e015a74d4a026b092;b3a8d73bf08119c4ce68;dcce0a8cef5543c4fec4;ed072d60d05f5e236143,Descriptive same-work co-occurrence only.
Phrase co-occurrence,Same-work phrase pair,simulated patient + role-play,14,485,2.9,,,canonical works,all canonical works,multiple response pair; minimum pair count 3,01a746b554d461cb998c;03e1a6632b830e0512c9;04b48ce4dda567febfa2;282aa7d3820de53059e9;432422a165ddc6a24c2f;54972cda535948a803e8;60f8f44c77f909f61dc3;668b98624eeda1089d99;81e99943a71c35f1b5e2;ba402925b430558ae1e0;df5127c0b752274d452e;ed072d60d05f5e236143;fcd1902a5e565b2d2fcc;sci_93a452609f10d60e9d33,Descriptive same-work co-occurrence only.
Phrase co-occurrence,Same-work phrase pair,standardized patient + empathy,14,485,2.9,,,canonical works,all canonical works,multiple response pair; minimum pair count 3,0a25081e59bfa2406a89;2a63460a75ff944e1d44;302dee907e926e18ddba;35ffd2cef7df5e4ea7fc;72c30900482428bf1e49;76597dc445d9df2ae743;86f76ce0ac18d03915b2;87dd3b9b5e7ef2d3f457;906c1e2afc9ab8dc6794;98c23d01b9fb23bd43c4;b191e9f77e079eab9ed3;eb6afac746ee34d7a37f;ebc2ea10b1b751d8e58c;f917e0b66cef158b9df0,Descriptive same-work co-occurrence only.
Phrase co-occurrence,Same-work phrase pair,virtual reality + communication skills,14,485,2.9,,,canonical works,all canonical works,multiple response pair; minimum pair count 3,0394426a6c4e7afe938e;03dcc8a1b078476d19e0;0b1e929029c5b43c5beb;1557e783fc8af1e8fdd6;217a1796806e392c3e77;35ffd2cef7df5e4ea7fc;5aa2066f4c78fde5a50b;64a85483f87115653128;73cb9769cd2180a04bb0;7ab76d429b6539b40243;8db4130844dc8d367d1f;8f2528d2ba0e05485210;a4d746b41f7f88ceb127;b191e9f77e079eab9ed3,Descriptive same-work co-occurrence only.
Phrase co-occurrence,Same-work phrase pair,virtual reality + nursing education,14,485,2.9,,,canonical works,all canonical works,multiple response pair; minimum pair count 3,0394426a6c4e7afe938e;03dcc8a1b078476d19e0;0b1e929029c5b43c5beb;3adc77e0b0502fcefcc3;58a5647e55ff3ae5746e;73cb9769cd2180a04bb0;758d651bc8d5020199f1;7a5ffafc98c031b3684e;7ab76d429b6539b40243;8f2528d2ba0e05485210;902be756a877af6118c0;906c1e2afc9ab8dc6794;c301ce506b01b01e6207;sci_f2cc5417df9af41a5165,Descriptive same-work co-occurrence only.
Phrase co-occurrence,Same-work phrase pair,nursing education + communication skills,13,485,2.7,,,canonical works,all canonical works,multiple response pair; minimum pair count 3,0394426a6c4e7afe938e;03dcc8a1b078476d19e0;0b1e929029c5b43c5beb;3a87ecbc1ceea37e2382;4252b0b43599d37a154a;73cb9769cd2180a04bb0;7ab76d429b6539b40243;8f2528d2ba0e05485210;af9edf1f4c2a0c11a5eb;bd2cdf16f21f3814f67d;e4caff2128dfb4f4ac0c;sci_333316fb42bc0b910010;sci_a90d053bc1db526acda9,Descriptive same-work co-occurrence only.
Phrase co-occurrence,Same-work phrase pair,automated feedback + assessment or scoring,12,485,2.5,,,canonical works,all canonical works,multiple response pair; minimum pair count 3,0835d7fde9c090ca963c;19e84bd61f0782eec51c;31f58d5793ca1ef590ea;6d85b580a0562cc121d4;8094cb5448e9c4e2f371;94bb63aeb68eddb59442;afc8c786ca5b65ba8c74;b216d2e3bbb753147fd2;bad1f4fb855554cb4aba;ea35181a48e801132195;ed80b78f8297d945224d;f1b256cdccd6208d0cc8,Descriptive same-work co-occurrence only.
Phrase co-occurrence,Same-work phrase pair,automated feedback + communication skills,12,485,2.5,,,canonical works,all canonical works,multiple response pair; minimum pair count 3,01a746b554d461cb998c;0835d7fde9c090ca963c;18f9eaf414ec69e25aad;31f58d5793ca1ef590ea;327767a02786d8ff7a19;35ffd2cef7df5e4ea7fc;37bb0c4c182653ebb8f9;594d7ce86781a2e8398f;76a6c8049ee4223224f6;afc8c786ca5b65ba8c74;bad1f4fb855554cb4aba;ed072d60d05f5e236143,Descriptive same-work co-occurrence only.
Phrase co-occurrence,Same-work phrase pair,chatbot or conversational agent + standardized patient,12,485,2.5,,,canonical works,all canonical works,multiple response pair; minimum pair count 3,03345c1deb2aad29820e;0394426a6c4e7afe938e;0a25081e59bfa2406a89;14e96fc7b4c3181fd39b;18f9eaf414ec69e25aad;432422a165ddc6a24c2f;582bc7c400fa7acf214f;64d8153970a657aa23b0;72c30900482428bf1e49;8ad0258644c0c312a7d8;e4987ba5c8f46735e9ff;sci_19c7e7b5094b7aa538d4,Descriptive same-work co-occurrence only.
Phrase co-occurrence,Same-work phrase pair,generative artificial intelligence + automated feedback,12,485,2.5,,,canonical works,all canonical works,multiple response pair; minimum pair count 3,0835d7fde9c090ca963c;19e84bd61f0782eec51c;31f58d5793ca1ef590ea;37bb0c4c182653ebb8f9;59ac00c951a84da39213;6d85b580a0562cc121d4;94bb63aeb68eddb59442;a2883a095e505041a802;afc8c786ca5b65ba8c74;b216d2e3bbb753147fd2;e5e611fc18a4d66128d9;ed072d60d05f5e236143,Descriptive same-work co-occurrence only.
Phrase co-occurrence,Same-work phrase pair,simulated patient + automated feedback,12,485,2.5,,,canonical works,all canonical works,multiple response pair; minimum pair count 3,01a746b554d461cb998c;0a56637c161743569cf5;35ffd2cef7df5e4ea7fc;37bb0c4c182653ebb8f9;594d7ce86781a2e8398f;59ac00c951a84da39213;6d85b580a0562cc121d4;7938acbdb4523b82db58;8094cb5448e9c4e2f371;afc8c786ca5b65ba8c74;ea35181a48e801132195;ed072d60d05f5e236143,Descriptive same-work co-occurrence only.
Phrase co-occurrence,Same-work phrase pair,standardized patient + role-play,12,485,2.5,,,canonical works,all canonical works,multiple response pair; minimum pair count 3,0835d7fde9c090ca963c;1158803af3fb0ab9c072;1c073acedd6171c3394d;3a2d4841832fea8715fe;432422a165ddc6a24c2f;76597dc445d9df2ae743;7a9ca4d4d16f4705139f;81087c9bc5a7366ff084;81e99943a71c35f1b5e2;906c1e2afc9ab8dc6794;b4fa4675ffa2674da6e1;d90096afc3b383fbecb7,Descriptive same-work co-occurrence only.
Phrase co-occurrence,Same-work phrase pair,virtual patient + automated feedback,12,485,2.5,,,canonical works,all canonical works,multiple response pair; minimum pair count 3,01a746b554d461cb998c;0835d7fde9c090ca963c;19e84bd61f0782eec51c;31f58d5793ca1ef590ea;35ffd2cef7df5e4ea7fc;59ac00c951a84da39213;76a6c8049ee4223224f6;7938acbdb4523b82db58;a2883a095e505041a802;afc8c786ca5b65ba8c74;ea35181a48e801132195;ed80b78f8297d945224d,Descriptive same-work co-occurrence only.
Phrase co-occurrence,Same-work phrase pair,virtual patient + dental education,12,485,2.5,,,canonical works,all canonical works,multiple response pair; minimum pair count 3,401238697481e3dbe32e;4c4dc7fcefb1e9f3abdf;5da1c6c1e35204ff7f9d;78b358c1b1f53fdbc100;81087c9bc5a7366ff084;8ad0258644c0c312a7d8;b2f1db675b2599e354ab;b3a8d73bf08119c4ce68;b3e39792f96130f4a0b4;e73b99fafd0009a6e927;eb0a6b505c3ccc9e534d;fa24b39d9c9c2f6142d6,Descriptive same-work co-occurrence only.
Phrase co-occurrence,Same-work phrase pair,large language model + augmented or extended reality,11,485,2.3,,,canonical works,all canonical works,multiple response pair; minimum pair count 3,0394426a6c4e7afe938e;359e1289e1f098bb36e2;37a099d4d3aa15cafaa9;4fed0ae03cd7415c40f4;54972cda535948a803e8;64a85483f87115653128;9287cf74b213e44a489d;a4d746b41f7f88ceb127;b53bf33d223a68f17e8c;caf55d1c5f0358791a96;d2f64f874b70a189b145,Descriptive same-work co-occurrence only.
Phrase co-occurrence,Same-work phrase pair,nursing education + clinical reasoning,11,485,2.3,,,canonical works,all canonical works,multiple response pair; minimum pair count 3,0394426a6c4e7afe938e;5dd47cd1855294dcfafd;643ef34d4dd326d5b164;73cb9769cd2180a04bb0;78b358c1b1f53fdbc100;7a5ffafc98c031b3684e;7ab76d429b6539b40243;94ed3a0dbe4657397dc4;c13d5a010789f6f44c11;e82a026a5524b0d4f0d3;sci_333316fb42bc0b910010,Descriptive same-work co-occurrence only.
Phrase co-occurrence,Same-work phrase pair,chatbot or conversational agent + nursing education,10,485,2.1,,,canonical works,all canonical works,multiple response pair; minimum pair count 3,0394426a6c4e7afe938e;43f6ad0fa6f4597d56fc;4781da10664bc6a33ebc;60653c070afcf8848788;73cb9769cd2180a04bb0;af9edf1f4c2a0c11a5eb;b924bd45d30abb49831e;bd2cdf16f21f3814f67d;fcd1902a5e565b2d2fcc;sci_a90d053bc1db526acda9,Descriptive same-work co-occurrence only.
Phrase co-occurrence,Same-work phrase pair,chatbot or conversational agent + virtual reality,10,485,2.1,,,canonical works,all canonical works,multiple response pair; minimum pair count 3,0394426a6c4e7afe938e;0aad164402f8e4deea3b;30b04ea7e17c283383c8;416753b67d9e900455c8;5245cf325337d81e78ff;64a85483f87115653128;713e417da7d85579b2d1;73cb9769cd2180a04bb0;9287cf74b213e44a489d;fa24b39d9c9c2f6142d6,Descriptive same-work co-occurrence only.
Phrase co-occurrence,Same-work phrase pair,generative artificial intelligence + dental education,10,485,2.1,,,canonical works,all canonical works,multiple response pair; minimum pair count 3,3aba8ba7976a49acd0ac;401238697481e3dbe32e;78868accc1f86fb42dce;78b358c1b1f53fdbc100;81087c9bc5a7366ff084;8ad0258644c0c312a7d8;b2f1db675b2599e354ab;eb0a6b505c3ccc9e534d;ed38fd3a7de3cb77f8a6;fa24b39d9c9c2f6142d6,Descriptive same-work co-occurrence only.
Phrase co-occurrence,Same-work phrase pair,medical or health-professions education + dental education,10,485,2.1,,,canonical works,all canonical works,multiple response pair; minimum pair count 3,4c4dc7fcefb1e9f3abdf;78b358c1b1f53fdbc100;81087c9bc5a7366ff084;b2f1db675b2599e354ab;b3e39792f96130f4a0b4;ba402925b430558ae1e0;e73b99fafd0009a6e927;eb0a6b505c3ccc9e534d;ed38fd3a7de3cb77f8a6;fa24b39d9c9c2f6142d6,Descriptive same-work co-occurrence only.
Phrase co-occurrence,Same-work phrase pair,nursing education + decision-making,10,485,2.1,,,canonical works,all canonical works,multiple response pair; minimum pair count 3,03dcc8a1b078476d19e0;2610ebe5f560db94c888;43f6ad0fa6f4597d56fc;4781da10664bc6a33ebc;758d651bc8d5020199f1;766fde2e997ea8140bd0;78b358c1b1f53fdbc100;7ab76d429b6539b40243;c13d5a010789f6f44c11;cb97375c66ea36d11d94,Descriptive same-work co-occurrence only.
Phrase co-occurrence,Same-work phrase pair,simulated patient + empathy,10,485,2.1,,,canonical works,all canonical works,multiple response pair; minimum pair count 3,0a25081e59bfa2406a89;0b386fbba1d6908a565d;0de698b6ef36192c9365;35ffd2cef7df5e4ea7fc;37bb0c4c182653ebb8f9;8094cb5448e9c4e2f371;98c23d01b9fb23bd43c4;dcce0a8cef5543c4fec4;f5e8d39c518465a0d255;sci_93a452609f10d60e9d33,Descriptive same-work co-occurrence only.
Phrase co-occurrence,Same-work phrase pair,standardized patient + decision-making,10,485,2.1,,,canonical works,all canonical works,multiple response pair; minimum pair count 3,432422a165ddc6a24c2f;59ac00c951a84da39213;5da1c6c1e35204ff7f9d;6e7213516f82875618ff;766fde2e997ea8140bd0;7ab76d429b6539b40243;87dd3b9b5e7ef2d3f457;9717d5f24495686aabe2;f41f37dbb22b9ed8ae7c;f917e0b66cef158b9df0,Descriptive same-work co-occurrence only.
Phrase co-occurrence,Same-work phrase pair,virtual reality + augmented or extended reality,10,485,2.1,,,canonical works,all canonical works,multiple response pair; minimum pair count 3,0394426a6c4e7afe938e;359e1289e1f098bb36e2;588316012a3f2d9b790a;64a85483f87115653128;9287cf74b213e44a489d;a4d746b41f7f88ceb127;b53bf33d223a68f17e8c;e3ee954b5290b4f74f0b;eb664530dc232a9e1750;sci_a09f51bed9668b4f7e21,Descriptive same-work co-occurrence only.
Phrase co-occurrence,Same-work phrase pair,chatbot or conversational agent + clinical reasoning,9,485,1.9,,,canonical works,all canonical works,multiple response pair; minimum pair count 3,03345c1deb2aad29820e;0394426a6c4e7afe938e;594d7ce86781a2e8398f;6457c6be7c6ba150ede6;73cb9769cd2180a04bb0;a32c2fb665f05ef6086f;b3a8d73bf08119c4ce68;ed072d60d05f5e236143;ff3b7f48f6f586cf90b7,Descriptive same-work co-occurrence only.
Phrase co-occurrence,Same-work phrase pair,debriefing + medical or health-professions education,9,485,1.9,,,canonical works,all canonical works,multiple response pair; minimum pair count 3,116dd099707d378fb9a6;4301913b143d4dcf67c6;4c4dc7fcefb1e9f3abdf;766fde2e997ea8140bd0;7f735724143207af94c1;a03df064164f1b54d1d5;b216d2e3bbb753147fd2;d90096afc3b383fbecb7;eb8b75c75edacbfa547b,Descriptive same-work co-occurrence only.
Phrase co-occurrence,Same-work phrase pair,decision-making + empathy,9,485,1.9,,,canonical works,all canonical works,multiple response pair; minimum pair count 3,1b913a0ed3ab13c6f644;217a1796806e392c3e77;37bb0c4c182653ebb8f9;5d6128771afb1cccb251;758d651bc8d5020199f1;7d5cb710e5a6901bbaaa;87dd3b9b5e7ef2d3f457;c13d5a010789f6f44c11;f917e0b66cef158b9df0,Descriptive same-work co-occurrence only.
Phrase co-occurrence,Same-work phrase pair,large language model + dental education,9,485,1.9,,,canonical works,all canonical works,multiple response pair; minimum pair count 3,5da1c6c1e35204ff7f9d;78868accc1f86fb42dce;78b358c1b1f53fdbc100;81087c9bc5a7366ff084;8ad0258644c0c312a7d8;b3a8d73bf08119c4ce68;ba402925b430558ae1e0;eb0a6b505c3ccc9e534d;sci_454fe3ad37947557e9a6,Descriptive same-work co-occurrence only.
Phrase co-occurrence,Same-work phrase pair,large language model + surgical education,9,485,1.9,,,canonical works,all canonical works,multiple response pair; minimum pair count 3,2f08c4b2b3acc1eaa9d5;5116aab375eedc896bfd;79301031755b16db8fe6;843a6b1f2c79c1bd4273;8616afb3ca85007ec9d7;b53bf33d223a68f17e8c;ba93136b38c9a66d059f;c6788113fb3c0b6f7bcf;f2be4ac5256845407914,Descriptive same-work co-occurrence only.
Phrase co-occurrence,Same-work phrase pair,retrieval-augmented generation + virtual patient,9,485,1.9,,,canonical works,all canonical works,multiple response pair; minimum pair count 3,35ffd2cef7df5e4ea7fc;415ba4f99eeb473a50c2;539c65e906ee41f3eabf;5b356113a239c62ba5ac;6f1527fb10827ca1da01;7a269bae27b9f603ddda;987d3b654bc3d24dc464;af881e87f70fad542887;d977c356ff57ab060fef,Descriptive same-work co-occurrence only.
Phrase co-occurrence,Same-work phrase pair,virtual reality + clinical reasoning,9,485,1.9,,,canonical works,all canonical works,multiple response pair; minimum pair count 3,0394426a6c4e7afe938e;217a1796806e392c3e77;32c1dcd0212f833ee125;35ffd2cef7df5e4ea7fc;73cb9769cd2180a04bb0;7a5ffafc98c031b3684e;7ab76d429b6539b40243;8db4130844dc8d367d1f;eb664530dc232a9e1750,Descriptive same-work co-occurrence only.
Phrase co-occurrence,Same-work phrase pair,automated feedback + clinical reasoning,8,485,1.6,,,canonical works,all canonical works,multiple response pair; minimum pair count 3,0a56637c161743569cf5;35ffd2cef7df5e4ea7fc;594d7ce86781a2e8398f;6d85b580a0562cc121d4;a2883a095e505041a802;b216d2e3bbb753147fd2;ed072d60d05f5e236143;ed80b78f8297d945224d,Descriptive same-work co-occurrence only.
Phrase co-occurrence,Same-work phrase pair,chatbot or conversational agent + automated feedback,8,485,1.6,,,canonical works,all canonical works,multiple response pair; minimum pair count 3,01a746b554d461cb998c;18f9eaf414ec69e25aad;31f58d5793ca1ef590ea;37bb0c4c182653ebb8f9;594d7ce86781a2e8398f;afc8c786ca5b65ba8c74;ea35181a48e801132195;ed072d60d05f5e236143,Descriptive same-work co-occurrence only.
Phrase co-occurrence,Same-work phrase pair,chatbot or conversational agent + decision-making,8,485,1.6,,,canonical works,all canonical works,multiple response pair; minimum pair count 3,24ffbec5a9dbce04e0fd;37bb0c4c182653ebb8f9;432422a165ddc6a24c2f;43f6ad0fa6f4597d56fc;4781da10664bc6a33ebc;b4ed643f7430dbf0ccb9;e9d6ceded269a04cde99;f30eee8f6354bfa06744,Descriptive same-work co-occurrence only.
Phrase co-occurrence,Same-work phrase pair,clinical reasoning + empathy,8,485,1.6,,,canonical works,all canonical works,multiple response pair; minimum pair count 3,1b913a0ed3ab13c6f644;217a1796806e392c3e77;2a63460a75ff944e1d44;35ffd2cef7df5e4ea7fc;3aba8ba7976a49acd0ac;86f76ce0ac18d03915b2;c13d5a010789f6f44c11;f917e0b66cef158b9df0,Descriptive same-work co-occurrence only.
Phrase co-occurrence,Same-work phrase pair,debriefing + decision-making,8,485,1.6,,,canonical works,all canonical works,multiple response pair; minimum pair count 3,24ffbec5a9dbce04e0fd;5aa2066f4c78fde5a50b;6e7213516f82875618ff;766fde2e997ea8140bd0;7ab76d429b6539b40243;98459bc57c099322761c;f30eee8f6354bfa06744;f917e0b66cef158b9df0,Descriptive same-work co-occurrence only.
Phrase co-occurrence,Same-work phrase pair,decision-making + teamwork,8,485,1.6,,,canonical works,all canonical works,multiple response pair; minimum pair count 3,088f42aecd2674d3dbe5;1b913a0ed3ab13c6f644;43f6ad0fa6f4597d56fc;5aa2066f4c78fde5a50b;5d6128771afb1cccb251;6e7213516f82875618ff;a2fb845a99fa4f6e080c;e9d6ceded269a04cde99,Descriptive same-work co-occurrence only.
Phrase co-occurrence,Same-work phrase pair,simulated patient + decision-making,8,485,1.6,,,canonical works,all canonical works,multiple response pair; minimum pair count 3,0a56637c161743569cf5;0b1b0febb2293831bcc0;37bb0c4c182653ebb8f9;432422a165ddc6a24c2f;59ac00c951a84da39213;9ba2ceb3ea808e2794a1;d977c356ff57ab060fef;f41f37dbb22b9ed8ae7c,Descriptive same-work co-occurrence only.
Phrase co-occurrence,Same-work phrase pair,standardized patient + automated feedback,8,485,1.6,,,canonical works,all canonical works,multiple response pair; minimum pair count 3,0835d7fde9c090ca963c;18f9eaf414ec69e25aad;19e84bd61f0782eec51c;327767a02786d8ff7a19;35ffd2cef7df5e4ea7fc;59ac00c951a84da39213;76a6c8049ee4223224f6;ed80b78f8297d945224d,Descriptive same-work co-occurrence only.
Phrase co-occurrence,Same-work phrase pair,virtual reality + decision-making,8,485,1.6,,,canonical works,all canonical works,multiple response pair; minimum pair count 3,03dcc8a1b078476d19e0;217a1796806e392c3e77;359e1289e1f098bb36e2;5aa2066f4c78fde5a50b;5da1c6c1e35204ff7f9d;758d651bc8d5020199f1;7ab76d429b6539b40243;de583e684ddd0364a161,Descriptive same-work co-occurrence only.
Phrase co-occurrence,Same-work phrase pair,chatbot or conversational agent + objective structured clinical examination,7,485,1.4,,,canonical works,all canonical works,multiple response pair; minimum pair count 3,03345c1deb2aad29820e;0a25081e59bfa2406a89;15b1e2fee67db58575b7;31f58d5793ca1ef590ea;594d7ce86781a2e8398f;b3a8d73bf08119c4ce68;ed072d60d05f5e236143,Descriptive same-work co-occurrence only.
Phrase co-occurrence,Same-work phrase pair,debriefing + clinical reasoning,7,485,1.4,,,canonical works,all canonical works,multiple response pair; minimum pair count 3,643ef34d4dd326d5b164;6e7213516f82875618ff;7a5ffafc98c031b3684e;7ab76d429b6539b40243;b216d2e3bbb753147fd2;e82a026a5524b0d4f0d3;f917e0b66cef158b9df0,Descriptive same-work co-occurrence only.
Phrase co-occurrence,Same-work phrase pair,debriefing + communication skills,7,485,1.4,,,canonical works,all canonical works,multiple response pair; minimum pair count 3,0835d7fde9c090ca963c;116dd099707d378fb9a6;5aa2066f4c78fde5a50b;7ab76d429b6539b40243;d90096afc3b383fbecb7;e359eafa6af6abbb467d;f917e0b66cef158b9df0,Descriptive same-work co-occurrence only.
Phrase co-occurrence,Same-work phrase pair,debriefing + nursing education,7,485,1.4,,,canonical works,all canonical works,multiple response pair; minimum pair count 3,3adc77e0b0502fcefcc3;3bb7eee2436c25920c9e;643ef34d4dd326d5b164;766fde2e997ea8140bd0;7a5ffafc98c031b3684e;7ab76d429b6539b40243;e82a026a5524b0d4f0d3,Descriptive same-work co-occurrence only.
Phrase co-occurrence,Same-work phrase pair,generative artificial intelligence + augmented or extended reality,7,485,1.4,,,canonical works,all canonical works,multiple response pair; minimum pair count 3,0394426a6c4e7afe938e;598901438bbefd691625;64a85483f87115653128;e3ee954b5290b4f74f0b;e9d6ceded269a04cde99;eb664530dc232a9e1750;sci_a09f51bed9668b4f7e21,Descriptive same-work co-occurrence only.
Phrase co-occurrence,Same-work phrase pair,nursing education + empathy,7,485,1.4,,,canonical works,all canonical works,multiple response pair; minimum pair count 3,4252b0b43599d37a154a;614d439112e6f1ccea50;6a18d985481870e99d72;758d651bc8d5020199f1;906c1e2afc9ab8dc6794;af9edf1f4c2a0c11a5eb;c13d5a010789f6f44c11,Descriptive same-work co-occurrence only.
Phrase co-occurrence,Same-work phrase pair,objective structured clinical examination + automated feedback,7,485,1.4,,,canonical works,all canonical works,multiple response pair; minimum pair count 3,31f58d5793ca1ef590ea;594d7ce86781a2e8398f;7938acbdb4523b82db58;b216d2e3bbb753147fd2;ed072d60d05f5e236143;ed80b78f8297d945224d;f1b256cdccd6208d0cc8,Descriptive same-work co-occurrence only.
Phrase co-occurrence,Same-work phrase pair,retrieval-augmented generation + medical or health-professions education,7,485,1.4,,,canonical works,all canonical works,multiple response pair; minimum pair count 3,415ba4f99eeb473a50c2;44090e715310ee158f37;539c65e906ee41f3eabf;5b356113a239c62ba5ac;7a269bae27b9f603ddda;ba1df7c86ec2eeb0e945;d977c356ff57ab060fef,Descriptive same-work co-occurrence only.
Phrase co-occurrence,Same-work phrase pair,role-play + empathy,7,485,1.4,,,canonical works,all canonical works,multiple response pair; minimum pair count 3,4252b0b43599d37a154a;614d439112e6f1ccea50;76597dc445d9df2ae743;906c1e2afc9ab8dc6794;af9edf1f4c2a0c11a5eb;c8c9e4c672bea3a6d994;sci_93a452609f10d60e9d33,Descriptive same-work co-occurrence only.
Phrase co-occurrence,Same-work phrase pair,standardized patient + nursing education,7,485,1.4,,,canonical works,all canonical works,multiple response pair; minimum pair count 3,0394426a6c4e7afe938e;3a87ecbc1ceea37e2382;766fde2e997ea8140bd0;7713a8c3085fddc6419c;7ab76d429b6539b40243;906c1e2afc9ab8dc6794;f6df2d018d41c258414a,Descriptive same-work co-occurrence only.
Phrase co-occurrence,Same-work phrase pair,standardized patient + virtual reality,7,485,1.4,,,canonical works,all canonical works,multiple response pair; minimum pair count 3,0394426a6c4e7afe938e;35ffd2cef7df5e4ea7fc;5da1c6c1e35204ff7f9d;7ab76d429b6539b40243;906c1e2afc9ab8dc6794;b191e9f77e079eab9ed3;sci_829c4bcf5b773dba44a2,Descriptive same-work co-occurrence only.
Phrase co-occurrence,Same-work phrase pair,virtual patient + debriefing,7,485,1.4,,,canonical works,all canonical works,multiple response pair; minimum pair count 3,0835d7fde9c090ca963c;116dd099707d378fb9a6;3adc77e0b0502fcefcc3;4c4dc7fcefb1e9f3abdf;6e7213516f82875618ff;766fde2e997ea8140bd0;d90096afc3b383fbecb7,Descriptive same-work co-occurrence only.
Phrase co-occurrence,Same-work phrase pair,augmented or extended reality + assessment or scoring,6,485,1.2,,,canonical works,all canonical works,multiple response pair; minimum pair count 3,54972cda535948a803e8;588316012a3f2d9b790a;64a85483f87115653128;b53bf33d223a68f17e8c;caf55d1c5f0358791a96;eb664530dc232a9e1750,Descriptive same-work co-occurrence only.
Phrase co-occurrence,Same-work phrase pair,chatbot or conversational agent + augmented or extended reality,6,485,1.2,,,canonical works,all canonical works,multiple response pair; minimum pair count 3,0394426a6c4e7afe938e;37a099d4d3aa15cafaa9;54972cda535948a803e8;64a85483f87115653128;9287cf74b213e44a489d;e9d6ceded269a04cde99,Descriptive same-work co-occurrence only.
Phrase co-occurrence,Same-work phrase pair,chatbot or conversational agent + dental education,6,485,1.2,,,canonical works,all canonical works,multiple response pair; minimum pair count 3,8ad0258644c0c312a7d8;b2f1db675b2599e354ab;b3a8d73bf08119c4ce68;ba402925b430558ae1e0;eb0a6b505c3ccc9e534d;fa24b39d9c9c2f6142d6,Descriptive same-work co-occurrence only.
Phrase co-occurrence,Same-work phrase pair,chatbot or conversational agent + empathy,6,485,1.2,,,canonical works,all canonical works,multiple response pair; minimum pair count 3,0a25081e59bfa2406a89;0b386fbba1d6908a565d;31f58d5793ca1ef590ea;37bb0c4c182653ebb8f9;72c30900482428bf1e49;af9edf1f4c2a0c11a5eb,Descriptive same-work co-occurrence only.
Phrase co-occurrence,Same-work phrase pair,large language model + teamwork,6,485,1.2,,,canonical works,all canonical works,multiple response pair; minimum pair count 3,088f42aecd2674d3dbe5;272439595ff3b96c35f3;5aa2066f4c78fde5a50b;5d6128771afb1cccb251;b608f772e32f2dbbff5e;d11ce96adb05741aef6d,Descriptive same-work co-occurrence only.
Phrase co-occurrence,Same-work phrase pair,objective structured clinical examination + role-play,6,485,1.2,,,canonical works,all canonical works,multiple response pair; minimum pair count 3,15b1e2fee67db58575b7;243562012607f7033171;b3e39792f96130f4a0b4;b4fa4675ffa2674da6e1;ed072d60d05f5e236143;ffe994fbb4a27b100f16,Descriptive same-work co-occurrence only.
Phrase co-occurrence,Same-work phrase pair,role-play + nursing education,6,485,1.2,,,canonical works,all canonical works,multiple response pair; minimum pair count 3,4252b0b43599d37a154a;45e7ea1fbbde53125fd7;614d439112e6f1ccea50;906c1e2afc9ab8dc6794;af9edf1f4c2a0c11a5eb;fcd1902a5e565b2d2fcc,Descriptive same-work co-occurrence only.
Phrase co-occurrence,Same-work phrase pair,simulated patient + virtual reality,6,485,1.2,,,canonical works,all canonical works,multiple response pair; minimum pair count 3,35ffd2cef7df5e4ea7fc;58a5647e55ff3ae5746e;73cb9769cd2180a04bb0;7938acbdb4523b82db58;8db4130844dc8d367d1f;sci_0deb435b497fb81c6d22,Descriptive same-work co-occurrence only.
Phrase co-occurrence,Same-work phrase pair,standardized patient + debriefing,6,485,1.2,,,canonical works,all canonical works,multiple response pair; minimum pair count 3,0835d7fde9c090ca963c;6e7213516f82875618ff;766fde2e997ea8140bd0;7ab76d429b6539b40243;d90096afc3b383fbecb7;f917e0b66cef158b9df0,Descriptive same-work co-occurrence only.
Phrase co-occurrence,Same-work phrase pair,surgical education + assessment or scoring,6,485,1.2,,,canonical works,all canonical works,multiple response pair; minimum pair count 3,2f08c4b2b3acc1eaa9d5;501d19c3bd3160083e8a;7791c8951d81b4aa0b71;843a6b1f2c79c1bd4273;b53bf33d223a68f17e8c;f2be4ac5256845407914,Descriptive same-work co-occurrence only.
Phrase co-occurrence,Same-work phrase pair,virtual reality + debriefing,6,485,1.2,,,canonical works,all canonical works,multiple response pair; minimum pair count 3,3adc77e0b0502fcefcc3;5aa2066f4c78fde5a50b;7a5ffafc98c031b3684e;7ab76d429b6539b40243;9287cf74b213e44a489d;sci_a09f51bed9668b4f7e21,Descriptive same-work co-occurrence only.
Phrase co-occurrence,Same-work phrase pair,virtual reality + empathy,6,485,1.2,,,canonical works,all canonical works,multiple response pair; minimum pair count 3,1c9542cefba3287a5281;217a1796806e392c3e77;35ffd2cef7df5e4ea7fc;758d651bc8d5020199f1;906c1e2afc9ab8dc6794;b191e9f77e079eab9ed3,Descriptive same-work co-occurrence only.
Phrase co-occurrence,Same-work phrase pair,augmented or extended reality + medical or health-professions education,5,485,1.0,,,canonical works,all canonical works,multiple response pair; minimum pair count 3,359e1289e1f098bb36e2;588316012a3f2d9b790a;a4d746b41f7f88ceb127;d2f64f874b70a189b145;e3ee954b5290b4f74f0b,Descriptive same-work co-occurrence only.
Phrase co-occurrence,Same-work phrase pair,automated feedback + empathy,5,485,1.0,,,canonical works,all canonical works,multiple response pair; minimum pair count 3,31f58d5793ca1ef590ea;35ffd2cef7df5e4ea7fc;37bb0c4c182653ebb8f9;8094cb5448e9c4e2f371;c8c9e4c672bea3a6d994,Descriptive same-work co-occurrence only.
Phrase co-occurrence,Same-work phrase pair,debriefing + teamwork,5,485,1.0,,,canonical works,all canonical works,multiple response pair; minimum pair count 3,272439595ff3b96c35f3;5aa2066f4c78fde5a50b;6e7213516f82875618ff;7f735724143207af94c1;d11ce96adb05741aef6d,Descriptive same-work co-occurrence only.
Phrase co-occurrence,Same-work phrase pair,dental education + communication skills,5,485,1.0,,,canonical works,all canonical works,multiple response pair; minimum pair count 3,81087c9bc5a7366ff084;8ad0258644c0c312a7d8;b3a8d73bf08119c4ce68;b3e39792f96130f4a0b4;ba402925b430558ae1e0,Descriptive same-work co-occurrence only.
Phrase co-occurrence,Same-work phrase pair,generative artificial intelligence + surgical education,5,485,1.0,,,canonical works,all canonical works,multiple response pair; minimum pair count 3,501d19c3bd3160083e8a;5116aab375eedc896bfd;7791c8951d81b4aa0b71;79301031755b16db8fe6;843a6b1f2c79c1bd4273,Descriptive same-work co-occurrence only.
Phrase co-occurrence,Same-work phrase pair,large language model + leadership,5,485,1.0,,,canonical works,all canonical works,multiple response pair; minimum pair count 3,039798e4f1498c17cf82;1158803af3fb0ab9c072;166aa3cc368ebd076b91;5aa2066f4c78fde5a50b;df606ccebb857fa9a592,Descriptive same-work co-occurrence only.
Phrase co-occurrence,Same-work phrase pair,medical or health-professions education + leadership,5,485,1.0,,,canonical works,all canonical works,multiple response pair; minimum pair count 3,039798e4f1498c17cf82;1158803af3fb0ab9c072;1b913a0ed3ab13c6f644;9eabda9ff317373c18d3;df606ccebb857fa9a592,Descriptive same-work co-occurrence only.
Phrase co-occurrence,Same-work phrase pair,medical or health-professions education + professionalism,5,485,1.0,,,canonical works,all canonical works,multiple response pair; minimum pair count 3,31f58d5793ca1ef590ea;4ff984fed8d71f9ad381;548ca816901c7761f0bf;668b98624eeda1089d99;d885762caf8919afe125,Descriptive same-work co-occurrence only.
Phrase co-occurrence,Same-work phrase pair,medical or health-professions education + teamwork,5,485,1.0,,,canonical works,all canonical works,multiple response pair; minimum pair count 3,088f42aecd2674d3dbe5;1b913a0ed3ab13c6f644;43f6ad0fa6f4597d56fc;5d6128771afb1cccb251;7f735724143207af94c1,Descriptive same-work co-occurrence only.
Phrase co-occurrence,Same-work phrase pair,objective structured clinical examination + empathy,5,485,1.0,,,canonical works,all canonical works,multiple response pair; minimum pair count 3,0a25081e59bfa2406a89;302dee907e926e18ddba;31f58d5793ca1ef590ea;dcce0a8cef5543c4fec4;ebc2ea10b1b751d8e58c,Descriptive same-work co-occurrence only.
Phrase co-occurrence,Same-work phrase pair,retrieval-augmented generation + clinical reasoning,5,485,1.0,,,canonical works,all canonical works,multiple response pair; minimum pair count 3,35ffd2cef7df5e4ea7fc;539c65e906ee41f3eabf;6f1527fb10827ca1da01;ab784e3f29bfc7622997;sci_333316fb42bc0b910010,Descriptive same-work co-occurrence only.
Phrase co-occurrence,Same-work phrase pair,role-play + dental education,5,485,1.0,,,canonical works,all canonical works,multiple response pair; minimum pair count 3,81087c9bc5a7366ff084;b3e39792f96130f4a0b4;ba402925b430558ae1e0;eb0a6b505c3ccc9e534d;fa24b39d9c9c2f6142d6,Descriptive same-work co-occurrence only.
Phrase co-occurrence,Same-work phrase pair,virtual reality + dental education,5,485,1.0,,,canonical works,all canonical works,multiple response pair; minimum pair count 3,401238697481e3dbe32e;5da1c6c1e35204ff7f9d;e73b99fafd0009a6e927;ed38fd3a7de3cb77f8a6;fa24b39d9c9c2f6142d6,Descriptive same-work co-occurrence only.
Phrase co-occurrence,Same-work phrase pair,augmented or extended reality + communication skills,4,485,0.8,,,canonical works,all canonical works,multiple response pair; minimum pair count 3,0394426a6c4e7afe938e;598901438bbefd691625;64a85483f87115653128;a4d746b41f7f88ceb127,Descriptive same-work co-occurrence only.
Phrase co-occurrence,Same-work phrase pair,augmented or extended reality + decision-making,4,485,0.8,,,canonical works,all canonical works,multiple response pair; minimum pair count 3,359e1289e1f098bb36e2;598901438bbefd691625;caf55d1c5f0358791a96;e9d6ceded269a04cde99,Descriptive same-work co-occurrence only.
Phrase co-occurrence,Same-work phrase pair,automated feedback + decision-making,4,485,0.8,,,canonical works,all canonical works,multiple response pair; minimum pair count 3,0a56637c161743569cf5;37bb0c4c182653ebb8f9;59ac00c951a84da39213;a2883a095e505041a802,Descriptive same-work co-occurrence only.
Phrase co-occurrence,Same-work phrase pair,clinical reasoning + teamwork,4,485,0.8,,,canonical works,all canonical works,multiple response pair; minimum pair count 3,1b913a0ed3ab13c6f644;6e7213516f82875618ff;8db4130844dc8d367d1f;b608f772e32f2dbbff5e,Descriptive same-work co-occurrence only.
Phrase co-occurrence,Same-work phrase pair,dental education + assessment or scoring,4,485,0.8,,,canonical works,all canonical works,multiple response pair; minimum pair count 3,5da1c6c1e35204ff7f9d;78b358c1b1f53fdbc100;8ad0258644c0c312a7d8;sci_454fe3ad37947557e9a6,Descriptive same-work co-occurrence only.
Phrase co-occurrence,Same-work phrase pair,dental education + clinical reasoning,4,485,0.8,,,canonical works,all canonical works,multiple response pair; minimum pair count 3,3aba8ba7976a49acd0ac;78b358c1b1f53fdbc100;b3a8d73bf08119c4ce68;sci_454fe3ad37947557e9a6,Descriptive same-work co-occurrence only.
Phrase co-occurrence,Same-work phrase pair,dental education + decision-making,4,485,0.8,,,canonical works,all canonical works,multiple response pair; minimum pair count 3,5da1c6c1e35204ff7f9d;78868accc1f86fb42dce;78b358c1b1f53fdbc100;b3e39792f96130f4a0b4,Descriptive same-work co-occurrence only.
Phrase co-occurrence,Same-work phrase pair,generative artificial intelligence + retrieval-augmented generation,4,485,0.8,,,canonical works,all canonical works,multiple response pair; minimum pair count 3,6f1527fb10827ca1da01;af881e87f70fad542887;sci_0f0b074ee785f63a5645;sci_333316fb42bc0b910010,Descriptive same-work co-occurrence only.
Phrase co-occurrence,Same-work phrase pair,generative artificial intelligence + teamwork,4,485,0.8,,,canonical works,all canonical works,multiple response pair; minimum pair count 3,272439595ff3b96c35f3;43f6ad0fa6f4597d56fc;8db4130844dc8d367d1f;e9d6ceded269a04cde99,Descriptive same-work co-occurrence only.
Phrase co-occurrence,Same-work phrase pair,large language model + professionalism,4,485,0.8,,,canonical works,all canonical works,multiple response pair; minimum pair count 3,4ff984fed8d71f9ad381;548ca816901c7761f0bf;9b778c91d64124298579;d885762caf8919afe125,Descriptive same-work co-occurrence only.
Phrase co-occurrence,Same-work phrase pair,objective structured clinical examination + virtual reality,4,485,0.8,,,canonical works,all canonical works,multiple response pair; minimum pair count 3,03dcc8a1b078476d19e0;7938acbdb4523b82db58;bed98da775e40e17c44e;eb664530dc232a9e1750,Descriptive same-work co-occurrence only.
Phrase co-occurrence,Same-work phrase pair,retrieval-augmented generation + assessment or scoring,4,485,0.8,,,canonical works,all canonical works,multiple response pair; minimum pair count 3,44090e715310ee158f37;6f1527fb10827ca1da01;987d3b654bc3d24dc464;df4adbef2a265890959e,Descriptive same-work co-occurrence only.
Phrase co-occurrence,Same-work phrase pair,retrieval-augmented generation + communication skills,4,485,0.8,,,canonical works,all canonical works,multiple response pair; minimum pair count 3,35ffd2cef7df5e4ea7fc;44090e715310ee158f37;5b356113a239c62ba5ac;sci_333316fb42bc0b910010,Descriptive same-work co-occurrence only.
Phrase co-occurrence,Same-work phrase pair,role-play + automated feedback,4,485,0.8,,,canonical works,all canonical works,multiple response pair; minimum pair count 3,01a746b554d461cb998c;0835d7fde9c090ca963c;c8c9e4c672bea3a6d994;ed072d60d05f5e236143,Descriptive same-work co-occurrence only.
Phrase co-occurrence,Same-work phrase pair,role-play + clinical reasoning,4,485,0.8,,,canonical works,all canonical works,multiple response pair; minimum pair count 3,2877ad2c6a928639280a;668b98624eeda1089d99;ed072d60d05f5e236143;ffe994fbb4a27b100f16,Descriptive same-work co-occurrence only.
Phrase co-occurrence,Same-work phrase pair,role-play + decision-making,4,485,0.8,,,canonical works,all canonical works,multiple response pair; minimum pair count 3,24ffbec5a9dbce04e0fd;2877ad2c6a928639280a;432422a165ddc6a24c2f;b3e39792f96130f4a0b4,Descriptive same-work co-occurrence only.
Phrase co-occurrence,Same-work phrase pair,simulated patient + nursing education,4,485,0.8,,,canonical works,all canonical works,multiple response pair; minimum pair count 3,58a5647e55ff3ae5746e;73cb9769cd2180a04bb0;bd2cdf16f21f3814f67d;fcd1902a5e565b2d2fcc,Descriptive same-work co-occurrence only.
Phrase co-occurrence,Same-work phrase pair,virtual patient + augmented or extended reality,4,485,0.8,,,canonical works,all canonical works,multiple response pair; minimum pair count 3,0394426a6c4e7afe938e;64a85483f87115653128;a4d746b41f7f88ceb127;caf55d1c5f0358791a96,Descriptive same-work co-occurrence only.
Phrase co-occurrence,Same-work phrase pair,virtual patient + teamwork,4,485,0.8,,,canonical works,all canonical works,multiple response pair; minimum pair count 3,1b913a0ed3ab13c6f644;6e7213516f82875618ff;8db4130844dc8d367d1f;b608f772e32f2dbbff5e,Descriptive same-work co-occurrence only.
Phrase co-occurrence,Same-work phrase pair,chatbot or conversational agent + debriefing,3,485,0.6,,,canonical works,all canonical works,multiple response pair; minimum pair count 3,24ffbec5a9dbce04e0fd;9287cf74b213e44a489d;f30eee8f6354bfa06744,Descriptive same-work co-occurrence only.
Phrase co-occurrence,Same-work phrase pair,communication skills + professionalism,3,485,0.6,,,canonical works,all canonical works,multiple response pair; minimum pair count 3,31f58d5793ca1ef590ea;668b98624eeda1089d99;d885762caf8919afe125,Descriptive same-work co-occurrence only.
Phrase co-occurrence,Same-work phrase pair,communication skills + teamwork,3,485,0.6,,,canonical works,all canonical works,multiple response pair; minimum pair count 3,1b913a0ed3ab13c6f644;5aa2066f4c78fde5a50b;8db4130844dc8d367d1f,Descriptive same-work co-occurrence only.
Phrase co-occurrence,Same-work phrase pair,debriefing + automated feedback,3,485,0.6,,,canonical works,all canonical works,multiple response pair; minimum pair count 3,0835d7fde9c090ca963c;8094cb5448e9c4e2f371;b216d2e3bbb753147fd2,Descriptive same-work co-occurrence only.
Phrase co-occurrence,Same-work phrase pair,debriefing + interprofessional education,3,485,0.6,,,canonical works,all canonical works,multiple response pair; minimum pair count 3,24ffbec5a9dbce04e0fd;7f735724143207af94c1;98459bc57c099322761c,Descriptive same-work co-occurrence only.
Phrase co-occurrence,Same-work phrase pair,generative artificial intelligence + interprofessional education,3,485,0.6,,,canonical works,all canonical works,multiple response pair; minimum pair count 3,0b1e929029c5b43c5beb;24ffbec5a9dbce04e0fd;98459bc57c099322761c,Descriptive same-work co-occurrence only.
Phrase co-occurrence,Same-work phrase pair,generative artificial intelligence + professionalism,3,485,0.6,,,canonical works,all canonical works,multiple response pair; minimum pair count 3,31f58d5793ca1ef590ea;4ff984fed8d71f9ad381;548ca816901c7761f0bf,Descriptive same-work co-occurrence only.
Phrase co-occurrence,Same-work phrase pair,interprofessional education + assessment or scoring,3,485,0.6,,,canonical works,all canonical works,multiple response pair; minimum pair count 3,0b1e929029c5b43c5beb;24ffbec5a9dbce04e0fd;7f735724143207af94c1,Descriptive same-work co-occurrence only.
Phrase co-occurrence,Same-work phrase pair,large language model + serious game,3,485,0.6,,,canonical works,all canonical works,multiple response pair; minimum pair count 3,4fed0ae03cd7415c40f4;758d651bc8d5020199f1;886368e8c3c194de3abd,Descriptive same-work co-occurrence only.
Phrase co-occurrence,Same-work phrase pair,leadership + assessment or scoring,3,485,0.6,,,canonical works,all canonical works,multiple response pair; minimum pair count 3,1158803af3fb0ab9c072;166aa3cc368ebd076b91;5aa2066f4c78fde5a50b,Descriptive same-work co-occurrence only.
Phrase co-occurrence,Same-work phrase pair,medical or health-professions education + surgical education,3,485,0.6,,,canonical works,all canonical works,multiple response pair; minimum pair count 3,7791c8951d81b4aa0b71;79301031755b16db8fe6;ba93136b38c9a66d059f,Descriptive same-work co-occurrence only.
Phrase co-occurrence,Same-work phrase pair,objective structured clinical examination + nursing education,3,485,0.6,,,canonical works,all canonical works,multiple response pair; minimum pair count 3,03dcc8a1b078476d19e0;7713a8c3085fddc6419c;ef046f239f256df5f180,Descriptive same-work co-occurrence only.
Phrase co-occurrence,Same-work phrase pair,professionalism + assessment or scoring,3,485,0.6,,,canonical works,all canonical works,multiple response pair; minimum pair count 3,31f58d5793ca1ef590ea;4ff984fed8d71f9ad381;d885762caf8919afe125,Descriptive same-work co-occurrence only.
Phrase co-occurrence,Same-work phrase pair,retrieval-augmented generation + decision-making,3,485,0.6,,,canonical works,all canonical works,multiple response pair; minimum pair count 3,8616afb3ca85007ec9d7;c6788113fb3c0b6f7bcf;d977c356ff57ab060fef,Descriptive same-work co-occurrence only.
Phrase co-occurrence,Same-work phrase pair,retrieval-augmented generation + simulated patient,3,485,0.6,,,canonical works,all canonical works,multiple response pair; minimum pair count 3,35ffd2cef7df5e4ea7fc;af881e87f70fad542887;d977c356ff57ab060fef,Descriptive same-work co-occurrence only.
Phrase co-occurrence,Same-work phrase pair,retrieval-augmented generation + virtual reality,3,485,0.6,,,canonical works,all canonical works,multiple response pair; minimum pair count 3,35ffd2cef7df5e4ea7fc;ba1df7c86ec2eeb0e945;sci_0f0b074ee785f63a5645,Descriptive same-work co-occurrence only.
Phrase co-occurrence,Same-work phrase pair,role-play + debriefing,3,485,0.6,,,canonical works,all canonical works,multiple response pair; minimum pair count 3,0835d7fde9c090ca963c;24ffbec5a9dbce04e0fd;d90096afc3b383fbecb7,Descriptive same-work co-occurrence only.
Phrase co-occurrence,Same-work phrase pair,role-play + virtual reality,3,485,0.6,,,canonical works,all canonical works,multiple response pair; minimum pair count 3,64a85483f87115653128;906c1e2afc9ab8dc6794;fa24b39d9c9c2f6142d6,Descriptive same-work co-occurrence only.
Phrase co-occurrence,Same-work phrase pair,serious game + assessment or scoring,3,485,0.6,,,canonical works,all canonical works,multiple response pair; minimum pair count 3,6e06ede93e94c8f8e15c;758d651bc8d5020199f1;886368e8c3c194de3abd,Descriptive same-work co-occurrence only.
Phrase co-occurrence,Same-work phrase pair,standardized patient + dental education,3,485,0.6,,,canonical works,all canonical works,multiple response pair; minimum pair count 3,5da1c6c1e35204ff7f9d;81087c9bc5a7366ff084;8ad0258644c0c312a7d8,Descriptive same-work co-occurrence only.
Phrase co-occurrence,Same-work phrase pair,teamwork + assessment or scoring,3,485,0.6,,,canonical works,all canonical works,multiple response pair; minimum pair count 3,5aa2066f4c78fde5a50b;6e7213516f82875618ff;7f735724143207af94c1,Descriptive same-work co-occurrence only.
