section,measure,category,count,denominator,percent,value,value_text,unit,denominator_definition,response_type,work_ids,note
Exact-identifier metadata sensitivity,Cohort coverage,Exact DOI or OpenAlex-ID match,472,485,97.3,,,unique studies,all unique studies in the primary corpus,metadata sensitivity cohort coverage,0038624c09ec9fe46395;00b1591b551023fc549f;00dc13a955ae4496d4ca;01a746b554d461cb998c;03345c1deb2aad29820e;035291e867ecf965f467;038dc9e15385ce662149;0394426a6c4e7afe938e;039798e4f1498c17cf82;03dcc8a1b078476d19e0;03e1a6632b830e0512c9;04b48ce4dda567febfa2;061a5c17950367156401;06baad752a52246f7f43;07d462beafe4d21ba016;0835d7fde9c090ca963c;088f42aecd2674d3dbe5;08cc34de5385d0bd76a6;096c409373966ea99821;0a25081e59bfa2406a89;0a2c09d04e10e0478041;0a56637c161743569cf5;0aad164402f8e4deea3b;0aea8997b3d07a3c7455;0b1b0febb2293831bcc0;0b1e929029c5b43c5beb;0b386fbba1d6908a565d;0c75f057197182777687;0de698b6ef36192c9365;0fe5747ae7b23830be21;107a276748b6c98a2e50;1131dfab50144331e92a;1158803af3fb0ab9c072;116dd099707d378fb9a6;11f31f18ad70545cab85;12a5244797e0de4599d0;14a6c8b99daf76e8179d;14e96fc7b4c3181fd39b;1557e783fc8af1e8fdd6;155acc9f21eba7b06b56;1563f87491d1ce4d02fb;15b1e2fee67db58575b7;166aa3cc368ebd076b91;180163049fadb98a0ef8;18f9eaf414ec69e25aad;197361cc9246160f71a5;19e84bd61f0782eec51c;1a1d7801effe1e2b850a;1a8a9f25ccdf589f88f6;1b087547ad0e2e8a3fa3;1b913a0ed3ab13c6f644;1c073acedd6171c3394d;1c5402a057ba8f451244;1c9542cefba3287a5281;1d69e819d76b702e955f;1df5cdc0b4ba5e34b2ba;1f1c780e93f8833f8015;20e73ed62a3078e6a9b4;217a1796806e392c3e77;235688621e9d66593a40;2366390c9f679e2c90b7;240393927e83854aac9b;243562012607f7033171;24c93ac0955292251f20;24ffbec5a9dbce04e0fd;25591cbc3c2b21cbfbdf;25f6a5df250f3ed0360b;2610ebe5f560db94c888;26de74e3debea64ac297;272439595ff3b96c35f3;27940ac9615817e019e3;282aa7d3820de53059e9;2877ad2c6a928639280a;296fc2ba93325a6b3ed0;2972cffe675ec25e930c;2a63460a75ff944e1d44;2befb2019a25a1ea563f;2c33e3b00e199776ba05;2dd7865e84af395616af;2f08c4b2b3acc1eaa9d5;302dee907e926e18ddba;30b04ea7e17c283383c8;319d5b791f54df181b23;31f58d5793ca1ef590ea;327767a02786d8ff7a19;328dc44eb7208308940c;32b43fcb025a9d77581f;32c1dcd0212f833ee125;33fa7a94d105663796d8;34ab5ecef79b768723f6;34ea437817489bccb36b;3592795dfee0e066000a;359e1289e1f098bb36e2;35ffd2cef7df5e4ea7fc;36878122d89a1f0ba51c;37a099d4d3aa15cafaa9;37bb0c4c182653ebb8f9;38300507331b97225df5;38da855b4155bb083590;3a2d4841832fea8715fe;3a5aebe14250eec39412;3a87ecbc1ceea37e2382;3aba8ba7976a49acd0ac;3adc77e0b0502fcefcc3;3b0e82db448631888b4c;3bb7eee2436c25920c9e;3cc4d65478e63af8ab6e;3d4ea70252a23ce4cd2f;3e3d7476a0d0198a12a3;3e6c586541bbab277f12;401238697481e3dbe32e;412046e11296d150c70a;415ba4f99eeb473a50c2;416753b67d9e900455c8;4252b0b43599d37a154a;425ec6ee2ca714b7434a;4301913b143d4dcf67c6;432422a165ddc6a24c2f;434224fa76b1280311a5;437f09a0c472e4ba343e;43800694173ba371af4f;43f6ad0fa6f4597d56fc;44090e715310ee158f37;44d09fb5dabfde2e9e31;45e7ea1fbbde53125fd7;47160b043b610b447eca;4781da10664bc6a33ebc;4823a4ac11c66c68a7d4;48a55d4cf5cff922481f;48e2ce8734d9d1acb602;49a3c3f5df637d33e854;49bb4b3f2e5c7a1a3f92;4a9222af3af0a24b98ba;4b471ab893f0c3845025;4b5e1bc310423d1d0555;4b7753ecc7bff0d54289;4bae43896a7e20da2e4b;4c10642623772d392b58;4c4dc7fcefb1e9f3abdf;4c580842a4d610a72e9d;4cac4c9f22b3d59d56dd;4dcbdf4bf0f5a9a6c8c8;4eabef99b9ccb8ef8fd4;4ef0a8247384321e8b47;4f06f0d72a1de087b5c5;4f796e0ce90dce8d4da8;4fdab8147c5288a598e6;4fed0ae03cd7415c40f4;4ff984fed8d71f9ad381;501d19c3bd3160083e8a;50ac103890932b40242c;50e4613efeaaadc861f8;5116aab375eedc896bfd;5245cf325337d81e78ff;538dc624d4f06d86f6a2;539c65e906ee41f3eabf;53e73c84997817856e1f;548ca816901c7761f0bf;54972cda535948a803e8;55c688efa556cdf3a77e;56dc16bbc7cd98ca993a;581dc0790951c1557bba;582bc7c400fa7acf214f;58483951ebaed609e26a;588316012a3f2d9b790a;58a5647e55ff3ae5746e;592d3957693502aad933;593c7da1de5e9f26b59d;594824ec9813877abe34;594d7ce86781a2e8398f;5966d1a884499670acf2;598901438bbefd691625;59ac00c951a84da39213;5a18de075da6eacf874c;5aa2066f4c78fde5a50b;5aeb6b891099b95aa832;5b356113a239c62ba5ac;5b529e4bc562ac2c093e;5b995fc6546cbe610568;5c99d6be17d81210020f;5d6128771afb1cccb251;5da1c6c1e35204ff7f9d;5dd47cd1855294dcfafd;5e70fc602d28beb4158b;5e9d52b66e4686a38781;60653c070afcf8848788;60f8f44c77f909f61dc3;614d439112e6f1ccea50;633dafafd7b2de3e7ad0;63c69a200d415bc42d9b;643ef34d4dd326d5b164;6457c6be7c6ba150ede6;64947cabbe7282713c10;64a85483f87115653128;64caff9ef7b3adaafe2d;64d8153970a657aa23b0;654de90417901825feeb;668b98624eeda1089d99;669cbda7d16ac3f32155;67e2860b474712736027;681bba8e632d1614f426;68306d2649f0e34ccfa7;69f44a30a1f5c09b5e41;6a18d985481870e99d72;6ab002878664147423a1;6ad5ba253eb6dea25a47;6af91184365b35a93de5;6cf6dbf3648bde45720a;6d3fca2519e927f795b8;6d60da2f964efcc60587;6d85b580a0562cc121d4;6e06ede93e94c8f8e15c;6e7213516f82875618ff;6f1527fb10827ca1da01;6fb769efa53620e383b7;6fdf974a01dd27215f86;70cb1e0a134b7f41b447;713e417da7d85579b2d1;71a491a468f6c4c71249;72c30900482428bf1e49;72f2fcd3a833c8b6e39e;73a1f91733c91359d5f0;73cb9769cd2180a04bb0;73f1b1dee9a19c0ea0af;740cc1ae550411dacecc;7442954006aac8fa63fa;7571d4d2871565bc5c1c;758d651bc8d5020199f1;76597dc445d9df2ae743;766d498375e7ceff4c70;766fde2e997ea8140bd0;76a6c8049ee4223224f6;7713a8c3085fddc6419c;7791c8951d81b4aa0b71;78868accc1f86fb42dce;78b358c1b1f53fdbc100;7920ebcf271025a5a8ee;79301031755b16db8fe6;7a269bae27b9f603ddda;7a5ffafc98c031b3684e;7a9ca4d4d16f4705139f;7ab76d429b6539b40243;7acd89712f3fc0bb4cb7;7b627eb0e17b77a07c57;7bda59402c9478eda64c;7d5cb710e5a6901bbaaa;7f735724143207af94c1;7f84c902e862e25dbf2c;7f98755e27ed54f044ae;7fc0513f51b7c61dad31;8094cb5448e9c4e2f371;80e9a9d9f964aea305e9;81087c9bc5a7366ff084;81337a44aeb46520e3ec;81e99943a71c35f1b5e2;843a6b1f2c79c1bd4273;859f96f4eca259cdb9e8;8616afb3ca85007ec9d7;862592293f46ff109fb6;86d7e55b4cfd49b202f0;86f76ce0ac18d03915b2;87dd3b9b5e7ef2d3f457;886368e8c3c194de3abd;891bdc5ee1f3d07f820a;894f08a5035b3a1872d5;8a18fabf9cf9be3f8a36;8a1c6e7038c447a20568;8ad0258644c0c312a7d8;8bece1a102e2fe87b74e;8ce5650fcd50af3976ab;8db4130844dc8d367d1f;8f2528d2ba0e05485210;8fa1ae6b843e2388520d;8fce68134f06065fdd4a;902be756a877af6118c0;9053eb63f4358c343310;906c1e2afc9ab8dc6794;907d492e03a26ae110b8;91738aa3fb8146efb96d;9287cf74b213e44a489d;94bb63aeb68eddb59442;94dc4442e5bc1f047433;94ed3a0dbe4657397dc4;9717d5f24495686aabe2;98459bc57c099322761c;987d3b654bc3d24dc464;98c23d01b9fb23bd43c4;9aeba4bdaf161dff8c40;9b5ff9099d241db5f86a;9b778c91d64124298579;9b8b66d55c35b17e843c;9ba2ceb3ea808e2794a1;9d0e015a74d4a026b092;9d1c14070287793c215b;9d44b976cb2c076751e8;9eabda9ff317373c18d3;9eb3b25f5e4e48cdcb6a;a03df064164f1b54d1d5;a2883a095e505041a802;a2fb845a99fa4f6e080c;a32c2fb665f05ef6086f;a3991fd1e09daca82f29;a44cf2193e8756673fa7;a4d746b41f7f88ceb127;a4f6e4afd67cbf667f95;a9588de788e2402350be;aa05a5932f8ebb716574;ab784e3f29bfc7622997;abda3007be07a5153c0c;ac37bfba546f78614410;adc1485c258278b24c4e;adf94a39c16c36a40d45;ae74530d7e9fa7f91f65;aea68236a77645892d74;aedb9561df16d70a7ef8;af881e87f70fad542887;af9edf1f4c2a0c11a5eb;afa9fe102dc8ed9bfaff;afc8c786ca5b65ba8c74;b052274076e5e7cc16db;b191e9f77e079eab9ed3;b216d2e3bbb753147fd2;b2f1db675b2599e354ab;b36e071a220a2c96e7c2;b3a8d73bf08119c4ce68;b3e39792f96130f4a0b4;b4ed643f7430dbf0ccb9;b4fa4675ffa2674da6e1;b53bf33d223a68f17e8c;b608f772e32f2dbbff5e;b6f4bfb66f82ba008b32;b75fad8b8777d2f878b6;b777355095979479280c;b924bd45d30abb49831e;b94b9bcb1d96d93db9c0;ba402925b430558ae1e0;ba93136b38c9a66d059f;bad1f4fb855554cb4aba;bb3a5362f067d65fc98d;bc52d7f8f145e43beefc;bc5dd5d7b1ad1b4d21e4;bd0527af9d9859ca54bb;bd2cdf16f21f3814f67d;bda47b5b58b47ca77285;be9dea9f8b093b59c0c4;beedb370b817079634f7;c13d5a010789f6f44c11;c2a9bbee811cd29891e3;c2d6c7abc598aacc0368;c301ce506b01b01e6207;c4f5fe90704c2aa68c75;c58a4682ca46d2e66e96;c6788113fb3c0b6f7bcf;c6db1164aeacaa778bd4;c837d77a482b4e089619;c8c9e4c672bea3a6d994;c98aa2499bea62fd3f2a;c9defba9bce13454aa5f;caf55d1c5f0358791a96;cb97375c66ea36d11d94;cc3c546075dc11e58802;ce47d43f097c456cdf45;cfa4cceea1f21315935e;d02cfb250e397dd52db5;d06c6ad96bb08eb739dc;d0ead936020ec24f78a7;d11ce96adb05741aef6d;d290e5bf22b00e731795;d2f64f874b70a189b145;d3f99e099b9310de57e3;d46506f34cc784478c88;d644a8da3cdeae0603e0;d6b29e9cea0c868cc28e;d7a2412d7fe5f7bee1e5;d885762caf8919afe125;d90096afc3b383fbecb7;d977c356ff57ab060fef;da4715a1835405ea02b7;da8839d00c24db7f6ad6;da920e8320da57a1954a;db6b016a13edb570269a;db80308782a219cbea0e;dcce0a8cef5543c4fec4;de583e684ddd0364a161;dec5b56924e40c32e506;df4adbef2a265890959e;df5127c0b752274d452e;df606ccebb857fa9a592;df6dd96b9ea594a121ce;e2272dd53f2ee764e3a8;e28e63bbe4974bda0026;e2a36443154e9a33aff9;e359eafa6af6abbb467d;e3ee954b5290b4f74f0b;e4987ba5c8f46735e9ff;e4a287ed511b7be9baa5;e4caff2128dfb4f4ac0c;e5304eeb960c6393b03a;e5814fecd144cc3fe016;e5b4ed028b3c0ea2eeec;e5e611fc18a4d66128d9;e7357cbd0c17edcf1ae4;e73b99fafd0009a6e927;e82a026a5524b0d4f0d3;e9d6ceded269a04cde99;ea35181a48e801132195;ea8e0a7c38a125bf8f1d;ead3628c23fe3e244e24;eb0a6b505c3ccc9e534d;eb664530dc232a9e1750;eb6afac746ee34d7a37f;eb6ba637fab26b824344;eb8b75c75edacbfa547b;ebc2ea10b1b751d8e58c;ec6081495209898a9c42;ed072d60d05f5e236143;ed23e4c8ee00516d2110;ed38fd3a7de3cb77f8a6;ed80b78f8297d945224d;eeb5a3afa4e8b1c2635c;eee52e824f1559f7759a;ef046f239f256df5f180;f1b256cdccd6208d0cc8;f2454b259920b1b1d032;f2be4ac5256845407914;f30eee8f6354bfa06744;f31767356a0db5360a3d;f41f37dbb22b9ed8ae7c;f4631b37b9a1fd57d914;f4d7fdee2c3cc083329d;f54e36609097c96e8b6d;f5c57c1a6cc5d054fcac;f5e8d39c518465a0d255;f68a92632e9b465b9cd8;f6df2d018d41c258414a;f74b171e97e291bab8d3;f917e0b66cef158b9df0;f97eadc969f29dc262e7;f9c1bb8b50eb65edbf84;fa24b39d9c9c2f6142d6;fb4436cacb550c46d347;fbcfe4a5c41e518e74ba;fc535dce265384650ae6;fcd1902a5e565b2d2fcc;fd0c4ec164cda596074b;fd1a9c7f0b28a609f8af;ff3b7f48f6f586cf90b7;ffe994fbb4a27b100f16;sci_0deb435b497fb81c6d22;sci_0f0b074ee785f63a5645;sci_1b84a9e2391f6779175c;sci_300870bf7109221baf28;sci_333316fb42bc0b910010;sci_3d6777cb059403330506;sci_454fe3ad37947557e9a6;sci_479872e4f60f538cbd03;sci_49f3e83303945c5d95da;sci_6140618886946efd3455;sci_637ee1f73b6fd5027d1c;sci_66be3ed42b9293d2ff9f;sci_6840c15b05b568f05153;sci_7924be52acf88877d8df;sci_829c4bcf5b773dba44a2;sci_9353c3c154cbf1cd3c54;sci_93a452609f10d60e9d33;sci_a8f02e0b2a448efff5e6;sci_a90d053bc1db526acda9;sci_aea73a0d6d3e592a48a0;sci_b852c26f48dfbf482b84;sci_d54eaf2ee85c6160a060;sci_f2cc5417df9af41a5165;sci_f57abde71790ef1bc83d,Title-search matches and confirmed unmatched records are excluded only from this sensitivity view.
Exact-identifier metadata sensitivity: publication sources,Source frequency,arXiv (Cornell University),17,472,3.6,,,unique studies,studies with an exact DOI or OpenAlex-ID match,single response; mutually exclusive normalized publication source,04b48ce4dda567febfa2;0de698b6ef36192c9365;1d69e819d76b702e955f;217a1796806e392c3e77;235688621e9d66593a40;3a5aebe14250eec39412;3b0e82db448631888b4c;44090e715310ee158f37;4823a4ac11c66c68a7d4;76a6c8049ee4223224f6;8fce68134f06065fdd4a;9aeba4bdaf161dff8c40;9b8b66d55c35b17e843c;d644a8da3cdeae0603e0;d885762caf8919afe125;de583e684ddd0364a161;df6dd96b9ea594a121ce,Normalization key: openalex:https://openalex.org/s4306400194.
Exact-identifier metadata sensitivity: publication sources,Source frequency,BMC Medical Education,22,472,4.7,,,unique studies,studies with an exact DOI or OpenAlex-ID match,single response; mutually exclusive normalized publication source,07d462beafe4d21ba016;0a56637c161743569cf5;0aad164402f8e4deea3b;14a6c8b99daf76e8179d;3592795dfee0e066000a;412046e11296d150c70a;4b7753ecc7bff0d54289;4cac4c9f22b3d59d56dd;548ca816901c7761f0bf;594824ec9813877abe34;594d7ce86781a2e8398f;5c99d6be17d81210020f;5e70fc602d28beb4158b;64caff9ef7b3adaafe2d;668b98624eeda1089d99;81087c9bc5a7366ff084;94dc4442e5bc1f047433;c2d6c7abc598aacc0368;df606ccebb857fa9a592;ed072d60d05f5e236143;f2454b259920b1b1d032;f41f37dbb22b9ed8ae7c,Normalization key: openalex:https://openalex.org/s144187503.
Exact-identifier metadata sensitivity: publication sources,Source frequency,JMIR Medical Education,22,472,4.7,,,unique studies,studies with an exact DOI or OpenAlex-ID match,single response; mutually exclusive normalized publication source,01a746b554d461cb998c;088f42aecd2674d3dbe5;18f9eaf414ec69e25aad;240393927e83854aac9b;282aa7d3820de53059e9;2befb2019a25a1ea563f;37bb0c4c182653ebb8f9;38300507331b97225df5;63c69a200d415bc42d9b;6d60da2f964efcc60587;71a491a468f6c4c71249;76597dc445d9df2ae743;7a9ca4d4d16f4705139f;7bda59402c9478eda64c;8fa1ae6b843e2388520d;a4f6e4afd67cbf667f95;cfa4cceea1f21315935e;d90096afc3b383fbecb7;eb6ba637fab26b824344;ed80b78f8297d945224d;f4631b37b9a1fd57d914;fd0c4ec164cda596074b,Normalization key: openalex:https://openalex.org/s4210212741.
Exact-identifier metadata sensitivity: publication sources,Source frequency,Unknown source,15,472,3.2,,,unique studies,studies with an exact DOI or OpenAlex-ID match,single response; mutually exclusive normalized publication source,0fe5747ae7b23830be21;328dc44eb7208308940c;3cc4d65478e63af8ab6e;401238697481e3dbe32e;415ba4f99eeb473a50c2;44d09fb5dabfde2e9e31;614d439112e6f1ccea50;740cc1ae550411dacecc;862592293f46ff109fb6;bc5dd5d7b1ad1b4d21e4;d46506f34cc784478c88;da8839d00c24db7f6ad6;dec5b56924e40c32e506;e7357cbd0c17edcf1ae4;f5c57c1a6cc5d054fcac,Unknown source is retained as a separate missingness category.
Exact-identifier metadata sensitivity: publication sources,Source frequency,Cureus,9,472,1.9,,,unique studies,studies with an exact DOI or OpenAlex-ID match,single response; mutually exclusive normalized publication source,00b1591b551023fc549f;0a25081e59bfa2406a89;14e96fc7b4c3181fd39b;2a63460a75ff944e1d44;34ea437817489bccb36b;4c580842a4d610a72e9d;6d3fca2519e927f795b8;7acd89712f3fc0bb4cb7;f74b171e97e291bab8d3,Normalization key: openalex:https://openalex.org/s2738950867.
Exact-identifier metadata sensitivity: publication sources,Source frequency,Journal of Medical Internet Research,9,472,1.9,,,unique studies,studies with an exact DOI or OpenAlex-ID match,single response; mutually exclusive normalized publication source,0394426a6c4e7afe938e;2877ad2c6a928639280a;3a2d4841832fea8715fe;582bc7c400fa7acf214f;592d3957693502aad933;a4d746b41f7f88ceb127;aedb9561df16d70a7ef8;db6b016a13edb570269a;ed38fd3a7de3cb77f8a6,Normalization key: openalex:https://openalex.org/s17147534.
Exact-identifier metadata sensitivity: publication sources,Source frequency,Medical Teacher,8,472,1.7,,,unique studies,studies with an exact DOI or OpenAlex-ID match,single response; mutually exclusive normalized publication source,1c073acedd6171c3394d;2366390c9f679e2c90b7;73a1f91733c91359d5f0;7791c8951d81b4aa0b71;d7a2412d7fe5f7bee1e5;df5127c0b752274d452e;eeb5a3afa4e8b1c2635c;fb4436cacb550c46d347,Normalization key: openalex:https://openalex.org/s135934248.
Exact-identifier metadata sensitivity: publication sources,Source frequency,medRxiv,8,472,1.7,,,unique studies,studies with an exact DOI or OpenAlex-ID match,single response; mutually exclusive normalized publication source,32b43fcb025a9d77581f;5aeb6b891099b95aa832;67e2860b474712736027;7571d4d2871565bc5c1c;b75fad8b8777d2f878b6;c837d77a482b4e089619;da920e8320da57a1954a;e5b4ed028b3c0ea2eeec,Normalization key: openalex:https://openalex.org/s3005729997.
Exact-identifier metadata sensitivity: publication sources,Source frequency,Studies in health technology and informatics,8,472,1.7,,,unique studies,studies with an exact DOI or OpenAlex-ID match,single response; mutually exclusive normalized publication source,0b1b0febb2293831bcc0;11f31f18ad70545cab85;4b471ab893f0c3845025;5245cf325337d81e78ff;581dc0790951c1557bba;69f44a30a1f5c09b5e41;a32c2fb665f05ef6086f;bad1f4fb855554cb4aba,Normalization key: openalex:https://openalex.org/s4210179765.
Exact-identifier metadata sensitivity: publication sources,Source frequency,Advances in Simulation,7,472,1.5,,,unique studies,studies with an exact DOI or OpenAlex-ID match,single response; mutually exclusive normalized publication source,116dd099707d378fb9a6;272439595ff3b96c35f3;4301913b143d4dcf67c6;56dc16bbc7cd98ca993a;766d498375e7ceff4c70;81337a44aeb46520e3ec;f30eee8f6354bfa06744,Normalization key: openalex:https://openalex.org/s2739124158.
Exact-identifier metadata sensitivity: publication sources,Source frequency,Clinical Simulation in Nursing,7,472,1.5,,,unique studies,studies with an exact DOI or OpenAlex-ID match,single response; mutually exclusive normalized publication source,3d4ea70252a23ce4cd2f;7920ebcf271025a5a8ee;891bdc5ee1f3d07f820a;b052274076e5e7cc16db;e5e611fc18a4d66128d9;sci_a90d053bc1db526acda9;sci_f2cc5417df9af41a5165,Normalization key: openalex:https://openalex.org/s204691484.
Exact-identifier metadata sensitivity: publication sources,Source frequency,Frontiers in Medicine,7,472,1.5,,,unique studies,studies with an exact DOI or OpenAlex-ID match,single response; mutually exclusive normalized publication source,31f58d5793ca1ef590ea;6f1527fb10827ca1da01;73cb9769cd2180a04bb0;9053eb63f4358c343310;bd0527af9d9859ca54bb;da4715a1835405ea02b7;eb8b75c75edacbfa547b,Normalization key: openalex:https://openalex.org/s2597052008.
Exact-identifier metadata sensitivity: publication sources,Source frequency,JMIR Formative Research,7,472,1.5,,,unique studies,studies with an exact DOI or OpenAlex-ID match,single response; mutually exclusive normalized publication source,0c75f057197182777687;24c93ac0955292251f20;4fdab8147c5288a598e6;5da1c6c1e35204ff7f9d;64a85483f87115653128;7713a8c3085fddc6419c;c2a9bbee811cd29891e3,Normalization key: openalex:https://openalex.org/s4210234749.
Exact-identifier metadata sensitivity: publication sources,Source frequency,Journal of Dental Education,7,472,1.5,,,unique studies,studies with an exact DOI or OpenAlex-ID match,single response; mutually exclusive normalized publication source,3aba8ba7976a49acd0ac;4c4dc7fcefb1e9f3abdf;8ad0258644c0c312a7d8;b2f1db675b2599e354ab;b3e39792f96130f4a0b4;ba402925b430558ae1e0;eb0a6b505c3ccc9e534d,Normalization key: openalex:https://openalex.org/s121799786.
Exact-identifier metadata sensitivity: publication sources,Source frequency,Nurse Education in Practice,7,472,1.5,,,unique studies,studies with an exact DOI or OpenAlex-ID match,single response; mutually exclusive normalized publication source,6a18d985481870e99d72;8f2528d2ba0e05485210;902be756a877af6118c0;c13d5a010789f6f44c11;e82a026a5524b0d4f0d3;sci_333316fb42bc0b910010;sci_9353c3c154cbf1cd3c54,Normalization key: openalex:https://openalex.org/s139566883.
Exact-identifier metadata sensitivity: publication sources,Source frequency,Lecture notes in computer science,6,472,1.3,,,unique studies,studies with an exact DOI or OpenAlex-ID match,single response; mutually exclusive normalized publication source,25f6a5df250f3ed0360b;4f06f0d72a1de087b5c5;68306d2649f0e34ccfa7;7fc0513f51b7c61dad31;9d44b976cb2c076751e8;f9c1bb8b50eb65edbf84,Normalization key: openalex:https://openalex.org/s106296714.
Exact-identifier metadata sensitivity: publication sources,Source frequency,Nurse Education Today,5,472,1.1,,,unique studies,studies with an exact DOI or OpenAlex-ID match,single response; mutually exclusive normalized publication source,2610ebe5f560db94c888;3adc77e0b0502fcefcc3;434224fa76b1280311a5;58a5647e55ff3ae5746e;669cbda7d16ac3f32155,Normalization key: openalex:https://openalex.org/s62565178.
Exact-identifier metadata sensitivity: publication sources,Source frequency,Nurse Educator,5,472,1.1,,,unique studies,studies with an exact DOI or OpenAlex-ID match,single response; mutually exclusive normalized publication source,0b1e929029c5b43c5beb;4252b0b43599d37a154a;4bae43896a7e20da2e4b;60653c070afcf8848788;7ab76d429b6539b40243,Normalization key: openalex:https://openalex.org/s203226007.
Exact-identifier metadata sensitivity: publication sources,Source frequency,2026 IEEE 14th International Conference on Healthcare Informatics (ICHI),4,472,0.8,,,unique studies,studies with an exact DOI or OpenAlex-ID match,single response; mutually exclusive normalized publication source,20e73ed62a3078e6a9b4;425ec6ee2ca714b7434a;4a9222af3af0a24b98ba;f68a92632e9b465b9cd8,Normalization key: name:2026 ieee 14th international conference on healthcare informatics (ichi).
Exact-identifier metadata sensitivity: publication sources,Source frequency,BMC Nursing,4,472,0.8,,,unique studies,studies with an exact DOI or OpenAlex-ID match,single response; mutually exclusive normalized publication source,03dcc8a1b078476d19e0;7a5ffafc98c031b3684e;94ed3a0dbe4657397dc4;c58a4682ca46d2e66e96,Normalization key: openalex:https://openalex.org/s107799410.
Exact-identifier metadata sensitivity: publication sources,Source frequency,DOAJ (DOAJ: Directory of Open Access Journals),4,472,0.8,,,unique studies,studies with an exact DOI or OpenAlex-ID match,single response; mutually exclusive normalized publication source,1f1c780e93f8833f8015;3e6c586541bbab277f12;b36e071a220a2c96e7c2;b777355095979479280c,Normalization key: openalex:https://openalex.org/s4306401280.
Exact-identifier metadata sensitivity: publication sources,Source frequency,Medical Science Educator,4,472,0.8,,,unique studies,studies with an exact DOI or OpenAlex-ID match,single response; mutually exclusive normalized publication source,49a3c3f5df637d33e854;b4ed643f7430dbf0ccb9;f5e8d39c518465a0d255;sci_300870bf7109221baf28,Normalization key: openalex:https://openalex.org/s2764386890.
Exact-identifier metadata sensitivity: publication sources,Source frequency,American Journal of Pharmaceutical Education,3,472,0.6,,,unique studies,studies with an exact DOI or OpenAlex-ID match,single response; mutually exclusive normalized publication source,7f98755e27ed54f044ae;e28e63bbe4974bda0026;e4987ba5c8f46735e9ff,Normalization key: openalex:https://openalex.org/s32993367.
Exact-identifier metadata sensitivity: publication sources,Source frequency,Applied Sciences,3,472,0.6,,,unique studies,studies with an exact DOI or OpenAlex-ID match,single response; mutually exclusive normalized publication source,1df5cdc0b4ba5e34b2ba;6ab002878664147423a1;e5814fecd144cc3fe016,Normalization key: openalex:https://openalex.org/s4210205812.
Exact-identifier metadata sensitivity: publication sources,Source frequency,BJPsych Open,3,472,0.6,,,unique studies,studies with an exact DOI or OpenAlex-ID match,single response; mutually exclusive normalized publication source,4f796e0ce90dce8d4da8;86d7e55b4cfd49b202f0;b216d2e3bbb753147fd2,Normalization key: openalex:https://openalex.org/s2764831659.
Exact-identifier metadata sensitivity: publication sources,Source frequency,Communications in computer and information science,3,472,0.6,,,unique studies,studies with an exact DOI or OpenAlex-ID match,single response; mutually exclusive normalized publication source,4b5e1bc310423d1d0555;ab784e3f29bfc7622997;e9d6ceded269a04cde99,Normalization key: openalex:https://openalex.org/s2764900261.
Exact-identifier metadata sensitivity: publication sources,Source frequency,International Medical Education,3,472,0.6,,,unique studies,studies with an exact DOI or OpenAlex-ID match,single response; mutually exclusive normalized publication source,58483951ebaed609e26a;7f84c902e862e25dbf2c;e2272dd53f2ee764e3a8,Normalization key: openalex:https://openalex.org/s4387280660.
Exact-identifier metadata sensitivity: publication sources,Source frequency,Journal of surgical education,3,472,0.6,,,unique studies,studies with an exact DOI or OpenAlex-ID match,single response; mutually exclusive normalized publication source,1c5402a057ba8f451244;501d19c3bd3160083e8a;sci_1b84a9e2391f6779175c,Normalization key: openalex:https://openalex.org/s74622277.
Exact-identifier metadata sensitivity: publication sources,Source frequency,Medical Education,3,472,0.6,,,unique studies,studies with an exact DOI or OpenAlex-ID match,single response; mutually exclusive normalized publication source,1158803af3fb0ab9c072;5d6128771afb1cccb251;cc3c546075dc11e58802,Normalization key: openalex:https://openalex.org/s54816476.
Exact-identifier metadata sensitivity: publication sources,Source frequency,npj Digital Medicine,3,472,0.6,,,unique studies,studies with an exact DOI or OpenAlex-ID match,single response; mutually exclusive normalized publication source,aa05a5932f8ebb716574;adc1485c258278b24c4e;ea8e0a7c38a125bf8f1d,Normalization key: openalex:https://openalex.org/s4210195431.
Exact-identifier metadata sensitivity: publication sources,Source frequency,2024 Joint 13th International Conference on Soft Computing and Intelligent Systems and 25th International Symposium on Advanced Intelligent Systems (SCIS&ISIS),2,472,0.4,,,unique studies,studies with an exact DOI or OpenAlex-ID match,single response; mutually exclusive normalized publication source,859f96f4eca259cdb9e8;fcd1902a5e565b2d2fcc,Normalization key: name:2024 joint 13th international conference on soft computing and intelligent systems and 25th international symposium on advanced intelligent systems (scis&isis).
Exact-identifier metadata sensitivity: publication sources,Source frequency,Advances in Medical Education and Practice,2,472,0.4,,,unique studies,studies with an exact DOI or OpenAlex-ID match,single response; mutually exclusive normalized publication source,588316012a3f2d9b790a;9287cf74b213e44a489d,Normalization key: openalex:https://openalex.org/s2765062736.
Exact-identifier metadata sensitivity: publication sources,Source frequency,BMC Psychiatry,2,472,0.4,,,unique studies,studies with an exact DOI or OpenAlex-ID match,single response; mutually exclusive normalized publication source,2c33e3b00e199776ba05;be9dea9f8b093b59c0c4,Normalization key: openalex:https://openalex.org/s94610253.
Exact-identifier metadata sensitivity: publication sources,Source frequency,Chinese Journal of Nursing Education,0,472,0.0,,,unique studies,studies with an exact DOI or OpenAlex-ID match,single response; mutually exclusive normalized publication source,,Normalization key: name:chinese journal of nursing education.
Exact-identifier metadata sensitivity: publication sources,Source frequency,Currents in Pharmacy Teaching and Learning,2,472,0.4,,,unique studies,studies with an exact DOI or OpenAlex-ID match,single response; mutually exclusive normalized publication source,afc8c786ca5b65ba8c74;dcce0a8cef5543c4fec4,Normalization key: openalex:https://openalex.org/s41481881.
Exact-identifier metadata sensitivity: publication sources,Source frequency,Frontiers in Digital Health,2,472,0.4,,,unique studies,studies with an exact DOI or OpenAlex-ID match,single response; mutually exclusive normalized publication source,319d5b791f54df181b23;55c688efa556cdf3a77e,Normalization key: openalex:https://openalex.org/s4210170686.
Exact-identifier metadata sensitivity: publication sources,Source frequency,Frontiers in Public Health,2,472,0.4,,,unique studies,studies with an exact DOI or OpenAlex-ID match,single response; mutually exclusive normalized publication source,25591cbc3c2b21cbfbdf;48e2ce8734d9d1acb602,Normalization key: openalex:https://openalex.org/s2595931848.
Exact-identifier metadata sensitivity: publication sources,Source frequency,Healthcare,2,472,0.4,,,unique studies,studies with an exact DOI or OpenAlex-ID match,single response; mutually exclusive normalized publication source,59ac00c951a84da39213;5a18de075da6eacf874c,Normalization key: openalex:https://openalex.org/s4210214101.
Exact-identifier metadata sensitivity: publication sources,Source frequency,International Endodontic Journal,2,472,0.4,,,unique studies,studies with an exact DOI or OpenAlex-ID match,single response; mutually exclusive normalized publication source,e73b99fafd0009a6e927;sci_454fe3ad37947557e9a6,Normalization key: openalex:https://openalex.org/s50094856.
Exact-identifier metadata sensitivity: publication sources,Source frequency,JACCP JOURNAL OF THE AMERICAN COLLEGE OF CLINICAL PHARMACY,2,472,0.4,,,unique studies,studies with an exact DOI or OpenAlex-ID match,single response; mutually exclusive normalized publication source,03e1a6632b830e0512c9;1a8a9f25ccdf589f88f6,Normalization key: openalex:https://openalex.org/s4210206892.
Exact-identifier metadata sensitivity: publication sources,Source frequency,Journal of Doctoral Nursing Practice,2,472,0.4,,,unique studies,studies with an exact DOI or OpenAlex-ID match,single response; mutually exclusive normalized publication source,c301ce506b01b01e6207;ef046f239f256df5f180,Normalization key: openalex:https://openalex.org/s4210219983.
Exact-identifier metadata sensitivity: publication sources,Source frequency,Journal of Paramedic Practice,2,472,0.4,,,unique studies,studies with an exact DOI or OpenAlex-ID match,single response; mutually exclusive normalized publication source,a03df064164f1b54d1d5;b6f4bfb66f82ba008b32,Normalization key: openalex:https://openalex.org/s2764700125.
Exact-identifier metadata sensitivity: publication sources,Source frequency,Korean journal of medical education,2,472,0.4,,,unique studies,studies with an exact DOI or OpenAlex-ID match,single response; mutually exclusive normalized publication source,0a2c09d04e10e0478041;9d0e015a74d4a026b092,Normalization key: openalex:https://openalex.org/s194610430.
Exact-identifier metadata sensitivity: publication sources,Source frequency,Lecture notes in networks and systems,2,472,0.4,,,unique studies,studies with an exact DOI or OpenAlex-ID match,single response; mutually exclusive normalized publication source,72f2fcd3a833c8b6e39e;8a1c6e7038c447a20568,Normalization key: openalex:https://openalex.org/s4210169156.
Exact-identifier metadata sensitivity: publication sources,Source frequency,Nursing Reports,2,472,0.4,,,unique studies,studies with an exact DOI or OpenAlex-ID match,single response; mutually exclusive normalized publication source,4781da10664bc6a33ebc;b924bd45d30abb49831e,Normalization key: openalex:https://openalex.org/s4210184543.
Exact-identifier metadata sensitivity: publication sources,Source frequency,Plastic & Reconstructive Surgery Global Open,2,472,0.4,,,unique studies,studies with an exact DOI or OpenAlex-ID match,single response; mutually exclusive normalized publication source,843a6b1f2c79c1bd4273;c9defba9bce13454aa5f,Normalization key: openalex:https://openalex.org/s2754281505.
Exact-identifier metadata sensitivity: publication sources,Source frequency,PLoS ONE,2,472,0.4,,,unique studies,studies with an exact DOI or OpenAlex-ID match,single response; mutually exclusive normalized publication source,061a5c17950367156401;d2f64f874b70a189b145,Normalization key: openalex:https://openalex.org/s202381698.
Exact-identifier metadata sensitivity: publication sources,Source frequency,Proceedings of IMPRS,2,472,0.4,,,unique studies,studies with an exact DOI or OpenAlex-ID match,single response; mutually exclusive normalized publication source,0aea8997b3d07a3c7455;b94b9bcb1d96d93db9c0,Normalization key: openalex:https://openalex.org/s4210207624.
Exact-identifier metadata sensitivity: publication sources,Source frequency,Proceedings of the LAK26: 16th International Learning Analytics and Knowledge Conference,2,472,0.4,,,unique studies,studies with an exact DOI or OpenAlex-ID match,single response; mutually exclusive normalized publication source,302dee907e926e18ddba;d11ce96adb05741aef6d,Normalization key: name:proceedings of the lak26: 16th international learning analytics and knowledge conference.
Exact-identifier metadata sensitivity: publication sources,Source frequency,PubMed,2,472,0.4,,,unique studies,studies with an exact DOI or OpenAlex-ID match,single response; mutually exclusive normalized publication source,035291e867ecf965f467;8bece1a102e2fe87b74e,Normalization key: openalex:https://openalex.org/s4306525036.
Exact-identifier metadata sensitivity: publication sources,Source frequency,Radiography,2,472,0.4,,,unique studies,studies with an exact DOI or OpenAlex-ID match,single response; mutually exclusive normalized publication source,633dafafd7b2de3e7ad0;sci_d54eaf2ee85c6160a060,Normalization key: openalex:https://openalex.org/s127482523.
Exact-identifier metadata sensitivity: publication sources,Source frequency,Research Square,2,472,0.4,,,unique studies,studies with an exact DOI or OpenAlex-ID match,single response; mutually exclusive normalized publication source,15b1e2fee67db58575b7;ac37bfba546f78614410,Normalization key: openalex:https://openalex.org/s4306525896.
Exact-identifier metadata sensitivity: publication sources,Source frequency,Teaching and learning in nursing,2,472,0.4,,,unique studies,studies with an exact DOI or OpenAlex-ID match,single response; mutually exclusive normalized publication source,adf94a39c16c36a40d45;sci_49f3e83303945c5d95da,Normalization key: openalex:https://openalex.org/s167068830.
Exact-identifier metadata sensitivity: publication sources,Source frequency,The Hearing Journal,2,472,0.4,,,unique studies,studies with an exact DOI or OpenAlex-ID match,single response; mutually exclusive normalized publication source,0835d7fde9c090ca963c;6457c6be7c6ba150ede6,Normalization key: openalex:https://openalex.org/s2764881414.
Exact-identifier metadata sensitivity: publication sources,Source frequency,Zenodo (CERN European Organization for Nuclear Research),2,472,0.4,,,unique studies,studies with an exact DOI or OpenAlex-ID match,single response; mutually exclusive normalized publication source,1131dfab50144331e92a;d290e5bf22b00e731795,Normalization key: openalex:https://openalex.org/s4306400562.
Exact-identifier metadata sensitivity: publication sources,Source frequency,16th International Learning Analytics and Knowledge Conference Lak 2026,1,472,0.2,,,unique studies,studies with an exact DOI or OpenAlex-ID match,single response; mutually exclusive normalized publication source,sci_b852c26f48dfbf482b84,Normalization key: name:16th international learning analytics and knowledge conference lak 2026.
Exact-identifier metadata sensitivity: publication sources,Source frequency,2024 IEEE International Conference on Big Data (BigData),1,472,0.2,,,unique studies,studies with an exact DOI or OpenAlex-ID match,single response; mutually exclusive normalized publication source,8616afb3ca85007ec9d7,Normalization key: name:2024 ieee international conference on big data (bigdata).
Exact-identifier metadata sensitivity: publication sources,Source frequency,"2024 International Conference on System, Computation, Automation and Networking (ICSCAN)",1,472,0.2,,,unique studies,studies with an exact DOI or OpenAlex-ID match,single response; mutually exclusive normalized publication source,416753b67d9e900455c8,"Normalization key: name:2024 international conference on system, computation, automation and networking (icscan)."
Exact-identifier metadata sensitivity: publication sources,Source frequency,2025 10th International Conference on Information Technology and Digital Application (ICITDA),1,472,0.2,,,unique studies,studies with an exact DOI or OpenAlex-ID match,single response; mutually exclusive normalized publication source,36878122d89a1f0ba51c,Normalization key: name:2025 10th international conference on information technology and digital application (icitda).
Exact-identifier metadata sensitivity: publication sources,Source frequency,2025 27th Symposium on Virtual and Augmented Reality (SVR),1,472,0.2,,,unique studies,studies with an exact DOI or OpenAlex-ID match,single response; mutually exclusive normalized publication source,1c9542cefba3287a5281,Normalization key: name:2025 27th symposium on virtual and augmented reality (svr).
Exact-identifier metadata sensitivity: publication sources,Source frequency,2025 5th International Conference on Artificial Intelligence and Signal Processing (AISP),1,472,0.2,,,unique studies,studies with an exact DOI or OpenAlex-ID match,single response; mutually exclusive normalized publication source,5b356113a239c62ba5ac,Normalization key: name:2025 5th international conference on artificial intelligence and signal processing (aisp).
Exact-identifier metadata sensitivity: publication sources,Source frequency,2025 IEEE 9th International Conference on Information and Communication Technology (CICT),1,472,0.2,,,unique studies,studies with an exact DOI or OpenAlex-ID match,single response; mutually exclusive normalized publication source,3e3d7476a0d0198a12a3,Normalization key: name:2025 ieee 9th international conference on information and communication technology (cict).
Exact-identifier metadata sensitivity: publication sources,Source frequency,2025 IEEE Conference on Artificial Intelligence (CAI),1,472,0.2,,,unique studies,studies with an exact DOI or OpenAlex-ID match,single response; mutually exclusive normalized publication source,758d651bc8d5020199f1,Normalization key: name:2025 ieee conference on artificial intelligence (cai).
Exact-identifier metadata sensitivity: publication sources,Source frequency,2025 IEEE Conference on Serious Games and Applications for Health (SeGAH),1,472,0.2,,,unique studies,studies with an exact DOI or OpenAlex-ID match,single response; mutually exclusive normalized publication source,30b04ea7e17c283383c8,Normalization key: name:2025 ieee conference on serious games and applications for health (segah).
Exact-identifier metadata sensitivity: publication sources,Source frequency,"2025 IEEE Gaming, Entertainment, and Media Conference (GEM)",1,472,0.2,,,unique studies,studies with an exact DOI or OpenAlex-ID match,single response; mutually exclusive normalized publication source,4fed0ae03cd7415c40f4,"Normalization key: name:2025 ieee gaming, entertainment, and media conference (gem)."
Exact-identifier metadata sensitivity: publication sources,Source frequency,"2025 IEEE International Conference on Systems, Man, and Cybernetics (SMC)",1,472,0.2,,,unique studies,studies with an exact DOI or OpenAlex-ID match,single response; mutually exclusive normalized publication source,1a1d7801effe1e2b850a,"Normalization key: name:2025 ieee international conference on systems, man, and cybernetics (smc)."
Exact-identifier metadata sensitivity: publication sources,Source frequency,"2025 IEEE International Conference on Teaching, Assessment, and Learning for Engineering (TALE)",1,472,0.2,,,unique studies,studies with an exact DOI or OpenAlex-ID match,single response; mutually exclusive normalized publication source,ead3628c23fe3e244e24,"Normalization key: name:2025 ieee international conference on teaching, assessment, and learning for engineering (tale)."
Exact-identifier metadata sensitivity: publication sources,Source frequency,2025 IEEE International Symposium on Mixed and Augmented Reality Adjunct (ISMAR-Adjunct),1,472,0.2,,,unique studies,studies with an exact DOI or OpenAlex-ID match,single response; mutually exclusive normalized publication source,1557e783fc8af1e8fdd6,Normalization key: name:2025 ieee international symposium on mixed and augmented reality adjunct (ismar-adjunct).
Exact-identifier metadata sensitivity: publication sources,Source frequency,2025 International Conference on Smart Learning Courses Scme 2025,1,472,0.2,,,unique studies,studies with an exact DOI or OpenAlex-ID match,single response; mutually exclusive normalized publication source,sci_0f0b074ee785f63a5645,Normalization key: name:2025 international conference on smart learning courses scme 2025.
Exact-identifier metadata sensitivity: publication sources,Source frequency,2025 International Joint Conference on Neural Networks (IJCNN),1,472,0.2,,,unique studies,studies with an exact DOI or OpenAlex-ID match,single response; mutually exclusive normalized publication source,df4adbef2a265890959e,Normalization key: name:2025 international joint conference on neural networks (ijcnn).
Exact-identifier metadata sensitivity: publication sources,Source frequency,2025 International Workshop on Artificial Intelligence and Education (WAIE),1,472,0.2,,,unique studies,studies with an exact DOI or OpenAlex-ID match,single response; mutually exclusive normalized publication source,437f09a0c472e4ba343e,Normalization key: name:2025 international workshop on artificial intelligence and education (waie).
Exact-identifier metadata sensitivity: publication sources,Source frequency,2025 Medical Technologies Congress (TIPTEKNO),1,472,0.2,,,unique studies,studies with an exact DOI or OpenAlex-ID match,single response; mutually exclusive normalized publication source,86f76ce0ac18d03915b2,Normalization key: name:2025 medical technologies congress (tiptekno).
Exact-identifier metadata sensitivity: publication sources,Source frequency,2026 12th International Conference of the Immersive Learning Research Network (iLRN) Proceedings - Selected Academic Contributions,1,472,0.2,,,unique studies,studies with an exact DOI or OpenAlex-ID match,single response; mutually exclusive normalized publication source,b608f772e32f2dbbff5e,Normalization key: name:2026 12th international conference of the immersive learning research network (ilrn) proceedings - selected academic contributions.
Exact-identifier metadata sensitivity: publication sources,Source frequency,2026 14th International Conference on Information and Education Technology (ICIET),1,472,0.2,,,unique studies,studies with an exact DOI or OpenAlex-ID match,single response; mutually exclusive normalized publication source,539c65e906ee41f3eabf,Normalization key: name:2026 14th international conference on information and education technology (iciet).
Exact-identifier metadata sensitivity: publication sources,Source frequency,2026 IEEE Conference on Artificial Intelligence (CAI),1,472,0.2,,,unique studies,studies with an exact DOI or OpenAlex-ID match,single response; mutually exclusive normalized publication source,4eabef99b9ccb8ef8fd4,Normalization key: name:2026 ieee conference on artificial intelligence (cai).
Exact-identifier metadata sensitivity: publication sources,Source frequency,2026 IEEE International Conference on Artificial Intelligence and eXtended and Virtual Reality (AIxVR),1,472,0.2,,,unique studies,studies with an exact DOI or OpenAlex-ID match,single response; mutually exclusive normalized publication source,37a099d4d3aa15cafaa9,Normalization key: name:2026 ieee international conference on artificial intelligence and extended and virtual reality (aixvr).
Exact-identifier metadata sensitivity: publication sources,Source frequency,Academic Radiology,1,472,0.2,,,unique studies,studies with an exact DOI or OpenAlex-ID match,single response; mutually exclusive normalized publication source,ec6081495209898a9c42,Normalization key: openalex:https://openalex.org/s182038535.
Exact-identifier metadata sensitivity: publication sources,Source frequency,ACM Transactions on Computing for Healthcare,1,472,0.2,,,unique studies,studies with an exact DOI or OpenAlex-ID match,single response; mutually exclusive normalized publication source,bc52d7f8f145e43beefc,Normalization key: openalex:https://openalex.org/s4210174653.
Exact-identifier metadata sensitivity: publication sources,Source frequency,Advances in Education,1,472,0.2,,,unique studies,studies with an exact DOI or OpenAlex-ID match,single response; mutually exclusive normalized publication source,bda47b5b58b47ca77285,Normalization key: openalex:https://openalex.org/s2764477435.
Exact-identifier metadata sensitivity: publication sources,Source frequency,Advances in healthcare information systems and administration book series,1,472,0.2,,,unique studies,studies with an exact DOI or OpenAlex-ID match,single response; mutually exclusive normalized publication source,5966d1a884499670acf2,Normalization key: openalex:https://openalex.org/s4210171330.
Exact-identifier metadata sensitivity: publication sources,Source frequency,AEM Education and Training,1,472,0.2,,,unique studies,studies with an exact DOI or OpenAlex-ID match,single response; mutually exclusive normalized publication source,039798e4f1498c17cf82,Normalization key: openalex:https://openalex.org/s4210216950.
Exact-identifier metadata sensitivity: publication sources,Source frequency,AI in Medicine,1,472,0.2,,,unique studies,studies with an exact DOI or OpenAlex-ID match,single response; mutually exclusive normalized publication source,91738aa3fb8146efb96d,Normalization key: openalex:https://openalex.org/s5407053518.
Exact-identifier metadata sensitivity: publication sources,Source frequency,AME Surgical Journal,1,472,0.2,,,unique studies,studies with an exact DOI or OpenAlex-ID match,single response; mutually exclusive normalized publication source,sci_6840c15b05b568f05153,Normalization key: openalex:https://openalex.org/s4210217574.
Exact-identifier metadata sensitivity: publication sources,Source frequency,Anesthesiology,1,472,0.2,,,unique studies,studies with an exact DOI or OpenAlex-ID match,single response; mutually exclusive normalized publication source,48a55d4cf5cff922481f,Normalization key: openalex:https://openalex.org/s124035732.
Exact-identifier metadata sensitivity: publication sources,Source frequency,Annual Review of Cybertherapy and Telemedicine,0,472,0.0,,,unique studies,studies with an exact DOI or OpenAlex-ID match,single response; mutually exclusive normalized publication source,,Normalization key: name:annual review of cybertherapy and telemedicine.
Exact-identifier metadata sensitivity: publication sources,Source frequency,Archives for Technical Sciences,1,472,0.2,,,unique studies,studies with an exact DOI or OpenAlex-ID match,single response; mutually exclusive normalized publication source,eb6afac746ee34d7a37f,Normalization key: openalex:https://openalex.org/s4210184121.
Exact-identifier metadata sensitivity: publication sources,Source frequency,Archives of Disease in Childhood,1,472,0.2,,,unique studies,studies with an exact DOI or OpenAlex-ID match,single response; mutually exclusive normalized publication source,b4fa4675ffa2674da6e1,Normalization key: openalex:https://openalex.org/s207294652.
Exact-identifier metadata sensitivity: publication sources,Source frequency,Arthritis Care & Research,1,472,0.2,,,unique studies,studies with an exact DOI or OpenAlex-ID match,single response; mutually exclusive normalized publication source,bb3a5362f067d65fc98d,Normalization key: openalex:https://openalex.org/s13698240.
Exact-identifier metadata sensitivity: publication sources,Source frequency,Artificial Intelligence in Health,1,472,0.2,,,unique studies,studies with an exact DOI or OpenAlex-ID match,single response; mutually exclusive normalized publication source,sci_f57abde71790ef1bc83d,Normalization key: openalex:https://openalex.org/s5407045065.
Exact-identifier metadata sensitivity: publication sources,Source frequency,ArXiv,0,472,0.0,,,unique studies,studies with an exact DOI or OpenAlex-ID match,single response; mutually exclusive normalized publication source,,Normalization key: name:arxiv.
Exact-identifier metadata sensitivity: publication sources,Source frequency,ASCILITE Publications,1,472,0.2,,,unique studies,studies with an exact DOI or OpenAlex-ID match,single response; mutually exclusive normalized publication source,33fa7a94d105663796d8,Normalization key: openalex:https://openalex.org/s4387284248.
Exact-identifier metadata sensitivity: publication sources,Source frequency,Asian Conference on Education official conference proceedings/ACE,1,472,0.2,,,unique studies,studies with an exact DOI or OpenAlex-ID match,single response; mutually exclusive normalized publication source,32c1dcd0212f833ee125,Normalization key: openalex:https://openalex.org/s4220651177.
Exact-identifier metadata sensitivity: publication sources,Source frequency,Behavioral Sciences,1,472,0.2,,,unique studies,studies with an exact DOI or OpenAlex-ID match,single response; mutually exclusive normalized publication source,sci_a8f02e0b2a448efff5e6,Normalization key: openalex:https://openalex.org/s4210194710.
Exact-identifier metadata sensitivity: publication sources,Source frequency,BMC Anesthesiology,1,472,0.2,,,unique studies,studies with an exact DOI or OpenAlex-ID match,single response; mutually exclusive normalized publication source,34ab5ecef79b768723f6,Normalization key: openalex:https://openalex.org/s197988427.
Exact-identifier metadata sensitivity: publication sources,Source frequency,BMC Research Notes,1,472,0.2,,,unique studies,studies with an exact DOI or OpenAlex-ID match,single response; mutually exclusive normalized publication source,713e417da7d85579b2d1,Normalization key: openalex:https://openalex.org/s100014455.
Exact-identifier metadata sensitivity: publication sources,Source frequency,British Journal of Cardiac Nursing,1,472,0.2,,,unique studies,studies with an exact DOI or OpenAlex-ID match,single response; mutually exclusive normalized publication source,06baad752a52246f7f43,Normalization key: openalex:https://openalex.org/s83245930.
Exact-identifier metadata sensitivity: publication sources,Source frequency,British Journal of Dermatology,1,472,0.2,,,unique studies,studies with an exact DOI or OpenAlex-ID match,single response; mutually exclusive normalized publication source,8094cb5448e9c4e2f371,Normalization key: openalex:https://openalex.org/s45720283.
Exact-identifier metadata sensitivity: publication sources,Source frequency,British journal of surgery,1,472,0.2,,,unique studies,studies with an exact DOI or OpenAlex-ID match,single response; mutually exclusive normalized publication source,c98aa2499bea62fd3f2a,Normalization key: openalex:https://openalex.org/s61740008.
Exact-identifier metadata sensitivity: publication sources,Source frequency,Canadian Medical Education Journal,1,472,0.2,,,unique studies,studies with an exact DOI or OpenAlex-ID match,single response; mutually exclusive normalized publication source,243562012607f7033171,Normalization key: openalex:https://openalex.org/s2764494900.
Exact-identifier metadata sensitivity: publication sources,Source frequency,Case Reports and Reviews,1,472,0.2,,,unique studies,studies with an exact DOI or OpenAlex-ID match,single response; mutually exclusive normalized publication source,a44cf2193e8756673fa7,Normalization key: openalex:https://openalex.org/s4210184617.
Exact-identifier metadata sensitivity: publication sources,Source frequency,CIN Computers Informatics Nursing,1,472,0.2,,,unique studies,studies with an exact DOI or OpenAlex-ID match,single response; mutually exclusive normalized publication source,e4caff2128dfb4f4ac0c,Normalization key: openalex:https://openalex.org/s92758036.
Exact-identifier metadata sensitivity: publication sources,Source frequency,Clinical and Experimental Optometry,1,472,0.2,,,unique studies,studies with an exact DOI or OpenAlex-ID match,single response; mutually exclusive normalized publication source,54972cda535948a803e8,Normalization key: openalex:https://openalex.org/s110643388.
Exact-identifier metadata sensitivity: publication sources,Source frequency,Clinical Kidney Journal,1,472,0.2,,,unique studies,studies with an exact DOI or OpenAlex-ID match,single response; mutually exclusive normalized publication source,03345c1deb2aad29820e,Normalization key: openalex:https://openalex.org/s117236744.
Exact-identifier metadata sensitivity: publication sources,Source frequency,Communications Medicine,1,472,0.2,,,unique studies,studies with an exact DOI or OpenAlex-ID match,single response; mutually exclusive normalized publication source,d977c356ff57ab060fef,Normalization key: openalex:https://openalex.org/s4210167893.
Exact-identifier metadata sensitivity: publication sources,Source frequency,Companion of the 2024 ACM/IEEE International Conference on Human-Robot Interaction,1,472,0.2,,,unique studies,studies with an exact DOI or OpenAlex-ID match,single response; mutually exclusive normalized publication source,538dc624d4f06d86f6a2,Normalization key: name:companion of the 2024 acm/ieee international conference on human-robot interaction.
Exact-identifier metadata sensitivity: publication sources,Source frequency,Companion Publication of the 2025 Conference on Computer-Supported Cooperative Work and Social Computing,1,472,0.2,,,unique studies,studies with an exact DOI or OpenAlex-ID match,single response; mutually exclusive normalized publication source,72c30900482428bf1e49,Normalization key: name:companion publication of the 2025 conference on computer-supported cooperative work and social computing.
Exact-identifier metadata sensitivity: publication sources,Source frequency,Computational and Structural Biotechnology Journal,1,472,0.2,,,unique studies,studies with an exact DOI or OpenAlex-ID match,single response; mutually exclusive normalized publication source,432422a165ddc6a24c2f,Normalization key: openalex:https://openalex.org/s2764539591.
Exact-identifier metadata sensitivity: publication sources,Source frequency,Computer,1,472,0.2,,,unique studies,studies with an exact DOI or OpenAlex-ID match,single response; mutually exclusive normalized publication source,e3ee954b5290b4f74f0b,Normalization key: openalex:https://openalex.org/s178916657.
Exact-identifier metadata sensitivity: publication sources,Source frequency,Computer Methods and Programs in Biomedicine,1,472,0.2,,,unique studies,studies with an exact DOI or OpenAlex-ID match,single response; mutually exclusive normalized publication source,f2be4ac5256845407914,Normalization key: openalex:https://openalex.org/s138959710.
Exact-identifier metadata sensitivity: publication sources,Source frequency,Computer-supported collaborative learning/The Computer-Supported Collaborative Learning Conference,1,472,0.2,,,unique studies,studies with an exact DOI or OpenAlex-ID match,single response; mutually exclusive normalized publication source,43f6ad0fa6f4597d56fc,Normalization key: openalex:https://openalex.org/s4210204758.
Exact-identifier metadata sensitivity: publication sources,Source frequency,Computers in Human Behavior Artificial Humans,1,472,0.2,,,unique studies,studies with an exact DOI or OpenAlex-ID match,single response; mutually exclusive normalized publication source,e4a287ed511b7be9baa5,Normalization key: openalex:https://openalex.org/s4387287529.
Exact-identifier metadata sensitivity: publication sources,Source frequency,Conference on Human Factors in Computing Systems Proceedings,1,472,0.2,,,unique studies,studies with an exact DOI or OpenAlex-ID match,single response; mutually exclusive normalized publication source,sci_93a452609f10d60e9d33,Normalization key: name:conference on human factors in computing systems proceedings.
Exact-identifier metadata sensitivity: publication sources,Source frequency,Counselling and Psychotherapy Research,1,472,0.2,,,unique studies,studies with an exact DOI or OpenAlex-ID match,single response; mutually exclusive normalized publication source,4dcbdf4bf0f5a9a6c8c8,Normalization key: openalex:https://openalex.org/s48298795.
Exact-identifier metadata sensitivity: publication sources,Source frequency,Cureus Journal of Computer Science.,1,472,0.2,,,unique studies,studies with an exact DOI or OpenAlex-ID match,single response; mutually exclusive normalized publication source,19e84bd61f0782eec51c,Normalization key: openalex:https://openalex.org/s4404677308.
Exact-identifier metadata sensitivity: publication sources,Source frequency,Current Opinion in Epidemiology and Public Health,1,472,0.2,,,unique studies,studies with an exact DOI or OpenAlex-ID match,single response; mutually exclusive normalized publication source,12a5244797e0de4599d0,Normalization key: openalex:https://openalex.org/s4387291447.
Exact-identifier metadata sensitivity: publication sources,Source frequency,Current Opinion in Urology,1,472,0.2,,,unique studies,studies with an exact DOI or OpenAlex-ID match,single response; mutually exclusive normalized publication source,166aa3cc368ebd076b91,Normalization key: openalex:https://openalex.org/s110589544.
Exact-identifier metadata sensitivity: publication sources,Source frequency,Current Problems in Diagnostic Radiology,1,472,0.2,,,unique studies,studies with an exact DOI or OpenAlex-ID match,single response; mutually exclusive normalized publication source,e5304eeb960c6393b03a,Normalization key: openalex:https://openalex.org/s151836202.
Exact-identifier metadata sensitivity: publication sources,Source frequency,Diabetic Medicine,1,472,0.2,,,unique studies,studies with an exact DOI or OpenAlex-ID match,single response; mutually exclusive normalized publication source,f54e36609097c96e8b6d,Normalization key: openalex:https://openalex.org/s72944096.
Exact-identifier metadata sensitivity: publication sources,Source frequency,Digital Creativity,1,472,0.2,,,unique studies,studies with an exact DOI or OpenAlex-ID match,single response; mutually exclusive normalized publication source,9eb3b25f5e4e48cdcb6a,Normalization key: openalex:https://openalex.org/s72842422.
Exact-identifier metadata sensitivity: publication sources,Source frequency,Discover Artificial Intelligence,1,472,0.2,,,unique studies,studies with an exact DOI or OpenAlex-ID match,single response; mutually exclusive normalized publication source,9b5ff9099d241db5f86a,Normalization key: openalex:https://openalex.org/s4210220416.
Exact-identifier metadata sensitivity: publication sources,Source frequency,Discover Education,1,472,0.2,,,unique studies,studies with an exact DOI or OpenAlex-ID match,single response; mutually exclusive normalized publication source,2972cffe675ec25e930c,Normalization key: openalex:https://openalex.org/s4387280196.
Exact-identifier metadata sensitivity: publication sources,Source frequency,DR-NTU (Nanyang Technological University),1,472,0.2,,,unique studies,studies with an exact DOI or OpenAlex-ID match,single response; mutually exclusive normalized publication source,35ffd2cef7df5e4ea7fc,Normalization key: openalex:https://openalex.org/s4306402609.
Exact-identifier metadata sensitivity: publication sources,Source frequency,Educación Médica,1,472,0.2,,,unique studies,studies with an exact DOI or OpenAlex-ID match,single response; mutually exclusive normalized publication source,6d85b580a0562cc121d4,Normalization key: openalex:https://openalex.org/s2898578271.
Exact-identifier metadata sensitivity: publication sources,Source frequency,Education Sciences,1,472,0.2,,,unique studies,studies with an exact DOI or OpenAlex-ID match,single response; mutually exclusive normalized publication source,107a276748b6c98a2e50,Normalization key: openalex:https://openalex.org/s2738008561.
Exact-identifier metadata sensitivity: publication sources,Source frequency,Educação & Inovação,1,472,0.2,,,unique studies,studies with an exact DOI or OpenAlex-ID match,single response; mutually exclusive normalized publication source,fc535dce265384650ae6,Normalization key: openalex:https://openalex.org/s5407049739.
Exact-identifier metadata sensitivity: publication sources,Source frequency,EIJRIHS,1,472,0.2,,,unique studies,studies with an exact DOI or OpenAlex-ID match,single response; mutually exclusive normalized publication source,681bba8e632d1614f426,Normalization key: openalex:https://openalex.org/s7407062598.
Exact-identifier metadata sensitivity: publication sources,Source frequency,Electronics,1,472,0.2,,,unique studies,studies with an exact DOI or OpenAlex-ID match,single response; mutually exclusive normalized publication source,47160b043b610b447eca,Normalization key: openalex:https://openalex.org/s4210202905.
Exact-identifier metadata sensitivity: publication sources,Source frequency,Emnlp 2024 2024 Conference on Empirical Methods in Natural Language Processing Proceedings of the Conference,1,472,0.2,,,unique studies,studies with an exact DOI or OpenAlex-ID match,single response; mutually exclusive normalized publication source,sci_637ee1f73b6fd5027d1c,Normalization key: name:emnlp 2024 2024 conference on empirical methods in natural language processing proceedings of the conference.
Exact-identifier metadata sensitivity: publication sources,Source frequency,European Conference on Games Based Learning,1,472,0.2,,,unique studies,studies with an exact DOI or OpenAlex-ID match,single response; mutually exclusive normalized publication source,886368e8c3c194de3abd,Normalization key: openalex:https://openalex.org/s4386872478.
Exact-identifier metadata sensitivity: publication sources,Source frequency,European Conference on Modelling and Simulation,1,472,0.2,,,unique studies,studies with an exact DOI or OpenAlex-ID match,single response; mutually exclusive normalized publication source,ae74530d7e9fa7f91f65,Normalization key: name:european conference on modelling and simulation.
Exact-identifier metadata sensitivity: publication sources,Source frequency,European Heart Journal - Digital Health,1,472,0.2,,,unique studies,studies with an exact DOI or OpenAlex-ID match,single response; mutually exclusive normalized publication source,81e99943a71c35f1b5e2,Normalization key: openalex:https://openalex.org/s4210220198.
Exact-identifier metadata sensitivity: publication sources,Source frequency,European Journal Of Dental Education,1,472,0.2,,,unique studies,studies with an exact DOI or OpenAlex-ID match,single response; mutually exclusive normalized publication source,fa24b39d9c9c2f6142d6,Normalization key: openalex:https://openalex.org/s158472458.
Exact-identifier metadata sensitivity: publication sources,Source frequency,European Journal of Education and Pedagogy,1,472,0.2,,,unique studies,studies with an exact DOI or OpenAlex-ID match,single response; mutually exclusive normalized publication source,f1b256cdccd6208d0cc8,Normalization key: openalex:https://openalex.org/s4210221783.
Exact-identifier metadata sensitivity: publication sources,Source frequency,European Journal of Investigation in Health Psychology and Education,1,472,0.2,,,unique studies,studies with an exact DOI or OpenAlex-ID match,single response; mutually exclusive normalized publication source,98c23d01b9fb23bd43c4,Normalization key: openalex:https://openalex.org/s2739472552.
Exact-identifier metadata sensitivity: publication sources,Source frequency,European journal of training and development,1,472,0.2,,,unique studies,studies with an exact DOI or OpenAlex-ID match,single response; mutually exclusive normalized publication source,70cb1e0a134b7f41b447,Normalization key: openalex:https://openalex.org/s2764516016.
Exact-identifier metadata sensitivity: publication sources,Source frequency,European Psychiatry,1,472,0.2,,,unique studies,studies with an exact DOI or OpenAlex-ID match,single response; mutually exclusive normalized publication source,ea35181a48e801132195,Normalization key: openalex:https://openalex.org/s87202501.
Exact-identifier metadata sensitivity: publication sources,Source frequency,European Stroke Journal,1,472,0.2,,,unique studies,studies with an exact DOI or OpenAlex-ID match,single response; mutually exclusive normalized publication source,593c7da1de5e9f26b59d,Normalization key: openalex:https://openalex.org/s4210181306.
Exact-identifier metadata sensitivity: publication sources,Source frequency,Ewha Medical Journal,1,472,0.2,,,unique studies,studies with an exact DOI or OpenAlex-ID match,single response; mutually exclusive normalized publication source,654de90417901825feeb,Normalization key: openalex:https://openalex.org/s2764859838.
Exact-identifier metadata sensitivity: publication sources,Source frequency,Family Medicine,1,472,0.2,,,unique studies,studies with an exact DOI or OpenAlex-ID match,single response; mutually exclusive normalized publication source,d02cfb250e397dd52db5,Normalization key: openalex:https://openalex.org/s126771428.
Exact-identifier metadata sensitivity: publication sources,Source frequency,Fortune Journal of Health Sciences,1,472,0.2,,,unique studies,studies with an exact DOI or OpenAlex-ID match,single response; mutually exclusive normalized publication source,aea68236a77645892d74,Normalization key: openalex:https://openalex.org/s4210193786.
Exact-identifier metadata sensitivity: publication sources,Source frequency,Forum of Public Safety and Culture,1,472,0.2,,,unique studies,studies with an exact DOI or OpenAlex-ID match,single response; mutually exclusive normalized publication source,f6df2d018d41c258414a,Normalization key: openalex:https://openalex.org/s4210221518.
Exact-identifier metadata sensitivity: publication sources,Source frequency,Future Healthcare Journal,1,472,0.2,,,unique studies,studies with an exact DOI or OpenAlex-ID match,single response; mutually exclusive normalized publication source,ff3b7f48f6f586cf90b7,Normalization key: openalex:https://openalex.org/s4210167701.
Exact-identifier metadata sensitivity: publication sources,Source frequency,Gastroenterology,1,472,0.2,,,unique studies,studies with an exact DOI or OpenAlex-ID match,single response; mutually exclusive normalized publication source,c6db1164aeacaa778bd4,Normalization key: openalex:https://openalex.org/s143352558.
Exact-identifier metadata sensitivity: publication sources,Source frequency,Gesellschaft für Informatik (GI),1,472,0.2,,,unique studies,studies with an exact DOI or OpenAlex-ID match,single response; mutually exclusive normalized publication source,sci_0deb435b497fb81c6d22,Normalization key: openalex:https://openalex.org/s7407052918.
Exact-identifier metadata sensitivity: publication sources,Source frequency,Global Medical Education,1,472,0.2,,,unique studies,studies with an exact DOI or OpenAlex-ID match,single response; mutually exclusive normalized publication source,0b386fbba1d6908a565d,Normalization key: openalex:https://openalex.org/s4394708419.
Exact-identifier metadata sensitivity: publication sources,Source frequency,Global Surgical Education - Journal of the Association for Surgical Education,1,472,0.2,,,unique studies,studies with an exact DOI or OpenAlex-ID match,single response; mutually exclusive normalized publication source,79301031755b16db8fe6,Normalization key: openalex:https://openalex.org/s4210206578.
Exact-identifier metadata sensitivity: publication sources,Source frequency,Health and Ecology Issues,1,472,0.2,,,unique studies,studies with an exact DOI or OpenAlex-ID match,single response; mutually exclusive normalized publication source,8a18fabf9cf9be3f8a36,Normalization key: openalex:https://openalex.org/s4210212103.
Exact-identifier metadata sensitivity: publication sources,Source frequency,Health Professions Education,1,472,0.2,,,unique studies,studies with an exact DOI or OpenAlex-ID match,single response; mutually exclusive normalized publication source,49bb4b3f2e5c7a1a3f92,Normalization key: openalex:https://openalex.org/s2898264183.
Exact-identifier metadata sensitivity: publication sources,Source frequency,Healthcare Administration Leadership & Management Journal,1,472,0.2,,,unique studies,studies with an exact DOI or OpenAlex-ID match,single response; mutually exclusive normalized publication source,50e4613efeaaadc861f8,Normalization key: openalex:https://openalex.org/s4387286451.
Exact-identifier metadata sensitivity: publication sources,Source frequency,Huli yanjiu,0,472,0.0,,,unique studies,studies with an exact DOI or OpenAlex-ID match,single response; mutually exclusive normalized publication source,,Normalization key: name:huli yanjiu.
Exact-identifier metadata sensitivity: publication sources,Source frequency,IEEE Access,1,472,0.2,,,unique studies,studies with an exact DOI or OpenAlex-ID match,single response; mutually exclusive normalized publication source,2f08c4b2b3acc1eaa9d5,Normalization key: openalex:https://openalex.org/s2485537415.
Exact-identifier metadata sensitivity: publication sources,Source frequency,IEICE Transactions on Information and Systems,1,472,0.2,,,unique studies,studies with an exact DOI or OpenAlex-ID match,single response; mutually exclusive normalized publication source,f31767356a0db5360a3d,Normalization key: openalex:https://openalex.org/s2486202937.
Exact-identifier metadata sensitivity: publication sources,Source frequency,Indian Journal of Anaesthesia,1,472,0.2,,,unique studies,studies with an exact DOI or OpenAlex-ID match,single response; mutually exclusive normalized publication source,6e06ede93e94c8f8e15c,Normalization key: openalex:https://openalex.org/s174280328.
Exact-identifier metadata sensitivity: publication sources,Source frequency,Indian Journal of Palliative Care,1,472,0.2,,,unique studies,studies with an exact DOI or OpenAlex-ID match,single response; mutually exclusive normalized publication source,6fdf974a01dd27215f86,Normalization key: openalex:https://openalex.org/s204903767.
Exact-identifier metadata sensitivity: publication sources,Source frequency,Informatics,1,472,0.2,,,unique studies,studies with an exact DOI or OpenAlex-ID match,single response; mutually exclusive normalized publication source,a3991fd1e09daca82f29,Normalization key: openalex:https://openalex.org/s2738238905.
Exact-identifier metadata sensitivity: publication sources,Source frequency,Innovation in Aging,1,472,0.2,,,unique studies,studies with an exact DOI or OpenAlex-ID match,single response; mutually exclusive normalized publication source,7f735724143207af94c1,Normalization key: openalex:https://openalex.org/s2735557189.
Exact-identifier metadata sensitivity: publication sources,Source frequency,INTED proceedings,1,472,0.2,,,unique studies,studies with an exact DOI or OpenAlex-ID match,single response; mutually exclusive normalized publication source,2dd7865e84af395616af,Normalization key: openalex:https://openalex.org/s4220650861.
Exact-identifier metadata sensitivity: publication sources,Source frequency,Intelligence-Based Medicine,1,472,0.2,,,unique studies,studies with an exact DOI or OpenAlex-ID match,single response; mutually exclusive normalized publication source,197361cc9246160f71a5,Normalization key: openalex:https://openalex.org/s4210227372.
Exact-identifier metadata sensitivity: publication sources,Source frequency,Interactive Learning Environments,1,472,0.2,,,unique studies,studies with an exact DOI or OpenAlex-ID match,single response; mutually exclusive normalized publication source,abda3007be07a5153c0c,Normalization key: openalex:https://openalex.org/s90466346.
Exact-identifier metadata sensitivity: publication sources,Source frequency,International Conference on Computer Supported Education Csedu Proceedings,1,472,0.2,,,unique studies,studies with an exact DOI or OpenAlex-ID match,single response; mutually exclusive normalized publication source,sci_aea73a0d6d3e592a48a0,Normalization key: name:international conference on computer supported education csedu proceedings.
Exact-identifier metadata sensitivity: publication sources,Source frequency,International Journal of Advanced Corporate Learning (iJAC),1,472,0.2,,,unique studies,studies with an exact DOI or OpenAlex-ID match,single response; mutually exclusive normalized publication source,af9edf1f4c2a0c11a5eb,Normalization key: openalex:https://openalex.org/s4210211470.
Exact-identifier metadata sensitivity: publication sources,Source frequency,International Journal of Applied Resilience and Sustainability,1,472,0.2,,,unique studies,studies with an exact DOI or OpenAlex-ID match,single response; mutually exclusive normalized publication source,78b358c1b1f53fdbc100,Normalization key: openalex:https://openalex.org/s5407056132.
Exact-identifier metadata sensitivity: publication sources,Source frequency,International Journal of Drug Delivery Technology,1,472,0.2,,,unique studies,studies with an exact DOI or OpenAlex-ID match,single response; mutually exclusive normalized publication source,a2fb845a99fa4f6e080c,Normalization key: openalex:https://openalex.org/s4210211336.
Exact-identifier metadata sensitivity: publication sources,Source frequency,International Journal of Educational Technology in Higher Education,1,472,0.2,,,unique studies,studies with an exact DOI or OpenAlex-ID match,single response; mutually exclusive normalized publication source,906c1e2afc9ab8dc6794,Normalization key: openalex:https://openalex.org/s4210201537.
Exact-identifier metadata sensitivity: publication sources,Source frequency,International Journal of Health Sciences,1,472,0.2,,,unique studies,studies with an exact DOI or OpenAlex-ID match,single response; mutually exclusive normalized publication source,afa9fe102dc8ed9bfaff,Normalization key: openalex:https://openalex.org/s4210179027.
Exact-identifier metadata sensitivity: publication sources,Source frequency,International Journal of Nursing Studies,1,472,0.2,,,unique studies,studies with an exact DOI or OpenAlex-ID match,single response; mutually exclusive normalized publication source,beedb370b817079634f7,Normalization key: openalex:https://openalex.org/s56493663.
Exact-identifier metadata sensitivity: publication sources,Source frequency,International Journal of Pharmacy Practice,1,472,0.2,,,unique studies,studies with an exact DOI or OpenAlex-ID match,single response; mutually exclusive normalized publication source,c8c9e4c672bea3a6d994,Normalization key: openalex:https://openalex.org/s63566508.
Exact-identifier metadata sensitivity: publication sources,Source frequency,International Journal of Research and Innovation in Social Science,1,472,0.2,,,unique studies,studies with an exact DOI or OpenAlex-ID match,single response; mutually exclusive normalized publication source,643ef34d4dd326d5b164,Normalization key: openalex:https://openalex.org/s4210198394.
Exact-identifier metadata sensitivity: publication sources,Source frequency,International Journal of Transformative Health Professions Education,1,472,0.2,,,unique studies,studies with an exact DOI or OpenAlex-ID match,single response; mutually exclusive normalized publication source,87dd3b9b5e7ef2d3f457,Normalization key: openalex:https://openalex.org/s5407046047.
Exact-identifier metadata sensitivity: publication sources,Source frequency,Iwsds 2026 16th International Workshop on Spoken Dialogue Systems Technology Proceedings of the Conference,0,472,0.0,,,unique studies,studies with an exact DOI or OpenAlex-ID match,single response; mutually exclusive normalized publication source,,Normalization key: name:iwsds 2026 16th international workshop on spoken dialogue systems technology proceedings of the conference.
Exact-identifier metadata sensitivity: publication sources,Source frequency,JMIR AI,1,472,0.2,,,unique studies,studies with an exact DOI or OpenAlex-ID match,single response; mutually exclusive normalized publication source,296fc2ba93325a6b3ed0,Normalization key: openalex:https://openalex.org/s4387286577.
Exact-identifier metadata sensitivity: publication sources,Source frequency,JMIR Medical Informatics,1,472,0.2,,,unique studies,studies with an exact DOI or OpenAlex-ID match,single response; mutually exclusive normalized publication source,038dc9e15385ce662149,Normalization key: openalex:https://openalex.org/s2764650051.
Exact-identifier metadata sensitivity: publication sources,Source frequency,JMIR Mental Health,1,472,0.2,,,unique studies,studies with an exact DOI or OpenAlex-ID match,single response; mutually exclusive normalized publication source,73f1b1dee9a19c0ea0af,Normalization key: openalex:https://openalex.org/s2764449704.
Exact-identifier metadata sensitivity: publication sources,Source frequency,Journal of Advanced Health Care,1,472,0.2,,,unique studies,studies with an exact DOI or OpenAlex-ID match,single response; mutually exclusive normalized publication source,7d5cb710e5a6901bbaaa,Normalization key: openalex:https://openalex.org/s4394735677.
Exact-identifier metadata sensitivity: publication sources,Source frequency,Journal of Athletic Training Education and Practice,1,472,0.2,,,unique studies,studies with an exact DOI or OpenAlex-ID match,single response; mutually exclusive normalized publication source,f917e0b66cef158b9df0,Normalization key: openalex:https://openalex.org/s5407048857.
Exact-identifier metadata sensitivity: publication sources,Source frequency,JOURNAL OF CLINICAL AND DIAGNOSTIC RESEARCH,1,472,0.2,,,unique studies,studies with an exact DOI or OpenAlex-ID match,single response; mutually exclusive normalized publication source,d6b29e9cea0c868cc28e,Normalization key: openalex:https://openalex.org/s2737465529.
Exact-identifier metadata sensitivity: publication sources,Source frequency,Journal of Clinical Nursing,1,472,0.2,,,unique studies,studies with an exact DOI or OpenAlex-ID match,single response; mutually exclusive normalized publication source,5dd47cd1855294dcfafd,Normalization key: openalex:https://openalex.org/s180106345.
Exact-identifier metadata sensitivity: publication sources,Source frequency,Journal of CME,1,472,0.2,,,unique studies,studies with an exact DOI or OpenAlex-ID match,single response; mutually exclusive normalized publication source,a2883a095e505041a802,Normalization key: openalex:https://openalex.org/s4387286312.
Exact-identifier metadata sensitivity: publication sources,Source frequency,Journal of Contemporary Educational Research,1,472,0.2,,,unique studies,studies with an exact DOI or OpenAlex-ID match,single response; mutually exclusive normalized publication source,fbcfe4a5c41e518e74ba,Normalization key: openalex:https://openalex.org/s4210177194.
Exact-identifier metadata sensitivity: publication sources,Source frequency,Journal of Cosmetic Dermatology,1,472,0.2,,,unique studies,studies with an exact DOI or OpenAlex-ID match,single response; mutually exclusive normalized publication source,598901438bbefd691625,Normalization key: openalex:https://openalex.org/s169297576.
Exact-identifier metadata sensitivity: publication sources,Source frequency,Journal of Counseling & Development,1,472,0.2,,,unique studies,studies with an exact DOI or OpenAlex-ID match,single response; mutually exclusive normalized publication source,sci_6140618886946efd3455,Normalization key: openalex:https://openalex.org/s1374498.
Exact-identifier metadata sensitivity: publication sources,Source frequency,Journal of Diseases Disorders & Treatments,1,472,0.2,,,unique studies,studies with an exact DOI or OpenAlex-ID match,single response; mutually exclusive normalized publication source,9d1c14070287793c215b,Normalization key: openalex:https://openalex.org/s5407027467.
Exact-identifier metadata sensitivity: publication sources,Source frequency,Journal of Education Health and Sport,1,472,0.2,,,unique studies,studies with an exact DOI or OpenAlex-ID match,single response; mutually exclusive normalized publication source,4ff984fed8d71f9ad381,Normalization key: openalex:https://openalex.org/s2737571363.
Exact-identifier metadata sensitivity: publication sources,Source frequency,Journal of Educational Evaluation for Health Professions,1,472,0.2,,,unique studies,studies with an exact DOI or OpenAlex-ID match,single response; mutually exclusive normalized publication source,1b913a0ed3ab13c6f644,Normalization key: openalex:https://openalex.org/s30317932.
Exact-identifier metadata sensitivity: publication sources,Source frequency,Journal of Health Informatics and Statistics,1,472,0.2,,,unique studies,studies with an exact DOI or OpenAlex-ID match,single response; mutually exclusive normalized publication source,4c10642623772d392b58,Normalization key: openalex:https://openalex.org/s4210198260.
Exact-identifier metadata sensitivity: publication sources,Source frequency,Journal of Healthcare Informatics Research,1,472,0.2,,,unique studies,studies with an exact DOI or OpenAlex-ID match,single response; mutually exclusive normalized publication source,db80308782a219cbea0e,Normalization key: openalex:https://openalex.org/s4210196546.
Exact-identifier metadata sensitivity: publication sources,Source frequency,Journal of Healthcare Simulation,1,472,0.2,,,unique studies,studies with an exact DOI or OpenAlex-ID match,single response; mutually exclusive normalized publication source,155acc9f21eba7b06b56,Normalization key: openalex:https://openalex.org/s5407050781.
Exact-identifier metadata sensitivity: publication sources,Source frequency,Journal of Information Systems Engineering & Management,1,472,0.2,,,unique studies,studies with an exact DOI or OpenAlex-ID match,single response; mutually exclusive normalized publication source,c6788113fb3c0b6f7bcf,Normalization key: openalex:https://openalex.org/s2737791640.
Exact-identifier metadata sensitivity: publication sources,Source frequency,Journal of Korean Society for Simulation in Nursing,1,472,0.2,,,unique studies,studies with an exact DOI or OpenAlex-ID match,single response; mutually exclusive normalized publication source,ce47d43f097c456cdf45,Normalization key: openalex:https://openalex.org/s4210172193.
Exact-identifier metadata sensitivity: publication sources,Source frequency,Journal of Medical Education and Curricular Development,1,472,0.2,,,unique studies,studies with an exact DOI or OpenAlex-ID match,single response; mutually exclusive normalized publication source,27940ac9615817e019e3,Normalization key: openalex:https://openalex.org/s4210239328.
Exact-identifier metadata sensitivity: publication sources,Source frequency,Journal of Medicine and Life Science,1,472,0.2,,,unique studies,studies with an exact DOI or OpenAlex-ID match,single response; mutually exclusive normalized publication source,1b087547ad0e2e8a3fa3,Normalization key: openalex:https://openalex.org/s4210219718.
Exact-identifier metadata sensitivity: publication sources,Source frequency,Journal of Midwifery & Women s Health,1,472,0.2,,,unique studies,studies with an exact DOI or OpenAlex-ID match,single response; mutually exclusive normalized publication source,766fde2e997ea8140bd0,Normalization key: openalex:https://openalex.org/s11324131.
Exact-identifier metadata sensitivity: publication sources,Source frequency,Journal of Pharmacology and Experimental Therapeutics,1,472,0.2,,,unique studies,studies with an exact DOI or OpenAlex-ID match,single response; mutually exclusive normalized publication source,180163049fadb98a0ef8,Normalization key: openalex:https://openalex.org/s102125482.
Exact-identifier metadata sensitivity: publication sources,Source frequency,Journal of Saidu Medical College,1,472,0.2,,,unique studies,studies with an exact DOI or OpenAlex-ID match,single response; mutually exclusive normalized publication source,6fb769efa53620e383b7,Normalization key: openalex:https://openalex.org/s4210178971.
Exact-identifier metadata sensitivity: publication sources,Source frequency,Journal of Teaching and Learning with Technology,1,472,0.2,,,unique studies,studies with an exact DOI or OpenAlex-ID match,single response; mutually exclusive normalized publication source,3a87ecbc1ceea37e2382,Normalization key: openalex:https://openalex.org/s4210193568.
Exact-identifier metadata sensitivity: publication sources,Source frequency,Journal of the American College of Surgeons,1,472,0.2,,,unique studies,studies with an exact DOI or OpenAlex-ID match,single response; mutually exclusive normalized publication source,ba93136b38c9a66d059f,Normalization key: openalex:https://openalex.org/s134316426.
Exact-identifier metadata sensitivity: publication sources,Source frequency,Journal of the American Society of Nephrology,1,472,0.2,,,unique studies,studies with an exact DOI or OpenAlex-ID match,single response; mutually exclusive normalized publication source,8ce5650fcd50af3976ab,Normalization key: openalex:https://openalex.org/s115693375.
Exact-identifier metadata sensitivity: publication sources,Source frequency,Journal of Transcultural Nursing,1,472,0.2,,,unique studies,studies with an exact DOI or OpenAlex-ID match,single response; mutually exclusive normalized publication source,3bb7eee2436c25920c9e,Normalization key: openalex:https://openalex.org/s158751353.
Exact-identifier metadata sensitivity: publication sources,Source frequency,Journal of Veterinary Medical Education,1,472,0.2,,,unique studies,studies with an exact DOI or OpenAlex-ID match,single response; mutually exclusive normalized publication source,ffe994fbb4a27b100f16,Normalization key: openalex:https://openalex.org/s43434489.
Exact-identifier metadata sensitivity: publication sources,Source frequency,Journal of Visualized Experiments,1,472,0.2,,,unique studies,studies with an exact DOI or OpenAlex-ID match,single response; mutually exclusive normalized publication source,eb664530dc232a9e1750,Normalization key: openalex:https://openalex.org/s199738284.
Exact-identifier metadata sensitivity: publication sources,Source frequency,Kidney360,1,472,0.2,,,unique studies,studies with an exact DOI or OpenAlex-ID match,single response; mutually exclusive normalized publication source,caf55d1c5f0358791a96,Normalization key: openalex:https://openalex.org/s4210217782.
Exact-identifier metadata sensitivity: publication sources,Source frequency,Korean Aging-Frendly Industry Association,1,472,0.2,,,unique studies,studies with an exact DOI or OpenAlex-ID match,single response; mutually exclusive normalized publication source,eee52e824f1559f7759a,Normalization key: openalex:https://openalex.org/s4210210277.
Exact-identifier metadata sensitivity: publication sources,Source frequency,Kosin Medical Journal,1,472,0.2,,,unique studies,studies with an exact DOI or OpenAlex-ID match,single response; mutually exclusive normalized publication source,38da855b4155bb083590,Normalization key: openalex:https://openalex.org/s2765077965.
Exact-identifier metadata sensitivity: publication sources,Source frequency,Learning and Instruction,1,472,0.2,,,unique studies,studies with an exact DOI or OpenAlex-ID match,single response; mutually exclusive normalized publication source,327767a02786d8ff7a19,Normalization key: openalex:https://openalex.org/s78398831.
Exact-identifier metadata sensitivity: publication sources,Source frequency,Lecture notes in electrical engineering,1,472,0.2,,,unique studies,studies with an exact DOI or OpenAlex-ID match,single response; mutually exclusive normalized publication source,bd2cdf16f21f3814f67d,Normalization key: openalex:https://openalex.org/s4210179954.
Exact-identifier metadata sensitivity: publication sources,Source frequency,Medical Research,1,472,0.2,,,unique studies,studies with an exact DOI or OpenAlex-ID match,single response; mutually exclusive normalized publication source,987d3b654bc3d24dc464,Normalization key: openalex:https://openalex.org/s4210198916.
Exact-identifier metadata sensitivity: publication sources,Source frequency,Medical Research Archives,1,472,0.2,,,unique studies,studies with an exact DOI or OpenAlex-ID match,single response; mutually exclusive normalized publication source,9eabda9ff317373c18d3,Normalization key: openalex:https://openalex.org/s2764661345.
Exact-identifier metadata sensitivity: publication sources,Source frequency,Medicina,0,472,0.0,,,unique studies,studies with an exact DOI or OpenAlex-ID match,single response; mutually exclusive normalized publication source,,Normalization key: name:medicina.
Exact-identifier metadata sensitivity: publication sources,Source frequency,Medicine,1,472,0.2,,,unique studies,studies with an exact DOI or OpenAlex-ID match,single response; mutually exclusive normalized publication source,d3f99e099b9310de57e3,Normalization key: openalex:https://openalex.org/s28966261.
Exact-identifier metadata sensitivity: publication sources,Source frequency,Monash University Research Portal (Monash University),1,472,0.2,,,unique studies,studies with an exact DOI or OpenAlex-ID match,single response; mutually exclusive normalized publication source,5e9d52b66e4686a38781,Normalization key: openalex:https://openalex.org/s4306402625.
Exact-identifier metadata sensitivity: publication sources,Source frequency,NeoReviews,1,472,0.2,,,unique studies,studies with an exact DOI or OpenAlex-ID match,single response; mutually exclusive normalized publication source,24ffbec5a9dbce04e0fd,Normalization key: openalex:https://openalex.org/s157929806.
Exact-identifier metadata sensitivity: publication sources,Source frequency,Neurosurgery Open,1,472,0.2,,,unique studies,studies with an exact DOI or OpenAlex-ID match,single response; mutually exclusive normalized publication source,50ac103890932b40242c,Normalization key: openalex:https://openalex.org/s4387286351.
Exact-identifier metadata sensitivity: publication sources,Source frequency,npj Digital Surgery,1,472,0.2,,,unique studies,studies with an exact DOI or OpenAlex-ID match,single response; mutually exclusive normalized publication source,5aa2066f4c78fde5a50b,Normalization key: openalex:https://openalex.org/s7407056681.
Exact-identifier metadata sensitivity: publication sources,Source frequency,Nursing Outlook,1,472,0.2,,,unique studies,studies with an exact DOI or OpenAlex-ID match,single response; mutually exclusive normalized publication source,0038624c09ec9fe46395,Normalization key: openalex:https://openalex.org/s163228481.
Exact-identifier metadata sensitivity: publication sources,Source frequency,Nutrients,1,472,0.2,,,unique studies,studies with an exact DOI or OpenAlex-ID match,single response; mutually exclusive normalized publication source,00dc13a955ae4496d4ca,Normalization key: openalex:https://openalex.org/s110785341.
Exact-identifier metadata sensitivity: publication sources,Source frequency,Obesity Surgery,1,472,0.2,,,unique studies,studies with an exact DOI or OpenAlex-ID match,single response; mutually exclusive normalized publication source,9717d5f24495686aabe2,Normalization key: openalex:https://openalex.org/s12098962.
Exact-identifier metadata sensitivity: publication sources,Source frequency,Open MIND,1,472,0.2,,,unique studies,studies with an exact DOI or OpenAlex-ID match,single response; mutually exclusive normalized publication source,9b778c91d64124298579,Normalization key: openalex:https://openalex.org/s4406922384.
Exact-identifier metadata sensitivity: publication sources,Source frequency,Open Repository of the University of Porto (University of Porto),1,472,0.2,,,unique studies,studies with an exact DOI or OpenAlex-ID match,single response; mutually exclusive normalized publication source,5b995fc6546cbe610568,Normalization key: openalex:https://openalex.org/s4306401934.
Exact-identifier metadata sensitivity: publication sources,Source frequency,Orvosi Hetilap,1,472,0.2,,,unique studies,studies with an exact DOI or OpenAlex-ID match,single response; mutually exclusive normalized publication source,sci_479872e4f60f538cbd03,Normalization key: openalex:https://openalex.org/s12390320.
Exact-identifier metadata sensitivity: publication sources,Source frequency,Pedagogy in Health Promotion,1,472,0.2,,,unique studies,studies with an exact DOI or OpenAlex-ID match,single response; mutually exclusive normalized publication source,98459bc57c099322761c,Normalization key: openalex:https://openalex.org/s2765056410.
Exact-identifier metadata sensitivity: publication sources,Source frequency,Perspectives on Medical Education,1,472,0.2,,,unique studies,studies with an exact DOI or OpenAlex-ID match,single response; mutually exclusive normalized publication source,7442954006aac8fa63fa,Normalization key: openalex:https://openalex.org/s2764699106.
Exact-identifier metadata sensitivity: publication sources,Source frequency,Pharmacy,1,472,0.2,,,unique studies,studies with an exact DOI or OpenAlex-ID match,single response; mutually exclusive normalized publication source,9ba2ceb3ea808e2794a1,Normalization key: openalex:https://openalex.org/s4210228566.
Exact-identifier metadata sensitivity: publication sources,Source frequency,Physiology,1,472,0.2,,,unique studies,studies with an exact DOI or OpenAlex-ID match,single response; mutually exclusive normalized publication source,6e7213516f82875618ff,Normalization key: openalex:https://openalex.org/s88977973.
Exact-identifier metadata sensitivity: publication sources,Source frequency,Plastic and Aesthetic Research,1,472,0.2,,,unique studies,studies with an exact DOI or OpenAlex-ID match,single response; mutually exclusive normalized publication source,5116aab375eedc896bfd,Normalization key: openalex:https://openalex.org/s2764774301.
Exact-identifier metadata sensitivity: publication sources,Source frequency,Postgraduate Medical Journal,1,472,0.2,,,unique studies,studies with an exact DOI or OpenAlex-ID match,single response; mutually exclusive normalized publication source,e2a36443154e9a33aff9,Normalization key: openalex:https://openalex.org/s43893605.
Exact-identifier metadata sensitivity: publication sources,Source frequency,Procedia Computer Science,1,472,0.2,,,unique studies,studies with an exact DOI or OpenAlex-ID match,single response; mutually exclusive normalized publication source,sci_66be3ed42b9293d2ff9f,Normalization key: openalex:https://openalex.org/s120348307.
Exact-identifier metadata sensitivity: publication sources,Source frequency,Proceedings 2026 IEEE International Conference on Artificial Intelligence and Extended and Virtual Reality Aixvr 2026,1,472,0.2,,,unique studies,studies with an exact DOI or OpenAlex-ID match,single response; mutually exclusive normalized publication source,sci_829c4bcf5b773dba44a2,Normalization key: name:proceedings 2026 ieee international conference on artificial intelligence and extended and virtual reality aixvr 2026.
Exact-identifier metadata sensitivity: publication sources,Source frequency,Proceedings of the 2025 9th International Conference on Education and E-Learning,1,472,0.2,,,unique studies,studies with an exact DOI or OpenAlex-ID match,single response; mutually exclusive normalized publication source,08cc34de5385d0bd76a6,Normalization key: name:proceedings of the 2025 9th international conference on education and e-learning.
Exact-identifier metadata sensitivity: publication sources,Source frequency,Proceedings of the 2026 Designing Interactive Systems Conference,1,472,0.2,,,unique studies,studies with an exact DOI or OpenAlex-ID match,single response; mutually exclusive normalized publication source,6cf6dbf3648bde45720a,Normalization key: name:proceedings of the 2026 designing interactive systems conference.
Exact-identifier metadata sensitivity: publication sources,Source frequency,Proceedings of the ACM on Human-Computer Interaction,1,472,0.2,,,unique studies,studies with an exact DOI or OpenAlex-ID match,single response; mutually exclusive normalized publication source,ed23e4c8ee00516d2110,Normalization key: openalex:https://openalex.org/s4210183893.
Exact-identifier metadata sensitivity: publication sources,Source frequency,Proceedings of the Annual Meeting of the Association for Computational Linguistics,1,472,0.2,,,unique studies,studies with an exact DOI or OpenAlex-ID match,single response; mutually exclusive normalized publication source,sci_3d6777cb059403330506,Normalization key: name:proceedings of the annual meeting of the association for computational linguistics.
Exact-identifier metadata sensitivity: publication sources,Source frequency,Proceedings of the Extended Abstracts of the 2026 CHI Conference on Human Factors in Computing Systems,1,472,0.2,,,unique studies,studies with an exact DOI or OpenAlex-ID match,single response; mutually exclusive normalized publication source,fd1a9c7f0b28a609f8af,Normalization key: name:proceedings of the extended abstracts of the 2026 chi conference on human factors in computing systems.
Exact-identifier metadata sensitivity: publication sources,Source frequency,Proceedings of the Extended Abstracts of the CHI Conference on Human Factors in Computing Systems,1,472,0.2,,,unique studies,studies with an exact DOI or OpenAlex-ID match,single response; mutually exclusive normalized publication source,5b529e4bc562ac2c093e,Normalization key: name:proceedings of the extended abstracts of the chi conference on human factors in computing systems.
Exact-identifier metadata sensitivity: publication sources,Source frequency,Proceedings of the Thirteenth ACM Conference on Learning @ Scale,1,472,0.2,,,unique studies,studies with an exact DOI or OpenAlex-ID match,single response; mutually exclusive normalized publication source,26de74e3debea64ac297,Normalization key: name:proceedings of the thirteenth acm conference on learning @ scale.
Exact-identifier metadata sensitivity: publication sources,Source frequency,Proceedings.,1,472,0.2,,,unique studies,studies with an exact DOI or OpenAlex-ID match,single response; mutually exclusive normalized publication source,45e7ea1fbbde53125fd7,Normalization key: openalex:https://openalex.org/s4404674679.
Exact-identifier metadata sensitivity: publication sources,Source frequency,Psicothema,1,472,0.2,,,unique studies,studies with an exact DOI or OpenAlex-ID match,single response; mutually exclusive normalized publication source,f4d7fdee2c3cc083329d,Normalization key: openalex:https://openalex.org/s135026488.
Exact-identifier metadata sensitivity: publication sources,Source frequency,Region - Educational Research and Reviews,1,472,0.2,,,unique studies,studies with an exact DOI or OpenAlex-ID match,single response; mutually exclusive normalized publication source,7a269bae27b9f603ddda,Normalization key: openalex:https://openalex.org/s4210222781.
Exact-identifier metadata sensitivity: publication sources,Source frequency,Rehabilitation practice and science,1,472,0.2,,,unique studies,studies with an exact DOI or OpenAlex-ID match,single response; mutually exclusive normalized publication source,f97eadc969f29dc262e7,Normalization key: openalex:https://openalex.org/s4393920200.
Exact-identifier metadata sensitivity: publication sources,Source frequency,Research Portal (Queen's University Belfast),1,472,0.2,,,unique studies,studies with an exact DOI or OpenAlex-ID match,single response; mutually exclusive normalized publication source,b3a8d73bf08119c4ce68,Normalization key: openalex:https://openalex.org/s4306402319.
Exact-identifier metadata sensitivity: publication sources,Source frequency,Research Synthesis in Applied Linguistics,1,472,0.2,,,unique studies,studies with an exact DOI or OpenAlex-ID match,single response; mutually exclusive normalized publication source,7b627eb0e17b77a07c57,Normalization key: openalex:https://openalex.org/s5407042756.
Exact-identifier metadata sensitivity: publication sources,Source frequency,Rev. Asoc. Odontol. Argent,1,472,0.2,,,unique studies,studies with an exact DOI or OpenAlex-ID match,single response; mutually exclusive normalized publication source,78868accc1f86fb42dce,Normalization key: openalex:https://openalex.org/s4306525970.
Exact-identifier metadata sensitivity: publication sources,Source frequency,Revista de la Facultad de Medicina Humana,1,472,0.2,,,unique studies,studies with an exact DOI or OpenAlex-ID match,single response; mutually exclusive normalized publication source,53e73c84997817856e1f,Normalization key: openalex:https://openalex.org/s4210177947.
Exact-identifier metadata sensitivity: publication sources,Source frequency,Revista de Simulación en Ciencias de la Salud REVSIMCS .,1,472,0.2,,,unique studies,studies with an exact DOI or OpenAlex-ID match,single response; mutually exclusive normalized publication source,d0ead936020ec24f78a7,Normalization key: openalex:https://openalex.org/s4404676655.
Exact-identifier metadata sensitivity: publication sources,Source frequency,Revista do Colégio Brasileiro de Cirurgiões,1,472,0.2,,,unique studies,studies with an exact DOI or OpenAlex-ID match,single response; mutually exclusive normalized publication source,b53bf33d223a68f17e8c,Normalization key: openalex:https://openalex.org/s2756221638.
Exact-identifier metadata sensitivity: publication sources,Source frequency,Revista Recien,1,472,0.2,,,unique studies,studies with an exact DOI or OpenAlex-ID match,single response; mutually exclusive normalized publication source,1563f87491d1ce4d02fb,Normalization key: openalex:https://openalex.org/s4210207964.
Exact-identifier metadata sensitivity: publication sources,Source frequency,Rheumatology International,1,472,0.2,,,unique studies,studies with an exact DOI or OpenAlex-ID match,single response; mutually exclusive normalized publication source,64947cabbe7282713c10,Normalization key: openalex:https://openalex.org/s50823678.
Exact-identifier metadata sensitivity: publication sources,Source frequency,Schizophrenia Bulletin,1,472,0.2,,,unique studies,studies with an exact DOI or OpenAlex-ID match,single response; mutually exclusive normalized publication source,94bb63aeb68eddb59442,Normalization key: openalex:https://openalex.org/s117485531.
Exact-identifier metadata sensitivity: publication sources,Source frequency,Scholar Works at UT Tyler (The University of Texas at Tyler),1,472,0.2,,,unique studies,studies with an exact DOI or OpenAlex-ID match,single response; mutually exclusive normalized publication source,b191e9f77e079eab9ed3,Normalization key: openalex:https://openalex.org/s4377196686.
Exact-identifier metadata sensitivity: publication sources,Source frequency,Scientific Reports,1,472,0.2,,,unique studies,studies with an exact DOI or OpenAlex-ID match,single response; mutually exclusive normalized publication source,c4f5fe90704c2aa68c75,Normalization key: openalex:https://openalex.org/s196734849.
Exact-identifier metadata sensitivity: publication sources,Source frequency,Simulation in Healthcare The Journal of the Society for Simulation in Healthcare,1,472,0.2,,,unique studies,studies with an exact DOI or OpenAlex-ID match,single response; mutually exclusive normalized publication source,e359eafa6af6abbb467d,Normalization key: openalex:https://openalex.org/s2764610068.
Exact-identifier metadata sensitivity: publication sources,Source frequency,SSRN Electronic Journal,1,472,0.2,,,unique studies,studies with an exact DOI or OpenAlex-ID match,single response; mutually exclusive normalized publication source,80e9a9d9f964aea305e9,Normalization key: openalex:https://openalex.org/s4210172589.
Exact-identifier metadata sensitivity: publication sources,Source frequency,Studies in Clinical Social Work Transforming Practice Education and Research,1,472,0.2,,,unique studies,studies with an exact DOI or OpenAlex-ID match,single response; mutually exclusive normalized publication source,907d492e03a26ae110b8,Normalization key: openalex:https://openalex.org/s5407036395.
Exact-identifier metadata sensitivity: publication sources,Source frequency,Surgical Innovation,1,472,0.2,,,unique studies,studies with an exact DOI or OpenAlex-ID match,single response; mutually exclusive normalized publication source,6ad5ba253eb6dea25a47,Normalization key: openalex:https://openalex.org/s106375756.
Exact-identifier metadata sensitivity: publication sources,Source frequency,Technology Knowledge and Learning,1,472,0.2,,,unique studies,studies with an exact DOI or OpenAlex-ID match,single response; mutually exclusive normalized publication source,8db4130844dc8d367d1f,Normalization key: openalex:https://openalex.org/s2764582272.
Exact-identifier metadata sensitivity: publication sources,Source frequency,The American Journal of Engineering And Technology,1,472,0.2,,,unique studies,studies with an exact DOI or OpenAlex-ID match,single response; mutually exclusive normalized publication source,6af91184365b35a93de5,Normalization key: openalex:https://openalex.org/s4210219720.
Exact-identifier metadata sensitivity: publication sources,Source frequency,The International Islamic University Malaysia Repository (The International Islamic University Malaysia),1,472,0.2,,,unique studies,studies with an exact DOI or OpenAlex-ID match,single response; mutually exclusive normalized publication source,43800694173ba371af4f,Normalization key: openalex:https://openalex.org/s4306400713.
Exact-identifier metadata sensitivity: publication sources,Source frequency,The Journal of Clinical Psychiatry,1,472,0.2,,,unique studies,studies with an exact DOI or OpenAlex-ID match,single response; mutually exclusive normalized publication source,d06c6ad96bb08eb739dc,Normalization key: openalex:https://openalex.org/s17992710.
Exact-identifier metadata sensitivity: publication sources,Source frequency,The Journal of Sexual Medicine,1,472,0.2,,,unique studies,studies with an exact DOI or OpenAlex-ID match,single response; mutually exclusive normalized publication source,ebc2ea10b1b751d8e58c,Normalization key: openalex:https://openalex.org/s159512450.
Exact-identifier metadata sensitivity: publication sources,Source frequency,The Laryngoscope,1,472,0.2,,,unique studies,studies with an exact DOI or OpenAlex-ID match,single response; mutually exclusive normalized publication source,sci_7924be52acf88877d8df,Normalization key: openalex:https://openalex.org/s86387881.
Exact-identifier metadata sensitivity: publication sources,Source frequency,Tobacco Induced Diseases,1,472,0.2,,,unique studies,studies with an exact DOI or OpenAlex-ID match,single response; mutually exclusive normalized publication source,60f8f44c77f909f61dc3,Normalization key: openalex:https://openalex.org/s182402362.
Exact-identifier metadata sensitivity: publication sources,Source frequency,Tuberculosis Lung Diseases HIV Infection,1,472,0.2,,,unique studies,studies with an exact DOI or OpenAlex-ID match,single response; mutually exclusive normalized publication source,096c409373966ea99821,Normalization key: openalex:https://openalex.org/s4210172527.
Exact-identifier metadata sensitivity: publication sources,Source frequency,Ubiquitous Learning An International Journal,1,472,0.2,,,unique studies,studies with an exact DOI or OpenAlex-ID match,single response; mutually exclusive normalized publication source,cb97375c66ea36d11d94,Normalization key: openalex:https://openalex.org/s4210199944.
Exact-identifier metadata sensitivity: publication sources,Source frequency,UF Journal of Undergraduate Research,1,472,0.2,,,unique studies,studies with an exact DOI or OpenAlex-ID match,single response; mutually exclusive normalized publication source,894f08a5035b3a1872d5,Normalization key: openalex:https://openalex.org/s4210209185.
Exact-identifier metadata sensitivity: publication sources,Source frequency,Uppsala University Publications (Uppsala University),1,472,0.2,,,unique studies,studies with an exact DOI or OpenAlex-ID match,single response; mutually exclusive normalized publication source,af881e87f70fad542887,Normalization key: openalex:https://openalex.org/s4306402042.
Exact-identifier metadata sensitivity: publication sources,Source frequency,Virtual Reality & Intelligent Hardware,1,472,0.2,,,unique studies,studies with an exact DOI or OpenAlex-ID match,single response; mutually exclusive normalized publication source,359e1289e1f098bb36e2,Normalization key: openalex:https://openalex.org/s4210224695.
Exact-identifier metadata sensitivity: publication sources,Source frequency,Western Journal of Emergency Medicine,1,472,0.2,,,unique studies,studies with an exact DOI or OpenAlex-ID match,single response; mutually exclusive normalized publication source,4ef0a8247384321e8b47,Normalization key: openalex:https://openalex.org/s2738799989.
Exact-identifier metadata sensitivity: publication sources,Source frequency,Zürcher Hochschule für Angewandte Wissenschaften digital collection (Zurich University of Applied Sciences),0,472,0.0,,,unique studies,studies with an exact DOI or OpenAlex-ID match,single response; mutually exclusive normalized publication source,,Normalization key: openalex:https://openalex.org/s4306401811.
Exact-identifier metadata sensitivity: publication sources,Source frequency,العلوم التربوية,1,472,0.2,,,unique studies,studies with an exact DOI or OpenAlex-ID match,single response; mutually exclusive normalized publication source,a9588de788e2402350be,Normalization key: openalex:https://openalex.org/s4210198463.
Exact-identifier metadata sensitivity: publication sources,Source frequency,대한한의학회지,1,472,0.2,,,unique studies,studies with an exact DOI or OpenAlex-ID match,single response; mutually exclusive normalized publication source,64d8153970a657aa23b0,Normalization key: openalex:https://openalex.org/s4306495578.
Exact-identifier metadata sensitivity: open access,OpenAlex OA status,Gold,164,472,34.7,,,unique studies,studies with an exact DOI or OpenAlex-ID match,single response; mutually exclusive OA categories,00dc13a955ae4496d4ca;01a746b554d461cb998c;03345c1deb2aad29820e;038dc9e15385ce662149;0394426a6c4e7afe938e;03dcc8a1b078476d19e0;061a5c17950367156401;07d462beafe4d21ba016;088f42aecd2674d3dbe5;08cc34de5385d0bd76a6;0a2c09d04e10e0478041;0a56637c161743569cf5;0aad164402f8e4deea3b;0c75f057197182777687;0fe5747ae7b23830be21;107a276748b6c98a2e50;116dd099707d378fb9a6;14a6c8b99daf76e8179d;18f9eaf414ec69e25aad;197361cc9246160f71a5;1df5cdc0b4ba5e34b2ba;240393927e83854aac9b;24c93ac0955292251f20;25591cbc3c2b21cbfbdf;272439595ff3b96c35f3;27940ac9615817e019e3;282aa7d3820de53059e9;2877ad2c6a928639280a;2972cffe675ec25e930c;2befb2019a25a1ea563f;2c33e3b00e199776ba05;2f08c4b2b3acc1eaa9d5;302dee907e926e18ddba;319d5b791f54df181b23;31f58d5793ca1ef590ea;328dc44eb7208308940c;34ab5ecef79b768723f6;3592795dfee0e066000a;37bb0c4c182653ebb8f9;38300507331b97225df5;3a2d4841832fea8715fe;401238697481e3dbe32e;412046e11296d150c70a;415ba4f99eeb473a50c2;4301913b143d4dcf67c6;432422a165ddc6a24c2f;44d09fb5dabfde2e9e31;47160b043b610b447eca;4781da10664bc6a33ebc;48e2ce8734d9d1acb602;4b7753ecc7bff0d54289;4cac4c9f22b3d59d56dd;4ef0a8247384321e8b47;4f796e0ce90dce8d4da8;4fdab8147c5288a598e6;538dc624d4f06d86f6a2;548ca816901c7761f0bf;55c688efa556cdf3a77e;56dc16bbc7cd98ca993a;582bc7c400fa7acf214f;58483951ebaed609e26a;588316012a3f2d9b790a;592d3957693502aad933;594824ec9813877abe34;594d7ce86781a2e8398f;59ac00c951a84da39213;5a18de075da6eacf874c;5b529e4bc562ac2c093e;5c99d6be17d81210020f;5da1c6c1e35204ff7f9d;5e70fc602d28beb4158b;60f8f44c77f909f61dc3;63c69a200d415bc42d9b;64a85483f87115653128;64caff9ef7b3adaafe2d;668b98624eeda1089d99;6ab002878664147423a1;6cf6dbf3648bde45720a;6d60da2f964efcc60587;6d85b580a0562cc121d4;6f1527fb10827ca1da01;713e417da7d85579b2d1;71a491a468f6c4c71249;73cb9769cd2180a04bb0;73f1b1dee9a19c0ea0af;76597dc445d9df2ae743;766d498375e7ceff4c70;7713a8c3085fddc6419c;7a5ffafc98c031b3684e;7a9ca4d4d16f4705139f;7bda59402c9478eda64c;7f735724143207af94c1;7f84c902e862e25dbf2c;7f98755e27ed54f044ae;81087c9bc5a7366ff084;81337a44aeb46520e3ec;81e99943a71c35f1b5e2;843a6b1f2c79c1bd4273;86d7e55b4cfd49b202f0;8fa1ae6b843e2388520d;9053eb63f4358c343310;9287cf74b213e44a489d;94dc4442e5bc1f047433;94ed3a0dbe4657397dc4;98c23d01b9fb23bd43c4;9b5ff9099d241db5f86a;9ba2ceb3ea808e2794a1;9d0e015a74d4a026b092;a3991fd1e09daca82f29;a4d746b41f7f88ceb127;a4f6e4afd67cbf667f95;aa05a5932f8ebb716574;adc1485c258278b24c4e;ae74530d7e9fa7f91f65;aedb9561df16d70a7ef8;b216d2e3bbb753147fd2;b53bf33d223a68f17e8c;b924bd45d30abb49831e;bc5dd5d7b1ad1b4d21e4;bd0527af9d9859ca54bb;be9dea9f8b093b59c0c4;c2a9bbee811cd29891e3;c2d6c7abc598aacc0368;c4f5fe90704c2aa68c75;c58a4682ca46d2e66e96;c9defba9bce13454aa5f;cfa4cceea1f21315935e;d11ce96adb05741aef6d;d2f64f874b70a189b145;d3f99e099b9310de57e3;d6b29e9cea0c868cc28e;d90096afc3b383fbecb7;d977c356ff57ab060fef;da4715a1835405ea02b7;da8839d00c24db7f6ad6;db6b016a13edb570269a;df606ccebb857fa9a592;e2272dd53f2ee764e3a8;e28e63bbe4974bda0026;e4987ba5c8f46735e9ff;e4a287ed511b7be9baa5;e5814fecd144cc3fe016;e7357cbd0c17edcf1ae4;ea35181a48e801132195;ea8e0a7c38a125bf8f1d;eb6ba637fab26b824344;eb8b75c75edacbfa547b;ed072d60d05f5e236143;ed38fd3a7de3cb77f8a6;ed80b78f8297d945224d;f2454b259920b1b1d032;f30eee8f6354bfa06744;f41f37dbb22b9ed8ae7c;f4631b37b9a1fd57d914;f4d7fdee2c3cc083329d;f5c57c1a6cc5d054fcac;fd0c4ec164cda596074b;fd1a9c7f0b28a609f8af;sci_3d6777cb059403330506;sci_637ee1f73b6fd5027d1c;sci_93a452609f10d60e9d33;sci_a8f02e0b2a448efff5e6;sci_aea73a0d6d3e592a48a0;sci_b852c26f48dfbf482b84,Point-in-time status from the fixed OpenAlex snapshot.
Exact-identifier metadata sensitivity: open access,OpenAlex OA status,Green,54,472,11.4,,,unique studies,studies with an exact DOI or OpenAlex-ID match,single response; mutually exclusive OA categories,035291e867ecf965f467;039798e4f1498c17cf82;04b48ce4dda567febfa2;06baad752a52246f7f43;0de698b6ef36192c9365;1131dfab50144331e92a;15b1e2fee67db58575b7;1d69e819d76b702e955f;1f1c780e93f8833f8015;20e73ed62a3078e6a9b4;217a1796806e392c3e77;235688621e9d66593a40;2366390c9f679e2c90b7;32b43fcb025a9d77581f;3a5aebe14250eec39412;3b0e82db448631888b4c;44090e715310ee158f37;4823a4ac11c66c68a7d4;5aeb6b891099b95aa832;5b995fc6546cbe610568;5e9d52b66e4686a38781;67e2860b474712736027;72c30900482428bf1e49;7571d4d2871565bc5c1c;76a6c8049ee4223224f6;80e9a9d9f964aea305e9;8a1c6e7038c447a20568;8fce68134f06065fdd4a;94bb63aeb68eddb59442;9aeba4bdaf161dff8c40;9b778c91d64124298579;9b8b66d55c35b17e843c;ac37bfba546f78614410;af881e87f70fad542887;b191e9f77e079eab9ed3;b36e071a220a2c96e7c2;b4ed643f7430dbf0ccb9;b608f772e32f2dbbff5e;b75fad8b8777d2f878b6;b777355095979479280c;ba93136b38c9a66d059f;c837d77a482b4e089619;d290e5bf22b00e731795;d46506f34cc784478c88;d644a8da3cdeae0603e0;d885762caf8919afe125;da920e8320da57a1954a;db80308782a219cbea0e;de583e684ddd0364a161;df6dd96b9ea594a121ce;e5b4ed028b3c0ea2eeec;fb4436cacb550c46d347;sci_0deb435b497fb81c6d22;sci_300870bf7109221baf28,Point-in-time status from the fixed OpenAlex snapshot.
Exact-identifier metadata sensitivity: open access,OpenAlex OA status,Hybrid,70,472,14.8,,,unique studies,studies with an exact DOI or OpenAlex-ID match,single response; mutually exclusive OA categories,0038624c09ec9fe46395;03e1a6632b830e0512c9;0b1b0febb2293831bcc0;0b386fbba1d6908a565d;11f31f18ad70545cab85;19e84bd61f0782eec51c;1c5402a057ba8f451244;2610ebe5f560db94c888;327767a02786d8ff7a19;32c1dcd0212f833ee125;3aba8ba7976a49acd0ac;434224fa76b1280311a5;4b471ab893f0c3845025;4c4dc7fcefb1e9f3abdf;4dcbdf4bf0f5a9a6c8c8;5245cf325337d81e78ff;54972cda535948a803e8;581dc0790951c1557bba;593c7da1de5e9f26b59d;598901438bbefd691625;5aa2066f4c78fde5a50b;5d6128771afb1cccb251;633dafafd7b2de3e7ad0;64947cabbe7282713c10;681bba8e632d1614f426;69f44a30a1f5c09b5e41;766fde2e997ea8140bd0;78b358c1b1f53fdbc100;7920ebcf271025a5a8ee;79301031755b16db8fe6;7ab76d429b6539b40243;7b627eb0e17b77a07c57;87dd3b9b5e7ef2d3f457;891bdc5ee1f3d07f820a;8a18fabf9cf9be3f8a36;8ad0258644c0c312a7d8;8db4130844dc8d367d1f;9717d5f24495686aabe2;a32c2fb665f05ef6086f;ab784e3f29bfc7622997;afc8c786ca5b65ba8c74;b052274076e5e7cc16db;b2f1db675b2599e354ab;b3e39792f96130f4a0b4;b4fa4675ffa2674da6e1;ba402925b430558ae1e0;bad1f4fb855554cb4aba;bd2cdf16f21f3814f67d;c13d5a010789f6f44c11;cb97375c66ea36d11d94;dcce0a8cef5543c4fec4;e2a36443154e9a33aff9;e3ee954b5290b4f74f0b;e5e611fc18a4d66128d9;e73b99fafd0009a6e927;e9d6ceded269a04cde99;eb0a6b505c3ccc9e534d;ed23e4c8ee00516d2110;f54e36609097c96e8b6d;f5e8d39c518465a0d255;fa24b39d9c9c2f6142d6;fc535dce265384650ae6;sci_1b84a9e2391f6779175c;sci_333316fb42bc0b910010;sci_479872e4f60f538cbd03;sci_6140618886946efd3455;sci_6840c15b05b568f05153;sci_a90d053bc1db526acda9;sci_d54eaf2ee85c6160a060;sci_f57abde71790ef1bc83d,Point-in-time status from the fixed OpenAlex snapshot.
Exact-identifier metadata sensitivity: open access,OpenAlex OA status,Bronze,12,472,2.5,,,unique studies,studies with an exact DOI or OpenAlex-ID match,single response; mutually exclusive OA categories,1158803af3fb0ab9c072;43f6ad0fa6f4597d56fc;45e7ea1fbbde53125fd7;5dd47cd1855294dcfafd;643ef34d4dd326d5b164;9d1c14070287793c215b;a2fb845a99fa4f6e080c;abda3007be07a5153c0c;bda47b5b58b47ca77285;cc3c546075dc11e58802;d0ead936020ec24f78a7;ebc2ea10b1b751d8e58c,Point-in-time status from the fixed OpenAlex snapshot.
Exact-identifier metadata sensitivity: open access,OpenAlex OA status,Diamond,59,472,12.5,,,unique studies,studies with an exact DOI or OpenAlex-ID match,single response; mutually exclusive OA categories,00b1591b551023fc549f;096c409373966ea99821;0a25081e59bfa2406a89;0aea8997b3d07a3c7455;14e96fc7b4c3181fd39b;1563f87491d1ce4d02fb;1b087547ad0e2e8a3fa3;1b913a0ed3ab13c6f644;243562012607f7033171;296fc2ba93325a6b3ed0;2a63460a75ff944e1d44;33fa7a94d105663796d8;34ea437817489bccb36b;359e1289e1f098bb36e2;38da855b4155bb083590;3a87ecbc1ceea37e2382;49bb4b3f2e5c7a1a3f92;4c10642623772d392b58;4c580842a4d610a72e9d;4ff984fed8d71f9ad381;50ac103890932b40242c;5116aab375eedc896bfd;53e73c84997817856e1f;64d8153970a657aa23b0;654de90417901825feeb;6af91184365b35a93de5;6d3fca2519e927f795b8;6e06ede93e94c8f8e15c;6fb769efa53620e383b7;6fdf974a01dd27215f86;7442954006aac8fa63fa;78868accc1f86fb42dce;7a269bae27b9f603ddda;7acd89712f3fc0bb4cb7;7d5cb710e5a6901bbaaa;886368e8c3c194de3abd;894f08a5035b3a1872d5;906c1e2afc9ab8dc6794;91738aa3fb8146efb96d;987d3b654bc3d24dc464;9eabda9ff317373c18d3;a2883a095e505041a802;a44cf2193e8756673fa7;a9588de788e2402350be;aea68236a77645892d74;af9edf1f4c2a0c11a5eb;afa9fe102dc8ed9bfaff;b94b9bcb1d96d93db9c0;c6788113fb3c0b6f7bcf;caf55d1c5f0358791a96;d02cfb250e397dd52db5;eb6afac746ee34d7a37f;f1b256cdccd6208d0cc8;f31767356a0db5360a3d;f74b171e97e291bab8d3;f97eadc969f29dc262e7;fbcfe4a5c41e518e74ba;ff3b7f48f6f586cf90b7;sci_66be3ed42b9293d2ff9f,Point-in-time status from the fixed OpenAlex snapshot.
Exact-identifier metadata sensitivity: open access,OpenAlex OA status,Closed,113,472,23.9,,,unique studies,studies with an exact DOI or OpenAlex-ID match,single response; mutually exclusive OA categories,0835d7fde9c090ca963c;0b1e929029c5b43c5beb;12a5244797e0de4599d0;1557e783fc8af1e8fdd6;155acc9f21eba7b06b56;166aa3cc368ebd076b91;180163049fadb98a0ef8;1a1d7801effe1e2b850a;1a8a9f25ccdf589f88f6;1c073acedd6171c3394d;1c9542cefba3287a5281;24ffbec5a9dbce04e0fd;25f6a5df250f3ed0360b;26de74e3debea64ac297;2dd7865e84af395616af;30b04ea7e17c283383c8;35ffd2cef7df5e4ea7fc;36878122d89a1f0ba51c;37a099d4d3aa15cafaa9;3adc77e0b0502fcefcc3;3bb7eee2436c25920c9e;3cc4d65478e63af8ab6e;3d4ea70252a23ce4cd2f;3e3d7476a0d0198a12a3;3e6c586541bbab277f12;416753b67d9e900455c8;4252b0b43599d37a154a;425ec6ee2ca714b7434a;437f09a0c472e4ba343e;43800694173ba371af4f;48a55d4cf5cff922481f;49a3c3f5df637d33e854;4a9222af3af0a24b98ba;4b5e1bc310423d1d0555;4bae43896a7e20da2e4b;4eabef99b9ccb8ef8fd4;4f06f0d72a1de087b5c5;4fed0ae03cd7415c40f4;501d19c3bd3160083e8a;50e4613efeaaadc861f8;539c65e906ee41f3eabf;58a5647e55ff3ae5746e;5966d1a884499670acf2;5b356113a239c62ba5ac;60653c070afcf8848788;614d439112e6f1ccea50;6457c6be7c6ba150ede6;669cbda7d16ac3f32155;68306d2649f0e34ccfa7;6a18d985481870e99d72;6ad5ba253eb6dea25a47;6e7213516f82875618ff;70cb1e0a134b7f41b447;72f2fcd3a833c8b6e39e;73a1f91733c91359d5f0;740cc1ae550411dacecc;758d651bc8d5020199f1;7791c8951d81b4aa0b71;7fc0513f51b7c61dad31;8094cb5448e9c4e2f371;859f96f4eca259cdb9e8;8616afb3ca85007ec9d7;862592293f46ff109fb6;86f76ce0ac18d03915b2;8bece1a102e2fe87b74e;8ce5650fcd50af3976ab;8f2528d2ba0e05485210;902be756a877af6118c0;907d492e03a26ae110b8;98459bc57c099322761c;9d44b976cb2c076751e8;9eb3b25f5e4e48cdcb6a;a03df064164f1b54d1d5;adf94a39c16c36a40d45;b3a8d73bf08119c4ce68;b6f4bfb66f82ba008b32;bb3a5362f067d65fc98d;bc52d7f8f145e43beefc;beedb370b817079634f7;c301ce506b01b01e6207;c6db1164aeacaa778bd4;c8c9e4c672bea3a6d994;c98aa2499bea62fd3f2a;ce47d43f097c456cdf45;d06c6ad96bb08eb739dc;d7a2412d7fe5f7bee1e5;dec5b56924e40c32e506;df4adbef2a265890959e;df5127c0b752274d452e;e359eafa6af6abbb467d;e4caff2128dfb4f4ac0c;e5304eeb960c6393b03a;e82a026a5524b0d4f0d3;ead3628c23fe3e244e24;eb664530dc232a9e1750;ec6081495209898a9c42;eeb5a3afa4e8b1c2635c;eee52e824f1559f7759a;ef046f239f256df5f180;f2be4ac5256845407914;f68a92632e9b465b9cd8;f6df2d018d41c258414a;f917e0b66cef158b9df0;f9c1bb8b50eb65edbf84;fcd1902a5e565b2d2fcc;ffe994fbb4a27b100f16;sci_0f0b074ee785f63a5645;sci_454fe3ad37947557e9a6;sci_49f3e83303945c5d95da;sci_7924be52acf88877d8df;sci_829c4bcf5b773dba44a2;sci_9353c3c154cbf1cd3c54;sci_f2cc5417df9af41a5165,Point-in-time status from the fixed OpenAlex snapshot.
Exact-identifier metadata sensitivity: open access,OpenAlex OA status,Unknown,0,472,0.0,,,unique studies,studies with an exact DOI or OpenAlex-ID match,single response; mutually exclusive OA categories,,Point-in-time status from the fixed OpenAlex snapshot.
Exact-identifier metadata sensitivity: coverage,Usable country affiliation,Available,402,472,85.2,,,unique studies,studies with an exact DOI or OpenAlex-ID match,metadata coverage,0038624c09ec9fe46395;00b1591b551023fc549f;00dc13a955ae4496d4ca;01a746b554d461cb998c;03345c1deb2aad29820e;035291e867ecf965f467;038dc9e15385ce662149;0394426a6c4e7afe938e;039798e4f1498c17cf82;03dcc8a1b078476d19e0;03e1a6632b830e0512c9;061a5c17950367156401;06baad752a52246f7f43;07d462beafe4d21ba016;0835d7fde9c090ca963c;088f42aecd2674d3dbe5;08cc34de5385d0bd76a6;0a25081e59bfa2406a89;0a2c09d04e10e0478041;0a56637c161743569cf5;0aad164402f8e4deea3b;0aea8997b3d07a3c7455;0b1b0febb2293831bcc0;0b1e929029c5b43c5beb;0b386fbba1d6908a565d;0c75f057197182777687;0fe5747ae7b23830be21;107a276748b6c98a2e50;1131dfab50144331e92a;1158803af3fb0ab9c072;116dd099707d378fb9a6;11f31f18ad70545cab85;12a5244797e0de4599d0;14a6c8b99daf76e8179d;14e96fc7b4c3181fd39b;1557e783fc8af1e8fdd6;1563f87491d1ce4d02fb;15b1e2fee67db58575b7;166aa3cc368ebd076b91;180163049fadb98a0ef8;18f9eaf414ec69e25aad;197361cc9246160f71a5;1a1d7801effe1e2b850a;1a8a9f25ccdf589f88f6;1b087547ad0e2e8a3fa3;1b913a0ed3ab13c6f644;1c073acedd6171c3394d;1c5402a057ba8f451244;1c9542cefba3287a5281;1df5cdc0b4ba5e34b2ba;1f1c780e93f8833f8015;20e73ed62a3078e6a9b4;2366390c9f679e2c90b7;240393927e83854aac9b;243562012607f7033171;24c93ac0955292251f20;24ffbec5a9dbce04e0fd;25591cbc3c2b21cbfbdf;25f6a5df250f3ed0360b;2610ebe5f560db94c888;26de74e3debea64ac297;272439595ff3b96c35f3;27940ac9615817e019e3;282aa7d3820de53059e9;2877ad2c6a928639280a;296fc2ba93325a6b3ed0;2972cffe675ec25e930c;2a63460a75ff944e1d44;2c33e3b00e199776ba05;2f08c4b2b3acc1eaa9d5;302dee907e926e18ddba;30b04ea7e17c283383c8;319d5b791f54df181b23;31f58d5793ca1ef590ea;327767a02786d8ff7a19;328dc44eb7208308940c;32b43fcb025a9d77581f;33fa7a94d105663796d8;34ea437817489bccb36b;3592795dfee0e066000a;359e1289e1f098bb36e2;36878122d89a1f0ba51c;37a099d4d3aa15cafaa9;37bb0c4c182653ebb8f9;38300507331b97225df5;38da855b4155bb083590;3a2d4841832fea8715fe;3a87ecbc1ceea37e2382;3aba8ba7976a49acd0ac;3adc77e0b0502fcefcc3;3bb7eee2436c25920c9e;3cc4d65478e63af8ab6e;3e3d7476a0d0198a12a3;401238697481e3dbe32e;412046e11296d150c70a;416753b67d9e900455c8;4252b0b43599d37a154a;425ec6ee2ca714b7434a;4301913b143d4dcf67c6;432422a165ddc6a24c2f;434224fa76b1280311a5;437f09a0c472e4ba343e;44d09fb5dabfde2e9e31;45e7ea1fbbde53125fd7;47160b043b610b447eca;4781da10664bc6a33ebc;48a55d4cf5cff922481f;48e2ce8734d9d1acb602;49a3c3f5df637d33e854;49bb4b3f2e5c7a1a3f92;4a9222af3af0a24b98ba;4b471ab893f0c3845025;4b5e1bc310423d1d0555;4b7753ecc7bff0d54289;4bae43896a7e20da2e4b;4c4dc7fcefb1e9f3abdf;4c580842a4d610a72e9d;4cac4c9f22b3d59d56dd;4dcbdf4bf0f5a9a6c8c8;4eabef99b9ccb8ef8fd4;4f06f0d72a1de087b5c5;4f796e0ce90dce8d4da8;4fdab8147c5288a598e6;4fed0ae03cd7415c40f4;4ff984fed8d71f9ad381;501d19c3bd3160083e8a;50ac103890932b40242c;5116aab375eedc896bfd;5245cf325337d81e78ff;538dc624d4f06d86f6a2;539c65e906ee41f3eabf;53e73c84997817856e1f;548ca816901c7761f0bf;54972cda535948a803e8;55c688efa556cdf3a77e;56dc16bbc7cd98ca993a;581dc0790951c1557bba;582bc7c400fa7acf214f;58483951ebaed609e26a;588316012a3f2d9b790a;58a5647e55ff3ae5746e;592d3957693502aad933;593c7da1de5e9f26b59d;594824ec9813877abe34;594d7ce86781a2e8398f;5966d1a884499670acf2;598901438bbefd691625;59ac00c951a84da39213;5a18de075da6eacf874c;5aa2066f4c78fde5a50b;5aeb6b891099b95aa832;5b356113a239c62ba5ac;5b529e4bc562ac2c093e;5c99d6be17d81210020f;5d6128771afb1cccb251;5da1c6c1e35204ff7f9d;5dd47cd1855294dcfafd;5e70fc602d28beb4158b;60653c070afcf8848788;60f8f44c77f909f61dc3;614d439112e6f1ccea50;633dafafd7b2de3e7ad0;63c69a200d415bc42d9b;643ef34d4dd326d5b164;6457c6be7c6ba150ede6;64947cabbe7282713c10;64a85483f87115653128;64caff9ef7b3adaafe2d;64d8153970a657aa23b0;654de90417901825feeb;668b98624eeda1089d99;669cbda7d16ac3f32155;67e2860b474712736027;681bba8e632d1614f426;68306d2649f0e34ccfa7;69f44a30a1f5c09b5e41;6a18d985481870e99d72;6ab002878664147423a1;6ad5ba253eb6dea25a47;6cf6dbf3648bde45720a;6d3fca2519e927f795b8;6d60da2f964efcc60587;6d85b580a0562cc121d4;6e06ede93e94c8f8e15c;6e7213516f82875618ff;6f1527fb10827ca1da01;6fdf974a01dd27215f86;70cb1e0a134b7f41b447;713e417da7d85579b2d1;71a491a468f6c4c71249;72c30900482428bf1e49;72f2fcd3a833c8b6e39e;73a1f91733c91359d5f0;73cb9769cd2180a04bb0;73f1b1dee9a19c0ea0af;7442954006aac8fa63fa;7571d4d2871565bc5c1c;758d651bc8d5020199f1;76597dc445d9df2ae743;766d498375e7ceff4c70;766fde2e997ea8140bd0;7713a8c3085fddc6419c;7791c8951d81b4aa0b71;78868accc1f86fb42dce;78b358c1b1f53fdbc100;7920ebcf271025a5a8ee;79301031755b16db8fe6;7a269bae27b9f603ddda;7a5ffafc98c031b3684e;7a9ca4d4d16f4705139f;7ab76d429b6539b40243;7acd89712f3fc0bb4cb7;7b627eb0e17b77a07c57;7bda59402c9478eda64c;7d5cb710e5a6901bbaaa;7f735724143207af94c1;7f84c902e862e25dbf2c;7f98755e27ed54f044ae;7fc0513f51b7c61dad31;8094cb5448e9c4e2f371;80e9a9d9f964aea305e9;81087c9bc5a7366ff084;81337a44aeb46520e3ec;81e99943a71c35f1b5e2;843a6b1f2c79c1bd4273;859f96f4eca259cdb9e8;8616afb3ca85007ec9d7;86d7e55b4cfd49b202f0;86f76ce0ac18d03915b2;87dd3b9b5e7ef2d3f457;886368e8c3c194de3abd;891bdc5ee1f3d07f820a;8a18fabf9cf9be3f8a36;8a1c6e7038c447a20568;8ad0258644c0c312a7d8;8bece1a102e2fe87b74e;8ce5650fcd50af3976ab;8db4130844dc8d367d1f;8f2528d2ba0e05485210;8fa1ae6b843e2388520d;902be756a877af6118c0;9053eb63f4358c343310;906c1e2afc9ab8dc6794;907d492e03a26ae110b8;91738aa3fb8146efb96d;9287cf74b213e44a489d;94bb63aeb68eddb59442;94dc4442e5bc1f047433;94ed3a0dbe4657397dc4;9717d5f24495686aabe2;98459bc57c099322761c;98c23d01b9fb23bd43c4;9b5ff9099d241db5f86a;9ba2ceb3ea808e2794a1;9d0e015a74d4a026b092;9d1c14070287793c215b;9d44b976cb2c076751e8;9eabda9ff317373c18d3;9eb3b25f5e4e48cdcb6a;a03df064164f1b54d1d5;a2883a095e505041a802;a2fb845a99fa4f6e080c;a32c2fb665f05ef6086f;a3991fd1e09daca82f29;a44cf2193e8756673fa7;a4d746b41f7f88ceb127;a4f6e4afd67cbf667f95;a9588de788e2402350be;aa05a5932f8ebb716574;ab784e3f29bfc7622997;abda3007be07a5153c0c;ac37bfba546f78614410;adc1485c258278b24c4e;adf94a39c16c36a40d45;aedb9561df16d70a7ef8;af9edf1f4c2a0c11a5eb;afa9fe102dc8ed9bfaff;afc8c786ca5b65ba8c74;b052274076e5e7cc16db;b191e9f77e079eab9ed3;b216d2e3bbb753147fd2;b2f1db675b2599e354ab;b36e071a220a2c96e7c2;b3e39792f96130f4a0b4;b4ed643f7430dbf0ccb9;b4fa4675ffa2674da6e1;b53bf33d223a68f17e8c;b6f4bfb66f82ba008b32;b75fad8b8777d2f878b6;b777355095979479280c;b924bd45d30abb49831e;b94b9bcb1d96d93db9c0;ba402925b430558ae1e0;ba93136b38c9a66d059f;bad1f4fb855554cb4aba;bb3a5362f067d65fc98d;bc52d7f8f145e43beefc;bd0527af9d9859ca54bb;be9dea9f8b093b59c0c4;beedb370b817079634f7;c13d5a010789f6f44c11;c2a9bbee811cd29891e3;c2d6c7abc598aacc0368;c301ce506b01b01e6207;c4f5fe90704c2aa68c75;c58a4682ca46d2e66e96;c837d77a482b4e089619;c8c9e4c672bea3a6d994;c98aa2499bea62fd3f2a;c9defba9bce13454aa5f;caf55d1c5f0358791a96;cb97375c66ea36d11d94;cc3c546075dc11e58802;cfa4cceea1f21315935e;d02cfb250e397dd52db5;d06c6ad96bb08eb739dc;d11ce96adb05741aef6d;d290e5bf22b00e731795;d2f64f874b70a189b145;d3f99e099b9310de57e3;d46506f34cc784478c88;d90096afc3b383fbecb7;d977c356ff57ab060fef;da4715a1835405ea02b7;da920e8320da57a1954a;db6b016a13edb570269a;db80308782a219cbea0e;dcce0a8cef5543c4fec4;df4adbef2a265890959e;df5127c0b752274d452e;df606ccebb857fa9a592;e2272dd53f2ee764e3a8;e28e63bbe4974bda0026;e2a36443154e9a33aff9;e359eafa6af6abbb467d;e3ee954b5290b4f74f0b;e4987ba5c8f46735e9ff;e4a287ed511b7be9baa5;e4caff2128dfb4f4ac0c;e5304eeb960c6393b03a;e5814fecd144cc3fe016;e5b4ed028b3c0ea2eeec;e5e611fc18a4d66128d9;e73b99fafd0009a6e927;e82a026a5524b0d4f0d3;e9d6ceded269a04cde99;ea35181a48e801132195;ea8e0a7c38a125bf8f1d;ead3628c23fe3e244e24;eb0a6b505c3ccc9e534d;eb664530dc232a9e1750;eb6ba637fab26b824344;eb8b75c75edacbfa547b;ebc2ea10b1b751d8e58c;ec6081495209898a9c42;ed072d60d05f5e236143;ed23e4c8ee00516d2110;ed38fd3a7de3cb77f8a6;ed80b78f8297d945224d;eeb5a3afa4e8b1c2635c;ef046f239f256df5f180;f1b256cdccd6208d0cc8;f2454b259920b1b1d032;f2be4ac5256845407914;f30eee8f6354bfa06744;f31767356a0db5360a3d;f41f37dbb22b9ed8ae7c;f4631b37b9a1fd57d914;f4d7fdee2c3cc083329d;f54e36609097c96e8b6d;f5e8d39c518465a0d255;f68a92632e9b465b9cd8;f74b171e97e291bab8d3;f917e0b66cef158b9df0;f97eadc969f29dc262e7;f9c1bb8b50eb65edbf84;fa24b39d9c9c2f6142d6;fb4436cacb550c46d347;fbcfe4a5c41e518e74ba;fc535dce265384650ae6;fcd1902a5e565b2d2fcc;fd0c4ec164cda596074b;fd1a9c7f0b28a609f8af;ffe994fbb4a27b100f16;sci_0f0b074ee785f63a5645;sci_1b84a9e2391f6779175c;sci_300870bf7109221baf28;sci_333316fb42bc0b910010;sci_454fe3ad37947557e9a6;sci_479872e4f60f538cbd03;sci_49f3e83303945c5d95da;sci_6140618886946efd3455;sci_7924be52acf88877d8df;sci_829c4bcf5b773dba44a2;sci_9353c3c154cbf1cd3c54;sci_93a452609f10d60e9d33;sci_a8f02e0b2a448efff5e6;sci_a90d053bc1db526acda9;sci_aea73a0d6d3e592a48a0;sci_b852c26f48dfbf482b84;sci_d54eaf2ee85c6160a060;sci_f2cc5417df9af41a5165,Missing metadata remains missing and is not set to zero.
Exact-identifier metadata sensitivity: coverage,Usable structured authorship,Available,471,472,99.8,,,unique studies,studies with an exact DOI or OpenAlex-ID match,metadata coverage,0038624c09ec9fe46395;00b1591b551023fc549f;00dc13a955ae4496d4ca;01a746b554d461cb998c;03345c1deb2aad29820e;035291e867ecf965f467;038dc9e15385ce662149;0394426a6c4e7afe938e;039798e4f1498c17cf82;03dcc8a1b078476d19e0;03e1a6632b830e0512c9;04b48ce4dda567febfa2;061a5c17950367156401;06baad752a52246f7f43;07d462beafe4d21ba016;0835d7fde9c090ca963c;088f42aecd2674d3dbe5;08cc34de5385d0bd76a6;096c409373966ea99821;0a25081e59bfa2406a89;0a2c09d04e10e0478041;0a56637c161743569cf5;0aad164402f8e4deea3b;0aea8997b3d07a3c7455;0b1b0febb2293831bcc0;0b1e929029c5b43c5beb;0b386fbba1d6908a565d;0c75f057197182777687;0de698b6ef36192c9365;0fe5747ae7b23830be21;107a276748b6c98a2e50;1131dfab50144331e92a;1158803af3fb0ab9c072;116dd099707d378fb9a6;11f31f18ad70545cab85;12a5244797e0de4599d0;14a6c8b99daf76e8179d;14e96fc7b4c3181fd39b;1557e783fc8af1e8fdd6;155acc9f21eba7b06b56;1563f87491d1ce4d02fb;15b1e2fee67db58575b7;166aa3cc368ebd076b91;180163049fadb98a0ef8;18f9eaf414ec69e25aad;197361cc9246160f71a5;19e84bd61f0782eec51c;1a1d7801effe1e2b850a;1a8a9f25ccdf589f88f6;1b087547ad0e2e8a3fa3;1b913a0ed3ab13c6f644;1c073acedd6171c3394d;1c5402a057ba8f451244;1c9542cefba3287a5281;1d69e819d76b702e955f;1df5cdc0b4ba5e34b2ba;1f1c780e93f8833f8015;20e73ed62a3078e6a9b4;217a1796806e392c3e77;235688621e9d66593a40;2366390c9f679e2c90b7;240393927e83854aac9b;243562012607f7033171;24c93ac0955292251f20;24ffbec5a9dbce04e0fd;25591cbc3c2b21cbfbdf;25f6a5df250f3ed0360b;2610ebe5f560db94c888;26de74e3debea64ac297;272439595ff3b96c35f3;27940ac9615817e019e3;282aa7d3820de53059e9;2877ad2c6a928639280a;296fc2ba93325a6b3ed0;2972cffe675ec25e930c;2a63460a75ff944e1d44;2befb2019a25a1ea563f;2c33e3b00e199776ba05;2dd7865e84af395616af;2f08c4b2b3acc1eaa9d5;302dee907e926e18ddba;30b04ea7e17c283383c8;319d5b791f54df181b23;31f58d5793ca1ef590ea;327767a02786d8ff7a19;328dc44eb7208308940c;32b43fcb025a9d77581f;32c1dcd0212f833ee125;33fa7a94d105663796d8;34ab5ecef79b768723f6;34ea437817489bccb36b;3592795dfee0e066000a;359e1289e1f098bb36e2;35ffd2cef7df5e4ea7fc;36878122d89a1f0ba51c;37a099d4d3aa15cafaa9;37bb0c4c182653ebb8f9;38300507331b97225df5;38da855b4155bb083590;3a2d4841832fea8715fe;3a5aebe14250eec39412;3a87ecbc1ceea37e2382;3aba8ba7976a49acd0ac;3adc77e0b0502fcefcc3;3b0e82db448631888b4c;3bb7eee2436c25920c9e;3cc4d65478e63af8ab6e;3d4ea70252a23ce4cd2f;3e3d7476a0d0198a12a3;3e6c586541bbab277f12;401238697481e3dbe32e;412046e11296d150c70a;415ba4f99eeb473a50c2;416753b67d9e900455c8;4252b0b43599d37a154a;425ec6ee2ca714b7434a;4301913b143d4dcf67c6;432422a165ddc6a24c2f;434224fa76b1280311a5;437f09a0c472e4ba343e;43800694173ba371af4f;43f6ad0fa6f4597d56fc;44090e715310ee158f37;44d09fb5dabfde2e9e31;45e7ea1fbbde53125fd7;47160b043b610b447eca;4781da10664bc6a33ebc;4823a4ac11c66c68a7d4;48a55d4cf5cff922481f;48e2ce8734d9d1acb602;49a3c3f5df637d33e854;49bb4b3f2e5c7a1a3f92;4a9222af3af0a24b98ba;4b471ab893f0c3845025;4b5e1bc310423d1d0555;4b7753ecc7bff0d54289;4bae43896a7e20da2e4b;4c10642623772d392b58;4c4dc7fcefb1e9f3abdf;4c580842a4d610a72e9d;4cac4c9f22b3d59d56dd;4dcbdf4bf0f5a9a6c8c8;4eabef99b9ccb8ef8fd4;4ef0a8247384321e8b47;4f06f0d72a1de087b5c5;4f796e0ce90dce8d4da8;4fdab8147c5288a598e6;4fed0ae03cd7415c40f4;4ff984fed8d71f9ad381;501d19c3bd3160083e8a;50ac103890932b40242c;50e4613efeaaadc861f8;5116aab375eedc896bfd;5245cf325337d81e78ff;538dc624d4f06d86f6a2;539c65e906ee41f3eabf;53e73c84997817856e1f;548ca816901c7761f0bf;54972cda535948a803e8;55c688efa556cdf3a77e;56dc16bbc7cd98ca993a;581dc0790951c1557bba;582bc7c400fa7acf214f;58483951ebaed609e26a;588316012a3f2d9b790a;58a5647e55ff3ae5746e;592d3957693502aad933;593c7da1de5e9f26b59d;594824ec9813877abe34;594d7ce86781a2e8398f;5966d1a884499670acf2;598901438bbefd691625;59ac00c951a84da39213;5a18de075da6eacf874c;5aa2066f4c78fde5a50b;5aeb6b891099b95aa832;5b356113a239c62ba5ac;5b529e4bc562ac2c093e;5b995fc6546cbe610568;5c99d6be17d81210020f;5d6128771afb1cccb251;5da1c6c1e35204ff7f9d;5dd47cd1855294dcfafd;5e70fc602d28beb4158b;5e9d52b66e4686a38781;60653c070afcf8848788;60f8f44c77f909f61dc3;614d439112e6f1ccea50;633dafafd7b2de3e7ad0;63c69a200d415bc42d9b;643ef34d4dd326d5b164;6457c6be7c6ba150ede6;64947cabbe7282713c10;64a85483f87115653128;64caff9ef7b3adaafe2d;64d8153970a657aa23b0;654de90417901825feeb;668b98624eeda1089d99;669cbda7d16ac3f32155;67e2860b474712736027;681bba8e632d1614f426;68306d2649f0e34ccfa7;69f44a30a1f5c09b5e41;6a18d985481870e99d72;6ab002878664147423a1;6ad5ba253eb6dea25a47;6af91184365b35a93de5;6cf6dbf3648bde45720a;6d3fca2519e927f795b8;6d60da2f964efcc60587;6d85b580a0562cc121d4;6e06ede93e94c8f8e15c;6e7213516f82875618ff;6f1527fb10827ca1da01;6fb769efa53620e383b7;6fdf974a01dd27215f86;70cb1e0a134b7f41b447;713e417da7d85579b2d1;71a491a468f6c4c71249;72c30900482428bf1e49;72f2fcd3a833c8b6e39e;73a1f91733c91359d5f0;73cb9769cd2180a04bb0;73f1b1dee9a19c0ea0af;740cc1ae550411dacecc;7442954006aac8fa63fa;7571d4d2871565bc5c1c;758d651bc8d5020199f1;76597dc445d9df2ae743;766d498375e7ceff4c70;766fde2e997ea8140bd0;76a6c8049ee4223224f6;7713a8c3085fddc6419c;7791c8951d81b4aa0b71;78868accc1f86fb42dce;78b358c1b1f53fdbc100;7920ebcf271025a5a8ee;79301031755b16db8fe6;7a269bae27b9f603ddda;7a5ffafc98c031b3684e;7a9ca4d4d16f4705139f;7ab76d429b6539b40243;7acd89712f3fc0bb4cb7;7b627eb0e17b77a07c57;7bda59402c9478eda64c;7d5cb710e5a6901bbaaa;7f735724143207af94c1;7f84c902e862e25dbf2c;7f98755e27ed54f044ae;7fc0513f51b7c61dad31;8094cb5448e9c4e2f371;80e9a9d9f964aea305e9;81087c9bc5a7366ff084;81337a44aeb46520e3ec;81e99943a71c35f1b5e2;843a6b1f2c79c1bd4273;859f96f4eca259cdb9e8;8616afb3ca85007ec9d7;862592293f46ff109fb6;86d7e55b4cfd49b202f0;86f76ce0ac18d03915b2;87dd3b9b5e7ef2d3f457;886368e8c3c194de3abd;891bdc5ee1f3d07f820a;894f08a5035b3a1872d5;8a18fabf9cf9be3f8a36;8a1c6e7038c447a20568;8ad0258644c0c312a7d8;8bece1a102e2fe87b74e;8ce5650fcd50af3976ab;8db4130844dc8d367d1f;8f2528d2ba0e05485210;8fa1ae6b843e2388520d;8fce68134f06065fdd4a;902be756a877af6118c0;9053eb63f4358c343310;906c1e2afc9ab8dc6794;907d492e03a26ae110b8;91738aa3fb8146efb96d;9287cf74b213e44a489d;94bb63aeb68eddb59442;94dc4442e5bc1f047433;94ed3a0dbe4657397dc4;9717d5f24495686aabe2;98459bc57c099322761c;987d3b654bc3d24dc464;98c23d01b9fb23bd43c4;9aeba4bdaf161dff8c40;9b5ff9099d241db5f86a;9b778c91d64124298579;9b8b66d55c35b17e843c;9ba2ceb3ea808e2794a1;9d0e015a74d4a026b092;9d1c14070287793c215b;9d44b976cb2c076751e8;9eabda9ff317373c18d3;9eb3b25f5e4e48cdcb6a;a03df064164f1b54d1d5;a2883a095e505041a802;a2fb845a99fa4f6e080c;a32c2fb665f05ef6086f;a3991fd1e09daca82f29;a44cf2193e8756673fa7;a4d746b41f7f88ceb127;a4f6e4afd67cbf667f95;a9588de788e2402350be;aa05a5932f8ebb716574;ab784e3f29bfc7622997;abda3007be07a5153c0c;ac37bfba546f78614410;adc1485c258278b24c4e;adf94a39c16c36a40d45;ae74530d7e9fa7f91f65;aea68236a77645892d74;aedb9561df16d70a7ef8;af881e87f70fad542887;af9edf1f4c2a0c11a5eb;afa9fe102dc8ed9bfaff;afc8c786ca5b65ba8c74;b052274076e5e7cc16db;b191e9f77e079eab9ed3;b216d2e3bbb753147fd2;b2f1db675b2599e354ab;b36e071a220a2c96e7c2;b3a8d73bf08119c4ce68;b3e39792f96130f4a0b4;b4ed643f7430dbf0ccb9;b4fa4675ffa2674da6e1;b53bf33d223a68f17e8c;b608f772e32f2dbbff5e;b6f4bfb66f82ba008b32;b75fad8b8777d2f878b6;b777355095979479280c;b924bd45d30abb49831e;b94b9bcb1d96d93db9c0;ba402925b430558ae1e0;ba93136b38c9a66d059f;bad1f4fb855554cb4aba;bb3a5362f067d65fc98d;bc52d7f8f145e43beefc;bc5dd5d7b1ad1b4d21e4;bd0527af9d9859ca54bb;bd2cdf16f21f3814f67d;bda47b5b58b47ca77285;be9dea9f8b093b59c0c4;beedb370b817079634f7;c13d5a010789f6f44c11;c2a9bbee811cd29891e3;c2d6c7abc598aacc0368;c301ce506b01b01e6207;c4f5fe90704c2aa68c75;c58a4682ca46d2e66e96;c6788113fb3c0b6f7bcf;c6db1164aeacaa778bd4;c837d77a482b4e089619;c8c9e4c672bea3a6d994;c98aa2499bea62fd3f2a;c9defba9bce13454aa5f;caf55d1c5f0358791a96;cb97375c66ea36d11d94;cc3c546075dc11e58802;ce47d43f097c456cdf45;cfa4cceea1f21315935e;d02cfb250e397dd52db5;d06c6ad96bb08eb739dc;d0ead936020ec24f78a7;d11ce96adb05741aef6d;d290e5bf22b00e731795;d2f64f874b70a189b145;d3f99e099b9310de57e3;d46506f34cc784478c88;d644a8da3cdeae0603e0;d6b29e9cea0c868cc28e;d7a2412d7fe5f7bee1e5;d885762caf8919afe125;d90096afc3b383fbecb7;d977c356ff57ab060fef;da4715a1835405ea02b7;da8839d00c24db7f6ad6;da920e8320da57a1954a;db6b016a13edb570269a;db80308782a219cbea0e;dcce0a8cef5543c4fec4;de583e684ddd0364a161;dec5b56924e40c32e506;df4adbef2a265890959e;df5127c0b752274d452e;df606ccebb857fa9a592;df6dd96b9ea594a121ce;e2272dd53f2ee764e3a8;e28e63bbe4974bda0026;e2a36443154e9a33aff9;e359eafa6af6abbb467d;e3ee954b5290b4f74f0b;e4987ba5c8f46735e9ff;e4a287ed511b7be9baa5;e4caff2128dfb4f4ac0c;e5304eeb960c6393b03a;e5814fecd144cc3fe016;e5b4ed028b3c0ea2eeec;e5e611fc18a4d66128d9;e73b99fafd0009a6e927;e82a026a5524b0d4f0d3;e9d6ceded269a04cde99;ea35181a48e801132195;ea8e0a7c38a125bf8f1d;ead3628c23fe3e244e24;eb0a6b505c3ccc9e534d;eb664530dc232a9e1750;eb6afac746ee34d7a37f;eb6ba637fab26b824344;eb8b75c75edacbfa547b;ebc2ea10b1b751d8e58c;ec6081495209898a9c42;ed072d60d05f5e236143;ed23e4c8ee00516d2110;ed38fd3a7de3cb77f8a6;ed80b78f8297d945224d;eeb5a3afa4e8b1c2635c;eee52e824f1559f7759a;ef046f239f256df5f180;f1b256cdccd6208d0cc8;f2454b259920b1b1d032;f2be4ac5256845407914;f30eee8f6354bfa06744;f31767356a0db5360a3d;f41f37dbb22b9ed8ae7c;f4631b37b9a1fd57d914;f4d7fdee2c3cc083329d;f54e36609097c96e8b6d;f5c57c1a6cc5d054fcac;f5e8d39c518465a0d255;f68a92632e9b465b9cd8;f6df2d018d41c258414a;f74b171e97e291bab8d3;f917e0b66cef158b9df0;f97eadc969f29dc262e7;f9c1bb8b50eb65edbf84;fa24b39d9c9c2f6142d6;fb4436cacb550c46d347;fbcfe4a5c41e518e74ba;fc535dce265384650ae6;fcd1902a5e565b2d2fcc;fd0c4ec164cda596074b;fd1a9c7f0b28a609f8af;ff3b7f48f6f586cf90b7;ffe994fbb4a27b100f16;sci_0deb435b497fb81c6d22;sci_0f0b074ee785f63a5645;sci_1b84a9e2391f6779175c;sci_300870bf7109221baf28;sci_333316fb42bc0b910010;sci_3d6777cb059403330506;sci_454fe3ad37947557e9a6;sci_479872e4f60f538cbd03;sci_49f3e83303945c5d95da;sci_6140618886946efd3455;sci_637ee1f73b6fd5027d1c;sci_66be3ed42b9293d2ff9f;sci_6840c15b05b568f05153;sci_7924be52acf88877d8df;sci_829c4bcf5b773dba44a2;sci_9353c3c154cbf1cd3c54;sci_93a452609f10d60e9d33;sci_a8f02e0b2a448efff5e6;sci_a90d053bc1db526acda9;sci_aea73a0d6d3e592a48a0;sci_b852c26f48dfbf482b84;sci_d54eaf2ee85c6160a060;sci_f2cc5417df9af41a5165;sci_f57abde71790ef1bc83d,Missing metadata remains missing and is not set to zero.
Exact-identifier metadata sensitivity: geography,Whole-count country affiliation,US,129,402,32.1,,,country-affiliated unique studies,exact-identifier studies with at least one usable country affiliation,multiple response whole counting; percentages may sum to more than 100%,039798e4f1498c17cf82;03e1a6632b830e0512c9;0835d7fde9c090ca963c;0a25081e59bfa2406a89;0aad164402f8e4deea3b;0aea8997b3d07a3c7455;1158803af3fb0ab9c072;1557e783fc8af1e8fdd6;180163049fadb98a0ef8;2366390c9f679e2c90b7;24c93ac0955292251f20;24ffbec5a9dbce04e0fd;25591cbc3c2b21cbfbdf;27940ac9615817e019e3;2877ad2c6a928639280a;296fc2ba93325a6b3ed0;2972cffe675ec25e930c;2a63460a75ff944e1d44;302dee907e926e18ddba;30b04ea7e17c283383c8;319d5b791f54df181b23;327767a02786d8ff7a19;32b43fcb025a9d77581f;37a099d4d3aa15cafaa9;38300507331b97225df5;3bb7eee2436c25920c9e;3cc4d65478e63af8ab6e;4252b0b43599d37a154a;45e7ea1fbbde53125fd7;4781da10664bc6a33ebc;48a55d4cf5cff922481f;49bb4b3f2e5c7a1a3f92;4a9222af3af0a24b98ba;4bae43896a7e20da2e4b;4dcbdf4bf0f5a9a6c8c8;4eabef99b9ccb8ef8fd4;4f796e0ce90dce8d4da8;50ac103890932b40242c;539c65e906ee41f3eabf;55c688efa556cdf3a77e;593c7da1de5e9f26b59d;598901438bbefd691625;5aa2066f4c78fde5a50b;5b529e4bc562ac2c093e;5dd47cd1855294dcfafd;60653c070afcf8848788;654de90417901825feeb;67e2860b474712736027;68306d2649f0e34ccfa7;6ad5ba253eb6dea25a47;6d3fca2519e927f795b8;72c30900482428bf1e49;73cb9769cd2180a04bb0;7571d4d2871565bc5c1c;76597dc445d9df2ae743;766fde2e997ea8140bd0;7920ebcf271025a5a8ee;79301031755b16db8fe6;7a9ca4d4d16f4705139f;7ab76d429b6539b40243;7bda59402c9478eda64c;7f735724143207af94c1;7f98755e27ed54f044ae;80e9a9d9f964aea305e9;886368e8c3c194de3abd;8ad0258644c0c312a7d8;8bece1a102e2fe87b74e;8db4130844dc8d367d1f;902be756a877af6118c0;906c1e2afc9ab8dc6794;907d492e03a26ae110b8;98459bc57c099322761c;9b5ff9099d241db5f86a;9ba2ceb3ea808e2794a1;9d1c14070287793c215b;9eabda9ff317373c18d3;a3991fd1e09daca82f29;a44cf2193e8756673fa7;abda3007be07a5153c0c;af9edf1f4c2a0c11a5eb;b052274076e5e7cc16db;b191e9f77e079eab9ed3;b3e39792f96130f4a0b4;b94b9bcb1d96d93db9c0;ba402925b430558ae1e0;ba93136b38c9a66d059f;bad1f4fb855554cb4aba;bb3a5362f067d65fc98d;bc52d7f8f145e43beefc;c2a9bbee811cd29891e3;c301ce506b01b01e6207;c9defba9bce13454aa5f;caf55d1c5f0358791a96;cb97375c66ea36d11d94;cfa4cceea1f21315935e;d02cfb250e397dd52db5;d977c356ff57ab060fef;df5127c0b752274d452e;df606ccebb857fa9a592;e28e63bbe4974bda0026;e359eafa6af6abbb467d;e3ee954b5290b4f74f0b;e4987ba5c8f46735e9ff;e4a287ed511b7be9baa5;e4caff2128dfb4f4ac0c;e5304eeb960c6393b03a;e5b4ed028b3c0ea2eeec;ea8e0a7c38a125bf8f1d;eb8b75c75edacbfa547b;ebc2ea10b1b751d8e58c;ed23e4c8ee00516d2110;eeb5a3afa4e8b1c2635c;ef046f239f256df5f180;f1b256cdccd6208d0cc8;f68a92632e9b465b9cd8;f74b171e97e291bab8d3;f917e0b66cef158b9df0;f9c1bb8b50eb65edbf84;fb4436cacb550c46d347;fd0c4ec164cda596074b;fd1a9c7f0b28a609f8af;sci_1b84a9e2391f6779175c;sci_300870bf7109221baf28;sci_49f3e83303945c5d95da;sci_6140618886946efd3455;sci_7924be52acf88877d8df;sci_829c4bcf5b773dba44a2;sci_93a452609f10d60e9d33;sci_a8f02e0b2a448efff5e6,No country is inferred or imputed.
Exact-identifier metadata sensitivity: geography,Whole-count country affiliation,CN,52,402,12.9,,,country-affiliated unique studies,exact-identifier studies with at least one usable country affiliation,multiple response whole counting; percentages may sum to more than 100%,0394426a6c4e7afe938e;03dcc8a1b078476d19e0;061a5c17950367156401;0b386fbba1d6908a565d;0fe5747ae7b23830be21;12a5244797e0de4599d0;1c073acedd6171c3394d;1f1c780e93f8833f8015;240393927e83854aac9b;2610ebe5f560db94c888;2c33e3b00e199776ba05;359e1289e1f098bb36e2;3a2d4841832fea8715fe;412046e11296d150c70a;44d09fb5dabfde2e9e31;48e2ce8734d9d1acb602;548ca816901c7761f0bf;582bc7c400fa7acf214f;64caff9ef7b3adaafe2d;668b98624eeda1089d99;669cbda7d16ac3f32155;6cf6dbf3648bde45720a;6d60da2f964efcc60587;6f1527fb10827ca1da01;73a1f91733c91359d5f0;7a269bae27b9f603ddda;7a5ffafc98c031b3684e;81087c9bc5a7366ff084;8616afb3ca85007ec9d7;902be756a877af6118c0;9053eb63f4358c343310;94bb63aeb68eddb59442;9717d5f24495686aabe2;a4d746b41f7f88ceb127;a4f6e4afd67cbf667f95;adc1485c258278b24c4e;b777355095979479280c;beedb370b817079634f7;c13d5a010789f6f44c11;c58a4682ca46d2e66e96;d2f64f874b70a189b145;d3f99e099b9310de57e3;d977c356ff57ab060fef;da4715a1835405ea02b7;da920e8320da57a1954a;eb664530dc232a9e1750;ed38fd3a7de3cb77f8a6;f2454b259920b1b1d032;fbcfe4a5c41e518e74ba;fd1a9c7f0b28a609f8af;sci_333316fb42bc0b910010;sci_454fe3ad37947557e9a6,No country is inferred or imputed.
Exact-identifier metadata sensitivity: geography,Whole-count country affiliation,GB,41,402,10.2,,,country-affiliated unique studies,exact-identifier studies with at least one usable country affiliation,multiple response whole counting; percentages may sum to more than 100%,06baad752a52246f7f43;107a276748b6c98a2e50;1158803af3fb0ab9c072;14e96fc7b4c3181fd39b;166aa3cc368ebd076b91;2a63460a75ff944e1d44;30b04ea7e17c283383c8;401238697481e3dbe32e;4301913b143d4dcf67c6;437f09a0c472e4ba343e;44d09fb5dabfde2e9e31;4f06f0d72a1de087b5c5;4f796e0ce90dce8d4da8;54972cda535948a803e8;5aeb6b891099b95aa832;63c69a200d415bc42d9b;73cb9769cd2180a04bb0;766d498375e7ceff4c70;7b627eb0e17b77a07c57;8094cb5448e9c4e2f371;8616afb3ca85007ec9d7;86d7e55b4cfd49b202f0;8a1c6e7038c447a20568;902be756a877af6118c0;a03df064164f1b54d1d5;b36e071a220a2c96e7c2;b4fa4675ffa2674da6e1;b6f4bfb66f82ba008b32;c4f5fe90704c2aa68c75;c8c9e4c672bea3a6d994;c98aa2499bea62fd3f2a;d02cfb250e397dd52db5;d06c6ad96bb08eb739dc;d90096afc3b383fbecb7;da920e8320da57a1954a;db80308782a219cbea0e;df4adbef2a265890959e;e2a36443154e9a33aff9;ed23e4c8ee00516d2110;f30eee8f6354bfa06744;f54e36609097c96e8b6d,No country is inferred or imputed.
Exact-identifier metadata sensitivity: geography,Whole-count country affiliation,AU,25,402,6.2,,,country-affiliated unique studies,exact-identifier studies with at least one usable country affiliation,multiple response whole counting; percentages may sum to more than 100%,0038624c09ec9fe46395;00dc13a955ae4496d4ca;0b1e929029c5b43c5beb;1a8a9f25ccdf589f88f6;26de74e3debea64ac297;33fa7a94d105663796d8;434224fa76b1280311a5;44d09fb5dabfde2e9e31;5116aab375eedc896bfd;5dd47cd1855294dcfafd;6457c6be7c6ba150ede6;6d60da2f964efcc60587;7a5ffafc98c031b3684e;891bdc5ee1f3d07f820a;a32c2fb665f05ef6086f;b2f1db675b2599e354ab;c13d5a010789f6f44c11;d11ce96adb05741aef6d;dcce0a8cef5543c4fec4;e5e611fc18a4d66128d9;eb0a6b505c3ccc9e534d;f30eee8f6354bfa06744;fa24b39d9c9c2f6142d6;sci_a90d053bc1db526acda9;sci_d54eaf2ee85c6160a060,No country is inferred or imputed.
Exact-identifier metadata sensitivity: geography,Whole-count country affiliation,KR,20,402,5.0,,,country-affiliated unique studies,exact-identifier studies with at least one usable country affiliation,multiple response whole counting; percentages may sum to more than 100%,0a2c09d04e10e0478041;15b1e2fee67db58575b7;1b087547ad0e2e8a3fa3;1df5cdc0b4ba5e34b2ba;38da855b4155bb083590;49bb4b3f2e5c7a1a3f92;4b471ab893f0c3845025;581dc0790951c1557bba;64d8153970a657aa23b0;654de90417901825feeb;713e417da7d85579b2d1;7a5ffafc98c031b3684e;8ce5650fcd50af3976ab;9d0e015a74d4a026b092;c837d77a482b4e089619;e5814fecd144cc3fe016;e82a026a5524b0d4f0d3;ed072d60d05f5e236143;sci_9353c3c154cbf1cd3c54;sci_f2cc5417df9af41a5165,No country is inferred or imputed.
Exact-identifier metadata sensitivity: geography,Whole-count country affiliation,JP,17,402,4.2,,,country-affiliated unique studies,exact-identifier studies with at least one usable country affiliation,multiple response whole counting; percentages may sum to more than 100%,00b1591b551023fc549f;0c75f057197182777687;25f6a5df250f3ed0360b;328dc44eb7208308940c;34ea437817489bccb36b;4b5e1bc310423d1d0555;4fdab8147c5288a598e6;5a18de075da6eacf874c;614d439112e6f1ccea50;7713a8c3085fddc6419c;81e99943a71c35f1b5e2;859f96f4eca259cdb9e8;8fa1ae6b843e2388520d;f31767356a0db5360a3d;f4631b37b9a1fd57d914;fcd1902a5e565b2d2fcc;fd0c4ec164cda596074b,No country is inferred or imputed.
Exact-identifier metadata sensitivity: geography,Whole-count country affiliation,DE,16,402,4.0,,,country-affiliated unique studies,exact-identifier studies with at least one usable country affiliation,multiple response whole counting; percentages may sum to more than 100%,01a746b554d461cb998c;0a56637c161743569cf5;14a6c8b99daf76e8179d;272439595ff3b96c35f3;282aa7d3820de53059e9;37bb0c4c182653ebb8f9;47160b043b610b447eca;4c4dc7fcefb1e9f3abdf;594824ec9813877abe34;5d6128771afb1cccb251;7442954006aac8fa63fa;bad1f4fb855554cb4aba;cfa4cceea1f21315935e;e2272dd53f2ee764e3a8;e73b99fafd0009a6e927;f5e8d39c518465a0d255,No country is inferred or imputed.
Exact-identifier metadata sensitivity: geography,Whole-count country affiliation,IN,14,402,3.5,,,country-affiliated unique studies,exact-identifier studies with at least one usable country affiliation,multiple response whole counting; percentages may sum to more than 100%,3e3d7476a0d0198a12a3;416753b67d9e900455c8;58a5647e55ff3ae5746e;5b356113a239c62ba5ac;5c99d6be17d81210020f;6e06ede93e94c8f8e15c;6fdf974a01dd27215f86;70cb1e0a134b7f41b447;9053eb63f4358c343310;a2fb845a99fa4f6e080c;a44cf2193e8756673fa7;afa9fe102dc8ed9bfaff;c13d5a010789f6f44c11;caf55d1c5f0358791a96,No country is inferred or imputed.
Exact-identifier metadata sensitivity: geography,Whole-count country affiliation,CA,13,402,3.2,,,country-affiliated unique studies,exact-identifier studies with at least one usable country affiliation,multiple response whole counting; percentages may sum to more than 100%,197361cc9246160f71a5;243562012607f7033171;37a099d4d3aa15cafaa9;4eabef99b9ccb8ef8fd4;58483951ebaed609e26a;633dafafd7b2de3e7ad0;63c69a200d415bc42d9b;73cb9769cd2180a04bb0;758d651bc8d5020199f1;7791c8951d81b4aa0b71;91738aa3fb8146efb96d;caf55d1c5f0358791a96;d977c356ff57ab060fef,No country is inferred or imputed.
Exact-identifier metadata sensitivity: geography,Whole-count country affiliation,ES,10,402,2.5,,,country-affiliated unique studies,exact-identifier studies with at least one usable country affiliation,multiple response whole counting; percentages may sum to more than 100%,1158803af3fb0ab9c072;14a6c8b99daf76e8179d;5dd47cd1855294dcfafd;6ab002878664147423a1;71a491a468f6c4c71249;7a5ffafc98c031b3684e;94ed3a0dbe4657397dc4;ba93136b38c9a66d059f;be9dea9f8b093b59c0c4;f4d7fdee2c3cc083329d,No country is inferred or imputed.
Exact-identifier metadata sensitivity: geography,Whole-count country affiliation,FR,10,402,2.5,,,country-affiliated unique studies,exact-identifier studies with at least one usable country affiliation,multiple response whole counting; percentages may sum to more than 100%,03345c1deb2aad29820e;14a6c8b99daf76e8179d;4b7753ecc7bff0d54289;5aeb6b891099b95aa832;72f2fcd3a833c8b6e39e;73f1b1dee9a19c0ea0af;b216d2e3bbb753147fd2;b75fad8b8777d2f878b6;be9dea9f8b093b59c0c4;sci_0f0b074ee785f63a5645,No country is inferred or imputed.
Exact-identifier metadata sensitivity: geography,Whole-count country affiliation,IL,10,402,2.5,,,country-affiliated unique studies,exact-identifier studies with at least one usable country affiliation,multiple response whole counting; percentages may sum to more than 100%,116dd099707d378fb9a6;12a5244797e0de4599d0;598901438bbefd691625;6ad5ba253eb6dea25a47;73f1b1dee9a19c0ea0af;b4ed643f7430dbf0ccb9;bd0527af9d9859ca54bb;be9dea9f8b093b59c0c4;d06c6ad96bb08eb739dc;e4a287ed511b7be9baa5,No country is inferred or imputed.
Exact-identifier metadata sensitivity: geography,Whole-count country affiliation,HK,9,402,2.2,,,country-affiliated unique studies,exact-identifier studies with at least one usable country affiliation,multiple response whole counting; percentages may sum to more than 100%,0b1e929029c5b43c5beb;12a5244797e0de4599d0;26de74e3debea64ac297;3adc77e0b0502fcefcc3;592d3957693502aad933;7a5ffafc98c031b3684e;d977c356ff57ab060fef;ead3628c23fe3e244e24;ffe994fbb4a27b100f16,No country is inferred or imputed.
Exact-identifier metadata sensitivity: geography,Whole-count country affiliation,IT,8,402,2.0,,,country-affiliated unique studies,exact-identifier studies with at least one usable country affiliation,multiple response whole counting; percentages may sum to more than 100%,07d462beafe4d21ba016;56dc16bbc7cd98ca993a;5dd47cd1855294dcfafd;633dafafd7b2de3e7ad0;7d5cb710e5a6901bbaaa;81337a44aeb46520e3ec;be9dea9f8b093b59c0c4;ea8e0a7c38a125bf8f1d,No country is inferred or imputed.
Exact-identifier metadata sensitivity: geography,Whole-count country affiliation,SE,8,402,2.0,,,country-affiliated unique studies,exact-identifier studies with at least one usable country affiliation,multiple response whole counting; percentages may sum to more than 100%,319d5b791f54df181b23;538dc624d4f06d86f6a2;64947cabbe7282713c10;aedb9561df16d70a7ef8;afc8c786ca5b65ba8c74;d46506f34cc784478c88;db6b016a13edb570269a;ed80b78f8297d945224d,No country is inferred or imputed.
Exact-identifier metadata sensitivity: geography,Whole-count country affiliation,BR,7,402,1.7,,,country-affiliated unique studies,exact-identifier studies with at least one usable country affiliation,multiple response whole counting; percentages may sum to more than 100%,1131dfab50144331e92a;1c9542cefba3287a5281;3aba8ba7976a49acd0ac;9eb3b25f5e4e48cdcb6a;b924bd45d30abb49831e;cc3c546075dc11e58802;fc535dce265384650ae6,No country is inferred or imputed.
Exact-identifier metadata sensitivity: geography,Whole-count country affiliation,MY,7,402,1.7,,,country-affiliated unique studies,exact-identifier studies with at least one usable country affiliation,multiple response whole counting; percentages may sum to more than 100%,038dc9e15385ce662149;31f58d5793ca1ef590ea;36878122d89a1f0ba51c;5966d1a884499670acf2;643ef34d4dd326d5b164;87dd3b9b5e7ef2d3f457;dcce0a8cef5543c4fec4,No country is inferred or imputed.
Exact-identifier metadata sensitivity: geography,Whole-count country affiliation,SA,7,402,1.7,,,country-affiliated unique studies,exact-identifier studies with at least one usable country affiliation,multiple response whole counting; percentages may sum to more than 100%,4301913b143d4dcf67c6;4c580842a4d610a72e9d;5da1c6c1e35204ff7f9d;5dd47cd1855294dcfafd;7acd89712f3fc0bb4cb7;c13d5a010789f6f44c11;eb8b75c75edacbfa547b,No country is inferred or imputed.
Exact-identifier metadata sensitivity: geography,Whole-count country affiliation,TR,7,402,1.7,,,country-affiliated unique studies,exact-identifier studies with at least one usable country affiliation,multiple response whole counting; percentages may sum to more than 100%,5e70fc602d28beb4158b;73cb9769cd2180a04bb0;86f76ce0ac18d03915b2;94dc4442e5bc1f047433;df606ccebb857fa9a592;ec6081495209898a9c42;f41f37dbb22b9ed8ae7c,No country is inferred or imputed.
Exact-identifier metadata sensitivity: geography,Whole-count country affiliation,CH,6,402,1.5,,,country-affiliated unique studies,exact-identifier studies with at least one usable country affiliation,multiple response whole counting; percentages may sum to more than 100%,0b1b0febb2293831bcc0;18f9eaf414ec69e25aad;20e73ed62a3078e6a9b4;272439595ff3b96c35f3;e73b99fafd0009a6e927;sci_b852c26f48dfbf482b84,No country is inferred or imputed.
Exact-identifier metadata sensitivity: geography,Whole-count country affiliation,MA,6,402,1.5,,,country-affiliated unique studies,exact-identifier studies with at least one usable country affiliation,multiple response whole counting; percentages may sum to more than 100%,1b913a0ed3ab13c6f644;49a3c3f5df637d33e854;72f2fcd3a833c8b6e39e;ac37bfba546f78614410;adf94a39c16c36a40d45;sci_0f0b074ee785f63a5645,No country is inferred or imputed.
Exact-identifier metadata sensitivity: geography,Whole-count country affiliation,MX,6,402,1.5,,,country-affiliated unique studies,exact-identifier studies with at least one usable country affiliation,multiple response whole counting; percentages may sum to more than 100%,3a87ecbc1ceea37e2382;59ac00c951a84da39213;6d85b580a0562cc121d4;7f84c902e862e25dbf2c;98c23d01b9fb23bd43c4;a2883a095e505041a802,No country is inferred or imputed.
Exact-identifier metadata sensitivity: geography,Whole-count country affiliation,NL,6,402,1.5,,,country-affiliated unique studies,exact-identifier studies with at least one usable country affiliation,multiple response whole counting; percentages may sum to more than 100%,425ec6ee2ca714b7434a;a4d746b41f7f88ceb127;afc8c786ca5b65ba8c74;bad1f4fb855554cb4aba;fd0c4ec164cda596074b;fd1a9c7f0b28a609f8af,No country is inferred or imputed.
Exact-identifier metadata sensitivity: geography,Whole-count country affiliation,SG,6,402,1.5,,,country-affiliated unique studies,exact-identifier studies with at least one usable country affiliation,multiple response whole counting; percentages may sum to more than 100%,0aad164402f8e4deea3b;3592795dfee0e066000a;359e1289e1f098bb36e2;7b627eb0e17b77a07c57;9d44b976cb2c076751e8;e5e611fc18a4d66128d9,No country is inferred or imputed.
Exact-identifier metadata sensitivity: geography,Whole-count country affiliation,TW,6,402,1.5,,,country-affiliated unique studies,exact-identifier studies with at least one usable country affiliation,multiple response whole counting; percentages may sum to more than 100%,1a1d7801effe1e2b850a;4fed0ae03cd7415c40f4;7713a8c3085fddc6419c;7a5ffafc98c031b3684e;8f2528d2ba0e05485210;f97eadc969f29dc262e7,No country is inferred or imputed.
Exact-identifier metadata sensitivity: geography,Whole-count country affiliation,PK,5,402,1.2,,,country-affiliated unique studies,exact-identifier studies with at least one usable country affiliation,multiple response whole counting; percentages may sum to more than 100%,588316012a3f2d9b790a;5966d1a884499670acf2;6e7213516f82875618ff;9287cf74b213e44a489d;ba93136b38c9a66d059f,No country is inferred or imputed.
Exact-identifier metadata sensitivity: geography,Whole-count country affiliation,PT,5,402,1.2,,,country-affiliated unique studies,exact-identifier studies with at least one usable country affiliation,multiple response whole counting; percentages may sum to more than 100%,14a6c8b99daf76e8179d;1563f87491d1ce4d02fb;69f44a30a1f5c09b5e41;b924bd45d30abb49831e;c58a4682ca46d2e66e96,No country is inferred or imputed.
Exact-identifier metadata sensitivity: geography,Whole-count country affiliation,TH,5,402,1.2,,,country-affiliated unique studies,exact-identifier studies with at least one usable country affiliation,multiple response whole counting; percentages may sum to more than 100%,08cc34de5385d0bd76a6;1a8a9f25ccdf589f88f6;594d7ce86781a2e8398f;60f8f44c77f909f61dc3;7a5ffafc98c031b3684e,No country is inferred or imputed.
Exact-identifier metadata sensitivity: geography,Whole-count country affiliation,FI,4,402,1.0,,,country-affiliated unique studies,exact-identifier studies with at least one usable country affiliation,multiple response whole counting; percentages may sum to more than 100%,088f42aecd2674d3dbe5;4cac4c9f22b3d59d56dd;ab784e3f29bfc7622997;e9d6ceded269a04cde99,No country is inferred or imputed.
Exact-identifier metadata sensitivity: geography,Whole-count country affiliation,IE,4,402,1.0,,,country-affiliated unique studies,exact-identifier studies with at least one usable country affiliation,multiple response whole counting; percentages may sum to more than 100%,11f31f18ad70545cab85;1c5402a057ba8f451244;c13d5a010789f6f44c11;f1b256cdccd6208d0cc8,No country is inferred or imputed.
Exact-identifier metadata sensitivity: geography,Whole-count country affiliation,CZ,3,402,0.7,,,country-affiliated unique studies,exact-identifier studies with at least one usable country affiliation,multiple response whole counting; percentages may sum to more than 100%,56dc16bbc7cd98ca993a;6ad5ba253eb6dea25a47;ea35181a48e801132195,No country is inferred or imputed.
Exact-identifier metadata sensitivity: geography,Whole-count country affiliation,EC,3,402,0.7,,,country-affiliated unique studies,exact-identifier studies with at least one usable country affiliation,multiple response whole counting; percentages may sum to more than 100%,26de74e3debea64ac297;501d19c3bd3160083e8a;d11ce96adb05741aef6d,No country is inferred or imputed.
Exact-identifier metadata sensitivity: geography,Whole-count country affiliation,IR,3,402,0.7,,,country-affiliated unique studies,exact-identifier studies with at least one usable country affiliation,multiple response whole counting; percentages may sum to more than 100%,035291e867ecf965f467;2f08c4b2b3acc1eaa9d5;f2be4ac5256845407914,No country is inferred or imputed.
Exact-identifier metadata sensitivity: geography,Whole-count country affiliation,NG,3,402,0.7,,,country-affiliated unique studies,exact-identifier studies with at least one usable country affiliation,multiple response whole counting; percentages may sum to more than 100%,0b1e929029c5b43c5beb;681bba8e632d1614f426;78b358c1b1f53fdbc100,No country is inferred or imputed.
Exact-identifier metadata sensitivity: geography,Whole-count country affiliation,OM,3,402,0.7,,,country-affiliated unique studies,exact-identifier studies with at least one usable country affiliation,multiple response whole counting; percentages may sum to more than 100%,038dc9e15385ce662149;36878122d89a1f0ba51c;sci_49f3e83303945c5d95da,No country is inferred or imputed.
Exact-identifier metadata sensitivity: geography,Whole-count country affiliation,PL,3,402,0.7,,,country-affiliated unique studies,exact-identifier studies with at least one usable country affiliation,multiple response whole counting; percentages may sum to more than 100%,14a6c8b99daf76e8179d;4ff984fed8d71f9ad381;5dd47cd1855294dcfafd,No country is inferred or imputed.
Exact-identifier metadata sensitivity: geography,Whole-count country affiliation,RO,3,402,0.7,,,country-affiliated unique studies,exact-identifier studies with at least one usable country affiliation,multiple response whole counting; percentages may sum to more than 100%,c2d6c7abc598aacc0368;da4715a1835405ea02b7;sci_aea73a0d6d3e592a48a0,No country is inferred or imputed.
Exact-identifier metadata sensitivity: geography,Whole-count country affiliation,AE,2,402,0.5,,,country-affiliated unique studies,exact-identifier studies with at least one usable country affiliation,multiple response whole counting; percentages may sum to more than 100%,891bdc5ee1f3d07f820a;eb6ba637fab26b824344,No country is inferred or imputed.
Exact-identifier metadata sensitivity: geography,Whole-count country affiliation,AG,2,402,0.5,,,country-affiliated unique studies,exact-identifier studies with at least one usable country affiliation,multiple response whole counting; percentages may sum to more than 100%,76597dc445d9df2ae743;ec6081495209898a9c42,No country is inferred or imputed.
Exact-identifier metadata sensitivity: geography,Whole-count country affiliation,BY,2,402,0.5,,,country-affiliated unique studies,exact-identifier studies with at least one usable country affiliation,multiple response whole counting; percentages may sum to more than 100%,8a18fabf9cf9be3f8a36;af9edf1f4c2a0c11a5eb,No country is inferred or imputed.
Exact-identifier metadata sensitivity: geography,Whole-count country affiliation,CO,2,402,0.5,,,country-affiliated unique studies,exact-identifier studies with at least one usable country affiliation,multiple response whole counting; percentages may sum to more than 100%,432422a165ddc6a24c2f;843a6b1f2c79c1bd4273,No country is inferred or imputed.
Exact-identifier metadata sensitivity: geography,Whole-count country affiliation,EG,2,402,0.5,,,country-affiliated unique studies,exact-identifier studies with at least one usable country affiliation,multiple response whole counting; percentages may sum to more than 100%,a9588de788e2402350be;aa05a5932f8ebb716574,No country is inferred or imputed.
Exact-identifier metadata sensitivity: geography,Whole-count country affiliation,LU,2,402,0.5,,,country-affiliated unique studies,exact-identifier studies with at least one usable country affiliation,multiple response whole counting; percentages may sum to more than 100%,03345c1deb2aad29820e;432422a165ddc6a24c2f,No country is inferred or imputed.
Exact-identifier metadata sensitivity: geography,Whole-count country affiliation,PE,2,402,0.5,,,country-affiliated unique studies,exact-identifier studies with at least one usable country affiliation,multiple response whole counting; percentages may sum to more than 100%,53e73c84997817856e1f;98c23d01b9fb23bd43c4,No country is inferred or imputed.
Exact-identifier metadata sensitivity: geography,Whole-count country affiliation,UA,2,402,0.5,,,country-affiliated unique studies,exact-identifier studies with at least one usable country affiliation,multiple response whole counting; percentages may sum to more than 100%,11f31f18ad70545cab85;14a6c8b99daf76e8179d,No country is inferred or imputed.
Exact-identifier metadata sensitivity: geography,Whole-count country affiliation,VN,2,402,0.5,,,country-affiliated unique studies,exact-identifier studies with at least one usable country affiliation,multiple response whole counting; percentages may sum to more than 100%,539c65e906ee41f3eabf;7571d4d2871565bc5c1c,No country is inferred or imputed.
Exact-identifier metadata sensitivity: geography,Whole-count country affiliation,AS,1,402,0.2,,,country-affiliated unique studies,exact-identifier studies with at least one usable country affiliation,multiple response whole counting; percentages may sum to more than 100%,25591cbc3c2b21cbfbdf,No country is inferred or imputed.
Exact-identifier metadata sensitivity: geography,Whole-count country affiliation,AT,1,402,0.2,,,country-affiliated unique studies,exact-identifier studies with at least one usable country affiliation,multiple response whole counting; percentages may sum to more than 100%,64a85483f87115653128,No country is inferred or imputed.
Exact-identifier metadata sensitivity: geography,Whole-count country affiliation,AW,1,402,0.2,,,country-affiliated unique studies,exact-identifier studies with at least one usable country affiliation,multiple response whole counting; percentages may sum to more than 100%,76597dc445d9df2ae743,No country is inferred or imputed.
Exact-identifier metadata sensitivity: geography,Whole-count country affiliation,BF,1,402,0.2,,,country-affiliated unique studies,exact-identifier studies with at least one usable country affiliation,multiple response whole counting; percentages may sum to more than 100%,5245cf325337d81e78ff,No country is inferred or imputed.
Exact-identifier metadata sensitivity: geography,Whole-count country affiliation,BG,1,402,0.2,,,country-affiliated unique studies,exact-identifier studies with at least one usable country affiliation,multiple response whole counting; percentages may sum to more than 100%,d290e5bf22b00e731795,No country is inferred or imputed.
Exact-identifier metadata sensitivity: geography,Whole-count country affiliation,BO,1,402,0.2,,,country-affiliated unique studies,exact-identifier studies with at least one usable country affiliation,multiple response whole counting; percentages may sum to more than 100%,78868accc1f86fb42dce,No country is inferred or imputed.
Exact-identifier metadata sensitivity: geography,Whole-count country affiliation,CL,1,402,0.2,,,country-affiliated unique studies,exact-identifier studies with at least one usable country affiliation,multiple response whole counting; percentages may sum to more than 100%,b53bf33d223a68f17e8c,No country is inferred or imputed.
Exact-identifier metadata sensitivity: geography,Whole-count country affiliation,CY,1,402,0.2,,,country-affiliated unique studies,exact-identifier studies with at least one usable country affiliation,multiple response whole counting; percentages may sum to more than 100%,6ad5ba253eb6dea25a47,No country is inferred or imputed.
Exact-identifier metadata sensitivity: geography,Whole-count country affiliation,DK,1,402,0.2,,,country-affiliated unique studies,exact-identifier studies with at least one usable country affiliation,multiple response whole counting; percentages may sum to more than 100%,107a276748b6c98a2e50,No country is inferred or imputed.
Exact-identifier metadata sensitivity: geography,Whole-count country affiliation,HU,1,402,0.2,,,country-affiliated unique studies,exact-identifier studies with at least one usable country affiliation,multiple response whole counting; percentages may sum to more than 100%,sci_479872e4f60f538cbd03,No country is inferred or imputed.
Exact-identifier metadata sensitivity: geography,Whole-count country affiliation,ID,1,402,0.2,,,country-affiliated unique studies,exact-identifier studies with at least one usable country affiliation,multiple response whole counting; percentages may sum to more than 100%,6a18d985481870e99d72,No country is inferred or imputed.
Exact-identifier metadata sensitivity: geography,Whole-count country affiliation,JO,1,402,0.2,,,country-affiliated unique studies,exact-identifier studies with at least one usable country affiliation,multiple response whole counting; percentages may sum to more than 100%,eb6ba637fab26b824344,No country is inferred or imputed.
Exact-identifier metadata sensitivity: geography,Whole-count country affiliation,KH,1,402,0.2,,,country-affiliated unique studies,exact-identifier studies with at least one usable country affiliation,multiple response whole counting; percentages may sum to more than 100%,ec6081495209898a9c42,No country is inferred or imputed.
Exact-identifier metadata sensitivity: geography,Whole-count country affiliation,KN,1,402,0.2,,,country-affiliated unique studies,exact-identifier studies with at least one usable country affiliation,multiple response whole counting; percentages may sum to more than 100%,76597dc445d9df2ae743,No country is inferred or imputed.
Exact-identifier metadata sensitivity: geography,Whole-count country affiliation,LK,1,402,0.2,,,country-affiliated unique studies,exact-identifier studies with at least one usable country affiliation,multiple response whole counting; percentages may sum to more than 100%,c301ce506b01b01e6207,No country is inferred or imputed.
Exact-identifier metadata sensitivity: geography,Whole-count country affiliation,LT,1,402,0.2,,,country-affiliated unique studies,exact-identifier studies with at least one usable country affiliation,multiple response whole counting; percentages may sum to more than 100%,e9d6ceded269a04cde99,No country is inferred or imputed.
Exact-identifier metadata sensitivity: geography,Whole-count country affiliation,MO,1,402,0.2,,,country-affiliated unique studies,exact-identifier studies with at least one usable country affiliation,multiple response whole counting; percentages may sum to more than 100%,359e1289e1f098bb36e2,No country is inferred or imputed.
Exact-identifier metadata sensitivity: geography,Whole-count country affiliation,MT,1,402,0.2,,,country-affiliated unique studies,exact-identifier studies with at least one usable country affiliation,multiple response whole counting; percentages may sum to more than 100%,df4adbef2a265890959e,No country is inferred or imputed.
Exact-identifier metadata sensitivity: geography,Whole-count country affiliation,NO,1,402,0.2,,,country-affiliated unique studies,exact-identifier studies with at least one usable country affiliation,multiple response whole counting; percentages may sum to more than 100%,79301031755b16db8fe6,No country is inferred or imputed.
Exact-identifier metadata sensitivity: geography,Whole-count country affiliation,PH,1,402,0.2,,,country-affiliated unique studies,exact-identifier studies with at least one usable country affiliation,multiple response whole counting; percentages may sum to more than 100%,7fc0513f51b7c61dad31,No country is inferred or imputed.
Exact-identifier metadata sensitivity: geography,Whole-count country affiliation,PR,1,402,0.2,,,country-affiliated unique studies,exact-identifier studies with at least one usable country affiliation,multiple response whole counting; percentages may sum to more than 100%,9d0e015a74d4a026b092,No country is inferred or imputed.
Exact-identifier metadata sensitivity: geography,Whole-count country affiliation,QA,1,402,0.2,,,country-affiliated unique studies,exact-identifier studies with at least one usable country affiliation,multiple response whole counting; percentages may sum to more than 100%,e3ee954b5290b4f74f0b,No country is inferred or imputed.
Exact-identifier metadata sensitivity: geography,Whole-count country affiliation,SM,1,402,0.2,,,country-affiliated unique studies,exact-identifier studies with at least one usable country affiliation,multiple response whole counting; percentages may sum to more than 100%,f1b256cdccd6208d0cc8,No country is inferred or imputed.
Exact-identifier metadata sensitivity: geography,International collaboration,More than one country affiliation,89,402,22.1,,,country-affiliated unique studies,exact-identifier studies with at least one usable country affiliation,binary within covered studies,03345c1deb2aad29820e;038dc9e15385ce662149;0aad164402f8e4deea3b;0b1e929029c5b43c5beb;107a276748b6c98a2e50;1158803af3fb0ab9c072;11f31f18ad70545cab85;12a5244797e0de4599d0;14a6c8b99daf76e8179d;1a8a9f25ccdf589f88f6;25591cbc3c2b21cbfbdf;26de74e3debea64ac297;272439595ff3b96c35f3;2a63460a75ff944e1d44;30b04ea7e17c283383c8;319d5b791f54df181b23;359e1289e1f098bb36e2;36878122d89a1f0ba51c;37a099d4d3aa15cafaa9;4301913b143d4dcf67c6;432422a165ddc6a24c2f;44d09fb5dabfde2e9e31;49bb4b3f2e5c7a1a3f92;4eabef99b9ccb8ef8fd4;4f796e0ce90dce8d4da8;539c65e906ee41f3eabf;56dc16bbc7cd98ca993a;5966d1a884499670acf2;598901438bbefd691625;5aeb6b891099b95aa832;5dd47cd1855294dcfafd;633dafafd7b2de3e7ad0;63c69a200d415bc42d9b;654de90417901825feeb;6ad5ba253eb6dea25a47;6d60da2f964efcc60587;72f2fcd3a833c8b6e39e;73cb9769cd2180a04bb0;73f1b1dee9a19c0ea0af;7571d4d2871565bc5c1c;76597dc445d9df2ae743;7713a8c3085fddc6419c;79301031755b16db8fe6;7a5ffafc98c031b3684e;7b627eb0e17b77a07c57;8616afb3ca85007ec9d7;891bdc5ee1f3d07f820a;902be756a877af6118c0;9053eb63f4358c343310;98c23d01b9fb23bd43c4;9d0e015a74d4a026b092;a44cf2193e8756673fa7;a4d746b41f7f88ceb127;af9edf1f4c2a0c11a5eb;afc8c786ca5b65ba8c74;b924bd45d30abb49831e;ba93136b38c9a66d059f;bad1f4fb855554cb4aba;be9dea9f8b093b59c0c4;c13d5a010789f6f44c11;c301ce506b01b01e6207;c58a4682ca46d2e66e96;caf55d1c5f0358791a96;cfa4cceea1f21315935e;d02cfb250e397dd52db5;d06c6ad96bb08eb739dc;d11ce96adb05741aef6d;d977c356ff57ab060fef;da4715a1835405ea02b7;da920e8320da57a1954a;dcce0a8cef5543c4fec4;df4adbef2a265890959e;df606ccebb857fa9a592;e3ee954b5290b4f74f0b;e4a287ed511b7be9baa5;e5e611fc18a4d66128d9;e73b99fafd0009a6e927;e9d6ceded269a04cde99;ea8e0a7c38a125bf8f1d;eb6ba637fab26b824344;eb8b75c75edacbfa547b;ec6081495209898a9c42;ed23e4c8ee00516d2110;f1b256cdccd6208d0cc8;f30eee8f6354bfa06744;fd0c4ec164cda596074b;fd1a9c7f0b28a609f8af;sci_0f0b074ee785f63a5645;sci_49f3e83303945c5d95da,Studies without country data are not classified as domestic or international.
Exact-identifier metadata sensitivity: authors,Unique-author study count,Dennis Shung,5,471,1.1,,,authorship-covered unique studies,exact-identifier studies with usable structured authorship,multiple response; one count per unique author per study,302dee907e926e18ddba;3b0e82db448631888b4c;68306d2649f0e34ccfa7;c6db1164aeacaa778bd4;ea8e0a7c38a125bf8f1d,OpenAlex author ID
Exact-identifier metadata sensitivity: authors,Unique-author study count,Gabriel Skantze,5,471,1.1,,,authorship-covered unique studies,exact-identifier studies with usable structured authorship,multiple response; one count per unique author per study,538dc624d4f06d86f6a2;64947cabbe7282713c10;aedb9561df16d70a7ef8;db6b016a13edb570269a;ed80b78f8297d945224d,OpenAlex author ID
Exact-identifier metadata sensitivity: authors,Unique-author study count,Ioannis Parodis,5,471,1.1,,,authorship-covered unique studies,exact-identifier studies with usable structured authorship,multiple response; one count per unique author per study,538dc624d4f06d86f6a2;64947cabbe7282713c10;aedb9561df16d70a7ef8;db6b016a13edb570269a;ed80b78f8297d945224d,OpenAlex author ID
Exact-identifier metadata sensitivity: authors,Unique-author study count,René F. Kizilcec,5,471,1.1,,,authorship-covered unique studies,exact-identifier studies with usable structured authorship,multiple response; one count per unique author per study,302dee907e926e18ddba;3b0e82db448631888b4c;68306d2649f0e34ccfa7;c6db1164aeacaa778bd4;ea8e0a7c38a125bf8f1d,OpenAlex author ID
Exact-identifier metadata sensitivity: authors,Unique-author study count,Alexander Borg,4,471,0.8,,,authorship-covered unique studies,exact-identifier studies with usable structured authorship,multiple response; one count per unique author per study,538dc624d4f06d86f6a2;64947cabbe7282713c10;aedb9561df16d70a7ef8;db6b016a13edb570269a,OpenAlex author ID
Exact-identifier metadata sensitivity: authors,Unique-author study count,Andrew R. Jamieson,4,471,0.8,,,authorship-covered unique studies,exact-identifier studies with usable structured authorship,multiple response; one count per unique author per study,296fc2ba93325a6b3ed0;44090e715310ee158f37;67e2860b474712736027;9b5ff9099d241db5f86a,OpenAlex author ID
Exact-identifier metadata sensitivity: authors,Unique-author study count,Anne Herrmann‐Werner,4,471,0.8,,,authorship-covered unique studies,exact-identifier studies with usable structured authorship,multiple response; one count per unique author per study,01a746b554d461cb998c;0de698b6ef36192c9365;282aa7d3820de53059e9;cfa4cceea1f21315935e,OpenAlex author ID
Exact-identifier metadata sensitivity: authors,Unique-author study count,Benjamin Jobs,4,471,0.8,,,authorship-covered unique studies,exact-identifier studies with usable structured authorship,multiple response; one count per unique author per study,64947cabbe7282713c10;aedb9561df16d70a7ef8;db6b016a13edb570269a;ed80b78f8297d945224d,OpenAlex author ID
Exact-identifier metadata sensitivity: authors,Unique-author study count,Carina Georg,4,471,0.8,,,authorship-covered unique studies,exact-identifier studies with usable structured authorship,multiple response; one count per unique author per study,64947cabbe7282713c10;aedb9561df16d70a7ef8;db6b016a13edb570269a;ed80b78f8297d945224d,OpenAlex author ID
Exact-identifier metadata sensitivity: authors,Unique-author study count,Christian Stegemann–Philipps,4,471,0.8,,,authorship-covered unique studies,exact-identifier studies with usable structured authorship,multiple response; one count per unique author per study,01a746b554d461cb998c;0de698b6ef36192c9365;282aa7d3820de53059e9;cfa4cceea1f21315935e,OpenAlex author ID
Exact-identifier metadata sensitivity: authors,Unique-author study count,Colleen Chan,4,471,0.8,,,authorship-covered unique studies,exact-identifier studies with usable structured authorship,multiple response; one count per unique author per study,3b0e82db448631888b4c;68306d2649f0e34ccfa7;c6db1164aeacaa778bd4;ea8e0a7c38a125bf8f1d,OpenAlex author ID
Exact-identifier metadata sensitivity: authors,Unique-author study count,Dragan Gašević,4,471,0.8,,,authorship-covered unique studies,exact-identifier studies with usable structured authorship,multiple response; one count per unique author per study,26de74e3debea64ac297;43f6ad0fa6f4597d56fc;44d09fb5dabfde2e9e31;d11ce96adb05741aef6d,OpenAlex author ID
Exact-identifier metadata sensitivity: authors,Unique-author study count,Friederike Holderried,4,471,0.8,,,authorship-covered unique studies,exact-identifier studies with usable structured authorship,multiple response; one count per unique author per study,01a746b554d461cb998c;0de698b6ef36192c9365;282aa7d3820de53059e9;cfa4cceea1f21315935e,OpenAlex author ID
Exact-identifier metadata sensitivity: authors,Unique-author study count,Ji-Hwan Kim,4,471,0.8,,,authorship-covered unique studies,exact-identifier studies with usable structured authorship,multiple response; one count per unique author per study,15b1e2fee67db58575b7;64d8153970a657aa23b0;e5814fecd144cc3fe016;ed072d60d05f5e236143,OpenAlex author ID
Exact-identifier metadata sensitivity: authors,Unique-author study count,Mini Ruiz,4,471,0.8,,,authorship-covered unique studies,exact-identifier studies with usable structured authorship,multiple response; one count per unique author per study,64947cabbe7282713c10;aedb9561df16d70a7ef8;db6b016a13edb570269a;ed80b78f8297d945224d,OpenAlex author ID
Exact-identifier metadata sensitivity: authors,Unique-author study count,Niroop Rajashekar,4,471,0.8,,,authorship-covered unique studies,exact-identifier studies with usable structured authorship,multiple response; one count per unique author per study,3b0e82db448631888b4c;68306d2649f0e34ccfa7;c6db1164aeacaa778bd4;ea8e0a7c38a125bf8f1d,OpenAlex author ID
Exact-identifier metadata sensitivity: authors,Unique-author study count,Samuel Edelbring,4,471,0.8,,,authorship-covered unique studies,exact-identifier studies with usable structured authorship,multiple response; one count per unique author per study,64947cabbe7282713c10;aedb9561df16d70a7ef8;db6b016a13edb570269a;ed80b78f8297d945224d,OpenAlex author ID
Exact-identifier metadata sensitivity: authors,Unique-author study count,Thomas O. Dalton,4,471,0.8,,,authorship-covered unique studies,exact-identifier studies with usable structured authorship,multiple response; one count per unique author per study,296fc2ba93325a6b3ed0;44090e715310ee158f37;67e2860b474712736027;9b5ff9099d241db5f86a,OpenAlex author ID
Exact-identifier metadata sensitivity: authors,Unique-author study count,Viking Huss,4,471,0.8,,,authorship-covered unique studies,exact-identifier studies with usable structured authorship,multiple response; one count per unique author per study,64947cabbe7282713c10;aedb9561df16d70a7ef8;db6b016a13edb570269a;ed80b78f8297d945224d,OpenAlex author ID
Exact-identifier metadata sensitivity: authors,Unique-author study count,Yuval Haber,4,471,0.8,,,authorship-covered unique studies,exact-identifier studies with usable structured authorship,multiple response; one count per unique author per study,73f1b1dee9a19c0ea0af;bd0527af9d9859ca54bb;be9dea9f8b093b59c0c4;d06c6ad96bb08eb739dc,OpenAlex author ID
Exact-identifier metadata sensitivity: authors,Unique-author study count,Zohar Elyoseph,4,471,0.8,,,authorship-covered unique studies,exact-identifier studies with usable structured authorship,multiple response; one count per unique author per study,bd0527af9d9859ca54bb;be9dea9f8b093b59c0c4;d06c6ad96bb08eb739dc;e4a287ed511b7be9baa5,OpenAlex author ID
Exact-identifier metadata sensitivity: authors,Unique-author study count,Aidin Spina,3,471,0.6,,,authorship-covered unique studies,exact-identifier studies with usable structured authorship,multiple response; one count per unique author per study,2dd7865e84af395616af;38300507331b97225df5;c2a9bbee811cd29891e3,OpenAlex author ID
Exact-identifier metadata sensitivity: authors,Unique-author study count,Ambrose H. Wong,3,471,0.6,,,authorship-covered unique studies,exact-identifier studies with usable structured authorship,multiple response; one count per unique author per study,3b0e82db448631888b4c;c6db1164aeacaa778bd4;ea8e0a7c38a125bf8f1d,OpenAlex author ID
Exact-identifier metadata sensitivity: authors,Unique-author study count,Ameer Hamza Shakur,3,471,0.6,,,authorship-covered unique studies,exact-identifier studies with usable structured authorship,multiple response; one count per unique author per study,296fc2ba93325a6b3ed0;44090e715310ee158f37;67e2860b474712736027,OpenAlex author ID
Exact-identifier metadata sensitivity: authors,Unique-author study count,Brenda Ofelia Jay-Jímenez,3,471,0.6,,,authorship-covered unique studies,exact-identifier studies with usable structured authorship,multiple response; one count per unique author per study,59ac00c951a84da39213;7f84c902e862e25dbf2c;98c23d01b9fb23bd43c4,OpenAlex author ID
Exact-identifier metadata sensitivity: authors,Unique-author study count,Chang-Eop Kim,3,471,0.6,,,authorship-covered unique studies,exact-identifier studies with usable structured authorship,multiple response; one count per unique author per study,15b1e2fee67db58575b7;64d8153970a657aa23b0;ed072d60d05f5e236143,OpenAlex author ID
Exact-identifier metadata sensitivity: authors,Unique-author study count,Cidem Gentline,3,471,0.6,,,authorship-covered unique studies,exact-identifier studies with usable structured authorship,multiple response; one count per unique author per study,64947cabbe7282713c10;db6b016a13edb570269a;ed80b78f8297d945224d,OpenAlex author ID
Exact-identifier metadata sensitivity: authors,Unique-author study count,Daniel J. Scott,3,471,0.6,,,authorship-covered unique studies,exact-identifier studies with usable structured authorship,multiple response; one count per unique author per study,44090e715310ee158f37;67e2860b474712736027;9b5ff9099d241db5f86a,OpenAlex author ID
Exact-identifier metadata sensitivity: authors,Unique-author study count,David Hein,3,471,0.6,,,authorship-covered unique studies,exact-identifier studies with usable structured authorship,multiple response; one count per unique author per study,296fc2ba93325a6b3ed0;44090e715310ee158f37;67e2860b474712736027,OpenAlex author ID
Exact-identifier metadata sensitivity: authors,Unique-author study count,Faris F Halaseh,3,471,0.6,,,authorship-covered unique studies,exact-identifier studies with usable structured authorship,multiple response; one count per unique author per study,2dd7865e84af395616af;38300507331b97225df5;c2a9bbee811cd29891e3,OpenAlex author ID
Exact-identifier metadata sensitivity: authors,Unique-author study count,Hye-Yoon Lee,3,471,0.6,,,authorship-covered unique studies,exact-identifier studies with usable structured authorship,multiple response; one count per unique author per study,15b1e2fee67db58575b7;64d8153970a657aa23b0;ed072d60d05f5e236143,OpenAlex author ID
Exact-identifier metadata sensitivity: authors,Unique-author study count,Héctor Iván Saldívar-Cerón,3,471,0.6,,,authorship-covered unique studies,exact-identifier studies with usable structured authorship,multiple response; one count per unique author per study,59ac00c951a84da39213;7f84c902e862e25dbf2c;98c23d01b9fb23bd43c4,OpenAlex author ID
Exact-identifier metadata sensitivity: authors,Unique-author study count,Jasjeet S. Sekhon,3,471,0.6,,,authorship-covered unique studies,exact-identifier studies with usable structured authorship,multiple response; one count per unique author per study,3b0e82db448631888b4c;c6db1164aeacaa778bd4;ea8e0a7c38a125bf8f1d,OpenAlex author ID
Exact-identifier metadata sensitivity: authors,Unique-author study count,Jundong Kim,3,471,0.6,,,authorship-covered unique studies,exact-identifier studies with usable structured authorship,multiple response; one count per unique author per study,15b1e2fee67db58575b7;64d8153970a657aa23b0;ed072d60d05f5e236143,OpenAlex author ID
Exact-identifier metadata sensitivity: authors,Unique-author study count,Kisung You,3,471,0.6,,,authorship-covered unique studies,exact-identifier studies with usable structured authorship,multiple response; one count per unique author per study,3b0e82db448631888b4c;c6db1164aeacaa778bd4;ea8e0a7c38a125bf8f1d,OpenAlex author ID
Exact-identifier metadata sensitivity: authors,Unique-author study count,Krystle K. Campbell,3,471,0.6,,,authorship-covered unique studies,exact-identifier studies with usable structured authorship,multiple response; one count per unique author per study,44090e715310ee158f37;67e2860b474712736027;9b5ff9099d241db5f86a,OpenAlex author ID
Exact-identifier metadata sensitivity: authors,Unique-author study count,Lea Herschbach,3,471,0.6,,,authorship-covered unique studies,exact-identifier studies with usable structured authorship,multiple response; one count per unique author per study,0de698b6ef36192c9365;282aa7d3820de53059e9;cfa4cceea1f21315935e,OpenAlex author ID
Exact-identifier metadata sensitivity: authors,Unique-author study count,Linxuan Zhao,3,471,0.6,,,authorship-covered unique studies,exact-identifier studies with usable structured authorship,multiple response; one count per unique author per study,26de74e3debea64ac297;43f6ad0fa6f4597d56fc;d11ce96adb05741aef6d,OpenAlex author ID
Exact-identifier metadata sensitivity: authors,Unique-author study count,Loren Laine,3,471,0.6,,,authorship-covered unique studies,exact-identifier studies with usable structured authorship,multiple response; one count per unique author per study,3b0e82db448631888b4c;c6db1164aeacaa778bd4;ea8e0a7c38a125bf8f1d,OpenAlex author ID
Exact-identifier metadata sensitivity: authors,Unique-author study count,Masashi Yokose,3,471,0.6,,,authorship-covered unique studies,exact-identifier studies with usable structured authorship,multiple response; one count per unique author per study,0c75f057197182777687;4fdab8147c5288a598e6;f4631b37b9a1fd57d914,OpenAlex author ID
Exact-identifier metadata sensitivity: authors,Unique-author study count,Mauro Giuffrè,3,471,0.6,,,authorship-covered unique studies,exact-identifier studies with usable structured authorship,multiple response; one count per unique author per study,3b0e82db448631888b4c;c6db1164aeacaa778bd4;ea8e0a7c38a125bf8f1d,OpenAlex author ID
Exact-identifier metadata sensitivity: authors,Unique-author study count,Riley Scherr,3,471,0.6,,,authorship-covered unique studies,exact-identifier studies with usable structured authorship,multiple response; one count per unique author per study,2dd7865e84af395616af;38300507331b97225df5;c2a9bbee811cd29891e3,OpenAlex author ID
Exact-identifier metadata sensitivity: authors,Unique-author study count,Roberto Martínez‐Maldonado,3,471,0.6,,,authorship-covered unique studies,exact-identifier studies with usable structured authorship,multiple response; one count per unique author per study,26de74e3debea64ac297;43f6ad0fa6f4597d56fc;d11ce96adb05741aef6d,OpenAlex author ID
Exact-identifier metadata sensitivity: authors,Unique-author study count,Ronald Rivera,3,471,0.6,,,authorship-covered unique studies,exact-identifier studies with usable structured authorship,multiple response; one count per unique author per study,2dd7865e84af395616af;38300507331b97225df5;c2a9bbee811cd29891e3,OpenAlex author ID
Exact-identifier metadata sensitivity: authors,Unique-author study count,Saman Andalib,3,471,0.6,,,authorship-covered unique studies,exact-identifier studies with usable structured authorship,multiple response; one count per unique author per study,2dd7865e84af395616af;38300507331b97225df5;c2a9bbee811cd29891e3,OpenAlex author ID
Exact-identifier metadata sensitivity: authors,Unique-author study count,Shin-Young Kang,3,471,0.6,,,authorship-covered unique studies,exact-identifier studies with usable structured authorship,multiple response; one count per unique author per study,296fc2ba93325a6b3ed0;44090e715310ee158f37;67e2860b474712736027,OpenAlex author ID
Exact-identifier metadata sensitivity: authors,Unique-author study count,Sunny Chung,3,471,0.6,,,authorship-covered unique studies,exact-identifier studies with usable structured authorship,multiple response; one count per unique author per study,3b0e82db448631888b4c;c6db1164aeacaa778bd4;ea8e0a7c38a125bf8f1d,OpenAlex author ID
Exact-identifier metadata sensitivity: authors,Unique-author study count,Takanobu Hirosawa,3,471,0.6,,,authorship-covered unique studies,exact-identifier studies with usable structured authorship,multiple response; one count per unique author per study,0c75f057197182777687;4fdab8147c5288a598e6;f4631b37b9a1fd57d914,OpenAlex author ID
Exact-identifier metadata sensitivity: authors,Unique-author study count,Teresa Festl‐Wietek,3,471,0.6,,,authorship-covered unique studies,exact-identifier studies with usable structured authorship,multiple response; one count per unique author per study,01a746b554d461cb998c;0de698b6ef36192c9365;cfa4cceea1f21315935e,OpenAlex author ID
Exact-identifier metadata sensitivity: authors,Unique-author study count,Tetsu Sakamoto,3,471,0.6,,,authorship-covered unique studies,exact-identifier studies with usable structured authorship,multiple response; one count per unique author per study,0c75f057197182777687;4fdab8147c5288a598e6;f4631b37b9a1fd57d914,OpenAlex author ID
Exact-identifier metadata sensitivity: authors,Unique-author study count,Theo Saarinen,3,471,0.6,,,authorship-covered unique studies,exact-identifier studies with usable structured authorship,multiple response; one count per unique author per study,3b0e82db448631888b4c;c6db1164aeacaa778bd4;ea8e0a7c38a125bf8f1d,OpenAlex author ID
Exact-identifier metadata sensitivity: authors,Unique-author study count,Vanessa Echeverría,3,471,0.6,,,authorship-covered unique studies,exact-identifier studies with usable structured authorship,multiple response; one count per unique author per study,26de74e3debea64ac297;43f6ad0fa6f4597d56fc;d11ce96adb05741aef6d,OpenAlex author ID
Exact-identifier metadata sensitivity: authors,Unique-author study count,Yossi Levi‐Belz,3,471,0.6,,,authorship-covered unique studies,exact-identifier studies with usable structured authorship,multiple response; one count per unique author per study,bd0527af9d9859ca54bb;be9dea9f8b093b59c0c4;d06c6ad96bb08eb739dc,OpenAlex author ID
Exact-identifier metadata sensitivity: authors,Unique-author study count,Yukinori Harada,3,471,0.6,,,authorship-covered unique studies,exact-identifier studies with usable structured authorship,multiple response; one count per unique author per study,0c75f057197182777687;4fdab8147c5288a598e6;f4631b37b9a1fd57d914,OpenAlex author ID
Exact-identifier metadata sensitivity: authors,Unique-author study count,Adolfo René Méndez‐Cruz,2,471,0.4,,,authorship-covered unique studies,exact-identifier studies with usable structured authorship,multiple response; one count per unique author per study,59ac00c951a84da39213;98c23d01b9fb23bd43c4,OpenAlex author ID
Exact-identifier metadata sensitivity: authors,Unique-author study count,Aidan J. Or,2,471,0.4,,,authorship-covered unique studies,exact-identifier studies with usable structured authorship,multiple response; one count per unique author per study,b2f1db675b2599e354ab;eb0a6b505c3ccc9e534d,OpenAlex author ID
Exact-identifier metadata sensitivity: authors,Unique-author study count,Alanna Sugarman,2,471,0.4,,,authorship-covered unique studies,exact-identifier studies with usable structured authorship,multiple response; one count per unique author per study,24c93ac0955292251f20;f74b171e97e291bab8d3,OpenAlex author ID
Exact-identifier metadata sensitivity: authors,Unique-author study count,Alanson P. Sample,2,471,0.4,,,authorship-covered unique studies,exact-identifier studies with usable structured authorship,multiple response; one count per unique author per study,43f6ad0fa6f4597d56fc;bc52d7f8f145e43beefc,OpenAlex author ID
Exact-identifier metadata sensitivity: authors,Unique-author study count,Alessandra Sonanini,2,471,0.4,,,authorship-covered unique studies,exact-identifier studies with usable structured authorship,multiple response; one count per unique author per study,0de698b6ef36192c9365;282aa7d3820de53059e9,OpenAlex author ID
Exact-identifier metadata sensitivity: authors,Unique-author study count,Allen Hsiao,2,471,0.4,,,authorship-covered unique studies,exact-identifier studies with usable structured authorship,multiple response; one count per unique author per study,c6db1164aeacaa778bd4;ea8e0a7c38a125bf8f1d,OpenAlex author ID
Exact-identifier metadata sensitivity: authors,Unique-author study count,Anshul Kumar,2,471,0.4,,,authorship-covered unique studies,exact-identifier studies with usable structured authorship,multiple response; one count per unique author per study,155acc9f21eba7b06b56;aea68236a77645892d74,OpenAlex author ID
Exact-identifier metadata sensitivity: authors,Unique-author study count,Arash Iranfar,2,471,0.4,,,authorship-covered unique studies,exact-identifier studies with usable structured authorship,multiple response; one count per unique author per study,2f08c4b2b3acc1eaa9d5;f2be4ac5256845407914,OpenAlex author ID
Exact-identifier metadata sensitivity: authors,Unique-author study count,Ari Evelyn Castañeda-Ramírez,2,471,0.4,,,authorship-covered unique studies,exact-identifier studies with usable structured authorship,multiple response; one count per unique author per study,59ac00c951a84da39213;98c23d01b9fb23bd43c4,OpenAlex author ID
Exact-identifier metadata sensitivity: authors,Unique-author study count,Ashim Malhotra,2,471,0.4,,,authorship-covered unique studies,exact-identifier studies with usable structured authorship,multiple response; one count per unique author per study,180163049fadb98a0ef8;9ba2ceb3ea808e2794a1,OpenAlex author ID
Exact-identifier metadata sensitivity: authors,Unique-author study count,Athanasios Hassoulas,2,471,0.4,,,authorship-covered unique studies,exact-identifier studies with usable structured authorship,multiple response; one count per unique author per study,4f796e0ce90dce8d4da8;c4f5fe90704c2aa68c75,OpenAlex author ID
Exact-identifier metadata sensitivity: authors,Unique-author study count,Aziel Alejandro Peralta Ramírez,2,471,0.4,,,authorship-covered unique studies,exact-identifier studies with usable structured authorship,multiple response; one count per unique author per study,6d85b580a0562cc121d4;a2883a095e505041a802,OpenAlex author ID
Exact-identifier metadata sensitivity: authors,Unique-author study count,Babak Sarrafpour,2,471,0.4,,,authorship-covered unique studies,exact-identifier studies with usable structured authorship,multiple response; one count per unique author per study,b2f1db675b2599e354ab;eb0a6b505c3ccc9e534d,OpenAlex author ID
Exact-identifier metadata sensitivity: authors,Unique-author study count,Behzad Moshiri,2,471,0.4,,,authorship-covered unique studies,exact-identifier studies with usable structured authorship,multiple response; one count per unique author per study,2f08c4b2b3acc1eaa9d5;f2be4ac5256845407914,OpenAlex author ID
Exact-identifier metadata sensitivity: authors,Unique-author study count,Bruno Manuel García-García,2,471,0.4,,,authorship-covered unique studies,exact-identifier studies with usable structured authorship,multiple response; one count per unique author per study,59ac00c951a84da39213;7f84c902e862e25dbf2c,OpenAlex author ID
Exact-identifier metadata sensitivity: authors,Unique-author study count,Bryan Harmer,2,471,0.4,,,authorship-covered unique studies,exact-identifier studies with usable structured authorship,multiple response; one count per unique author per study,43f6ad0fa6f4597d56fc;bc52d7f8f145e43beefc,OpenAlex author ID
Exact-identifier metadata sensitivity: authors,Unique-author study count,Cat Lutz,2,471,0.4,,,authorship-covered unique studies,exact-identifier studies with usable structured authorship,multiple response; one count per unique author per study,0aea8997b3d07a3c7455;b94b9bcb1d96d93db9c0,OpenAlex author ID
Exact-identifier metadata sensitivity: authors,Unique-author study count,Chris Jacobs,2,471,0.4,,,authorship-covered unique studies,exact-identifier studies with usable structured authorship,multiple response; one count per unique author per study,c8c9e4c672bea3a6d994;d90096afc3b383fbecb7,OpenAlex author ID
Exact-identifier metadata sensitivity: authors,Unique-author study count,Christopher D. F. Honig,2,471,0.4,,,authorship-covered unique studies,exact-identifier studies with usable structured authorship,multiple response; one count per unique author per study,a32c2fb665f05ef6086f;fa24b39d9c9c2f6142d6,OpenAlex author ID
Exact-identifier metadata sensitivity: authors,Unique-author study count,Cindy Weston,2,471,0.4,,,authorship-covered unique studies,exact-identifier studies with usable structured authorship,multiple response; one count per unique author per study,b052274076e5e7cc16db;c301ce506b01b01e6207,OpenAlex author ID
Exact-identifier metadata sensitivity: authors,Unique-author study count,Dan Weisman,2,471,0.4,,,authorship-covered unique studies,exact-identifier studies with usable structured authorship,multiple response; one count per unique author per study,24c93ac0955292251f20;f74b171e97e291bab8d3,OpenAlex author ID
Exact-identifier metadata sensitivity: authors,Unique-author study count,Danijela Gašević,2,471,0.4,,,authorship-covered unique studies,exact-identifier studies with usable structured authorship,multiple response; one count per unique author per study,44d09fb5dabfde2e9e31;6d60da2f964efcc60587,OpenAlex author ID
Exact-identifier metadata sensitivity: authors,Unique-author study count,David A. Cook,2,471,0.4,,,authorship-covered unique studies,exact-identifier studies with usable structured authorship,multiple response; one count per unique author per study,2877ad2c6a928639280a;fb4436cacb550c46d347,OpenAlex author ID
Exact-identifier metadata sensitivity: authors,Unique-author study count,David Donnermeyer,2,471,0.4,,,authorship-covered unique studies,exact-identifier studies with usable structured authorship,multiple response; one count per unique author per study,4c4dc7fcefb1e9f3abdf;e73b99fafd0009a6e927,OpenAlex author ID
Exact-identifier metadata sensitivity: authors,Unique-author study count,David L. Rodgers,2,471,0.4,,,authorship-covered unique studies,exact-identifier studies with usable structured authorship,multiple response; one count per unique author per study,0aea8997b3d07a3c7455;b94b9bcb1d96d93db9c0,OpenAlex author ID
Exact-identifier metadata sensitivity: authors,Unique-author study count,David Wei Dai,2,471,0.4,,,authorship-covered unique studies,exact-identifier studies with usable structured authorship,multiple response; one count per unique author per study,44d09fb5dabfde2e9e31;7b627eb0e17b77a07c57,OpenAlex author ID
Exact-identifier metadata sensitivity: authors,Unique-author study count,Dayanjan S. Wijesinghe,2,471,0.4,,,authorship-covered unique studies,exact-identifier studies with usable structured authorship,multiple response; one count per unique author per study,180163049fadb98a0ef8;9ba2ceb3ea808e2794a1,OpenAlex author ID
Exact-identifier metadata sensitivity: authors,Unique-author study count,Dujrudee Chinwong,2,471,0.4,,,authorship-covered unique studies,exact-identifier studies with usable structured authorship,multiple response; one count per unique author per study,08cc34de5385d0bd76a6;60f8f44c77f909f61dc3,OpenAlex author ID
Exact-identifier metadata sensitivity: authors,Unique-author study count,Eddie Guo,2,471,0.4,,,authorship-covered unique studies,exact-identifier studies with usable structured authorship,multiple response; one count per unique author per study,243562012607f7033171;58483951ebaed609e26a,OpenAlex author ID
Exact-identifier metadata sensitivity: authors,Unique-author study count,Edgar Schäfer,2,471,0.4,,,authorship-covered unique studies,exact-identifier studies with usable structured authorship,multiple response; one count per unique author per study,4c4dc7fcefb1e9f3abdf;e73b99fafd0009a6e927,OpenAlex author ID
Exact-identifier metadata sensitivity: authors,Unique-author study count,Edward Melvin,2,471,0.4,,,authorship-covered unique studies,exact-identifier studies with usable structured authorship,multiple response; one count per unique author per study,11f31f18ad70545cab85;f1b256cdccd6208d0cc8,OpenAlex author ID
Exact-identifier metadata sensitivity: authors,Unique-author study count,Efrén Quiñones-Lara,2,471,0.4,,,authorship-covered unique studies,exact-identifier studies with usable structured authorship,multiple response; one count per unique author per study,7f84c902e862e25dbf2c;98c23d01b9fb23bd43c4,OpenAlex author ID
Exact-identifier metadata sensitivity: authors,Unique-author study count,Ehsan Hoque,2,471,0.4,,,authorship-covered unique studies,exact-identifier studies with usable structured authorship,multiple response; one count per unique author per study,76a6c8049ee4223224f6;ed23e4c8ee00516d2110,OpenAlex author ID
Exact-identifier metadata sensitivity: authors,Unique-author study count,Elizabeth Wells-Beede,2,471,0.4,,,authorship-covered unique studies,exact-identifier studies with usable structured authorship,multiple response; one count per unique author per study,b052274076e5e7cc16db;c301ce506b01b01e6207,OpenAlex author ID
Exact-identifier metadata sensitivity: authors,Unique-author study count,Emily Stokes,2,471,0.4,,,authorship-covered unique studies,exact-identifier studies with usable structured authorship,multiple response; one count per unique author per study,44d09fb5dabfde2e9e31;dcce0a8cef5543c4fec4,OpenAlex author ID
Exact-identifier metadata sensitivity: authors,Unique-author study count,Evelina Alūzaitė,2,471,0.4,,,authorship-covered unique studies,exact-identifier studies with usable structured authorship,multiple response; one count per unique author per study,ae74530d7e9fa7f91f65;e9d6ceded269a04cde99,OpenAlex author ID
Exact-identifier metadata sensitivity: authors,Unique-author study count,Fabricio Espinosa‐Ortega,2,471,0.4,,,authorship-covered unique studies,exact-identifier studies with usable structured authorship,multiple response; one count per unique author per study,64947cabbe7282713c10;db6b016a13edb570269a,OpenAlex author ID
Exact-identifier metadata sensitivity: authors,Unique-author study count,Fumiaki Sano,2,471,0.4,,,authorship-covered unique studies,exact-identifier studies with usable structured authorship,multiple response; one count per unique author per study,da8839d00c24db7f6ad6;fd0c4ec164cda596074b,OpenAlex author ID
Exact-identifier metadata sensitivity: authors,Unique-author study count,G Chen,2,471,0.4,,,authorship-covered unique studies,exact-identifier studies with usable structured authorship,multiple response; one count per unique author per study,44d09fb5dabfde2e9e31;d11ce96adb05741aef6d,OpenAlex author ID
Exact-identifier metadata sensitivity: authors,Unique-author study count,Gabia Neverauskaité,2,471,0.4,,,authorship-covered unique studies,exact-identifier studies with usable structured authorship,multiple response; one count per unique author per study,11f31f18ad70545cab85;f1b256cdccd6208d0cc8,OpenAlex author ID
Exact-identifier metadata sensitivity: authors,Unique-author study count,Gaudenz Danuser,2,471,0.4,,,authorship-covered unique studies,exact-identifier studies with usable structured authorship,multiple response; one count per unique author per study,67e2860b474712736027;9b5ff9099d241db5f86a,OpenAlex author ID
Exact-identifier metadata sensitivity: authors,Unique-author study count,Ghaniah Hassan-Smith,2,471,0.4,,,authorship-covered unique studies,exact-identifier studies with usable structured authorship,multiple response; one count per unique author per study,4f06f0d72a1de087b5c5;b216d2e3bbb753147fd2,OpenAlex author ID
Exact-identifier metadata sensitivity: authors,Unique-author study count,Hamid D. Taghirad,2,471,0.4,,,authorship-covered unique studies,exact-identifier studies with usable structured authorship,multiple response; one count per unique author per study,2f08c4b2b3acc1eaa9d5;f2be4ac5256845407914,OpenAlex author ID
Exact-identifier metadata sensitivity: authors,Unique-author study count,Helen E. Ritchie,2,471,0.4,,,authorship-covered unique studies,exact-identifier studies with usable structured authorship,multiple response; one count per unique author per study,b2f1db675b2599e354ab;eb0a6b505c3ccc9e534d,OpenAlex author ID
Exact-identifier metadata sensitivity: authors,Unique-author study count,Hiromizu Takahashi,2,471,0.4,,,authorship-covered unique studies,exact-identifier studies with usable structured authorship,multiple response; one count per unique author per study,da8839d00c24db7f6ad6;fd0c4ec164cda596074b,OpenAlex author ID
Exact-identifier metadata sensitivity: authors,Unique-author study count,Howard Moskowitz,2,471,0.4,,,authorship-covered unique studies,exact-identifier studies with usable structured authorship,multiple response; one count per unique author per study,9d1c14070287793c215b;a44cf2193e8756673fa7,OpenAlex author ID
Exact-identifier metadata sensitivity: authors,Unique-author study count,Hyojae Choi,2,471,0.4,,,authorship-covered unique studies,exact-identifier studies with usable structured authorship,multiple response; one count per unique author per study,15b1e2fee67db58575b7;ed072d60d05f5e236143,OpenAlex author ID
Exact-identifier metadata sensitivity: authors,Unique-author study count,Hyojin Bae,2,471,0.4,,,authorship-covered unique studies,exact-identifier studies with usable structured authorship,multiple response; one count per unique author per study,15b1e2fee67db58575b7;ed072d60d05f5e236143,OpenAlex author ID
Exact-identifier metadata sensitivity: authors,Unique-author study count,Ilmi Yoon,2,471,0.4,,,authorship-covered unique studies,exact-identifier studies with usable structured authorship,multiple response; one count per unique author per study,4eabef99b9ccb8ef8fd4;758d651bc8d5020199f1,OpenAlex author ID
Exact-identifier metadata sensitivity: authors,Unique-author study count,Jadon Geathers,2,471,0.4,,,authorship-covered unique studies,exact-identifier studies with usable structured authorship,multiple response; one count per unique author per study,302dee907e926e18ddba;68306d2649f0e34ccfa7,OpenAlex author ID
Exact-identifier metadata sensitivity: authors,Unique-author study count,James Cooke,2,471,0.4,,,authorship-covered unique studies,exact-identifier studies with usable structured authorship,multiple response; one count per unique author per study,43f6ad0fa6f4597d56fc;bc52d7f8f145e43beefc,OpenAlex author ID
Exact-identifier metadata sensitivity: authors,Unique-author study count,Janice C. Palaganas,2,471,0.4,,,authorship-covered unique studies,exact-identifier studies with usable structured authorship,multiple response; one count per unique author per study,155acc9f21eba7b06b56;eb8b75c75edacbfa547b,OpenAlex author ID
Exact-identifier metadata sensitivity: authors,Unique-author study count,Jazel Jarquín-Ramírez,2,471,0.4,,,authorship-covered unique studies,exact-identifier studies with usable structured authorship,multiple response; one count per unique author per study,59ac00c951a84da39213;98c23d01b9fb23bd43c4,OpenAlex author ID
Exact-identifier metadata sensitivity: authors,Unique-author study count,Jhon Alexander Bueno-Vesga,2,471,0.4,,,authorship-covered unique studies,exact-identifier studies with usable structured authorship,multiple response; one count per unique author per study,906c1e2afc9ab8dc6794;sci_829c4bcf5b773dba44a2,OpenAlex author ID
Exact-identifier metadata sensitivity: authors,Unique-author study count,Jianwen Zeng,2,471,0.4,,,authorship-covered unique studies,exact-identifier studies with usable structured authorship,multiple response; one count per unique author per study,a4d746b41f7f88ceb127;c58a4682ca46d2e66e96,OpenAlex author ID
Exact-identifier metadata sensitivity: authors,Unique-author study count,Jinsil Hwaryoung Seo,2,471,0.4,,,authorship-covered unique studies,exact-identifier studies with usable structured authorship,multiple response; one count per unique author per study,b052274076e5e7cc16db;c301ce506b01b01e6207,OpenAlex author ID
Exact-identifier metadata sensitivity: authors,Unique-author study count,Jo Ellen Holt,2,471,0.4,,,authorship-covered unique studies,exact-identifier studies with usable structured authorship,multiple response; one count per unique author per study,766fde2e997ea8140bd0;7920ebcf271025a5a8ee,OpenAlex author ID
Exact-identifier metadata sensitivity: authors,Unique-author study count,Joel Moore,2,471,0.4,,,authorship-covered unique studies,exact-identifier studies with usable structured authorship,multiple response; one count per unique author per study,44d09fb5dabfde2e9e31;dcce0a8cef5543c4fec4,OpenAlex author ID
Exact-identifier metadata sensitivity: authors,Unique-author study count,Jonathan Schiött,2,471,0.4,,,authorship-covered unique studies,exact-identifier studies with usable structured authorship,multiple response; one count per unique author per study,db6b016a13edb570269a;ed80b78f8297d945224d,OpenAlex author ID
Exact-identifier metadata sensitivity: authors,Unique-author study count,Justin L. Sewell,2,471,0.4,,,authorship-covered unique studies,exact-identifier studies with usable structured authorship,multiple response; one count per unique author per study,302dee907e926e18ddba;68306d2649f0e34ccfa7,OpenAlex author ID
Exact-identifier metadata sensitivity: authors,Unique-author study count,Karim Pajazetovic,2,471,0.4,,,authorship-covered unique studies,exact-identifier studies with usable structured authorship,multiple response; one count per unique author per study,180163049fadb98a0ef8;9ba2ceb3ea808e2794a1,OpenAlex author ID
Exact-identifier metadata sensitivity: authors,Unique-author study count,Kazuki Tokumasu,2,471,0.4,,,authorship-covered unique studies,exact-identifier studies with usable structured authorship,multiple response; one count per unique author per study,4fdab8147c5288a598e6;f4631b37b9a1fd57d914,OpenAlex author ID
Exact-identifier metadata sensitivity: authors,Unique-author study count,Kazuya Mizuta,2,471,0.4,,,authorship-covered unique studies,exact-identifier studies with usable structured authorship,multiple response; one count per unique author per study,4fdab8147c5288a598e6;f4631b37b9a1fd57d914,OpenAlex author ID
Exact-identifier metadata sensitivity: authors,Unique-author study count,Ken Hok Man Ho,2,471,0.4,,,authorship-covered unique studies,exact-identifier studies with usable structured authorship,multiple response; one count per unique author per study,0b1e929029c5b43c5beb;891bdc5ee1f3d07f820a,OpenAlex author ID
Exact-identifier metadata sensitivity: authors,Unique-author study count,Kerstin Denecke,2,471,0.4,,,authorship-covered unique studies,exact-identifier studies with usable structured authorship,multiple response; one count per unique author per study,0b1b0febb2293831bcc0;18f9eaf414ec69e25aad,OpenAlex author ID
Exact-identifier metadata sensitivity: authors,Unique-author study count,Kiyoshi Shikino,2,471,0.4,,,authorship-covered unique studies,exact-identifier studies with usable structured authorship,multiple response; one count per unique author per study,da8839d00c24db7f6ad6;fd0c4ec164cda596074b,OpenAlex author ID
Exact-identifier metadata sensitivity: authors,Unique-author study count,Kunpeng Huang,2,471,0.4,,,authorship-covered unique studies,exact-identifier studies with usable structured authorship,multiple response; one count per unique author per study,43f6ad0fa6f4597d56fc;bc52d7f8f145e43beefc,OpenAlex author ID
Exact-identifier metadata sensitivity: authors,Unique-author study count,L. Paulauskas,2,471,0.4,,,authorship-covered unique studies,exact-identifier studies with usable structured authorship,multiple response; one count per unique author per study,ae74530d7e9fa7f91f65;e9d6ceded269a04cde99,OpenAlex author ID
Exact-identifier metadata sensitivity: authors,Unique-author study count,Laurah Turner,2,471,0.4,,,authorship-covered unique studies,exact-identifier studies with usable structured authorship,multiple response; one count per unique author per study,9b778c91d64124298579;d885762caf8919afe125,OpenAlex author ID
Exact-identifier metadata sensitivity: authors,Unique-author study count,Lei Zou,2,471,0.4,,,authorship-covered unique studies,exact-identifier studies with usable structured authorship,multiple response; one count per unique author per study,04b48ce4dda567febfa2;0fe5747ae7b23830be21,OpenAlex author ID
Exact-identifier metadata sensitivity: authors,Unique-author study count,Leigh V. Evans,2,471,0.4,,,authorship-covered unique studies,exact-identifier studies with usable structured authorship,multiple response; one count per unique author per study,c6db1164aeacaa778bd4;ea8e0a7c38a125bf8f1d,OpenAlex author ID
Exact-identifier metadata sensitivity: authors,Unique-author study count,Liam N Hobson,2,471,0.4,,,authorship-covered unique studies,exact-identifier studies with usable structured authorship,multiple response; one count per unique author per study,0aea8997b3d07a3c7455;b94b9bcb1d96d93db9c0,OpenAlex author ID
Exact-identifier metadata sensitivity: authors,Unique-author study count,Lillian Gelberg,2,471,0.4,,,authorship-covered unique studies,exact-identifier studies with usable structured authorship,multiple response; one count per unique author per study,24c93ac0955292251f20;f74b171e97e291bab8d3,OpenAlex author ID
Exact-identifier metadata sensitivity: authors,Unique-author study count,Marian Prinz,2,471,0.4,,,authorship-covered unique studies,exact-identifier studies with usable structured authorship,multiple response; one count per unique author per study,4c4dc7fcefb1e9f3abdf;e73b99fafd0009a6e927,OpenAlex author ID
Exact-identifier metadata sensitivity: authors,Unique-author study count,Martin Holderried,2,471,0.4,,,authorship-covered unique studies,exact-identifier studies with usable structured authorship,multiple response; one count per unique author per study,01a746b554d461cb998c;cfa4cceea1f21315935e,OpenAlex author ID
Exact-identifier metadata sensitivity: authors,Unique-author study count,Masaki Uto,2,471,0.4,,,authorship-covered unique studies,exact-identifier studies with usable structured authorship,multiple response; one count per unique author per study,4b5e1bc310423d1d0555;f31767356a0db5360a3d,OpenAlex author ID
Exact-identifier metadata sensitivity: authors,Unique-author study count,Matthew Pears,2,471,0.4,,,authorship-covered unique studies,exact-identifier studies with usable structured authorship,multiple response; one count per unique author per study,8a1c6e7038c447a20568;db80308782a219cbea0e,OpenAlex author ID
Exact-identifier metadata sensitivity: authors,Unique-author study count,Matthew Sibbald,2,471,0.4,,,authorship-covered unique studies,exact-identifier studies with usable structured authorship,multiple response; one count per unique author per study,58483951ebaed609e26a;91738aa3fb8146efb96d,OpenAlex author ID
Exact-identifier metadata sensitivity: authors,Unique-author study count,Michael Cole,2,471,0.4,,,authorship-covered unique studies,exact-identifier studies with usable structured authorship,multiple response; one count per unique author per study,43f6ad0fa6f4597d56fc;bc52d7f8f145e43beefc,OpenAlex author ID
Exact-identifier metadata sensitivity: authors,Unique-author study count,Michael Holcomb,2,471,0.4,,,authorship-covered unique studies,exact-identifier studies with usable structured authorship,multiple response; one count per unique author per study,296fc2ba93325a6b3ed0;9b5ff9099d241db5f86a,OpenAlex author ID
Exact-identifier metadata sensitivity: authors,Unique-author study count,Michael J. Holcomb,2,471,0.4,,,authorship-covered unique studies,exact-identifier studies with usable structured authorship,multiple response; one count per unique author per study,44090e715310ee158f37;67e2860b474712736027,OpenAlex author ID
Exact-identifier metadata sensitivity: authors,Unique-author study count,Minoru Kishi,2,471,0.4,,,authorship-covered unique studies,exact-identifier studies with usable structured authorship,multiple response; one count per unique author per study,da8839d00c24db7f6ad6;fd0c4ec164cda596074b,OpenAlex author ID
Exact-identifier metadata sensitivity: authors,Unique-author study count,Mohamed Benfatah,2,471,0.4,,,authorship-covered unique studies,exact-identifier studies with usable structured authorship,multiple response; one count per unique author per study,ac37bfba546f78614410;adf94a39c16c36a40d45,OpenAlex author ID
Exact-identifier metadata sensitivity: authors,Unique-author study count,Moritz Mahling,2,471,0.4,,,authorship-covered unique studies,exact-identifier studies with usable structured authorship,multiple response; one count per unique author per study,01a746b554d461cb998c;cfa4cceea1f21315935e,OpenAlex author ID
Exact-identifier metadata sensitivity: authors,Unique-author study count,Nallely Guadalupe Aguilar-Marchand,2,471,0.4,,,authorship-covered unique studies,exact-identifier studies with usable structured authorship,multiple response; one count per unique author per study,59ac00c951a84da39213;98c23d01b9fb23bd43c4,OpenAlex author ID
Exact-identifier metadata sensitivity: authors,Unique-author study count,Naoki Shindo,2,471,0.4,,,authorship-covered unique studies,exact-identifier studies with usable structured authorship,multiple response; one count per unique author per study,4b5e1bc310423d1d0555;f31767356a0db5360a3d,OpenAlex author ID
Exact-identifier metadata sensitivity: authors,Unique-author study count,Patricia A. Ganz,2,471,0.4,,,authorship-covered unique studies,exact-identifier studies with usable structured authorship,multiple response; one count per unique author per study,24c93ac0955292251f20;f74b171e97e291bab8d3,OpenAlex author ID
Exact-identifier metadata sensitivity: authors,Unique-author study count,Patrikas Armalis,2,471,0.4,,,authorship-covered unique studies,exact-identifier studies with usable structured authorship,multiple response; one count per unique author per study,ae74530d7e9fa7f91f65;e9d6ceded269a04cde99,OpenAlex author ID
Exact-identifier metadata sensitivity: authors,Unique-author study count,Pippa Furey,2,471,0.4,,,authorship-covered unique studies,exact-identifier studies with usable structured authorship,multiple response; one count per unique author per study,a03df064164f1b54d1d5;b6f4bfb66f82ba008b32,OpenAlex author ID
Exact-identifier metadata sensitivity: authors,Unique-author study count,Qiong Zhang,2,471,0.4,,,authorship-covered unique studies,exact-identifier studies with usable structured authorship,multiple response; one count per unique author per study,a4d746b41f7f88ceb127;c58a4682ca46d2e66e96,OpenAlex author ID
Exact-identifier metadata sensitivity: authors,Unique-author study count,Qiwen Xiong,2,471,0.4,,,authorship-covered unique studies,exact-identifier studies with usable structured authorship,multiple response; one count per unique author per study,4eabef99b9ccb8ef8fd4;758d651bc8d5020199f1,OpenAlex author ID
Exact-identifier metadata sensitivity: authors,Unique-author study count,Richard Selinfreund,2,471,0.4,,,authorship-covered unique studies,exact-identifier studies with usable structured authorship,multiple response; one count per unique author per study,4ef0a8247384321e8b47;8db4130844dc8d367d1f,OpenAlex author ID
Exact-identifier metadata sensitivity: authors,Unique-author study count,Riordan Alfredo,2,471,0.4,,,authorship-covered unique studies,exact-identifier studies with usable structured authorship,multiple response; one count per unique author per study,43f6ad0fa6f4597d56fc;d11ce96adb05741aef6d,OpenAlex author ID
Exact-identifier metadata sensitivity: authors,Unique-author study count,S H Hasan,2,471,0.4,,,authorship-covered unique studies,exact-identifier studies with usable structured authorship,multiple response; one count per unique author per study,588316012a3f2d9b790a;9287cf74b213e44a489d,OpenAlex author ID
Exact-identifier metadata sensitivity: authors,Unique-author study count,Sachini Samaraweera,2,471,0.4,,,authorship-covered unique studies,exact-identifier studies with usable structured authorship,multiple response; one count per unique author per study,26de74e3debea64ac297;d11ce96adb05741aef6d,OpenAlex author ID
Exact-identifier metadata sensitivity: authors,Unique-author study count,Sara Maaz,2,471,0.4,,,authorship-covered unique studies,exact-identifier studies with usable structured authorship,multiple response; one count per unique author per study,155acc9f21eba7b06b56;eb8b75c75edacbfa547b,OpenAlex author ID
Exact-identifier metadata sensitivity: authors,Unique-author study count,Sebastian Bürklein,2,471,0.4,,,authorship-covered unique studies,exact-identifier studies with usable structured authorship,multiple response; one count per unique author per study,4c4dc7fcefb1e9f3abdf;e73b99fafd0009a6e927,OpenAlex author ID
Exact-identifier metadata sensitivity: authors,Unique-author study count,Sergio Trujillo López,2,471,0.4,,,authorship-covered unique studies,exact-identifier studies with usable structured authorship,multiple response; one count per unique author per study,6d85b580a0562cc121d4;a2883a095e505041a802,OpenAlex author ID
Exact-identifier metadata sensitivity: authors,Unique-author study count,Shangman Li,2,471,0.4,,,authorship-covered unique studies,exact-identifier studies with usable structured authorship,multiple response; one count per unique author per study,906c1e2afc9ab8dc6794;sci_829c4bcf5b773dba44a2,OpenAlex author ID
Exact-identifier metadata sensitivity: authors,Unique-author study count,Sho Nagai,2,471,0.4,,,authorship-covered unique studies,exact-identifier studies with usable structured authorship,multiple response; one count per unique author per study,da8839d00c24db7f6ad6;fd0c4ec164cda596074b,OpenAlex author ID
Exact-identifier metadata sensitivity: authors,Unique-author study count,Sixie Li,2,471,0.4,,,authorship-covered unique studies,exact-identifier studies with usable structured authorship,multiple response; one count per unique author per study,a4d746b41f7f88ceb127;c58a4682ca46d2e66e96,OpenAlex author ID
Exact-identifier metadata sensitivity: authors,Unique-author study count,Smitha Sukumar,2,471,0.4,,,authorship-covered unique studies,exact-identifier studies with usable structured authorship,multiple response; one count per unique author per study,b2f1db675b2599e354ab;eb0a6b505c3ccc9e534d,OpenAlex author ID
Exact-identifier metadata sensitivity: authors,Unique-author study count,Sol Vedovato,2,471,0.4,,,authorship-covered unique studies,exact-identifier studies with usable structured authorship,multiple response; one count per unique author per study,67e2860b474712736027;9b5ff9099d241db5f86a,OpenAlex author ID
Exact-identifier metadata sensitivity: authors,Unique-author study count,Stathis Konstantinidis,2,471,0.4,,,authorship-covered unique studies,exact-identifier studies with usable structured authorship,multiple response; one count per unique author per study,8a1c6e7038c447a20568;db80308782a219cbea0e,OpenAlex author ID
Exact-identifier metadata sensitivity: authors,Unique-author study count,Sungyoul Choi,2,471,0.4,,,authorship-covered unique studies,exact-identifier studies with usable structured authorship,multiple response; one count per unique author per study,15b1e2fee67db58575b7;ed072d60d05f5e236143,OpenAlex author ID
Exact-identifier metadata sensitivity: authors,Unique-author study count,Surarong Chinwong,2,471,0.4,,,authorship-covered unique studies,exact-identifier studies with usable structured authorship,multiple response; one count per unique author per study,08cc34de5385d0bd76a6;60f8f44c77f909f61dc3,OpenAlex author ID
Exact-identifier metadata sensitivity: authors,Unique-author study count,Susannah Cornes,2,471,0.4,,,authorship-covered unique studies,exact-identifier studies with usable structured authorship,multiple response; one count per unique author per study,302dee907e926e18ddba;68306d2649f0e34ccfa7,OpenAlex author ID
Exact-identifier metadata sensitivity: authors,Unique-author study count,Takeshi Kondo,2,471,0.4,,,authorship-covered unique studies,exact-identifier studies with usable structured authorship,multiple response; one count per unique author per study,da8839d00c24db7f6ad6;fd0c4ec164cda596074b,OpenAlex author ID
Exact-identifier metadata sensitivity: authors,Unique-author study count,Taro Shimizu,2,471,0.4,,,authorship-covered unique studies,exact-identifier studies with usable structured authorship,multiple response; one count per unique author per study,0c75f057197182777687;f4631b37b9a1fd57d914,OpenAlex author ID
Exact-identifier metadata sensitivity: authors,Unique-author study count,Terika McCall,2,471,0.4,,,authorship-covered unique studies,exact-identifier studies with usable structured authorship,multiple response; one count per unique author per study,c6db1164aeacaa778bd4;ea8e0a7c38a125bf8f1d,OpenAlex author ID
Exact-identifier metadata sensitivity: authors,Unique-author study count,Thitichaya Penthinapong,2,471,0.4,,,authorship-covered unique studies,exact-identifier studies with usable structured authorship,multiple response; one count per unique author per study,08cc34de5385d0bd76a6;60f8f44c77f909f61dc3,OpenAlex author ID
Exact-identifier metadata sensitivity: authors,Unique-author study count,Thomas Kropmans,2,471,0.4,,,authorship-covered unique studies,exact-identifier studies with usable structured authorship,multiple response; one count per unique author per study,11f31f18ad70545cab85;f1b256cdccd6208d0cc8,OpenAlex author ID
Exact-identifier metadata sensitivity: authors,Unique-author study count,Toshio Naito,2,471,0.4,,,authorship-covered unique studies,exact-identifier studies with usable structured authorship,multiple response; one count per unique author per study,da8839d00c24db7f6ad6;fd0c4ec164cda596074b,OpenAlex author ID
Exact-identifier metadata sensitivity: authors,Unique-author study count,Vitaliy Popov,2,471,0.4,,,authorship-covered unique studies,exact-identifier studies with usable structured authorship,multiple response; one count per unique author per study,327767a02786d8ff7a19;bc52d7f8f145e43beefc,OpenAlex author ID
Exact-identifier metadata sensitivity: authors,Unique-author study count,W. Scott Comulada,2,471,0.4,,,authorship-covered unique studies,exact-identifier studies with usable structured authorship,multiple response; one count per unique author per study,24c93ac0955292251f20;f74b171e97e291bab8d3,OpenAlex author ID
Exact-identifier metadata sensitivity: authors,Unique-author study count,William Ivegren,2,471,0.4,,,authorship-covered unique studies,exact-identifier studies with usable structured authorship,multiple response; one count per unique author per study,db6b016a13edb570269a;ed80b78f8297d945224d,OpenAlex author ID
Exact-identifier metadata sensitivity: authors,Unique-author study count,Xiaoming Huang,2,471,0.4,,,authorship-covered unique studies,exact-identifier studies with usable structured authorship,multiple response; one count per unique author per study,1158803af3fb0ab9c072;73a1f91733c91359d5f0,OpenAlex author ID
Exact-identifier metadata sensitivity: authors,Unique-author study count,Yann Hicke,2,471,0.4,,,authorship-covered unique studies,exact-identifier studies with usable structured authorship,multiple response; one count per unique author per study,302dee907e926e18ddba;68306d2649f0e34ccfa7,OpenAlex author ID
Exact-identifier metadata sensitivity: authors,Unique-author study count,Yeo Eun Shin,2,471,0.4,,,authorship-covered unique studies,exact-identifier studies with usable structured authorship,multiple response; one count per unique author per study,3b0e82db448631888b4c;c6db1164aeacaa778bd4,OpenAlex author ID
Exact-identifier metadata sensitivity: authors,Unique-author study count,Yizhou Fan,2,471,0.4,,,authorship-covered unique studies,exact-identifier studies with usable structured authorship,multiple response; one count per unique author per study,44d09fb5dabfde2e9e31;6d60da2f964efcc60587,OpenAlex author ID
Exact-identifier metadata sensitivity: authors,Unique-author study count,Yoshinori Tokushima,2,471,0.4,,,authorship-covered unique studies,exact-identifier studies with usable structured authorship,multiple response; one count per unique author per study,da8839d00c24db7f6ad6;fd0c4ec164cda596074b,OpenAlex author ID
Exact-identifier metadata sensitivity: authors,Unique-author study count,Yoshitaka Tomoda,2,471,0.4,,,authorship-covered unique studies,exact-identifier studies with usable structured authorship,multiple response; one count per unique author per study,da8839d00c24db7f6ad6;fd0c4ec164cda596074b,OpenAlex author ID
Exact-identifier metadata sensitivity: authors,Unique-author study count,Yuan Pu,2,471,0.4,,,authorship-covered unique studies,exact-identifier studies with usable structured authorship,multiple response; one count per unique author per study,3b0e82db448631888b4c;ea8e0a7c38a125bf8f1d,OpenAlex author ID
Exact-identifier metadata sensitivity: authors,Unique-author study count,Yue Huang,2,471,0.4,,,authorship-covered unique studies,exact-identifier studies with usable structured authorship,multiple response; one count per unique author per study,24c93ac0955292251f20;f74b171e97e291bab8d3,OpenAlex author ID
Exact-identifier metadata sensitivity: authors,Unique-author study count,Yuji Yamada,2,471,0.4,,,authorship-covered unique studies,exact-identifier studies with usable structured authorship,multiple response; one count per unique author per study,da8839d00c24db7f6ad6;fd0c4ec164cda596074b,OpenAlex author ID
Exact-identifier metadata sensitivity: authors,Unique-author study count,Yupei Duan,2,471,0.4,,,authorship-covered unique studies,exact-identifier studies with usable structured authorship,multiple response; one count per unique author per study,906c1e2afc9ab8dc6794;sci_829c4bcf5b773dba44a2,OpenAlex author ID
Exact-identifier metadata sensitivity: authors,Unique-author study count,A Subocius,1,471,0.2,,,authorship-covered unique studies,exact-identifier studies with usable structured authorship,multiple response; one count per unique author per study,e9d6ceded269a04cde99,OpenAlex author ID
Exact-identifier metadata sensitivity: authors,Unique-author study count,A. Albrizio,1,471,0.2,,,authorship-covered unique studies,exact-identifier studies with usable structured authorship,multiple response; one count per unique author per study,07d462beafe4d21ba016,OpenAlex author ID
Exact-identifier metadata sensitivity: authors,Unique-author study count,A. Bhardwaj,1,471,0.2,,,authorship-covered unique studies,exact-identifier studies with usable structured authorship,multiple response; one count per unique author per study,d644a8da3cdeae0603e0,OpenAlex author ID
Exact-identifier metadata sensitivity: authors,Unique-author study count,A. Campbell Sullivan,1,471,0.2,,,authorship-covered unique studies,exact-identifier studies with usable structured authorship,multiple response; one count per unique author per study,24ffbec5a9dbce04e0fd,OpenAlex author ID
Exact-identifier metadata sensitivity: authors,Unique-author study count,A. Gilbert Jack,1,471,0.2,,,authorship-covered unique studies,exact-identifier studies with usable structured authorship,multiple response; one count per unique author per study,302dee907e926e18ddba,OpenAlex author ID
Exact-identifier metadata sensitivity: authors,Unique-author study count,A. K. Martin,1,471,0.2,,,authorship-covered unique studies,exact-identifier studies with usable structured authorship,multiple response; one count per unique author per study,d644a8da3cdeae0603e0,OpenAlex author ID
Exact-identifier metadata sensitivity: authors,Unique-author study count,A. Li,1,471,0.2,,,authorship-covered unique studies,exact-identifier studies with usable structured authorship,multiple response; one count per unique author per study,sci_7924be52acf88877d8df,OpenAlex author ID
Exact-identifier metadata sensitivity: authors,Unique-author study count,A. Mohammed,1,471,0.2,,,authorship-covered unique studies,exact-identifier studies with usable structured authorship,multiple response; one count per unique author per study,76597dc445d9df2ae743,OpenAlex author ID
Exact-identifier metadata sensitivity: authors,Unique-author study count,A. Pryke-Hobbes,1,471,0.2,,,authorship-covered unique studies,exact-identifier studies with usable structured authorship,multiple response; one count per unique author per study,d644a8da3cdeae0603e0,OpenAlex author ID
Exact-identifier metadata sensitivity: authors,Unique-author study count,A. Sivasangari,1,471,0.2,,,authorship-covered unique studies,exact-identifier studies with usable structured authorship,multiple response; one count per unique author per study,3e3d7476a0d0198a12a3,OpenAlex author ID
Exact-identifier metadata sensitivity: authors,Unique-author study count,Aarav Purohit,1,471,0.2,,,authorship-covered unique studies,exact-identifier studies with usable structured authorship,multiple response; one count per unique author per study,425ec6ee2ca714b7434a,OpenAlex author ID
Exact-identifier metadata sensitivity: authors,Unique-author study count,Aaron Lawson McLean,1,471,0.2,,,authorship-covered unique studies,exact-identifier studies with usable structured authorship,multiple response; one count per unique author per study,5d6128771afb1cccb251,OpenAlex author ID
Exact-identifier metadata sensitivity: authors,Unique-author study count,Aashritha Buchipudi,1,471,0.2,,,authorship-covered unique studies,exact-identifier studies with usable structured authorship,multiple response; one count per unique author per study,f54e36609097c96e8b6d,OpenAlex author ID
Exact-identifier metadata sensitivity: authors,Unique-author study count,Aatreya Sugur,1,471,0.2,,,authorship-covered unique studies,exact-identifier studies with usable structured authorship,multiple response; one count per unique author per study,4f796e0ce90dce8d4da8,OpenAlex author ID
Exact-identifier metadata sensitivity: authors,Unique-author study count,Aayush Visaria,1,471,0.2,,,authorship-covered unique studies,exact-identifier studies with usable structured authorship,multiple response; one count per unique author per study,425ec6ee2ca714b7434a,OpenAlex author ID
Exact-identifier metadata sensitivity: authors,Unique-author study count,Abdelghafour Marfak,1,471,0.2,,,authorship-covered unique studies,exact-identifier studies with usable structured authorship,multiple response; one count per unique author per study,adf94a39c16c36a40d45,OpenAlex author ID
Exact-identifier metadata sensitivity: authors,Unique-author study count,Abdelmonim El Fadely,1,471,0.2,,,authorship-covered unique studies,exact-identifier studies with usable structured authorship,multiple response; one count per unique author per study,49a3c3f5df637d33e854,OpenAlex author ID
Exact-identifier metadata sensitivity: authors,Unique-author study count,Abderraouf Hilali,1,471,0.2,,,authorship-covered unique studies,exact-identifier studies with usable structured authorship,multiple response; one count per unique author per study,adf94a39c16c36a40d45,OpenAlex author ID
Exact-identifier metadata sensitivity: authors,Unique-author study count,Abdulla Elkhadrawy,1,471,0.2,,,authorship-covered unique studies,exact-identifier studies with usable structured authorship,multiple response; one count per unique author per study,sci_7924be52acf88877d8df,OpenAlex author ID
Exact-identifier metadata sensitivity: authors,Unique-author study count,Abdullah Saeed Khan,1,471,0.2,,,authorship-covered unique studies,exact-identifier studies with usable structured authorship,multiple response; one count per unique author per study,9287cf74b213e44a489d,OpenAlex author ID
Exact-identifier metadata sensitivity: authors,Unique-author study count,Abeer Alhaj Ali,1,471,0.2,,,authorship-covered unique studies,exact-identifier studies with usable structured authorship,multiple response; one count per unique author per study,4bae43896a7e20da2e4b,OpenAlex author ID
Exact-identifier metadata sensitivity: authors,Unique-author study count,Abel Xavier de Oliveira Fernandes,1,471,0.2,,,authorship-covered unique studies,exact-identifier studies with usable structured authorship,multiple response; one count per unique author per study,1563f87491d1ce4d02fb,OpenAlex author ID
Exact-identifier metadata sensitivity: authors,Unique-author study count,Abhima Mallika Bhasurangan,1,471,0.2,,,authorship-covered unique studies,exact-identifier studies with usable structured authorship,multiple response; one count per unique author per study,d6b29e9cea0c868cc28e,OpenAlex author ID
Exact-identifier metadata sensitivity: authors,Unique-author study count,Abhinav Kanwal,1,471,0.2,,,authorship-covered unique studies,exact-identifier studies with usable structured authorship,multiple response; one count per unique author per study,5c99d6be17d81210020f,OpenAlex author ID
Exact-identifier metadata sensitivity: authors,Unique-author study count,Abraham Wai Hin Wan,1,471,0.2,,,authorship-covered unique studies,exact-identifier studies with usable structured authorship,multiple response; one count per unique author per study,0b1e929029c5b43c5beb,name-only record; duplicates collapsed within work only; not merged across works
Exact-identifier metadata sensitivity: authors,Unique-author study count,Abrahim Abduelmula,1,471,0.2,,,authorship-covered unique studies,exact-identifier studies with usable structured authorship,multiple response; one count per unique author per study,243562012607f7033171,OpenAlex author ID
Exact-identifier metadata sensitivity: authors,Unique-author study count,Absalón Quiroz Farfán,1,471,0.2,,,authorship-covered unique studies,exact-identifier studies with usable structured authorship,multiple response; one count per unique author per study,501d19c3bd3160083e8a,OpenAlex author ID
Exact-identifier metadata sensitivity: authors,Unique-author study count,Ada Frankowska,1,471,0.2,,,authorship-covered unique studies,exact-identifier studies with usable structured authorship,multiple response; one count per unique author per study,14a6c8b99daf76e8179d,OpenAlex author ID
Exact-identifier metadata sensitivity: authors,Unique-author study count,Adaiele Lucia Nogueira Vieira da Silva,1,471,0.2,,,authorship-covered unique studies,exact-identifier studies with usable structured authorship,multiple response; one count per unique author per study,b924bd45d30abb49831e,OpenAlex author ID
Exact-identifier metadata sensitivity: authors,Unique-author study count,Adam Dubrowski,1,471,0.2,,,authorship-covered unique studies,exact-identifier studies with usable structured authorship,multiple response; one count per unique author per study,63c69a200d415bc42d9b,OpenAlex author ID
Exact-identifier metadata sensitivity: authors,Unique-author study count,Adam S. Budzikowski,1,471,0.2,,,authorship-covered unique studies,exact-identifier studies with usable structured authorship,multiple response; one count per unique author per study,2366390c9f679e2c90b7,OpenAlex author ID
Exact-identifier metadata sensitivity: authors,Unique-author study count,Adam Western,1,471,0.2,,,authorship-covered unique studies,exact-identifier studies with usable structured authorship,multiple response; one count per unique author per study,8db4130844dc8d367d1f,OpenAlex author ID
Exact-identifier metadata sensitivity: authors,Unique-author study count,Adil H. Haider,1,471,0.2,,,authorship-covered unique studies,exact-identifier studies with usable structured authorship,multiple response; one count per unique author per study,ba93136b38c9a66d059f,OpenAlex author ID
Exact-identifier metadata sensitivity: authors,Unique-author study count,Aditya Desu,1,471,0.2,,,authorship-covered unique studies,exact-identifier studies with usable structured authorship,multiple response; one count per unique author per study,fa24b39d9c9c2f6142d6,OpenAlex author ID
Exact-identifier metadata sensitivity: authors,Unique-author study count,Aditya Singh,1,471,0.2,,,authorship-covered unique studies,exact-identifier studies with usable structured authorship,multiple response; one count per unique author per study,166aa3cc368ebd076b91,OpenAlex author ID
Exact-identifier metadata sensitivity: authors,Unique-author study count,Adolfo Rene Méndez-Cruz,1,471,0.2,,,authorship-covered unique studies,exact-identifier studies with usable structured authorship,multiple response; one count per unique author per study,7f84c902e862e25dbf2c,OpenAlex author ID
Exact-identifier metadata sensitivity: authors,Unique-author study count,Adolfo René Méndez Cruz,1,471,0.2,,,authorship-covered unique studies,exact-identifier studies with usable structured authorship,multiple response; one count per unique author per study,d0ead936020ec24f78a7,OpenAlex author ID
Exact-identifier metadata sensitivity: authors,Unique-author study count,Adriana Taveira da Cruz Peres,1,471,0.2,,,authorship-covered unique studies,exact-identifier studies with usable structured authorship,multiple response; one count per unique author per study,19e84bd61f0782eec51c,OpenAlex author ID
Exact-identifier metadata sensitivity: authors,Unique-author study count,Adrienne Biskaduros,1,471,0.2,,,authorship-covered unique studies,exact-identifier studies with usable structured authorship,multiple response; one count per unique author per study,sci_7924be52acf88877d8df,OpenAlex author ID
Exact-identifier metadata sensitivity: authors,Unique-author study count,Advaith Bongu,1,471,0.2,,,authorship-covered unique studies,exact-identifier studies with usable structured authorship,multiple response; one count per unique author per study,425ec6ee2ca714b7434a,OpenAlex author ID
Exact-identifier metadata sensitivity: authors,Unique-author study count,Aeri Jang,1,471,0.2,,,authorship-covered unique studies,exact-identifier studies with usable structured authorship,multiple response; one count per unique author per study,e82a026a5524b0d4f0d3,OpenAlex author ID
Exact-identifier metadata sensitivity: authors,Unique-author study count,Afreenish Malik,1,471,0.2,,,authorship-covered unique studies,exact-identifier studies with usable structured authorship,multiple response; one count per unique author per study,6fb769efa53620e383b7,OpenAlex author ID
Exact-identifier metadata sensitivity: authors,Unique-author study count,Aghilès Hamroun,1,471,0.2,,,authorship-covered unique studies,exact-identifier studies with usable structured authorship,multiple response; one count per unique author per study,03345c1deb2aad29820e,OpenAlex author ID
Exact-identifier metadata sensitivity: authors,Unique-author study count,Agrika Gupta,1,471,0.2,,,authorship-covered unique studies,exact-identifier studies with usable structured authorship,multiple response; one count per unique author per study,f9c1bb8b50eb65edbf84,OpenAlex author ID
Exact-identifier metadata sensitivity: authors,Unique-author study count,Ahmed Azough,1,471,0.2,,,authorship-covered unique studies,exact-identifier studies with usable structured authorship,multiple response; one count per unique author per study,sci_0f0b074ee785f63a5645,name-only record; duplicates collapsed within work only; not merged across works
Exact-identifier metadata sensitivity: authors,Unique-author study count,Ahmed Azough,1,471,0.2,,,authorship-covered unique studies,exact-identifier studies with usable structured authorship,multiple response; one count per unique author per study,72f2fcd3a833c8b6e39e,OpenAlex author ID
Exact-identifier metadata sensitivity: authors,Unique-author study count,Ahmed Elhilali,1,471,0.2,,,authorship-covered unique studies,exact-identifier studies with usable structured authorship,multiple response; one count per unique author per study,18f9eaf414ec69e25aad,OpenAlex author ID
Exact-identifier metadata sensitivity: authors,Unique-author study count,Ahmed N. Farrag,1,471,0.2,,,authorship-covered unique studies,exact-identifier studies with usable structured authorship,multiple response; one count per unique author per study,aa05a5932f8ebb716574,OpenAlex author ID
Exact-identifier metadata sensitivity: authors,Unique-author study count,Ahmed Ouaamr,1,471,0.2,,,authorship-covered unique studies,exact-identifier studies with usable structured authorship,multiple response; one count per unique author per study,49a3c3f5df637d33e854,OpenAlex author ID
Exact-identifier metadata sensitivity: authors,Unique-author study count,Ahmed Rhassane El Adib,1,471,0.2,,,authorship-covered unique studies,exact-identifier studies with usable structured authorship,multiple response; one count per unique author per study,49a3c3f5df637d33e854,OpenAlex author ID
Exact-identifier metadata sensitivity: authors,Unique-author study count,Ahmet Harun Turgan,1,471,0.2,,,authorship-covered unique studies,exact-identifier studies with usable structured authorship,multiple response; one count per unique author per study,ec6081495209898a9c42,OpenAlex author ID
Exact-identifier metadata sensitivity: authors,Unique-author study count,Aidan Arora,1,471,0.2,,,authorship-covered unique studies,exact-identifier studies with usable structured authorship,multiple response; one count per unique author per study,91738aa3fb8146efb96d,OpenAlex author ID
Exact-identifier metadata sensitivity: authors,Unique-author study count,Aiden Koh,1,471,0.2,,,authorship-covered unique studies,exact-identifier studies with usable structured authorship,multiple response; one count per unique author per study,9d44b976cb2c076751e8,OpenAlex author ID
Exact-identifier metadata sensitivity: authors,Unique-author study count,Aiping Cheng,1,471,0.2,,,authorship-covered unique studies,exact-identifier studies with usable structured authorship,multiple response; one count per unique author per study,sci_7924be52acf88877d8df,OpenAlex author ID
Exact-identifier metadata sensitivity: authors,Unique-author study count,Aires Garcia dos Santos,1,471,0.2,,,authorship-covered unique studies,exact-identifier studies with usable structured authorship,multiple response; one count per unique author per study,b924bd45d30abb49831e,OpenAlex author ID
Exact-identifier metadata sensitivity: authors,Unique-author study count,Aisling Nnenna Nnaji,1,471,0.2,,,authorship-covered unique studies,exact-identifier studies with usable structured authorship,multiple response; one count per unique author per study,76597dc445d9df2ae743,OpenAlex author ID
Exact-identifier metadata sensitivity: authors,Unique-author study count,Akarin Hiransuthikul,1,471,0.2,,,authorship-covered unique studies,exact-identifier studies with usable structured authorship,multiple response; one count per unique author per study,594d7ce86781a2e8398f,OpenAlex author ID
Exact-identifier metadata sensitivity: authors,Unique-author study count,Akiko Enomoto,1,471,0.2,,,authorship-covered unique studies,exact-identifier studies with usable structured authorship,multiple response; one count per unique author per study,da8839d00c24db7f6ad6,name-only record; duplicates collapsed within work only; not merged across works
Exact-identifier metadata sensitivity: authors,Unique-author study count,Akilan Amithasagaran,1,471,0.2,,,authorship-covered unique studies,exact-identifier studies with usable structured authorship,multiple response; one count per unique author per study,b191e9f77e079eab9ed3,OpenAlex author ID
Exact-identifier metadata sensitivity: authors,Unique-author study count,Akira Yamamoto,1,471,0.2,,,authorship-covered unique studies,exact-identifier studies with usable structured authorship,multiple response; one count per unique author per study,8fa1ae6b843e2388520d,OpenAlex author ID
Exact-identifier metadata sensitivity: authors,Unique-author study count,Akshat Sinha,1,471,0.2,,,authorship-covered unique studies,exact-identifier studies with usable structured authorship,multiple response; one count per unique author per study,f54e36609097c96e8b6d,OpenAlex author ID
Exact-identifier metadata sensitivity: authors,Unique-author study count,Alan Whiteman,1,471,0.2,,,authorship-covered unique studies,exact-identifier studies with usable structured authorship,multiple response; one count per unique author per study,50e4613efeaaadc861f8,OpenAlex author ID
Exact-identifier metadata sensitivity: authors,Unique-author study count,Albert Hoang,1,471,0.2,,,authorship-covered unique studies,exact-identifier studies with usable structured authorship,multiple response; one count per unique author per study,7bda59402c9478eda64c,OpenAlex author ID
Exact-identifier metadata sensitivity: authors,Unique-author study count,Alberta Ajani,1,471,0.2,,,authorship-covered unique studies,exact-identifier studies with usable structured authorship,multiple response; one count per unique author per study,7442954006aac8fa63fa,OpenAlex author ID
Exact-identifier metadata sensitivity: authors,Unique-author study count,Alberto Signoroni,1,471,0.2,,,authorship-covered unique studies,exact-identifier studies with usable structured authorship,multiple response; one count per unique author per study,633dafafd7b2de3e7ad0,OpenAlex author ID
Exact-identifier metadata sensitivity: authors,Unique-author study count,Alec Isaiah Dayupay,1,471,0.2,,,authorship-covered unique studies,exact-identifier studies with usable structured authorship,multiple response; one count per unique author per study,7fc0513f51b7c61dad31,OpenAlex author ID
Exact-identifier metadata sensitivity: authors,Unique-author study count,Aleksandra Kołtuniuk,1,471,0.2,,,authorship-covered unique studies,exact-identifier studies with usable structured authorship,multiple response; one count per unique author per study,5dd47cd1855294dcfafd,OpenAlex author ID
Exact-identifier metadata sensitivity: authors,Unique-author study count,Alessandra Perrotta,1,471,0.2,,,authorship-covered unique studies,exact-identifier studies with usable structured authorship,multiple response; one count per unique author per study,7d5cb710e5a6901bbaaa,OpenAlex author ID
Exact-identifier metadata sensitivity: authors,Unique-author study count,Alessandro Costa,1,471,0.2,,,authorship-covered unique studies,exact-identifier studies with usable structured authorship,multiple response; one count per unique author per study,81337a44aeb46520e3ec,OpenAlex author ID
Exact-identifier metadata sensitivity: authors,Unique-author study count,Alessandro Costa,1,471,0.2,,,authorship-covered unique studies,exact-identifier studies with usable structured authorship,multiple response; one count per unique author per study,56dc16bbc7cd98ca993a,OpenAlex author ID
Exact-identifier metadata sensitivity: authors,Unique-author study count,Alex Dalrymple,1,471,0.2,,,authorship-covered unique studies,exact-identifier studies with usable structured authorship,multiple response; one count per unique author per study,593c7da1de5e9f26b59d,OpenAlex author ID
Exact-identifier metadata sensitivity: authors,Unique-author study count,Alex J. Goodell,1,471,0.2,,,authorship-covered unique studies,exact-identifier studies with usable structured authorship,multiple response; one count per unique author per study,3a5aebe14250eec39412,OpenAlex author ID
Exact-identifier metadata sensitivity: authors,Unique-author study count,Alex Moreira Mélo,1,471,0.2,,,authorship-covered unique studies,exact-identifier studies with usable structured authorship,multiple response; one count per unique author per study,3aba8ba7976a49acd0ac,OpenAlex author ID
Exact-identifier metadata sensitivity: authors,Unique-author study count,Alex Pak Lik Tsang,1,471,0.2,,,authorship-covered unique studies,exact-identifier studies with usable structured authorship,multiple response; one count per unique author per study,3adc77e0b0502fcefcc3,OpenAlex author ID
Exact-identifier metadata sensitivity: authors,Unique-author study count,Alex Voisey,1,471,0.2,,,authorship-covered unique studies,exact-identifier studies with usable structured authorship,multiple response; one count per unique author per study,c4f5fe90704c2aa68c75,OpenAlex author ID
Exact-identifier metadata sensitivity: authors,Unique-author study count,Alexander Borg,1,471,0.2,,,authorship-covered unique studies,exact-identifier studies with usable structured authorship,multiple response; one count per unique author per study,ed80b78f8297d945224d,OpenAlex author ID
Exact-identifier metadata sensitivity: authors,Unique-author study count,Alexander Kaserer,1,471,0.2,,,authorship-covered unique studies,exact-identifier studies with usable structured authorship,multiple response; one count per unique author per study,272439595ff3b96c35f3,OpenAlex author ID
Exact-identifier metadata sensitivity: authors,Unique-author study count,Alexandra Aster,1,471,0.2,,,authorship-covered unique studies,exact-identifier studies with usable structured authorship,multiple response; one count per unique author per study,f5e8d39c518465a0d255,OpenAlex author ID
Exact-identifier metadata sensitivity: authors,Unique-author study count,Alexandra Klein-Rafaeli,1,471,0.2,,,authorship-covered unique studies,exact-identifier studies with usable structured authorship,multiple response; one count per unique author per study,e4a287ed511b7be9baa5,OpenAlex author ID
Exact-identifier metadata sensitivity: authors,Unique-author study count,Alexandra Morales,1,471,0.2,,,authorship-covered unique studies,exact-identifier studies with usable structured authorship,multiple response; one count per unique author per study,71a491a468f6c4c71249,name-only record; duplicates collapsed within work only; not merged across works
Exact-identifier metadata sensitivity: authors,Unique-author study count,Alexandre Hudon,1,471,0.2,,,authorship-covered unique studies,exact-identifier studies with usable structured authorship,multiple response; one count per unique author per study,63c69a200d415bc42d9b,OpenAlex author ID
Exact-identifier metadata sensitivity: authors,Unique-author study count,Alexis Arturo Laguna-González,1,471,0.2,,,authorship-covered unique studies,exact-identifier studies with usable structured authorship,multiple response; one count per unique author per study,7f84c902e862e25dbf2c,OpenAlex author ID
Exact-identifier metadata sensitivity: authors,Unique-author study count,Alfonso Lagares,1,471,0.2,,,authorship-covered unique studies,exact-identifier studies with usable structured authorship,multiple response; one count per unique author per study,6ab002878664147423a1,OpenAlex author ID
Exact-identifier metadata sensitivity: authors,Unique-author study count,Ali Canturk,1,471,0.2,,,authorship-covered unique studies,exact-identifier studies with usable structured authorship,multiple response; one count per unique author per study,ec6081495209898a9c42,OpenAlex author ID
Exact-identifier metadata sensitivity: authors,Unique-author study count,Alice Lethbridge,1,471,0.2,,,authorship-covered unique studies,exact-identifier studies with usable structured authorship,multiple response; one count per unique author per study,c4f5fe90704c2aa68c75,OpenAlex author ID
Exact-identifier metadata sensitivity: authors,Unique-author study count,Alice Monzani,1,471,0.2,,,authorship-covered unique studies,exact-identifier studies with usable structured authorship,multiple response; one count per unique author per study,81337a44aeb46520e3ec,OpenAlex author ID
Exact-identifier metadata sensitivity: authors,Unique-author study count,Alice Rueda,1,471,0.2,,,authorship-covered unique studies,exact-identifier studies with usable structured authorship,multiple response; one count per unique author per study,63c69a200d415bc42d9b,OpenAlex author ID
Exact-identifier metadata sensitivity: authors,Unique-author study count,Alicia M. Drelick,1,471,0.2,,,authorship-covered unique studies,exact-identifier studies with usable structured authorship,multiple response; one count per unique author per study,abda3007be07a5153c0c,OpenAlex author ID
Exact-identifier metadata sensitivity: authors,Unique-author study count,Alifya Mukadam,1,471,0.2,,,authorship-covered unique studies,exact-identifier studies with usable structured authorship,multiple response; one count per unique author per study,14e96fc7b4c3181fd39b,name-only record; duplicates collapsed within work only; not merged across works
Exact-identifier metadata sensitivity: authors,Unique-author study count,Alison R. Snyder Valier,1,471,0.2,,,authorship-covered unique studies,exact-identifier studies with usable structured authorship,multiple response; one count per unique author per study,f917e0b66cef158b9df0,OpenAlex author ID
Exact-identifier metadata sensitivity: authors,Unique-author study count,Alison Sutton-Ryan,1,471,0.2,,,authorship-covered unique studies,exact-identifier studies with usable structured authorship,multiple response; one count per unique author per study,907d492e03a26ae110b8,OpenAlex author ID
Exact-identifier metadata sensitivity: authors,Unique-author study count,Allen Chang,1,471,0.2,,,authorship-covered unique studies,exact-identifier studies with usable structured authorship,multiple response; one count per unique author per study,72c30900482428bf1e49,name-only record; duplicates collapsed within work only; not merged across works
Exact-identifier metadata sensitivity: authors,Unique-author study count,Allen Dao,1,471,0.2,,,authorship-covered unique studies,exact-identifier studies with usable structured authorship,multiple response; one count per unique author per study,c2a9bbee811cd29891e3,OpenAlex author ID
Exact-identifier metadata sensitivity: authors,Unique-author study count,Allison Mool,1,471,0.2,,,authorship-covered unique studies,exact-identifier studies with usable structured authorship,multiple response; one count per unique author per study,8db4130844dc8d367d1f,OpenAlex author ID
Exact-identifier metadata sensitivity: authors,Unique-author study count,Alonso Vilches‐Flores,1,471,0.2,,,authorship-covered unique studies,exact-identifier studies with usable structured authorship,multiple response; one count per unique author per study,98c23d01b9fb23bd43c4,OpenAlex author ID
Exact-identifier metadata sensitivity: authors,Unique-author study count,Altuğ Kanbakan,1,471,0.2,,,authorship-covered unique studies,exact-identifier studies with usable structured authorship,multiple response; one count per unique author per study,df606ccebb857fa9a592,OpenAlex author ID
Exact-identifier metadata sensitivity: authors,Unique-author study count,Alun Hughes,1,471,0.2,,,authorship-covered unique studies,exact-identifier studies with usable structured authorship,multiple response; one count per unique author per study,107a276748b6c98a2e50,OpenAlex author ID
Exact-identifier metadata sensitivity: authors,Unique-author study count,Alvaro Francisco Lopes de Sousa,1,471,0.2,,,authorship-covered unique studies,exact-identifier studies with usable structured authorship,multiple response; one count per unique author per study,b924bd45d30abb49831e,OpenAlex author ID
Exact-identifier metadata sensitivity: authors,Unique-author study count,Aly Valliani,1,471,0.2,,,authorship-covered unique studies,exact-identifier studies with usable structured authorship,multiple response; one count per unique author per study,50ac103890932b40242c,OpenAlex author ID
Exact-identifier metadata sensitivity: authors,Unique-author study count,Alyssa Sanchez,1,471,0.2,,,authorship-covered unique studies,exact-identifier studies with usable structured authorship,multiple response; one count per unique author per study,50e4613efeaaadc861f8,OpenAlex author ID
Exact-identifier metadata sensitivity: authors,Unique-author study count,Amal Fahim ElQersh,1,471,0.2,,,authorship-covered unique studies,exact-identifier studies with usable structured authorship,multiple response; one count per unique author per study,a9588de788e2402350be,OpenAlex author ID
Exact-identifier metadata sensitivity: authors,Unique-author study count,Amanda Ling Jie Yee,1,471,0.2,,,authorship-covered unique studies,exact-identifier studies with usable structured authorship,multiple response; one count per unique author per study,f54e36609097c96e8b6d,OpenAlex author ID
Exact-identifier metadata sensitivity: authors,Unique-author study count,Amanda O’Malley,1,471,0.2,,,authorship-covered unique studies,exact-identifier studies with usable structured authorship,multiple response; one count per unique author per study,107a276748b6c98a2e50,OpenAlex author ID
Exact-identifier metadata sensitivity: authors,Unique-author study count,Amanda S. Alexander,1,471,0.2,,,authorship-covered unique studies,exact-identifier studies with usable structured authorship,multiple response; one count per unique author per study,bb3a5362f067d65fc98d,OpenAlex author ID
Exact-identifier metadata sensitivity: authors,Unique-author study count,Amani M. Ali,1,471,0.2,,,authorship-covered unique studies,exact-identifier studies with usable structured authorship,multiple response; one count per unique author per study,aa05a5932f8ebb716574,OpenAlex author ID
Exact-identifier metadata sensitivity: authors,Unique-author study count,Amany El-Zeiny,1,471,0.2,,,authorship-covered unique studies,exact-identifier studies with usable structured authorship,multiple response; one count per unique author per study,aa05a5932f8ebb716574,OpenAlex author ID
Exact-identifier metadata sensitivity: authors,Unique-author study count,Ambra Marx,1,471,0.2,,,authorship-covered unique studies,exact-identifier studies with usable structured authorship,multiple response; one count per unique author per study,f5e8d39c518465a0d255,OpenAlex author ID
Exact-identifier metadata sensitivity: authors,Unique-author study count,Amin Molahassani,1,471,0.2,,,authorship-covered unique studies,exact-identifier studies with usable structured authorship,multiple response; one count per unique author per study,437f09a0c472e4ba343e,OpenAlex author ID
Exact-identifier metadata sensitivity: authors,Unique-author study count,Amir Rahmani,1,471,0.2,,,authorship-covered unique studies,exact-identifier studies with usable structured authorship,multiple response; one count per unique author per study,235688621e9d66593a40,OpenAlex author ID
Exact-identifier metadata sensitivity: authors,Unique-author study count,Amit Lakhani,1,471,0.2,,,authorship-covered unique studies,exact-identifier studies with usable structured authorship,multiple response; one count per unique author per study,5c99d6be17d81210020f,OpenAlex author ID
Exact-identifier metadata sensitivity: authors,Unique-author study count,Amna C. Mazeh,1,471,0.2,,,authorship-covered unique studies,exact-identifier studies with usable structured authorship,multiple response; one count per unique author per study,dcce0a8cef5543c4fec4,OpenAlex author ID
Exact-identifier metadata sensitivity: authors,Unique-author study count,Amna C. Mazeh,1,471,0.2,,,authorship-covered unique studies,exact-identifier studies with usable structured authorship,multiple response; one count per unique author per study,44d09fb5dabfde2e9e31,OpenAlex author ID
Exact-identifier metadata sensitivity: authors,Unique-author study count,Amna Sohail,1,471,0.2,,,authorship-covered unique studies,exact-identifier studies with usable structured authorship,multiple response; one count per unique author per study,593c7da1de5e9f26b59d,OpenAlex author ID
Exact-identifier metadata sensitivity: authors,Unique-author study count,Amr Alshatnawi,1,471,0.2,,,authorship-covered unique studies,exact-identifier studies with usable structured authorship,multiple response; one count per unique author per study,de583e684ddd0364a161,OpenAlex author ID
Exact-identifier metadata sensitivity: authors,Unique-author study count,Amrit Kirpalani,1,471,0.2,,,authorship-covered unique studies,exact-identifier studies with usable structured authorship,multiple response; one count per unique author per study,caf55d1c5f0358791a96,OpenAlex author ID
Exact-identifier metadata sensitivity: authors,Unique-author study count,Amy V. Blue,1,471,0.2,,,authorship-covered unique studies,exact-identifier studies with usable structured authorship,multiple response; one count per unique author per study,894f08a5035b3a1872d5,OpenAlex author ID
Exact-identifier metadata sensitivity: authors,Unique-author study count,Amy Zack,1,471,0.2,,,authorship-covered unique studies,exact-identifier studies with usable structured authorship,multiple response; one count per unique author per study,eeb5a3afa4e8b1c2635c,OpenAlex author ID
Exact-identifier metadata sensitivity: authors,Unique-author study count,Ana Iliesiu,1,471,0.2,,,authorship-covered unique studies,exact-identifier studies with usable structured authorship,multiple response; one count per unique author per study,c8c9e4c672bea3a6d994,OpenAlex author ID
Exact-identifier metadata sensitivity: authors,Unique-author study count,Ana M. Denis-Bacelar,1,471,0.2,,,authorship-covered unique studies,exact-identifier studies with usable structured authorship,multiple response; one count per unique author per study,fc535dce265384650ae6,OpenAlex author ID
Exact-identifier metadata sensitivity: authors,Unique-author study count,Ana Sanz Cortés,1,471,0.2,,,authorship-covered unique studies,exact-identifier studies with usable structured authorship,multiple response; one count per unique author per study,f4d7fdee2c3cc083329d,OpenAlex author ID
Exact-identifier metadata sensitivity: authors,Unique-author study count,Anahí D Briones-Zamora,1,471,0.2,,,authorship-covered unique studies,exact-identifier studies with usable structured authorship,multiple response; one count per unique author per study,501d19c3bd3160083e8a,OpenAlex author ID
Exact-identifier metadata sensitivity: authors,Unique-author study count,Anai Kothari,1,471,0.2,,,authorship-covered unique studies,exact-identifier studies with usable structured authorship,multiple response; one count per unique author per study,8bece1a102e2fe87b74e,OpenAlex author ID
Exact-identifier metadata sensitivity: authors,Unique-author study count,Anamaria Siriani de Oliveira,1,471,0.2,,,authorship-covered unique studies,exact-identifier studies with usable structured authorship,multiple response; one count per unique author per study,cc3c546075dc11e58802,OpenAlex author ID
Exact-identifier metadata sensitivity: authors,Unique-author study count,Anand Sardesai,1,471,0.2,,,authorship-covered unique studies,exact-identifier studies with usable structured authorship,multiple response; one count per unique author per study,e2a36443154e9a33aff9,OpenAlex author ID
Exact-identifier metadata sensitivity: authors,Unique-author study count,Anant Deogaonkar,1,471,0.2,,,authorship-covered unique studies,exact-identifier studies with usable structured authorship,multiple response; one count per unique author per study,70cb1e0a134b7f41b447,OpenAlex author ID
Exact-identifier metadata sensitivity: authors,Unique-author study count,Anastasia Boutris,1,471,0.2,,,authorship-covered unique studies,exact-identifier studies with usable structured authorship,multiple response; one count per unique author per study,8bece1a102e2fe87b74e,OpenAlex author ID
Exact-identifier metadata sensitivity: authors,Unique-author study count,Anaïs Rameau,1,471,0.2,,,authorship-covered unique studies,exact-identifier studies with usable structured authorship,multiple response; one count per unique author per study,sci_7924be52acf88877d8df,OpenAlex author ID
Exact-identifier metadata sensitivity: authors,Unique-author study count,Anca-Elena Magui,1,471,0.2,,,authorship-covered unique studies,exact-identifier studies with usable structured authorship,multiple response; one count per unique author per study,sci_aea73a0d6d3e592a48a0,OpenAlex author ID
Exact-identifier metadata sensitivity: authors,Unique-author study count,and Bojana Šarkic´,1,471,0.2,,,authorship-covered unique studies,exact-identifier studies with usable structured authorship,multiple response; one count per unique author per study,6457c6be7c6ba150ede6,name-only record; duplicates collapsed within work only; not merged across works
Exact-identifier metadata sensitivity: authors,Unique-author study count,Anderson Maciel,1,471,0.2,,,authorship-covered unique studies,exact-identifier studies with usable structured authorship,multiple response; one count per unique author per study,1c9542cefba3287a5281,OpenAlex author ID
Exact-identifier metadata sensitivity: authors,Unique-author study count,Andrea Roletto,1,471,0.2,,,authorship-covered unique studies,exact-identifier studies with usable structured authorship,multiple response; one count per unique author per study,633dafafd7b2de3e7ad0,OpenAlex author ID
Exact-identifier metadata sensitivity: authors,Unique-author study count,Andrea Simpson,1,471,0.2,,,authorship-covered unique studies,exact-identifier studies with usable structured authorship,multiple response; one count per unique author per study,6457c6be7c6ba150ede6,OpenAlex author ID
Exact-identifier metadata sensitivity: authors,Unique-author study count,Andrea Vaughans,1,471,0.2,,,authorship-covered unique studies,exact-identifier studies with usable structured authorship,multiple response; one count per unique author per study,76597dc445d9df2ae743,OpenAlex author ID
Exact-identifier metadata sensitivity: authors,Unique-author study count,Andrea Virág,1,471,0.2,,,authorship-covered unique studies,exact-identifier studies with usable structured authorship,multiple response; one count per unique author per study,sci_479872e4f60f538cbd03,OpenAlex author ID
Exact-identifier metadata sensitivity: authors,Unique-author study count,Andrei Torres,1,471,0.2,,,authorship-covered unique studies,exact-identifier studies with usable structured authorship,multiple response; one count per unique author per study,63c69a200d415bc42d9b,OpenAlex author ID
Exact-identifier metadata sensitivity: authors,Unique-author study count,Andreia de Almeida,1,471,0.2,,,authorship-covered unique studies,exact-identifier studies with usable structured authorship,multiple response; one count per unique author per study,c4f5fe90704c2aa68c75,OpenAlex author ID
Exact-identifier metadata sensitivity: authors,Unique-author study count,Andressa Araújo Bastos,1,471,0.2,,,authorship-covered unique studies,exact-identifier studies with usable structured authorship,multiple response; one count per unique author per study,d46506f34cc784478c88,name-only record; duplicates collapsed within work only; not merged across works
Exact-identifier metadata sensitivity: authors,Unique-author study count,Andrew Affleck,1,471,0.2,,,authorship-covered unique studies,exact-identifier studies with usable structured authorship,multiple response; one count per unique author per study,8094cb5448e9c4e2f371,OpenAlex author ID
Exact-identifier metadata sensitivity: authors,Unique-author study count,Andrew Gloster,1,471,0.2,,,authorship-covered unique studies,exact-identifier studies with usable structured authorship,multiple response; one count per unique author per study,20e73ed62a3078e6a9b4,OpenAlex author ID
Exact-identifier metadata sensitivity: authors,Unique-author study count,Andrew J. Greenshaw,1,471,0.2,,,authorship-covered unique studies,exact-identifier studies with usable structured authorship,multiple response; one count per unique author per study,63c69a200d415bc42d9b,OpenAlex author ID
Exact-identifier metadata sensitivity: authors,Unique-author study count,Andrew Lee,1,471,0.2,,,authorship-covered unique studies,exact-identifier studies with usable structured authorship,multiple response; one count per unique author per study,bc5dd5d7b1ad1b4d21e4,OpenAlex author ID
Exact-identifier metadata sensitivity: authors,Unique-author study count,Andrew Ma,1,471,0.2,,,authorship-covered unique studies,exact-identifier studies with usable structured authorship,multiple response; one count per unique author per study,b2f1db675b2599e354ab,OpenAlex author ID
Exact-identifier metadata sensitivity: authors,Unique-author study count,Andrew Malem,1,471,0.2,,,authorship-covered unique studies,exact-identifier studies with usable structured authorship,multiple response; one count per unique author per study,2a63460a75ff944e1d44,OpenAlex author ID
Exact-identifier metadata sensitivity: authors,Unique-author study count,Andrew Nevins,1,471,0.2,,,authorship-covered unique studies,exact-identifier studies with usable structured authorship,multiple response; one count per unique author per study,cfa4cceea1f21315935e,OpenAlex author ID
Exact-identifier metadata sensitivity: authors,Unique-author study count,Andrew O’Malley,1,471,0.2,,,authorship-covered unique studies,exact-identifier studies with usable structured authorship,multiple response; one count per unique author per study,766d498375e7ceff4c70,OpenAlex author ID
Exact-identifier metadata sensitivity: authors,Unique-author study count,Andrew Southerland,1,471,0.2,,,authorship-covered unique studies,exact-identifier studies with usable structured authorship,multiple response; one count per unique author per study,593c7da1de5e9f26b59d,OpenAlex author ID
Exact-identifier metadata sensitivity: authors,Unique-author study count,Andrew Zhu,1,471,0.2,,,authorship-covered unique studies,exact-identifier studies with usable structured authorship,multiple response; one count per unique author per study,72c30900482428bf1e49,OpenAlex author ID
Exact-identifier metadata sensitivity: authors,Unique-author study count,Andrey Litvin,1,471,0.2,,,authorship-covered unique studies,exact-identifier studies with usable structured authorship,multiple response; one count per unique author per study,8a18fabf9cf9be3f8a36,OpenAlex author ID
Exact-identifier metadata sensitivity: authors,Unique-author study count,Andrzej A. Kononowicz,1,471,0.2,,,authorship-covered unique studies,exact-identifier studies with usable structured authorship,multiple response; one count per unique author per study,14a6c8b99daf76e8179d,OpenAlex author ID
Exact-identifier metadata sensitivity: authors,Unique-author study count,André Miguel Seixas Silva,1,471,0.2,,,authorship-covered unique studies,exact-identifier studies with usable structured authorship,multiple response; one count per unique author per study,1563f87491d1ce4d02fb,OpenAlex author ID
Exact-identifier metadata sensitivity: authors,Unique-author study count,Andrés Fernando Gomez‐Samper,1,471,0.2,,,authorship-covered unique studies,exact-identifier studies with usable structured authorship,multiple response; one count per unique author per study,843a6b1f2c79c1bd4273,OpenAlex author ID
Exact-identifier metadata sensitivity: authors,Unique-author study count,Andrés Martin,1,471,0.2,,,authorship-covered unique studies,exact-identifier studies with usable structured authorship,multiple response; one count per unique author per study,32b43fcb025a9d77581f,OpenAlex author ID
Exact-identifier metadata sensitivity: authors,Unique-author study count,Andrés Neyem,1,471,0.2,,,authorship-covered unique studies,exact-identifier studies with usable structured authorship,multiple response; one count per unique author per study,b53bf33d223a68f17e8c,OpenAlex author ID
Exact-identifier metadata sensitivity: authors,Unique-author study count,Andy Suy-Huor Ngo,1,471,0.2,,,authorship-covered unique studies,exact-identifier studies with usable structured authorship,multiple response; one count per unique author per study,18f9eaf414ec69e25aad,OpenAlex author ID
Exact-identifier metadata sensitivity: authors,Unique-author study count,Angelica Sharma,1,471,0.2,,,authorship-covered unique studies,exact-identifier studies with usable structured authorship,multiple response; one count per unique author per study,f54e36609097c96e8b6d,OpenAlex author ID
Exact-identifier metadata sensitivity: authors,Unique-author study count,Angelina Anthamatten,1,471,0.2,,,authorship-covered unique studies,exact-identifier studies with usable structured authorship,multiple response; one count per unique author per study,7920ebcf271025a5a8ee,OpenAlex author ID
Exact-identifier metadata sensitivity: authors,Unique-author study count,Angelina Lim,1,471,0.2,,,authorship-covered unique studies,exact-identifier studies with usable structured authorship,multiple response; one count per unique author per study,dcce0a8cef5543c4fec4,OpenAlex author ID
Exact-identifier metadata sensitivity: authors,Unique-author study count,Angelina Lim,1,471,0.2,,,authorship-covered unique studies,exact-identifier studies with usable structured authorship,multiple response; one count per unique author per study,44d09fb5dabfde2e9e31,OpenAlex author ID
Exact-identifier metadata sensitivity: authors,Unique-author study count,Anis Ahmed,1,471,0.2,,,authorship-covered unique studies,exact-identifier studies with usable structured authorship,multiple response; one count per unique author per study,b216d2e3bbb753147fd2,OpenAlex author ID
Exact-identifier metadata sensitivity: authors,Unique-author study count,Anisha B. Dua,1,471,0.2,,,authorship-covered unique studies,exact-identifier studies with usable structured authorship,multiple response; one count per unique author per study,bb3a5362f067d65fc98d,OpenAlex author ID
Exact-identifier metadata sensitivity: authors,Unique-author study count,Anitha Ramkumar,1,471,0.2,,,authorship-covered unique studies,exact-identifier studies with usable structured authorship,multiple response; one count per unique author per study,6e06ede93e94c8f8e15c,OpenAlex author ID
Exact-identifier metadata sensitivity: authors,Unique-author study count,Anja Mayer,1,471,0.2,,,authorship-covered unique studies,exact-identifier studies with usable structured authorship,multiple response; one count per unique author per study,14a6c8b99daf76e8179d,OpenAlex author ID
Exact-identifier metadata sensitivity: authors,Unique-author study count,Anna Bodonhelyi,1,471,0.2,,,authorship-covered unique studies,exact-identifier studies with usable structured authorship,multiple response; one count per unique author per study,0de698b6ef36192c9365,OpenAlex author ID
Exact-identifier metadata sensitivity: authors,Unique-author study count,Anna Brown,1,471,0.2,,,authorship-covered unique studies,exact-identifier studies with usable structured authorship,multiple response; one count per unique author per study,7ab76d429b6539b40243,OpenAlex author ID
Exact-identifier metadata sensitivity: authors,Unique-author study count,Anna C. Lawson McLean,1,471,0.2,,,authorship-covered unique studies,exact-identifier studies with usable structured authorship,multiple response; one count per unique author per study,5d6128771afb1cccb251,name-only record; duplicates collapsed within work only; not merged across works
Exact-identifier metadata sensitivity: authors,Unique-author study count,Anna Hugelius,1,471,0.2,,,authorship-covered unique studies,exact-identifier studies with usable structured authorship,multiple response; one count per unique author per study,db6b016a13edb570269a,OpenAlex author ID
Exact-identifier metadata sensitivity: authors,Unique-author study count,Anna Johansson,1,471,0.2,,,authorship-covered unique studies,exact-identifier studies with usable structured authorship,multiple response; one count per unique author per study,5aa2066f4c78fde5a50b,OpenAlex author ID
Exact-identifier metadata sensitivity: authors,Unique-author study count,Anna Junga,1,471,0.2,,,authorship-covered unique studies,exact-identifier studies with usable structured authorship,multiple response; one count per unique author per study,7442954006aac8fa63fa,OpenAlex author ID
Exact-identifier metadata sensitivity: authors,Unique-author study count,Anna K. Cresswell,1,471,0.2,,,authorship-covered unique studies,exact-identifier studies with usable structured authorship,multiple response; one count per unique author per study,c8c9e4c672bea3a6d994,OpenAlex author ID
Exact-identifier metadata sensitivity: authors,Unique-author study count,Anna Kim,1,471,0.2,,,authorship-covered unique studies,exact-identifier studies with usable structured authorship,multiple response; one count per unique author per study,4b471ab893f0c3845025,OpenAlex author ID
Exact-identifier metadata sensitivity: authors,Unique-author study count,Anna Margareta Hugelius,1,471,0.2,,,authorship-covered unique studies,exact-identifier studies with usable structured authorship,multiple response; one count per unique author per study,ed80b78f8297d945224d,OpenAlex author ID
Exact-identifier metadata sensitivity: authors,Unique-author study count,Anna T. Cianciolo,1,471,0.2,,,authorship-covered unique studies,exact-identifier studies with usable structured authorship,multiple response; one count per unique author per study,8db4130844dc8d367d1f,OpenAlex author ID
Exact-identifier metadata sensitivity: authors,Unique-author study count,Annalisa Schiepatti,1,471,0.2,,,authorship-covered unique studies,exact-identifier studies with usable structured authorship,multiple response; one count per unique author per study,07d462beafe4d21ba016,OpenAlex author ID
Exact-identifier metadata sensitivity: authors,Unique-author study count,Annika C. Sweetland,1,471,0.2,,,authorship-covered unique studies,exact-identifier studies with usable structured authorship,multiple response; one count per unique author per study,e4a287ed511b7be9baa5,OpenAlex author ID
Exact-identifier metadata sensitivity: authors,Unique-author study count,Annika Philipps,1,471,0.2,,,authorship-covered unique studies,exact-identifier studies with usable structured authorship,multiple response; one count per unique author per study,282aa7d3820de53059e9,OpenAlex author ID
Exact-identifier metadata sensitivity: authors,Unique-author study count,Anshul Dahuja,1,471,0.2,,,authorship-covered unique studies,exact-identifier studies with usable structured authorship,multiple response; one count per unique author per study,5c99d6be17d81210020f,OpenAlex author ID
Exact-identifier metadata sensitivity: authors,Unique-author study count,Anshul Kumar,1,471,0.2,,,authorship-covered unique studies,exact-identifier studies with usable structured authorship,multiple response; one count per unique author per study,e359eafa6af6abbb467d,OpenAlex author ID
Exact-identifier metadata sensitivity: authors,Unique-author study count,Ansuman Mahapatra,1,471,0.2,,,authorship-covered unique studies,exact-identifier studies with usable structured authorship,multiple response; one count per unique author per study,5b356113a239c62ba5ac,OpenAlex author ID
Exact-identifier metadata sensitivity: authors,Unique-author study count,Anthea Foong,1,471,0.2,,,authorship-covered unique studies,exact-identifier studies with usable structured authorship,multiple response; one count per unique author per study,9d44b976cb2c076751e8,OpenAlex author ID
Exact-identifier metadata sensitivity: authors,Unique-author study count,Anthony Fanelli,1,471,0.2,,,authorship-covered unique studies,exact-identifier studies with usable structured authorship,multiple response; one count per unique author per study,8db4130844dc8d367d1f,OpenAlex author ID
Exact-identifier metadata sensitivity: authors,Unique-author study count,Anthony Nepomuceno,1,471,0.2,,,authorship-covered unique studies,exact-identifier studies with usable structured authorship,multiple response; one count per unique author per study,f9c1bb8b50eb65edbf84,OpenAlex author ID
Exact-identifier metadata sensitivity: authors,Unique-author study count,Antoine Lanot,1,471,0.2,,,authorship-covered unique studies,exact-identifier studies with usable structured authorship,multiple response; one count per unique author per study,03345c1deb2aad29820e,OpenAlex author ID
Exact-identifier metadata sensitivity: authors,Unique-author study count,Antonia Lagos,1,471,0.2,,,authorship-covered unique studies,exact-identifier studies with usable structured authorship,multiple response; one count per unique author per study,b53bf33d223a68f17e8c,OpenAlex author ID
Exact-identifier metadata sensitivity: authors,Unique-author study count,Antonia-Teodora Moga,1,471,0.2,,,authorship-covered unique studies,exact-identifier studies with usable structured authorship,multiple response; one count per unique author per study,sci_aea73a0d6d3e592a48a0,OpenAlex author ID
Exact-identifier metadata sensitivity: authors,Unique-author study count,Antonin Audion,1,471,0.2,,,authorship-covered unique studies,exact-identifier studies with usable structured authorship,multiple response; one count per unique author per study,b75fad8b8777d2f878b6,OpenAlex author ID
Exact-identifier metadata sensitivity: authors,Unique-author study count,Antonio Scalogna,1,471,0.2,,,authorship-covered unique studies,exact-identifier studies with usable structured authorship,multiple response; one count per unique author per study,81337a44aeb46520e3ec,OpenAlex author ID
Exact-identifier metadata sensitivity: authors,Unique-author study count,Antonio Valenzuela,1,471,0.2,,,authorship-covered unique studies,exact-identifier studies with usable structured authorship,multiple response; one count per unique author per study,7f735724143207af94c1,OpenAlex author ID
Exact-identifier metadata sensitivity: authors,Unique-author study count,Antony Payton,1,471,0.2,,,authorship-covered unique studies,exact-identifier studies with usable structured authorship,multiple response; one count per unique author per study,437f09a0c472e4ba343e,OpenAlex author ID
Exact-identifier metadata sensitivity: authors,Unique-author study count,António Oliveira Nzinga René,1,471,0.2,,,authorship-covered unique studies,exact-identifier studies with usable structured authorship,multiple response; one count per unique author per study,859f96f4eca259cdb9e8,OpenAlex author ID
Exact-identifier metadata sensitivity: authors,Unique-author study count,Antônio Pazin‐Filho,1,471,0.2,,,authorship-covered unique studies,exact-identifier studies with usable structured authorship,multiple response; one count per unique author per study,3aba8ba7976a49acd0ac,OpenAlex author ID
Exact-identifier metadata sensitivity: authors,Unique-author study count,Anuja Dharmaratne,1,471,0.2,,,authorship-covered unique studies,exact-identifier studies with usable structured authorship,multiple response; one count per unique author per study,d11ce96adb05741aef6d,OpenAlex author ID
Exact-identifier metadata sensitivity: authors,Unique-author study count,Anye Shi,1,471,0.2,,,authorship-covered unique studies,exact-identifier studies with usable structured authorship,multiple response; one count per unique author per study,d977c356ff57ab060fef,name-only record; duplicates collapsed within work only; not merged across works
Exact-identifier metadata sensitivity: authors,Unique-author study count,Aqeelah Khatoon,1,471,0.2,,,authorship-covered unique studies,exact-identifier studies with usable structured authorship,multiple response; one count per unique author per study,f54e36609097c96e8b6d,OpenAlex author ID
Exact-identifier metadata sensitivity: authors,Unique-author study count,Aram Jeong,1,471,0.2,,,authorship-covered unique studies,exact-identifier studies with usable structured authorship,multiple response; one count per unique author per study,ed072d60d05f5e236143,name-only record; duplicates collapsed within work only; not merged across works
Exact-identifier metadata sensitivity: authors,Unique-author study count,Aram Jeong,1,471,0.2,,,authorship-covered unique studies,exact-identifier studies with usable structured authorship,multiple response; one count per unique author per study,15b1e2fee67db58575b7,name-only record; duplicates collapsed within work only; not merged across works
Exact-identifier metadata sensitivity: authors,Unique-author study count,Archana Pradhan,1,471,0.2,,,authorship-covered unique studies,exact-identifier studies with usable structured authorship,multiple response; one count per unique author per study,425ec6ee2ca714b7434a,OpenAlex author ID
Exact-identifier metadata sensitivity: authors,Unique-author study count,Areej Al‐Wabil,1,471,0.2,,,authorship-covered unique studies,exact-identifier studies with usable structured authorship,multiple response; one count per unique author per study,155acc9f21eba7b06b56,OpenAlex author ID
Exact-identifier metadata sensitivity: authors,Unique-author study count,Areli Marlene Gaytán-Gómez,1,471,0.2,,,authorship-covered unique studies,exact-identifier studies with usable structured authorship,multiple response; one count per unique author per study,98c23d01b9fb23bd43c4,OpenAlex author ID
Exact-identifier metadata sensitivity: authors,Unique-author study count,Arend RahrischRahrisch,1,471,0.2,,,authorship-covered unique studies,exact-identifier studies with usable structured authorship,multiple response; one count per unique author per study,272439595ff3b96c35f3,OpenAlex author ID
Exact-identifier metadata sensitivity: authors,Unique-author study count,Ariel Jin,1,471,0.2,,,authorship-covered unique studies,exact-identifier studies with usable structured authorship,multiple response; one count per unique author per study,43f6ad0fa6f4597d56fc,name-only record; duplicates collapsed within work only; not merged across works
Exact-identifier metadata sensitivity: authors,Unique-author study count,Ariel Shensa,1,471,0.2,,,authorship-covered unique studies,exact-identifier studies with usable structured authorship,multiple response; one count per unique author per study,98459bc57c099322761c,OpenAlex author ID
Exact-identifier metadata sensitivity: authors,Unique-author study count,Arisa Hayashi,1,471,0.2,,,authorship-covered unique studies,exact-identifier studies with usable structured authorship,multiple response; one count per unique author per study,4fdab8147c5288a598e6,OpenAlex author ID
Exact-identifier metadata sensitivity: authors,Unique-author study count,Arlinda Deng,1,471,0.2,,,authorship-covered unique studies,exact-identifier studies with usable structured authorship,multiple response; one count per unique author per study,593c7da1de5e9f26b59d,OpenAlex author ID
Exact-identifier metadata sensitivity: authors,Unique-author study count,Arlindo R. Galvão Filho,1,471,0.2,,,authorship-covered unique studies,exact-identifier studies with usable structured authorship,multiple response; one count per unique author per study,d46506f34cc784478c88,name-only record; duplicates collapsed within work only; not merged across works
Exact-identifier metadata sensitivity: authors,Unique-author study count,Arne K. Christensen,1,471,0.2,,,authorship-covered unique studies,exact-identifier studies with usable structured authorship,multiple response; one count per unique author per study,886368e8c3c194de3abd,OpenAlex author ID
Exact-identifier metadata sensitivity: authors,Unique-author study count,Arom Choi,1,471,0.2,,,authorship-covered unique studies,exact-identifier studies with usable structured authorship,multiple response; one count per unique author per study,c837d77a482b4e089619,OpenAlex author ID
Exact-identifier metadata sensitivity: authors,Unique-author study count,Arpita Saggar,1,471,0.2,,,authorship-covered unique studies,exact-identifier studies with usable structured authorship,multiple response; one count per unique author per study,b4fa4675ffa2674da6e1,OpenAlex author ID
Exact-identifier metadata sensitivity: authors,Unique-author study count,Arya Rao,1,471,0.2,,,authorship-covered unique studies,exact-identifier studies with usable structured authorship,multiple response; one count per unique author per study,ba93136b38c9a66d059f,OpenAlex author ID
Exact-identifier metadata sensitivity: authors,Unique-author study count,Aseelah Alnazawi,1,471,0.2,,,authorship-covered unique studies,exact-identifier studies with usable structured authorship,multiple response; one count per unique author per study,4301913b143d4dcf67c6,OpenAlex author ID
Exact-identifier metadata sensitivity: authors,Unique-author study count,Ashley M. Hopkins,1,471,0.2,,,authorship-covered unique studies,exact-identifier studies with usable structured authorship,multiple response; one count per unique author per study,1a8a9f25ccdf589f88f6,OpenAlex author ID
Exact-identifier metadata sensitivity: authors,Unique-author study count,Asjah Johnson,1,471,0.2,,,authorship-covered unique studies,exact-identifier studies with usable structured authorship,multiple response; one count per unique author per study,76597dc445d9df2ae743,OpenAlex author ID
Exact-identifier metadata sensitivity: authors,Unique-author study count,Asma Al Yahyaei,1,471,0.2,,,authorship-covered unique studies,exact-identifier studies with usable structured authorship,multiple response; one count per unique author per study,sci_49f3e83303945c5d95da,OpenAlex author ID
Exact-identifier metadata sensitivity: authors,Unique-author study count,Aukse Vaitkute,1,471,0.2,,,authorship-covered unique studies,exact-identifier studies with usable structured authorship,multiple response; one count per unique author per study,ae74530d7e9fa7f91f65,OpenAlex author ID
Exact-identifier metadata sensitivity: authors,Unique-author study count,Austin Baird,1,471,0.2,,,authorship-covered unique studies,exact-identifier studies with usable structured authorship,multiple response; one count per unique author per study,7a9ca4d4d16f4705139f,OpenAlex author ID
Exact-identifier metadata sensitivity: authors,Unique-author study count,Austin Y. Feng,1,471,0.2,,,authorship-covered unique studies,exact-identifier studies with usable structured authorship,multiple response; one count per unique author per study,50ac103890932b40242c,OpenAlex author ID
Exact-identifier metadata sensitivity: authors,Unique-author study count,Avideep Singh Sidhu,1,471,0.2,,,authorship-covered unique studies,exact-identifier studies with usable structured authorship,multiple response; one count per unique author per study,a44cf2193e8756673fa7,OpenAlex author ID
Exact-identifier metadata sensitivity: authors,Unique-author study count,Axel Tonatiuh Marroquin-Aguilar,1,471,0.2,,,authorship-covered unique studies,exact-identifier studies with usable structured authorship,multiple response; one count per unique author per study,7f84c902e862e25dbf2c,OpenAlex author ID
Exact-identifier metadata sensitivity: authors,Unique-author study count,Ayako Nishimura,1,471,0.2,,,authorship-covered unique studies,exact-identifier studies with usable structured authorship,multiple response; one count per unique author per study,7713a8c3085fddc6419c,OpenAlex author ID
Exact-identifier metadata sensitivity: authors,Unique-author study count,Ayame Enomoto,1,471,0.2,,,authorship-covered unique studies,exact-identifier studies with usable structured authorship,multiple response; one count per unique author per study,fd0c4ec164cda596074b,OpenAlex author ID
Exact-identifier metadata sensitivity: authors,Unique-author study count,Ayesha Ahmed,1,471,0.2,,,authorship-covered unique studies,exact-identifier studies with usable structured authorship,multiple response; one count per unique author per study,588316012a3f2d9b790a,OpenAlex author ID
Exact-identifier metadata sensitivity: authors,Unique-author study count,Aynur Ayşe Karaduman,1,471,0.2,,,authorship-covered unique studies,exact-identifier studies with usable structured authorship,multiple response; one count per unique author per study,5e70fc602d28beb4158b,OpenAlex author ID
Exact-identifier metadata sensitivity: authors,Unique-author study count,Ayu Widowati Dwi Hapsari,1,471,0.2,,,authorship-covered unique studies,exact-identifier studies with usable structured authorship,multiple response; one count per unique author per study,6a18d985481870e99d72,OpenAlex author ID
Exact-identifier metadata sensitivity: authors,Unique-author study count,Ayça Kumluca Topallı,1,471,0.2,,,authorship-covered unique studies,exact-identifier studies with usable structured authorship,multiple response; one count per unique author per study,86f76ce0ac18d03915b2,OpenAlex author ID
Exact-identifier metadata sensitivity: authors,Unique-author study count,Azizah Zafira,1,471,0.2,,,authorship-covered unique studies,exact-identifier studies with usable structured authorship,multiple response; one count per unique author per study,31f58d5793ca1ef590ea,OpenAlex author ID
Exact-identifier metadata sensitivity: authors,Unique-author study count,B. Gandhi,1,471,0.2,,,authorship-covered unique studies,exact-identifier studies with usable structured authorship,multiple response; one count per unique author per study,91738aa3fb8146efb96d,OpenAlex author ID
Exact-identifier metadata sensitivity: authors,Unique-author study count,B. Quah,1,471,0.2,,,authorship-covered unique studies,exact-identifier studies with usable structured authorship,multiple response; one count per unique author per study,0aad164402f8e4deea3b,OpenAlex author ID
Exact-identifier metadata sensitivity: authors,Unique-author study count,Baptiste Balança,1,471,0.2,,,authorship-covered unique studies,exact-identifier studies with usable structured authorship,multiple response; one count per unique author per study,b75fad8b8777d2f878b6,OpenAlex author ID
Exact-identifier metadata sensitivity: authors,Unique-author study count,Barbara Bertagni,1,471,0.2,,,authorship-covered unique studies,exact-identifier studies with usable structured authorship,multiple response; one count per unique author per study,af9edf1f4c2a0c11a5eb,OpenAlex author ID
Exact-identifier metadata sensitivity: authors,Unique-author study count,Barton E. Anderson,1,471,0.2,,,authorship-covered unique studies,exact-identifier studies with usable structured authorship,multiple response; one count per unique author per study,f917e0b66cef158b9df0,OpenAlex author ID
Exact-identifier metadata sensitivity: authors,Unique-author study count,Bastian Grande,1,471,0.2,,,authorship-covered unique studies,exact-identifier studies with usable structured authorship,multiple response; one count per unique author per study,272439595ff3b96c35f3,OpenAlex author ID
Exact-identifier metadata sensitivity: authors,Unique-author study count,Bastien Le Guellec,1,471,0.2,,,authorship-covered unique studies,exact-identifier studies with usable structured authorship,multiple response; one count per unique author per study,03345c1deb2aad29820e,OpenAlex author ID
Exact-identifier metadata sensitivity: authors,Unique-author study count,Bazen Gashaw Teferra,1,471,0.2,,,authorship-covered unique studies,exact-identifier studies with usable structured authorship,multiple response; one count per unique author per study,63c69a200d415bc42d9b,OpenAlex author ID
Exact-identifier metadata sensitivity: authors,Unique-author study count,Becky Leveridge,1,471,0.2,,,authorship-covered unique studies,exact-identifier studies with usable structured authorship,multiple response; one count per unique author per study,c4f5fe90704c2aa68c75,name-only record; duplicates collapsed within work only; not merged across works
Exact-identifier metadata sensitivity: authors,Unique-author study count,Behdokht Kiafar,1,471,0.2,,,authorship-covered unique studies,exact-identifier studies with usable structured authorship,multiple response; one count per unique author per study,3cc4d65478e63af8ab6e,OpenAlex author ID
Exact-identifier metadata sensitivity: authors,Unique-author study count,Belinda Lowe,1,471,0.2,,,authorship-covered unique studies,exact-identifier studies with usable structured authorship,multiple response; one count per unique author per study,f30eee8f6354bfa06744,OpenAlex author ID
Exact-identifier metadata sensitivity: authors,Unique-author study count,Benjamin Daniels,1,471,0.2,,,authorship-covered unique studies,exact-identifier studies with usable structured authorship,multiple response; one count per unique author per study,7571d4d2871565bc5c1c,OpenAlex author ID
Exact-identifier metadata sensitivity: authors,Unique-author study count,Benjamin Heasman,1,471,0.2,,,authorship-covered unique studies,exact-identifier studies with usable structured authorship,multiple response; one count per unique author per study,bc52d7f8f145e43beefc,OpenAlex author ID
Exact-identifier metadata sensitivity: authors,Unique-author study count,Benjamin Lok,1,471,0.2,,,authorship-covered unique studies,exact-identifier studies with usable structured authorship,multiple response; one count per unique author per study,894f08a5035b3a1872d5,OpenAlex author ID
Exact-identifier metadata sensitivity: authors,Unique-author study count,Benjamin Meindl,1,471,0.2,,,authorship-covered unique studies,exact-identifier studies with usable structured authorship,multiple response; one count per unique author per study,594824ec9813877abe34,OpenAlex author ID
Exact-identifier metadata sensitivity: authors,Unique-author study count,Benjamin Risse,1,471,0.2,,,authorship-covered unique studies,exact-identifier studies with usable structured authorship,multiple response; one count per unique author per study,7442954006aac8fa63fa,OpenAlex author ID
Exact-identifier metadata sensitivity: authors,Unique-author study count,Benjamin Williams,1,471,0.2,,,authorship-covered unique studies,exact-identifier studies with usable structured authorship,multiple response; one count per unique author per study,4f796e0ce90dce8d4da8,OpenAlex author ID
Exact-identifier metadata sensitivity: authors,Unique-author study count,Benney Yiu Cheong Wong,1,471,0.2,,,authorship-covered unique studies,exact-identifier studies with usable structured authorship,multiple response; one count per unique author per study,0b1e929029c5b43c5beb,OpenAlex author ID
Exact-identifier metadata sensitivity: authors,Unique-author study count,Benoît Brilland,1,471,0.2,,,authorship-covered unique studies,exact-identifier studies with usable structured authorship,multiple response; one count per unique author per study,03345c1deb2aad29820e,OpenAlex author ID
Exact-identifier metadata sensitivity: authors,Unique-author study count,Benson Mwangi,1,471,0.2,,,authorship-covered unique studies,exact-identifier studies with usable structured authorship,multiple response; one count per unique author per study,32b43fcb025a9d77581f,OpenAlex author ID
Exact-identifier metadata sensitivity: authors,Unique-author study count,Benyou Wang,1,471,0.2,,,authorship-covered unique studies,exact-identifier studies with usable structured authorship,multiple response; one count per unique author per study,fd1a9c7f0b28a609f8af,OpenAlex author ID
Exact-identifier metadata sensitivity: authors,Unique-author study count,Bernd Harnisch,1,471,0.2,,,authorship-covered unique studies,exact-identifier studies with usable structured authorship,multiple response; one count per unique author per study,ebc2ea10b1b751d8e58c,OpenAlex author ID
Exact-identifier metadata sensitivity: authors,Unique-author study count,Bernhard Marschall,1,471,0.2,,,authorship-covered unique studies,exact-identifier studies with usable structured authorship,multiple response; one count per unique author per study,7442954006aac8fa63fa,OpenAlex author ID
Exact-identifier metadata sensitivity: authors,Unique-author study count,Bguelly Jean N’guessan-Sánchez,1,471,0.2,,,authorship-covered unique studies,exact-identifier studies with usable structured authorship,multiple response; one count per unique author per study,59ac00c951a84da39213,OpenAlex author ID
Exact-identifier metadata sensitivity: authors,Unique-author study count,Bhaskar Kumar Somani,1,471,0.2,,,authorship-covered unique studies,exact-identifier studies with usable structured authorship,multiple response; one count per unique author per study,166aa3cc368ebd076b91,OpenAlex author ID
Exact-identifier metadata sensitivity: authors,Unique-author study count,Bianca Brie,1,471,0.2,,,authorship-covered unique studies,exact-identifier studies with usable structured authorship,multiple response; one count per unique author per study,bc5dd5d7b1ad1b4d21e4,OpenAlex author ID
Exact-identifier metadata sensitivity: authors,Unique-author study count,Bill Kapralos,1,471,0.2,,,authorship-covered unique studies,exact-identifier studies with usable structured authorship,multiple response; one count per unique author per study,63c69a200d415bc42d9b,OpenAlex author ID
Exact-identifier metadata sensitivity: authors,Unique-author study count,Bin Lü,1,471,0.2,,,authorship-covered unique studies,exact-identifier studies with usable structured authorship,multiple response; one count per unique author per study,fbcfe4a5c41e518e74ba,OpenAlex author ID
Exact-identifier metadata sensitivity: authors,Unique-author study count,Bin Sheng,1,471,0.2,,,authorship-covered unique studies,exact-identifier studies with usable structured authorship,multiple response; one count per unique author per study,359e1289e1f098bb36e2,OpenAlex author ID
Exact-identifier metadata sensitivity: authors,Unique-author study count,Bin Wang,1,471,0.2,,,authorship-covered unique studies,exact-identifier studies with usable structured authorship,multiple response; one count per unique author per study,a4d746b41f7f88ceb127,OpenAlex author ID
Exact-identifier metadata sensitivity: authors,Unique-author study count,Bingqing Zhang,1,471,0.2,,,authorship-covered unique studies,exact-identifier studies with usable structured authorship,multiple response; one count per unique author per study,a4f6e4afd67cbf667f95,OpenAlex author ID
Exact-identifier metadata sensitivity: authors,Unique-author study count,Bingquan Zhang,1,471,0.2,,,authorship-covered unique studies,exact-identifier studies with usable structured authorship,multiple response; one count per unique author per study,fd1a9c7f0b28a609f8af,OpenAlex author ID
Exact-identifier metadata sensitivity: authors,Unique-author study count,Bingrui Jin,1,471,0.2,,,authorship-covered unique studies,exact-identifier studies with usable structured authorship,multiple response; one count per unique author per study,1d69e819d76b702e955f,OpenAlex author ID
Exact-identifier metadata sensitivity: authors,Unique-author study count,Bingsheng Wang,1,471,0.2,,,authorship-covered unique studies,exact-identifier studies with usable structured authorship,multiple response; one count per unique author per study,a4d746b41f7f88ceb127,OpenAlex author ID
Exact-identifier metadata sensitivity: authors,Unique-author study count,Binita Panchasara,1,471,0.2,,,authorship-covered unique studies,exact-identifier studies with usable structured authorship,multiple response; one count per unique author per study,2a63460a75ff944e1d44,OpenAlex author ID
Exact-identifier metadata sensitivity: authors,Unique-author study count,Birpartap S. Thind,1,471,0.2,,,authorship-covered unique studies,exact-identifier studies with usable structured authorship,multiple response; one count per unique author per study,55c688efa556cdf3a77e,OpenAlex author ID
Exact-identifier metadata sensitivity: authors,Unique-author study count,Bo Huang,1,471,0.2,,,authorship-covered unique studies,exact-identifier studies with usable structured authorship,multiple response; one count per unique author per study,81087c9bc5a7366ff084,OpenAlex author ID
Exact-identifier metadata sensitivity: authors,Unique-author study count,Bo Pei,1,471,0.2,,,authorship-covered unique studies,exact-identifier studies with usable structured authorship,multiple response; one count per unique author per study,b608f772e32f2dbbff5e,OpenAlex author ID
Exact-identifier metadata sensitivity: authors,Unique-author study count,Bo Wang,1,471,0.2,,,authorship-covered unique studies,exact-identifier studies with usable structured authorship,multiple response; one count per unique author per study,d3f99e099b9310de57e3,OpenAlex author ID
Exact-identifier metadata sensitivity: authors,Unique-author study count,Bomsol Kim,1,471,0.2,,,authorship-covered unique studies,exact-identifier studies with usable structured authorship,multiple response; one count per unique author per study,1b087547ad0e2e8a3fa3,OpenAlex author ID
Exact-identifier metadata sensitivity: authors,Unique-author study count,Bonnie LaTourette,1,471,0.2,,,authorship-covered unique studies,exact-identifier studies with usable structured authorship,multiple response; one count per unique author per study,8bece1a102e2fe87b74e,OpenAlex author ID
Exact-identifier metadata sensitivity: authors,Unique-author study count,Braden S. Jensen,1,471,0.2,,,authorship-covered unique studies,exact-identifier studies with usable structured authorship,multiple response; one count per unique author per study,c9defba9bce13454aa5f,OpenAlex author ID
Exact-identifier metadata sensitivity: authors,Unique-author study count,Brandon Valencia Coronel,1,471,0.2,,,authorship-covered unique studies,exact-identifier studies with usable structured authorship,multiple response; one count per unique author per study,b53bf33d223a68f17e8c,OpenAlex author ID
Exact-identifier metadata sensitivity: authors,Unique-author study count,Brandon Watanabe,1,471,0.2,,,authorship-covered unique studies,exact-identifier studies with usable structured authorship,multiple response; one count per unique author per study,4eabef99b9ccb8ef8fd4,OpenAlex author ID
Exact-identifier metadata sensitivity: authors,Unique-author study count,Brandy Pate,1,471,0.2,,,authorship-covered unique studies,exact-identifier studies with usable structured authorship,multiple response; one count per unique author per study,2972cffe675ec25e930c,OpenAlex author ID
Exact-identifier metadata sensitivity: authors,Unique-author study count,Bree Jones,1,471,0.2,,,authorship-covered unique studies,exact-identifier studies with usable structured authorship,multiple response; one count per unique author per study,fa24b39d9c9c2f6142d6,OpenAlex author ID
Exact-identifier metadata sensitivity: authors,Unique-author study count,Brendan Seabold,1,471,0.2,,,authorship-covered unique studies,exact-identifier studies with usable structured authorship,multiple response; one count per unique author per study,8db4130844dc8d367d1f,OpenAlex author ID
Exact-identifier metadata sensitivity: authors,Unique-author study count,Brian D. Rankin,1,471,0.2,,,authorship-covered unique studies,exact-identifier studies with usable structured authorship,multiple response; one count per unique author per study,243562012607f7033171,OpenAlex author ID
Exact-identifier metadata sensitivity: authors,Unique-author study count,Brian Jaros,1,471,0.2,,,authorship-covered unique studies,exact-identifier studies with usable structured authorship,multiple response; one count per unique author per study,bb3a5362f067d65fc98d,OpenAlex author ID
Exact-identifier metadata sensitivity: authors,Unique-author study count,Bridget Murray,1,471,0.2,,,authorship-covered unique studies,exact-identifier studies with usable structured authorship,multiple response; one count per unique author per study,c13d5a010789f6f44c11,OpenAlex author ID
Exact-identifier metadata sensitivity: authors,Unique-author study count,Brittany M. Dacier,1,471,0.2,,,authorship-covered unique studies,exact-identifier studies with usable structured authorship,multiple response; one count per unique author per study,ba93136b38c9a66d059f,OpenAlex author ID
Exact-identifier metadata sensitivity: authors,Unique-author study count,Brittany Nelson,1,471,0.2,,,authorship-covered unique studies,exact-identifier studies with usable structured authorship,multiple response; one count per unique author per study,7ab76d429b6539b40243,OpenAlex author ID
Exact-identifier metadata sensitivity: authors,Unique-author study count,Bryan Ma,1,471,0.2,,,authorship-covered unique studies,exact-identifier studies with usable structured authorship,multiple response; one count per unique author per study,243562012607f7033171,OpenAlex author ID
Exact-identifier metadata sensitivity: authors,Unique-author study count,Bryan P. Yan,1,471,0.2,,,authorship-covered unique studies,exact-identifier studies with usable structured authorship,multiple response; one count per unique author per study,d977c356ff57ab060fef,OpenAlex author ID
Exact-identifier metadata sensitivity: authors,Unique-author study count,Buğra İlhan,1,471,0.2,,,authorship-covered unique studies,exact-identifier studies with usable structured authorship,multiple response; one count per unique author per study,df606ccebb857fa9a592,OpenAlex author ID
Exact-identifier metadata sensitivity: authors,Unique-author study count,By Barbra H. B. Timmer,1,471,0.2,,,authorship-covered unique studies,exact-identifier studies with usable structured authorship,multiple response; one count per unique author per study,0835d7fde9c090ca963c,OpenAlex author ID
Exact-identifier metadata sensitivity: authors,Unique-author study count,Byung-Wook Lee,1,471,0.2,,,authorship-covered unique studies,exact-identifier studies with usable structured authorship,multiple response; one count per unique author per study,e5814fecd144cc3fe016,OpenAlex author ID
Exact-identifier metadata sensitivity: authors,Unique-author study count,Bénédicte Nobile,1,471,0.2,,,authorship-covered unique studies,exact-identifier studies with usable structured authorship,multiple response; one count per unique author per study,73f1b1dee9a19c0ea0af,OpenAlex author ID
Exact-identifier metadata sensitivity: authors,Unique-author study count,C Park,1,471,0.2,,,authorship-covered unique studies,exact-identifier studies with usable structured authorship,multiple response; one count per unique author per study,c837d77a482b4e089619,OpenAlex author ID
Exact-identifier metadata sensitivity: authors,Unique-author study count,C. Principato,1,471,0.2,,,authorship-covered unique studies,exact-identifier studies with usable structured authorship,multiple response; one count per unique author per study,415ba4f99eeb473a50c2,OpenAlex author ID
Exact-identifier metadata sensitivity: authors,Unique-author study count,C. R. Macchi,1,471,0.2,,,authorship-covered unique studies,exact-identifier studies with usable structured authorship,multiple response; one count per unique author per study,907d492e03a26ae110b8,OpenAlex author ID
Exact-identifier metadata sensitivity: authors,Unique-author study count,C. S. Ang,1,471,0.2,,,authorship-covered unique studies,exact-identifier studies with usable structured authorship,multiple response; one count per unique author per study,d644a8da3cdeae0603e0,OpenAlex author ID
Exact-identifier metadata sensitivity: authors,Unique-author study count,C. Singh,1,471,0.2,,,authorship-covered unique studies,exact-identifier studies with usable structured authorship,multiple response; one count per unique author per study,sci_d54eaf2ee85c6160a060,OpenAlex author ID
Exact-identifier metadata sensitivity: authors,Unique-author study count,C. Y. Teresa Lam,1,471,0.2,,,authorship-covered unique studies,exact-identifier studies with usable structured authorship,multiple response; one count per unique author per study,7a5ffafc98c031b3684e,OpenAlex author ID
Exact-identifier metadata sensitivity: authors,Unique-author study count,Caitlin Silvestri,1,471,0.2,,,authorship-covered unique studies,exact-identifier studies with usable structured authorship,multiple response; one count per unique author per study,79301031755b16db8fe6,OpenAlex author ID
Exact-identifier metadata sensitivity: authors,Unique-author study count,Caleb Tomlin,1,471,0.2,,,authorship-covered unique studies,exact-identifier studies with usable structured authorship,multiple response; one count per unique author per study,8bece1a102e2fe87b74e,OpenAlex author ID
Exact-identifier metadata sensitivity: authors,Unique-author study count,Camilla Sammartino,1,471,0.2,,,authorship-covered unique studies,exact-identifier studies with usable structured authorship,multiple response; one count per unique author per study,07d462beafe4d21ba016,OpenAlex author ID
Exact-identifier metadata sensitivity: authors,Unique-author study count,Candy Fung Lo Ping,1,471,0.2,,,authorship-covered unique studies,exact-identifier studies with usable structured authorship,multiple response; one count per unique author per study,12a5244797e0de4599d0,OpenAlex author ID
Exact-identifier metadata sensitivity: authors,Unique-author study count,Canhua Jiang,1,471,0.2,,,authorship-covered unique studies,exact-identifier studies with usable structured authorship,multiple response; one count per unique author per study,0b386fbba1d6908a565d,OpenAlex author ID
Exact-identifier metadata sensitivity: authors,Unique-author study count,Carla Maria Gramaglia,1,471,0.2,,,authorship-covered unique studies,exact-identifier studies with usable structured authorship,multiple response; one count per unique author per study,be9dea9f8b093b59c0c4,OpenAlex author ID
Exact-identifier metadata sensitivity: authors,Unique-author study count,Carlos Canales,1,471,0.2,,,authorship-covered unique studies,exact-identifier studies with usable structured authorship,multiple response; one count per unique author per study,53e73c84997817856e1f,OpenAlex author ID
Exact-identifier metadata sensitivity: authors,Unique-author study count,Carlos Ramon Hölzing,1,471,0.2,,,authorship-covered unique studies,exact-identifier studies with usable structured authorship,multiple response; one count per unique author per study,47160b043b610b447eca,OpenAlex author ID
Exact-identifier metadata sensitivity: authors,Unique-author study count,Carlos René Durazo Enríquez,1,471,0.2,,,authorship-covered unique studies,exact-identifier studies with usable structured authorship,multiple response; one count per unique author per study,6d85b580a0562cc121d4,OpenAlex author ID
Exact-identifier metadata sensitivity: authors,Unique-author study count,Carlotta Crisciotti,1,471,0.2,,,authorship-covered unique studies,exact-identifier studies with usable structured authorship,multiple response; one count per unique author per study,07d462beafe4d21ba016,OpenAlex author ID
Exact-identifier metadata sensitivity: authors,Unique-author study count,Carly Leininger,1,471,0.2,,,authorship-covered unique studies,exact-identifier studies with usable structured authorship,multiple response; one count per unique author per study,415ba4f99eeb473a50c2,OpenAlex author ID
Exact-identifier metadata sensitivity: authors,Unique-author study count,Carmen Louwerens,1,471,0.2,,,authorship-covered unique studies,exact-identifier studies with usable structured authorship,multiple response; one count per unique author per study,43f6ad0fa6f4597d56fc,OpenAlex author ID
Exact-identifier metadata sensitivity: authors,Unique-author study count,Carol Bafaloukos,1,471,0.2,,,authorship-covered unique studies,exact-identifier studies with usable structured authorship,multiple response; one count per unique author per study,ef046f239f256df5f180,OpenAlex author ID
Exact-identifier metadata sensitivity: authors,Unique-author study count,Carol Terregino,1,471,0.2,,,authorship-covered unique studies,exact-identifier studies with usable structured authorship,multiple response; one count per unique author per study,425ec6ee2ca714b7434a,OpenAlex author ID
Exact-identifier metadata sensitivity: authors,Unique-author study count,Caroline G. L. Cao,1,471,0.2,,,authorship-covered unique studies,exact-identifier studies with usable structured authorship,multiple response; one count per unique author per study,37a099d4d3aa15cafaa9,OpenAlex author ID
Exact-identifier metadata sensitivity: authors,Unique-author study count,Carson Ka Shun Hung,1,471,0.2,,,authorship-covered unique studies,exact-identifier studies with usable structured authorship,multiple response; one count per unique author per study,0b1e929029c5b43c5beb,name-only record; duplicates collapsed within work only; not merged across works
Exact-identifier metadata sensitivity: authors,Unique-author study count,Carsten Eickhoff,1,471,0.2,,,authorship-covered unique studies,exact-identifier studies with usable structured authorship,multiple response; one count per unique author per study,01a746b554d461cb998c,OpenAlex author ID
Exact-identifier metadata sensitivity: authors,Unique-author study count,Carvalho Filho,1,471,0.2,,,authorship-covered unique studies,exact-identifier studies with usable structured authorship,multiple response; one count per unique author per study,afc8c786ca5b65ba8c74,OpenAlex author ID
Exact-identifier metadata sensitivity: authors,Unique-author study count,Casey Ducharme,1,471,0.2,,,authorship-covered unique studies,exact-identifier studies with usable structured authorship,multiple response; one count per unique author per study,bc52d7f8f145e43beefc,OpenAlex author ID
Exact-identifier metadata sensitivity: authors,Unique-author study count,Casey Woodfield,1,471,0.2,,,authorship-covered unique studies,exact-identifier studies with usable structured authorship,multiple response; one count per unique author per study,abda3007be07a5153c0c,OpenAlex author ID
Exact-identifier metadata sensitivity: authors,Unique-author study count,Cathleen McCarrick,1,471,0.2,,,authorship-covered unique studies,exact-identifier studies with usable structured authorship,multiple response; one count per unique author per study,1c5402a057ba8f451244,OpenAlex author ID
Exact-identifier metadata sensitivity: authors,Unique-author study count,Celeste M. Schultz,1,471,0.2,,,authorship-covered unique studies,exact-identifier studies with usable structured authorship,multiple response; one count per unique author per study,f9c1bb8b50eb65edbf84,OpenAlex author ID
Exact-identifier metadata sensitivity: authors,Unique-author study count,Chad Lairamore,1,471,0.2,,,authorship-covered unique studies,exact-identifier studies with usable structured authorship,multiple response; one count per unique author per study,2972cffe675ec25e930c,OpenAlex author ID
Exact-identifier metadata sensitivity: authors,Unique-author study count,Chakib Nejjari,1,471,0.2,,,authorship-covered unique studies,exact-identifier studies with usable structured authorship,multiple response; one count per unique author per study,adf94a39c16c36a40d45,OpenAlex author ID
Exact-identifier metadata sensitivity: authors,Unique-author study count,Chandra Shekhar Biyani,1,471,0.2,,,authorship-covered unique studies,exact-identifier studies with usable structured authorship,multiple response; one count per unique author per study,db80308782a219cbea0e,OpenAlex author ID
Exact-identifier metadata sensitivity: authors,Unique-author study count,Chanel Watson,1,471,0.2,,,authorship-covered unique studies,exact-identifier studies with usable structured authorship,multiple response; one count per unique author per study,c13d5a010789f6f44c11,OpenAlex author ID
Exact-identifier metadata sensitivity: authors,Unique-author study count,Chang Wen,1,471,0.2,,,authorship-covered unique studies,exact-identifier studies with usable structured authorship,multiple response; one count per unique author per study,ed38fd3a7de3cb77f8a6,OpenAlex author ID
Exact-identifier metadata sensitivity: authors,Unique-author study count,Changmin Lin,1,471,0.2,,,authorship-covered unique studies,exact-identifier studies with usable structured authorship,multiple response; one count per unique author per study,6d60da2f964efcc60587,OpenAlex author ID
Exact-identifier metadata sensitivity: authors,Unique-author study count,Chanhee Hong,1,471,0.2,,,authorship-covered unique studies,exact-identifier studies with usable structured authorship,multiple response; one count per unique author per study,c837d77a482b4e089619,OpenAlex author ID
Exact-identifier metadata sensitivity: authors,Unique-author study count,Chanwoong Kim,1,471,0.2,,,authorship-covered unique studies,exact-identifier studies with usable structured authorship,multiple response; one count per unique author per study,9d0e015a74d4a026b092,OpenAlex author ID
Exact-identifier metadata sensitivity: authors,Unique-author study count,Chao-Yu Hsu,1,471,0.2,,,authorship-covered unique studies,exact-identifier studies with usable structured authorship,multiple response; one count per unique author per study,f97eadc969f29dc262e7,OpenAlex author ID
Exact-identifier metadata sensitivity: authors,Unique-author study count,Chaofeng Zhang,1,471,0.2,,,authorship-covered unique studies,exact-identifier studies with usable structured authorship,multiple response; one count per unique author per study,614d439112e6f1ccea50,OpenAlex author ID
Exact-identifier metadata sensitivity: authors,Unique-author study count,Chaoqun Dong,1,471,0.2,,,authorship-covered unique studies,exact-identifier studies with usable structured authorship,multiple response; one count per unique author per study,a4d746b41f7f88ceb127,OpenAlex author ID
Exact-identifier metadata sensitivity: authors,Unique-author study count,Charlotte A. Taylor-Drigo,1,471,0.2,,,authorship-covered unique studies,exact-identifier studies with usable structured authorship,multiple response; one count per unique author per study,aea68236a77645892d74,OpenAlex author ID
Exact-identifier metadata sensitivity: authors,Unique-author study count,Charlotte Hveem,1,471,0.2,,,authorship-covered unique studies,exact-identifier studies with usable structured authorship,multiple response; one count per unique author per study,319d5b791f54df181b23,OpenAlex author ID
Exact-identifier metadata sensitivity: authors,Unique-author study count,Charlotte Meynhardt,1,471,0.2,,,authorship-covered unique studies,exact-identifier studies with usable structured authorship,multiple response; one count per unique author per study,47160b043b610b447eca,OpenAlex author ID
Exact-identifier metadata sensitivity: authors,Unique-author study count,Chau Vo,1,471,0.2,,,authorship-covered unique studies,exact-identifier studies with usable structured authorship,multiple response; one count per unique author per study,539c65e906ee41f3eabf,OpenAlex author ID
Exact-identifier metadata sensitivity: authors,Unique-author study count,Chaxiang Guan,1,471,0.2,,,authorship-covered unique studies,exact-identifier studies with usable structured authorship,multiple response; one count per unique author per study,0b386fbba1d6908a565d,name-only record; duplicates collapsed within work only; not merged across works
Exact-identifier metadata sensitivity: authors,Unique-author study count,Chelsea Twan,1,471,0.2,,,authorship-covered unique studies,exact-identifier studies with usable structured authorship,multiple response; one count per unique author per study,1557e783fc8af1e8fdd6,OpenAlex author ID
Exact-identifier metadata sensitivity: authors,Unique-author study count,Chelsea Webb,1,471,0.2,,,authorship-covered unique studies,exact-identifier studies with usable structured authorship,multiple response; one count per unique author per study,434224fa76b1280311a5,OpenAlex author ID
Exact-identifier metadata sensitivity: authors,Unique-author study count,Cheng Zeng,1,471,0.2,,,authorship-covered unique studies,exact-identifier studies with usable structured authorship,multiple response; one count per unique author per study,0fe5747ae7b23830be21,OpenAlex author ID
Exact-identifier metadata sensitivity: authors,Unique-author study count,Cheng Zeng,1,471,0.2,,,authorship-covered unique studies,exact-identifier studies with usable structured authorship,multiple response; one count per unique author per study,04b48ce4dda567febfa2,OpenAlex author ID
Exact-identifier metadata sensitivity: authors,Unique-author study count,Chenhui Lv,1,471,0.2,,,authorship-covered unique studies,exact-identifier studies with usable structured authorship,multiple response; one count per unique author per study,eb664530dc232a9e1750,OpenAlex author ID
Exact-identifier metadata sensitivity: authors,Unique-author study count,Chenxu Wang,1,471,0.2,,,authorship-covered unique studies,exact-identifier studies with usable structured authorship,multiple response; one count per unique author per study,582bc7c400fa7acf214f,OpenAlex author ID
Exact-identifier metadata sensitivity: authors,Unique-author study count,Cherry Poussa,1,471,0.2,,,authorship-covered unique studies,exact-identifier studies with usable structured authorship,multiple response; one count per unique author per study,8a1c6e7038c447a20568,OpenAlex author ID
Exact-identifier metadata sensitivity: authors,Unique-author study count,Chesley Cranch-Kaniut,1,471,0.2,,,authorship-covered unique studies,exact-identifier studies with usable structured authorship,multiple response; one count per unique author per study,ef046f239f256df5f180,OpenAlex author ID
Exact-identifier metadata sensitivity: authors,Unique-author study count,Cheuk Chun Joseph Ho,1,471,0.2,,,authorship-covered unique studies,exact-identifier studies with usable structured authorship,multiple response; one count per unique author per study,7a5ffafc98c031b3684e,OpenAlex author ID
Exact-identifier metadata sensitivity: authors,Unique-author study count,Chhaya Akshay Divecha,1,471,0.2,,,authorship-covered unique studies,exact-identifier studies with usable structured authorship,multiple response; one count per unique author per study,9eb3b25f5e4e48cdcb6a,name-only record; duplicates collapsed within work only; not merged across works
Exact-identifier metadata sensitivity: authors,Unique-author study count,Chia‐Chin Lin,1,471,0.2,,,authorship-covered unique studies,exact-identifier studies with usable structured authorship,multiple response; one count per unique author per study,7a5ffafc98c031b3684e,OpenAlex author ID
Exact-identifier metadata sensitivity: authors,Unique-author study count,Chih-Chung Chien,1,471,0.2,,,authorship-covered unique studies,exact-identifier studies with usable structured authorship,multiple response; one count per unique author per study,32c1dcd0212f833ee125,OpenAlex author ID
Exact-identifier metadata sensitivity: authors,Unique-author study count,Ching‐Kit Tsui,1,471,0.2,,,authorship-covered unique studies,exact-identifier studies with usable structured authorship,multiple response; one count per unique author per study,adc1485c258278b24c4e,OpenAlex author ID
Exact-identifier metadata sensitivity: authors,Unique-author study count,Ching‐Lin Hsieh,1,471,0.2,,,authorship-covered unique studies,exact-identifier studies with usable structured authorship,multiple response; one count per unique author per study,f97eadc969f29dc262e7,OpenAlex author ID
Exact-identifier metadata sensitivity: authors,Unique-author study count,Chinwe Uzoma Ugwu,1,471,0.2,,,authorship-covered unique studies,exact-identifier studies with usable structured authorship,multiple response; one count per unique author per study,78b358c1b1f53fdbc100,OpenAlex author ID
Exact-identifier metadata sensitivity: authors,Unique-author study count,Chiu C. Tan,1,471,0.2,,,authorship-covered unique studies,exact-identifier studies with usable structured authorship,multiple response; one count per unique author per study,f68a92632e9b465b9cd8,OpenAlex author ID
Exact-identifier metadata sensitivity: authors,Unique-author study count,Choi Fung Lam,1,471,0.2,,,authorship-covered unique studies,exact-identifier studies with usable structured authorship,multiple response; one count per unique author per study,7a5ffafc98c031b3684e,OpenAlex author ID
Exact-identifier metadata sensitivity: authors,Unique-author study count,Chong Wei,1,471,0.2,,,authorship-covered unique studies,exact-identifier studies with usable structured authorship,multiple response; one count per unique author per study,a4f6e4afd67cbf667f95,OpenAlex author ID
Exact-identifier metadata sensitivity: authors,Unique-author study count,Chris Jacobs,1,471,0.2,,,authorship-covered unique studies,exact-identifier studies with usable structured authorship,multiple response; one count per unique author per study,14e96fc7b4c3181fd39b,OpenAlex author ID
Exact-identifier metadata sensitivity: authors,Unique-author study count,Chris Jefferies,1,471,0.2,,,authorship-covered unique studies,exact-identifier studies with usable structured authorship,multiple response; one count per unique author per study,ff3b7f48f6f586cf90b7,OpenAlex author ID
Exact-identifier metadata sensitivity: authors,Unique-author study count,Christian Grévisse,1,471,0.2,,,authorship-covered unique studies,exact-identifier studies with usable structured authorship,multiple response; one count per unique author per study,432422a165ddc6a24c2f,OpenAlex author ID
Exact-identifier metadata sensitivity: authors,Unique-author study count,Christina E. Jeffrey,1,471,0.2,,,authorship-covered unique studies,exact-identifier studies with usable structured authorship,multiple response; one count per unique author per study,2972cffe675ec25e930c,OpenAlex author ID
Exact-identifier metadata sensitivity: authors,Unique-author study count,Christopher A. Aakre,1,471,0.2,,,authorship-covered unique studies,exact-identifier studies with usable structured authorship,multiple response; one count per unique author per study,2877ad2c6a928639280a,OpenAlex author ID
Exact-identifier metadata sensitivity: authors,Unique-author study count,Christopher Chi Wai Cheng,1,471,0.2,,,authorship-covered unique studies,exact-identifier studies with usable structured authorship,multiple response; one count per unique author per study,7a5ffafc98c031b3684e,OpenAlex author ID
Exact-identifier metadata sensitivity: authors,Unique-author study count,Christopher Plata,1,471,0.2,,,authorship-covered unique studies,exact-identifier studies with usable structured authorship,multiple response; one count per unique author per study,bad1f4fb855554cb4aba,OpenAlex author ID
Exact-identifier metadata sensitivity: authors,Unique-author study count,Christopher Runyon,1,471,0.2,,,authorship-covered unique studies,exact-identifier studies with usable structured authorship,multiple response; one count per unique author per study,d7a2412d7fe5f7bee1e5,OpenAlex author ID
Exact-identifier metadata sensitivity: authors,Unique-author study count,Christopher S. Lee,1,471,0.2,,,authorship-covered unique studies,exact-identifier studies with usable structured authorship,multiple response; one count per unique author per study,5dd47cd1855294dcfafd,OpenAlex author ID
Exact-identifier metadata sensitivity: authors,Unique-author study count,Christopher You,1,471,0.2,,,authorship-covered unique studies,exact-identifier studies with usable structured authorship,multiple response; one count per unique author per study,894f08a5035b3a1872d5,OpenAlex author ID
Exact-identifier metadata sensitivity: authors,Unique-author study count,Christy L. Cummings,1,471,0.2,,,authorship-covered unique studies,exact-identifier studies with usable structured authorship,multiple response; one count per unique author per study,24ffbec5a9dbce04e0fd,OpenAlex author ID
Exact-identifier metadata sensitivity: authors,Unique-author study count,Chuanlin Jia,1,471,0.2,,,authorship-covered unique studies,exact-identifier studies with usable structured authorship,multiple response; one count per unique author per study,2befb2019a25a1ea563f,OpenAlex author ID
Exact-identifier metadata sensitivity: authors,Unique-author study count,Chujun Shi,1,471,0.2,,,authorship-covered unique studies,exact-identifier studies with usable structured authorship,multiple response; one count per unique author per study,240393927e83854aac9b,name-only record; duplicates collapsed within work only; not merged across works
Exact-identifier metadata sensitivity: authors,Unique-author study count,Chujun Shi,1,471,0.2,,,authorship-covered unique studies,exact-identifier studies with usable structured authorship,multiple response; one count per unique author per study,6d60da2f964efcc60587,OpenAlex author ID
Exact-identifier metadata sensitivity: authors,Unique-author study count,Chun Gao,1,471,0.2,,,authorship-covered unique studies,exact-identifier studies with usable structured authorship,multiple response; one count per unique author per study,9717d5f24495686aabe2,OpenAlex author ID
Exact-identifier metadata sensitivity: authors,Unique-author study count,Chunhui Li,1,471,0.2,,,authorship-covered unique studies,exact-identifier studies with usable structured authorship,multiple response; one count per unique author per study,bd2cdf16f21f3814f67d,OpenAlex author ID
Exact-identifier metadata sensitivity: authors,Unique-author study count,Chwee Teck Lim,1,471,0.2,,,authorship-covered unique studies,exact-identifier studies with usable structured authorship,multiple response; one count per unique author per study,359e1289e1f098bb36e2,OpenAlex author ID
Exact-identifier metadata sensitivity: authors,Unique-author study count,Ciara Mallon,1,471,0.2,,,authorship-covered unique studies,exact-identifier studies with usable structured authorship,multiple response; one count per unique author per study,df4adbef2a265890959e,OpenAlex author ID
Exact-identifier metadata sensitivity: authors,Unique-author study count,Cinthya Vásquez‐Velásquez,1,471,0.2,,,authorship-covered unique studies,exact-identifier studies with usable structured authorship,multiple response; one count per unique author per study,53e73c84997817856e1f,OpenAlex author ID
Exact-identifier metadata sensitivity: authors,Unique-author study count,Claire Cardie,1,471,0.2,,,authorship-covered unique studies,exact-identifier studies with usable structured authorship,multiple response; one count per unique author per study,302dee907e926e18ddba,OpenAlex author ID
Exact-identifier metadata sensitivity: authors,Unique-author study count,Clara Cabrera Moreno,1,471,0.2,,,authorship-covered unique studies,exact-identifier studies with usable structured authorship,multiple response; one count per unique author per study,7a5ffafc98c031b3684e,name-only record; duplicates collapsed within work only; not merged across works
Exact-identifier metadata sensitivity: authors,Unique-author study count,Claudia F. Plappert,1,471,0.2,,,authorship-covered unique studies,exact-identifier studies with usable structured authorship,multiple response; one count per unique author per study,e2272dd53f2ee764e3a8,OpenAlex author ID
Exact-identifier metadata sensitivity: authors,Unique-author study count,Claudia Miersch,1,471,0.2,,,authorship-covered unique studies,exact-identifier studies with usable structured authorship,multiple response; one count per unique author per study,594824ec9813877abe34,OpenAlex author ID
Exact-identifier metadata sensitivity: authors,Unique-author study count,Claudio Adrián Ramos-Cortés,1,471,0.2,,,authorship-covered unique studies,exact-identifier studies with usable structured authorship,multiple response; one count per unique author per study,98c23d01b9fb23bd43c4,OpenAlex author ID
Exact-identifier metadata sensitivity: authors,Unique-author study count,Clifford J. Connell,1,471,0.2,,,authorship-covered unique studies,exact-identifier studies with usable structured authorship,multiple response; one count per unique author per study,d11ce96adb05741aef6d,OpenAlex author ID
Exact-identifier metadata sensitivity: authors,Unique-author study count,Colin Gorman,1,471,0.2,,,authorship-covered unique studies,exact-identifier studies with usable structured authorship,multiple response; one count per unique author per study,df4adbef2a265890959e,OpenAlex author ID
Exact-identifier metadata sensitivity: authors,Unique-author study count,Colleen Cordes,1,471,0.2,,,authorship-covered unique studies,exact-identifier studies with usable structured authorship,multiple response; one count per unique author per study,907d492e03a26ae110b8,OpenAlex author ID
Exact-identifier metadata sensitivity: authors,Unique-author study count,Coralie Barbe,1,471,0.2,,,authorship-covered unique studies,exact-identifier studies with usable structured authorship,multiple response; one count per unique author per study,4b7753ecc7bff0d54289,OpenAlex author ID
Exact-identifier metadata sensitivity: authors,Unique-author study count,Cordelia Orillac,1,471,0.2,,,authorship-covered unique studies,exact-identifier studies with usable structured authorship,multiple response; one count per unique author per study,50ac103890932b40242c,OpenAlex author ID
Exact-identifier metadata sensitivity: authors,Unique-author study count,Cornelia Schlick,1,471,0.2,,,authorship-covered unique studies,exact-identifier studies with usable structured authorship,multiple response; one count per unique author per study,594824ec9813877abe34,name-only record; duplicates collapsed within work only; not merged across works
Exact-identifier metadata sensitivity: authors,Unique-author study count,Courtney Lewis,1,471,0.2,,,authorship-covered unique studies,exact-identifier studies with usable structured authorship,multiple response; one count per unique author per study,76597dc445d9df2ae743,name-only record; duplicates collapsed within work only; not merged across works
Exact-identifier metadata sensitivity: authors,Unique-author study count,Courtney M. Townsend,1,471,0.2,,,authorship-covered unique studies,exact-identifier studies with usable structured authorship,multiple response; one count per unique author per study,79301031755b16db8fe6,OpenAlex author ID
Exact-identifier metadata sensitivity: authors,Unique-author study count,Craig Gerrand,1,471,0.2,,,authorship-covered unique studies,exact-identifier studies with usable structured authorship,multiple response; one count per unique author per study,c98aa2499bea62fd3f2a,OpenAlex author ID
Exact-identifier metadata sensitivity: authors,Unique-author study count,Craig Nielsen,1,471,0.2,,,authorship-covered unique studies,exact-identifier studies with usable structured authorship,multiple response; one count per unique author per study,eeb5a3afa4e8b1c2635c,OpenAlex author ID
Exact-identifier metadata sensitivity: authors,Unique-author study count,Crina Damşa,1,471,0.2,,,authorship-covered unique studies,exact-identifier studies with usable structured authorship,multiple response; one count per unique author per study,43f6ad0fa6f4597d56fc,OpenAlex author ID
Exact-identifier metadata sensitivity: authors,Unique-author study count,Cristian Opazo,1,471,0.2,,,authorship-covered unique studies,exact-identifier studies with usable structured authorship,multiple response; one count per unique author per study,8ad0258644c0c312a7d8,OpenAlex author ID
Exact-identifier metadata sensitivity: authors,Unique-author study count,Cristina Calvo,1,471,0.2,,,authorship-covered unique studies,exact-identifier studies with usable structured authorship,multiple response; one count per unique author per study,6ab002878664147423a1,OpenAlex author ID
Exact-identifier metadata sensitivity: authors,Unique-author study count,Cristián Jarry,1,471,0.2,,,authorship-covered unique studies,exact-identifier studies with usable structured authorship,multiple response; one count per unique author per study,b53bf33d223a68f17e8c,OpenAlex author ID
Exact-identifier metadata sensitivity: authors,Unique-author study count,Cullen Jackson,1,471,0.2,,,authorship-covered unique studies,exact-identifier studies with usable structured authorship,multiple response; one count per unique author per study,5aa2066f4c78fde5a50b,OpenAlex author ID
Exact-identifier metadata sensitivity: authors,Unique-author study count,"Cullen, Jack",1,471,0.2,,,authorship-covered unique studies,exact-identifier studies with usable structured authorship,multiple response; one count per unique author per study,5e9d52b66e4686a38781,name-only record; duplicates collapsed within work only; not merged across works
Exact-identifier metadata sensitivity: authors,Unique-author study count,Cynthia J. Mosher,1,471,0.2,,,authorship-covered unique studies,exact-identifier studies with usable structured authorship,multiple response; one count per unique author per study,155acc9f21eba7b06b56,OpenAlex author ID
Exact-identifier metadata sensitivity: authors,Unique-author study count,Cynthia M. Baseman,1,471,0.2,,,authorship-covered unique studies,exact-identifier studies with usable structured authorship,multiple response; one count per unique author per study,ed23e4c8ee00516d2110,OpenAlex author ID
Exact-identifier metadata sensitivity: authors,Unique-author study count,Cynthia Milton,1,471,0.2,,,authorship-covered unique studies,exact-identifier studies with usable structured authorship,multiple response; one count per unique author per study,a2fb845a99fa4f6e080c,OpenAlex author ID
Exact-identifier metadata sensitivity: authors,Unique-author study count,César A. Soutullo,1,471,0.2,,,authorship-covered unique studies,exact-identifier studies with usable structured authorship,multiple response; one count per unique author per study,32b43fcb025a9d77581f,OpenAlex author ID
Exact-identifier metadata sensitivity: authors,Unique-author study count,César Fernández,1,471,0.2,,,authorship-covered unique studies,exact-identifier studies with usable structured authorship,multiple response; one count per unique author per study,71a491a468f6c4c71249,name-only record; duplicates collapsed within work only; not merged across works
Exact-identifier metadata sensitivity: authors,Unique-author study count,César Javier Sánchez-Ramón,1,471,0.2,,,authorship-covered unique studies,exact-identifier studies with usable structured authorship,multiple response; one count per unique author per study,59ac00c951a84da39213,OpenAlex author ID
Exact-identifier metadata sensitivity: authors,Unique-author study count,D M Chandrakeerthy,1,471,0.2,,,authorship-covered unique studies,exact-identifier studies with usable structured authorship,multiple response; one count per unique author per study,afa9fe102dc8ed9bfaff,OpenAlex author ID
Exact-identifier metadata sensitivity: authors,Unique-author study count,D. Gamaleldin,1,471,0.2,,,authorship-covered unique studies,exact-identifier studies with usable structured authorship,multiple response; one count per unique author per study,d644a8da3cdeae0603e0,OpenAlex author ID
Exact-identifier metadata sensitivity: authors,Unique-author study count,D. Novak,1,471,0.2,,,authorship-covered unique studies,exact-identifier studies with usable structured authorship,multiple response; one count per unique author per study,ea35181a48e801132195,OpenAlex author ID
Exact-identifier metadata sensitivity: authors,Unique-author study count,Dafne Montserrat Solis-Galván,1,471,0.2,,,authorship-covered unique studies,exact-identifier studies with usable structured authorship,multiple response; one count per unique author per study,7f84c902e862e25dbf2c,OpenAlex author ID
Exact-identifier metadata sensitivity: authors,Unique-author study count,Dahee Kim,1,471,0.2,,,authorship-covered unique studies,exact-identifier studies with usable structured authorship,multiple response; one count per unique author per study,9b8b66d55c35b17e843c,OpenAlex author ID
Exact-identifier metadata sensitivity: authors,Unique-author study count,Daiming FAN,1,471,0.2,,,authorship-covered unique studies,exact-identifier studies with usable structured authorship,multiple response; one count per unique author per study,b777355095979479280c,name-only record; duplicates collapsed within work only; not merged across works
Exact-identifier metadata sensitivity: authors,Unique-author study count,Dan Li,1,471,0.2,,,authorship-covered unique studies,exact-identifier studies with usable structured authorship,multiple response; one count per unique author per study,da4715a1835405ea02b7,OpenAlex author ID
Exact-identifier metadata sensitivity: authors,Unique-author study count,Dan Lu,1,471,0.2,,,authorship-covered unique studies,exact-identifier studies with usable structured authorship,multiple response; one count per unique author per study,548ca816901c7761f0bf,OpenAlex author ID
Exact-identifier metadata sensitivity: authors,Unique-author study count,Dan Pu,1,471,0.2,,,authorship-covered unique studies,exact-identifier studies with usable structured authorship,multiple response; one count per unique author per study,582bc7c400fa7acf214f,name-only record; duplicates collapsed within work only; not merged across works
Exact-identifier metadata sensitivity: authors,Unique-author study count,Dan Yang,1,471,0.2,,,authorship-covered unique studies,exact-identifier studies with usable structured authorship,multiple response; one count per unique author per study,0394426a6c4e7afe938e,OpenAlex author ID
Exact-identifier metadata sensitivity: authors,Unique-author study count,Daniel Alexander Alber,1,471,0.2,,,authorship-covered unique studies,exact-identifier studies with usable structured authorship,multiple response; one count per unique author per study,50ac103890932b40242c,OpenAlex author ID
Exact-identifier metadata sensitivity: authors,Unique-author study count,Daniel Alexandre Relvas Rodrigues,1,471,0.2,,,authorship-covered unique studies,exact-identifier studies with usable structured authorship,multiple response; one count per unique author per study,5b995fc6546cbe610568,name-only record; duplicates collapsed within work only; not merged across works
Exact-identifier metadata sensitivity: authors,Unique-author study count,Daniel B. Jones,1,471,0.2,,,authorship-covered unique studies,exact-identifier studies with usable structured authorship,multiple response; one count per unique author per study,5aa2066f4c78fde5a50b,OpenAlex author ID
Exact-identifier metadata sensitivity: authors,Unique-author study count,Daniel García-Torres,1,471,0.2,,,authorship-covered unique studies,exact-identifier studies with usable structured authorship,multiple response; one count per unique author per study,71a491a468f6c4c71249,name-only record; duplicates collapsed within work only; not merged across works
Exact-identifier metadata sensitivity: authors,Unique-author study count,Daniel Laurence,1,471,0.2,,,authorship-covered unique studies,exact-identifier studies with usable structured authorship,multiple response; one count per unique author per study,33fa7a94d105663796d8,OpenAlex author ID
Exact-identifier metadata sensitivity: authors,Unique-author study count,Daniel Lee,1,471,0.2,,,authorship-covered unique studies,exact-identifier studies with usable structured authorship,multiple response; one count per unique author per study,f74b171e97e291bab8d3,OpenAlex author ID
Exact-identifier metadata sensitivity: authors,Unique-author study count,Daniel Reichenpfader,1,471,0.2,,,authorship-covered unique studies,exact-identifier studies with usable structured authorship,multiple response; one count per unique author per study,18f9eaf414ec69e25aad,OpenAlex author ID
Exact-identifier metadata sensitivity: authors,Unique-author study count,Daniel Rodrigues,1,471,0.2,,,authorship-covered unique studies,exact-identifier studies with usable structured authorship,multiple response; one count per unique author per study,69f44a30a1f5c09b5e41,OpenAlex author ID
Exact-identifier metadata sensitivity: authors,Unique-author study count,Daniel Shin,1,471,0.2,,,authorship-covered unique studies,exact-identifier studies with usable structured authorship,multiple response; one count per unique author per study,e4987ba5c8f46735e9ff,OpenAlex author ID
Exact-identifier metadata sensitivity: authors,Unique-author study count,Daniel Sánchez,1,471,0.2,,,authorship-covered unique studies,exact-identifier studies with usable structured authorship,multiple response; one count per unique author per study,43f6ad0fa6f4597d56fc,OpenAlex author ID
Exact-identifier metadata sensitivity: authors,Unique-author study count,Daniel Vollmer,1,471,0.2,,,authorship-covered unique studies,exact-identifier studies with usable structured authorship,multiple response; one count per unique author per study,8db4130844dc8d367d1f,OpenAlex author ID
Exact-identifier metadata sensitivity: authors,Unique-author study count,Danielle S. Bitterman,1,471,0.2,,,authorship-covered unique studies,exact-identifier studies with usable structured authorship,multiple response; one count per unique author per study,d977c356ff57ab060fef,OpenAlex author ID
Exact-identifier metadata sensitivity: authors,Unique-author study count,Danting Tan,1,471,0.2,,,authorship-covered unique studies,exact-identifier studies with usable structured authorship,multiple response; one count per unique author per study,9053eb63f4358c343310,OpenAlex author ID
Exact-identifier metadata sensitivity: authors,Unique-author study count,Danush Rajasekaran,1,471,0.2,,,authorship-covered unique studies,exact-identifier studies with usable structured authorship,multiple response; one count per unique author per study,3cc4d65478e63af8ab6e,OpenAlex author ID
Exact-identifier metadata sensitivity: authors,Unique-author study count,Danyang Xu,1,471,0.2,,,authorship-covered unique studies,exact-identifier studies with usable structured authorship,multiple response; one count per unique author per study,da920e8320da57a1954a,OpenAlex author ID
Exact-identifier metadata sensitivity: authors,Unique-author study count,Daor Hayu,1,471,0.2,,,authorship-covered unique studies,exact-identifier studies with usable structured authorship,multiple response; one count per unique author per study,6ad5ba253eb6dea25a47,OpenAlex author ID
Exact-identifier metadata sensitivity: authors,Unique-author study count,Daphne Sze Ki Cheung,1,471,0.2,,,authorship-covered unique studies,exact-identifier studies with usable structured authorship,multiple response; one count per unique author per study,0b1e929029c5b43c5beb,OpenAlex author ID
Exact-identifier metadata sensitivity: authors,Unique-author study count,Darian Hoagland,1,471,0.2,,,authorship-covered unique studies,exact-identifier studies with usable structured authorship,multiple response; one count per unique author per study,5aa2066f4c78fde5a50b,OpenAlex author ID
Exact-identifier metadata sensitivity: authors,Unique-author study count,Daryoush Javidi,1,471,0.2,,,authorship-covered unique studies,exact-identifier studies with usable structured authorship,multiple response; one count per unique author per study,55c688efa556cdf3a77e,OpenAlex author ID
Exact-identifier metadata sensitivity: authors,Unique-author study count,Dasol Choi,1,471,0.2,,,authorship-covered unique studies,exact-identifier studies with usable structured authorship,multiple response; one count per unique author per study,581dc0790951c1557bba,OpenAlex author ID
Exact-identifier metadata sensitivity: authors,Unique-author study count,David B. Kurland,1,471,0.2,,,authorship-covered unique studies,exact-identifier studies with usable structured authorship,multiple response; one count per unique author per study,50ac103890932b40242c,OpenAlex author ID
Exact-identifier metadata sensitivity: authors,Unique-author study count,David Cunningham,1,471,0.2,,,authorship-covered unique studies,exact-identifier studies with usable structured authorship,multiple response; one count per unique author per study,11f31f18ad70545cab85,OpenAlex author ID
Exact-identifier metadata sensitivity: authors,Unique-author study count,David Duong,1,471,0.2,,,authorship-covered unique studies,exact-identifier studies with usable structured authorship,multiple response; one count per unique author per study,7571d4d2871565bc5c1c,OpenAlex author ID
Exact-identifier metadata sensitivity: authors,Unique-author study count,David Fernando Duque-Ropero,1,471,0.2,,,authorship-covered unique studies,exact-identifier studies with usable structured authorship,multiple response; one count per unique author per study,843a6b1f2c79c1bd4273,OpenAlex author ID
Exact-identifier metadata sensitivity: authors,Unique-author study count,David Fleiszer,1,471,0.2,,,authorship-covered unique studies,exact-identifier studies with usable structured authorship,multiple response; one count per unique author per study,7791c8951d81b4aa0b71,OpenAlex author ID
Exact-identifier metadata sensitivity: authors,Unique-author study count,David Hogg,1,471,0.2,,,authorship-covered unique studies,exact-identifier studies with usable structured authorship,multiple response; one count per unique author per study,b4fa4675ffa2674da6e1,OpenAlex author ID
Exact-identifier metadata sensitivity: authors,Unique-author study count,David Liebovitz,1,471,0.2,,,authorship-covered unique studies,exact-identifier studies with usable structured authorship,multiple response; one count per unique author per study,de583e684ddd0364a161,OpenAlex author ID
Exact-identifier metadata sensitivity: authors,Unique-author study count,David Mann,1,471,0.2,,,authorship-covered unique studies,exact-identifier studies with usable structured authorship,multiple response; one count per unique author per study,1557e783fc8af1e8fdd6,OpenAlex author ID
Exact-identifier metadata sensitivity: authors,Unique-author study count,David W. Tscholl,1,471,0.2,,,authorship-covered unique studies,exact-identifier studies with usable structured authorship,multiple response; one count per unique author per study,272439595ff3b96c35f3,OpenAlex author ID
Exact-identifier metadata sensitivity: authors,Unique-author study count,Davide Luordo,1,471,0.2,,,authorship-covered unique studies,exact-identifier studies with usable structured authorship,multiple response; one count per unique author per study,6ab002878664147423a1,OpenAlex author ID
Exact-identifier metadata sensitivity: authors,Unique-author study count,Dawne Stefanik,1,471,0.2,,,authorship-covered unique studies,exact-identifier studies with usable structured authorship,multiple response; one count per unique author per study,ba402925b430558ae1e0,OpenAlex author ID
Exact-identifier metadata sensitivity: authors,Unique-author study count,Declan Patton,1,471,0.2,,,authorship-covered unique studies,exact-identifier studies with usable structured authorship,multiple response; one count per unique author per study,c13d5a010789f6f44c11,OpenAlex author ID
Exact-identifier metadata sensitivity: authors,Unique-author study count,Denis Angoulvant,1,471,0.2,,,authorship-covered unique studies,exact-identifier studies with usable structured authorship,multiple response; one count per unique author per study,5aeb6b891099b95aa832,OpenAlex author ID
Exact-identifier metadata sensitivity: authors,Unique-author study count,Denis Souto Valente,1,471,0.2,,,authorship-covered unique studies,exact-identifier studies with usable structured authorship,multiple response; one count per unique author per study,sci_6840c15b05b568f05153,name-only record; duplicates collapsed within work only; not merged across works
Exact-identifier metadata sensitivity: authors,Unique-author study count,Denise C. Nelson-Hurwitz,1,471,0.2,,,authorship-covered unique studies,exact-identifier studies with usable structured authorship,multiple response; one count per unique author per study,25591cbc3c2b21cbfbdf,OpenAlex author ID
Exact-identifier metadata sensitivity: authors,Unique-author study count,Devin Lavender,1,471,0.2,,,authorship-covered unique studies,exact-identifier studies with usable structured authorship,multiple response; one count per unique author per study,e4987ba5c8f46735e9ff,OpenAlex author ID
Exact-identifier metadata sensitivity: authors,Unique-author study count,Devindra Gurdayal,1,471,0.2,,,authorship-covered unique studies,exact-identifier studies with usable structured authorship,multiple response; one count per unique author per study,197361cc9246160f71a5,OpenAlex author ID
Exact-identifier metadata sensitivity: authors,Unique-author study count,Dhrumil Mehta,1,471,0.2,,,authorship-covered unique studies,exact-identifier studies with usable structured authorship,multiple response; one count per unique author per study,593c7da1de5e9f26b59d,OpenAlex author ID
Exact-identifier metadata sensitivity: authors,Unique-author study count,Di Liu,1,471,0.2,,,authorship-covered unique studies,exact-identifier studies with usable structured authorship,multiple response; one count per unique author per study,582bc7c400fa7acf214f,OpenAlex author ID
Exact-identifier metadata sensitivity: authors,Unique-author study count,Dian Zeng,1,471,0.2,,,authorship-covered unique studies,exact-identifier studies with usable structured authorship,multiple response; one count per unique author per study,359e1289e1f098bb36e2,OpenAlex author ID
Exact-identifier metadata sensitivity: authors,Unique-author study count,Diego Alberto Martínez-Islas,1,471,0.2,,,authorship-covered unique studies,exact-identifier studies with usable structured authorship,multiple response; one count per unique author per study,7f84c902e862e25dbf2c,OpenAlex author ID
Exact-identifier metadata sensitivity: authors,Unique-author study count,Diego Catania,1,471,0.2,,,authorship-covered unique studies,exact-identifier studies with usable structured authorship,multiple response; one count per unique author per study,633dafafd7b2de3e7ad0,OpenAlex author ID
Exact-identifier metadata sensitivity: authors,Unique-author study count,Dingqiao Wang,1,471,0.2,,,authorship-covered unique studies,exact-identifier studies with usable structured authorship,multiple response; one count per unique author per study,7a269bae27b9f603ddda,OpenAlex author ID
Exact-identifier metadata sensitivity: authors,Unique-author study count,Dinh Khanh Dang,1,471,0.2,,,authorship-covered unique studies,exact-identifier studies with usable structured authorship,multiple response; one count per unique author per study,44d09fb5dabfde2e9e31,OpenAlex author ID
Exact-identifier metadata sensitivity: authors,Unique-author study count,Divya Sharma,1,471,0.2,,,authorship-covered unique studies,exact-identifier studies with usable structured authorship,multiple response; one count per unique author per study,63c69a200d415bc42d9b,OpenAlex author ID
Exact-identifier metadata sensitivity: authors,Unique-author study count,Diya Karwa,1,471,0.2,,,authorship-covered unique studies,exact-identifier studies with usable structured authorship,multiple response; one count per unique author per study,c4f5fe90704c2aa68c75,OpenAlex author ID
Exact-identifier metadata sensitivity: authors,Unique-author study count,Dmytro Predchyshyn,1,471,0.2,,,authorship-covered unique studies,exact-identifier studies with usable structured authorship,multiple response; one count per unique author per study,11f31f18ad70545cab85,OpenAlex author ID
Exact-identifier metadata sensitivity: authors,Unique-author study count,Do Hoon Kim,1,471,0.2,,,authorship-covered unique studies,exact-identifier studies with usable structured authorship,multiple response; one count per unique author per study,9d0e015a74d4a026b092,OpenAlex author ID
Exact-identifier metadata sensitivity: authors,Unique-author study count,Doga Demirel,1,471,0.2,,,authorship-covered unique studies,exact-identifier studies with usable structured authorship,multiple response; one count per unique author per study,5aa2066f4c78fde5a50b,OpenAlex author ID
Exact-identifier metadata sensitivity: authors,Unique-author study count,Dogus Darici,1,471,0.2,,,authorship-covered unique studies,exact-identifier studies with usable structured authorship,multiple response; one count per unique author per study,0a56637c161743569cf5,OpenAlex author ID
Exact-identifier metadata sensitivity: authors,Unique-author study count,Dominika Żukowiecka-Sęga,1,471,0.2,,,authorship-covered unique studies,exact-identifier studies with usable structured authorship,multiple response; one count per unique author per study,4ff984fed8d71f9ad381,name-only record; duplicates collapsed within work only; not merged across works
Exact-identifier metadata sensitivity: authors,Unique-author study count,Dominique Guerrot,1,471,0.2,,,authorship-covered unique studies,exact-identifier studies with usable structured authorship,multiple response; one count per unique author per study,4b7753ecc7bff0d54289,OpenAlex author ID
Exact-identifier metadata sensitivity: authors,Unique-author study count,Dong Ang,1,471,0.2,,,authorship-covered unique studies,exact-identifier studies with usable structured authorship,multiple response; one count per unique author per study,b2f1db675b2599e354ab,OpenAlex author ID
Exact-identifier metadata sensitivity: authors,Unique-author study count,Dongliang Li,1,471,0.2,,,authorship-covered unique studies,exact-identifier studies with usable structured authorship,multiple response; one count per unique author per study,038dc9e15385ce662149,name-only record; duplicates collapsed within work only; not merged across works
Exact-identifier metadata sensitivity: authors,Unique-author study count,Dongliang Li,1,471,0.2,,,authorship-covered unique studies,exact-identifier studies with usable structured authorship,multiple response; one count per unique author per study,36878122d89a1f0ba51c,OpenAlex author ID
Exact-identifier metadata sensitivity: authors,Unique-author study count,Dongyijie Primo Pan,1,471,0.2,,,authorship-covered unique studies,exact-identifier studies with usable structured authorship,multiple response; one count per unique author per study,fd1a9c7f0b28a609f8af,OpenAlex author ID
Exact-identifier metadata sensitivity: authors,Unique-author study count,Dorina Markovics,1,471,0.2,,,authorship-covered unique studies,exact-identifier studies with usable structured authorship,multiple response; one count per unique author per study,sci_479872e4f60f538cbd03,OpenAlex author ID
Exact-identifier metadata sensitivity: authors,Unique-author study count,Douglas Kondziolka,1,471,0.2,,,authorship-covered unique studies,exact-identifier studies with usable structured authorship,multiple response; one count per unique author per study,50ac103890932b40242c,OpenAlex author ID
Exact-identifier metadata sensitivity: authors,Unique-author study count,Douglas Titze,1,471,0.2,,,authorship-covered unique studies,exact-identifier studies with usable structured authorship,multiple response; one count per unique author per study,80e9a9d9f964aea305e9,OpenAlex author ID
Exact-identifier metadata sensitivity: authors,Unique-author study count,Dragan Gasevic,1,471,0.2,,,authorship-covered unique studies,exact-identifier studies with usable structured authorship,multiple response; one count per unique author per study,6d60da2f964efcc60587,OpenAlex author ID
Exact-identifier metadata sensitivity: authors,Unique-author study count,Duan-Liang Wang,1,471,0.2,,,authorship-covered unique studies,exact-identifier studies with usable structured authorship,multiple response; one count per unique author per study,0835d7fde9c090ca963c,OpenAlex author ID
Exact-identifier metadata sensitivity: authors,Unique-author study count,Duo Wang,1,471,0.2,,,authorship-covered unique studies,exact-identifier studies with usable structured authorship,multiple response; one count per unique author per study,37a099d4d3aa15cafaa9,OpenAlex author ID
Exact-identifier metadata sensitivity: authors,Unique-author study count,Duoru Lin,1,471,0.2,,,authorship-covered unique studies,exact-identifier studies with usable structured authorship,multiple response; one count per unique author per study,adc1485c258278b24c4e,OpenAlex author ID
Exact-identifier metadata sensitivity: authors,Unique-author study count,Dure Saman,1,471,0.2,,,authorship-covered unique studies,exact-identifier studies with usable structured authorship,multiple response; one count per unique author per study,6fb769efa53620e383b7,OpenAlex author ID
Exact-identifier metadata sensitivity: authors,Unique-author study count,Duy Nguyen,1,471,0.2,,,authorship-covered unique studies,exact-identifier studies with usable structured authorship,multiple response; one count per unique author per study,539c65e906ee41f3eabf,OpenAlex author ID
Exact-identifier metadata sensitivity: authors,Unique-author study count,Duygu Mine Alataş,1,471,0.2,,,authorship-covered unique studies,exact-identifier studies with usable structured authorship,multiple response; one count per unique author per study,5e70fc602d28beb4158b,OpenAlex author ID
Exact-identifier metadata sensitivity: authors,Unique-author study count,Duygu Sarikaya,1,471,0.2,,,authorship-covered unique studies,exact-identifier studies with usable structured authorship,multiple response; one count per unique author per study,b4fa4675ffa2674da6e1,OpenAlex author ID
Exact-identifier metadata sensitivity: authors,Unique-author study count,E Mugila.,1,471,0.2,,,authorship-covered unique studies,exact-identifier studies with usable structured authorship,multiple response; one count per unique author per study,416753b67d9e900455c8,OpenAlex author ID
Exact-identifier metadata sensitivity: authors,Unique-author study count,E. Bartolotta,1,471,0.2,,,authorship-covered unique studies,exact-identifier studies with usable structured authorship,multiple response; one count per unique author per study,07d462beafe4d21ba016,OpenAlex author ID
Exact-identifier metadata sensitivity: authors,Unique-author study count,Edda Johansen,1,471,0.2,,,authorship-covered unique studies,exact-identifier studies with usable structured authorship,multiple response; one count per unique author per study,43f6ad0fa6f4597d56fc,OpenAlex author ID
Exact-identifier metadata sensitivity: authors,Unique-author study count,Eddabbah Mohamed,1,471,0.2,,,authorship-covered unique studies,exact-identifier studies with usable structured authorship,multiple response; one count per unique author per study,49a3c3f5df637d33e854,OpenAlex author ID
Exact-identifier metadata sensitivity: authors,Unique-author study count,Edel Ennis,1,471,0.2,,,authorship-covered unique studies,exact-identifier studies with usable structured authorship,multiple response; one count per unique author per study,df4adbef2a265890959e,OpenAlex author ID
Exact-identifier metadata sensitivity: authors,Unique-author study count,Edith Simona Ianoși,1,471,0.2,,,authorship-covered unique studies,exact-identifier studies with usable structured authorship,multiple response; one count per unique author per study,c2d6c7abc598aacc0368,OpenAlex author ID
Exact-identifier metadata sensitivity: authors,Unique-author study count,Edoardo Moro,1,471,0.2,,,authorship-covered unique studies,exact-identifier studies with usable structured authorship,multiple response; one count per unique author per study,56dc16bbc7cd98ca993a,OpenAlex author ID
Exact-identifier metadata sensitivity: authors,Unique-author study count,Eduardo Minaya-Pérez,1,471,0.2,,,authorship-covered unique studies,exact-identifier studies with usable structured authorship,multiple response; one count per unique author per study,7f84c902e862e25dbf2c,OpenAlex author ID
Exact-identifier metadata sensitivity: authors,Unique-author study count,Edward Rattner,1,471,0.2,,,authorship-covered unique studies,exact-identifier studies with usable structured authorship,multiple response; one count per unique author per study,7f735724143207af94c1,OpenAlex author ID
Exact-identifier metadata sensitivity: authors,Unique-author study count,Eglė Butkevičiūtė,1,471,0.2,,,authorship-covered unique studies,exact-identifier studies with usable structured authorship,multiple response; one count per unique author per study,e9d6ceded269a04cde99,OpenAlex author ID
Exact-identifier metadata sensitivity: authors,Unique-author study count,Ehsan Nabovati,1,471,0.2,,,authorship-covered unique studies,exact-identifier studies with usable structured authorship,multiple response; one count per unique author per study,035291e867ecf965f467,OpenAlex author ID
Exact-identifier metadata sensitivity: authors,Unique-author study count,Eileen McGivney,1,471,0.2,,,authorship-covered unique studies,exact-identifier studies with usable structured authorship,multiple response; one count per unique author per study,5b529e4bc562ac2c093e,OpenAlex author ID
Exact-identifier metadata sensitivity: authors,Unique-author study count,Elahe Radmanesh,1,471,0.2,,,authorship-covered unique studies,exact-identifier studies with usable structured authorship,multiple response; one count per unique author per study,2f08c4b2b3acc1eaa9d5,OpenAlex author ID
Exact-identifier metadata sensitivity: authors,Unique-author study count,Elaine Shuk Ping Cheung,1,471,0.2,,,authorship-covered unique studies,exact-identifier studies with usable structured authorship,multiple response; one count per unique author per study,3adc77e0b0502fcefcc3,OpenAlex author ID
Exact-identifier metadata sensitivity: authors,Unique-author study count,Eleanor Anne Falahee,1,471,0.2,,,authorship-covered unique studies,exact-identifier studies with usable structured authorship,multiple response; one count per unique author per study,bc52d7f8f145e43beefc,OpenAlex author ID
Exact-identifier metadata sensitivity: authors,Unique-author study count,Eleanor Latz,1,471,0.2,,,authorship-covered unique studies,exact-identifier studies with usable structured authorship,multiple response; one count per unique author per study,e4caff2128dfb4f4ac0c,OpenAlex author ID
Exact-identifier metadata sensitivity: authors,Unique-author study count,Elia Gourguechonbuot,1,471,0.2,,,authorship-covered unique studies,exact-identifier studies with usable structured authorship,multiple response; one count per unique author per study,73f1b1dee9a19c0ea0af,OpenAlex author ID
Exact-identifier metadata sensitivity: authors,Unique-author study count,Elin C. Lehnbom,1,471,0.2,,,authorship-covered unique studies,exact-identifier studies with usable structured authorship,multiple response; one count per unique author per study,afc8c786ca5b65ba8c74,OpenAlex author ID
Exact-identifier metadata sensitivity: authors,Unique-author study count,Elina Rintamäki,1,471,0.2,,,authorship-covered unique studies,exact-identifier studies with usable structured authorship,multiple response; one count per unique author per study,ab784e3f29bfc7622997,OpenAlex author ID
Exact-identifier metadata sensitivity: authors,Unique-author study count,Elio Arruzza,1,471,0.2,,,authorship-covered unique studies,exact-identifier studies with usable structured authorship,multiple response; one count per unique author per study,sci_d54eaf2ee85c6160a060,OpenAlex author ID
Exact-identifier metadata sensitivity: authors,Unique-author study count,Eliran Cohen,1,471,0.2,,,authorship-covered unique studies,exact-identifier studies with usable structured authorship,multiple response; one count per unique author per study,76597dc445d9df2ae743,OpenAlex author ID
Exact-identifier metadata sensitivity: authors,Unique-author study count,Elissa Dabkowski,1,471,0.2,,,authorship-covered unique studies,exact-identifier studies with usable structured authorship,multiple response; one count per unique author per study,434224fa76b1280311a5,OpenAlex author ID
Exact-identifier metadata sensitivity: authors,Unique-author study count,Ellen Wesenberg Larsen,1,471,0.2,,,authorship-covered unique studies,exact-identifier studies with usable structured authorship,multiple response; one count per unique author per study,43f6ad0fa6f4597d56fc,OpenAlex author ID
Exact-identifier metadata sensitivity: authors,Unique-author study count,Elmadani Saad,1,471,0.2,,,authorship-covered unique studies,exact-identifier studies with usable structured authorship,multiple response; one count per unique author per study,adf94a39c16c36a40d45,OpenAlex author ID
Exact-identifier metadata sensitivity: authors,Unique-author study count,Elona Covietz,1,471,0.2,,,authorship-covered unique studies,exact-identifier studies with usable structured authorship,multiple response; one count per unique author per study,8ad0258644c0c312a7d8,OpenAlex author ID
Exact-identifier metadata sensitivity: authors,Unique-author study count,Emel Altıntaş,1,471,0.2,,,authorship-covered unique studies,exact-identifier studies with usable structured authorship,multiple response; one count per unique author per study,df606ccebb857fa9a592,OpenAlex author ID
Exact-identifier metadata sensitivity: authors,Unique-author study count,Emilia Brügge,1,471,0.2,,,authorship-covered unique studies,exact-identifier studies with usable structured authorship,multiple response; one count per unique author per study,0a56637c161743569cf5,OpenAlex author ID
Exact-identifier metadata sensitivity: authors,Unique-author study count,Emilie Olie,1,471,0.2,,,authorship-covered unique studies,exact-identifier studies with usable structured authorship,multiple response; one count per unique author per study,73f1b1dee9a19c0ea0af,OpenAlex author ID
Exact-identifier metadata sensitivity: authors,Unique-author study count,Emily A. Balczewski,1,471,0.2,,,authorship-covered unique studies,exact-identifier studies with usable structured authorship,multiple response; one count per unique author per study,bb3a5362f067d65fc98d,OpenAlex author ID
Exact-identifier metadata sensitivity: authors,Unique-author study count,Emily Johnstone,1,471,0.2,,,authorship-covered unique studies,exact-identifier studies with usable structured authorship,multiple response; one count per unique author per study,437f09a0c472e4ba343e,OpenAlex author ID
Exact-identifier metadata sensitivity: authors,Unique-author study count,Emma Fenner,1,471,0.2,,,authorship-covered unique studies,exact-identifier studies with usable structured authorship,multiple response; one count per unique author per study,8db4130844dc8d367d1f,OpenAlex author ID
Exact-identifier metadata sensitivity: authors,Unique-author study count,Emmanuel Guenou,1,471,0.2,,,authorship-covered unique studies,exact-identifier studies with usable structured authorship,multiple response; one count per unique author per study,4b7753ecc7bff0d54289,OpenAlex author ID
Exact-identifier metadata sensitivity: authors,Unique-author study count,Eng Tat Khoo,1,471,0.2,,,authorship-covered unique studies,exact-identifier studies with usable structured authorship,multiple response; one count per unique author per study,e5e611fc18a4d66128d9,OpenAlex author ID
Exact-identifier metadata sensitivity: authors,Unique-author study count,Enhua Wu,1,471,0.2,,,authorship-covered unique studies,exact-identifier studies with usable structured authorship,multiple response; one count per unique author per study,359e1289e1f098bb36e2,OpenAlex author ID
Exact-identifier metadata sensitivity: authors,Unique-author study count,Enkelejda Kasneci,1,471,0.2,,,authorship-covered unique studies,exact-identifier studies with usable structured authorship,multiple response; one count per unique author per study,0de698b6ef36192c9365,OpenAlex author ID
Exact-identifier metadata sensitivity: authors,Unique-author study count,Eran E. Alon,1,471,0.2,,,authorship-covered unique studies,exact-identifier studies with usable structured authorship,multiple response; one count per unique author per study,6ad5ba253eb6dea25a47,OpenAlex author ID
Exact-identifier metadata sensitivity: authors,Unique-author study count,Eran Glikson,1,471,0.2,,,authorship-covered unique studies,exact-identifier studies with usable structured authorship,multiple response; one count per unique author per study,6ad5ba253eb6dea25a47,OpenAlex author ID
Exact-identifier metadata sensitivity: authors,Unique-author study count,Eric Cesar E. Vidal,1,471,0.2,,,authorship-covered unique studies,exact-identifier studies with usable structured authorship,multiple response; one count per unique author per study,7fc0513f51b7c61dad31,OpenAlex author ID
Exact-identifier metadata sensitivity: authors,Unique-author study count,Eric Elftmann,1,471,0.2,,,authorship-covered unique studies,exact-identifier studies with usable structured authorship,multiple response; one count per unique author per study,8bece1a102e2fe87b74e,OpenAlex author ID
Exact-identifier metadata sensitivity: authors,Unique-author study count,Eric Fang,1,471,0.2,,,authorship-covered unique studies,exact-identifier studies with usable structured authorship,multiple response; one count per unique author per study,3592795dfee0e066000a,OpenAlex author ID
Exact-identifier metadata sensitivity: authors,Unique-author study count,Eric Hall,1,471,0.2,,,authorship-covered unique studies,exact-identifier studies with usable structured authorship,multiple response; one count per unique author per study,7ab76d429b6539b40243,OpenAlex author ID
Exact-identifier metadata sensitivity: authors,Unique-author study count,Eric K. Oermann,1,471,0.2,,,authorship-covered unique studies,exact-identifier studies with usable structured authorship,multiple response; one count per unique author per study,50ac103890932b40242c,OpenAlex author ID
Exact-identifier metadata sensitivity: authors,Unique-author study count,Eric Remer,1,471,0.2,,,authorship-covered unique studies,exact-identifier studies with usable structured authorship,multiple response; one count per unique author per study,6ad5ba253eb6dea25a47,OpenAlex author ID
Exact-identifier metadata sensitivity: authors,Unique-author study count,Eric Yang,1,471,0.2,,,authorship-covered unique studies,exact-identifier studies with usable structured authorship,multiple response; one count per unique author per study,5116aab375eedc896bfd,OpenAlex author ID
Exact-identifier metadata sensitivity: authors,Unique-author study count,Erica Allen,1,471,0.2,,,authorship-covered unique studies,exact-identifier studies with usable structured authorship,multiple response; one count per unique author per study,7f735724143207af94c1,OpenAlex author ID
Exact-identifier metadata sensitivity: authors,Unique-author study count,Erich Widemark,1,471,0.2,,,authorship-covered unique studies,exact-identifier studies with usable structured authorship,multiple response; one count per unique author per study,ef046f239f256df5f180,OpenAlex author ID
Exact-identifier metadata sensitivity: authors,Unique-author study count,Erika L. Kleppinger,1,471,0.2,,,authorship-covered unique studies,exact-identifier studies with usable structured authorship,multiple response; one count per unique author per study,03e1a6632b830e0512c9,OpenAlex author ID
Exact-identifier metadata sensitivity: authors,Unique-author study count,Ernani Luis Rhoden,1,471,0.2,,,authorship-covered unique studies,exact-identifier studies with usable structured authorship,multiple response; one count per unique author per study,sci_6840c15b05b568f05153,OpenAlex author ID
Exact-identifier metadata sensitivity: authors,Unique-author study count,Erno M.P. Lehtonen-Smeds,1,471,0.2,,,authorship-covered unique studies,exact-identifier studies with usable structured authorship,multiple response; one count per unique author per study,088f42aecd2674d3dbe5,OpenAlex author ID
Exact-identifier metadata sensitivity: authors,Unique-author study count,Erwin Gerard,1,471,0.2,,,authorship-covered unique studies,exact-identifier studies with usable structured authorship,multiple response; one count per unique author per study,03345c1deb2aad29820e,OpenAlex author ID
Exact-identifier metadata sensitivity: authors,Unique-author study count,Erzsébet Horváthné Kónya,1,471,0.2,,,authorship-covered unique studies,exact-identifier studies with usable structured authorship,multiple response; one count per unique author per study,sci_479872e4f60f538cbd03,OpenAlex author ID
Exact-identifier metadata sensitivity: authors,Unique-author study count,Esther Hehsun Kim,1,471,0.2,,,authorship-covered unique studies,exact-identifier studies with usable structured authorship,multiple response; one count per unique author per study,9b8b66d55c35b17e843c,OpenAlex author ID
Exact-identifier metadata sensitivity: authors,Unique-author study count,Eswaravaka Kusuma,1,471,0.2,,,authorship-covered unique studies,exact-identifier studies with usable structured authorship,multiple response; one count per unique author per study,5b356113a239c62ba5ac,OpenAlex author ID
Exact-identifier metadata sensitivity: authors,Unique-author study count,Ethan Bott,1,471,0.2,,,authorship-covered unique studies,exact-identifier studies with usable structured authorship,multiple response; one count per unique author per study,ba93136b38c9a66d059f,OpenAlex author ID
Exact-identifier metadata sensitivity: authors,Unique-author study count,Ethan Kreutzer,1,471,0.2,,,authorship-covered unique studies,exact-identifier studies with usable structured authorship,multiple response; one count per unique author per study,dcce0a8cef5543c4fec4,OpenAlex author ID
Exact-identifier metadata sensitivity: authors,Unique-author study count,Eugenia-Corina Budin,1,471,0.2,,,authorship-covered unique studies,exact-identifier studies with usable structured authorship,multiple response; one count per unique author per study,c2d6c7abc598aacc0368,OpenAlex author ID
Exact-identifier metadata sensitivity: authors,Unique-author study count,Eun-mee Kim,1,471,0.2,,,authorship-covered unique studies,exact-identifier studies with usable structured authorship,multiple response; one count per unique author per study,9b8b66d55c35b17e843c,OpenAlex author ID
Exact-identifier metadata sensitivity: authors,Unique-author study count,Eunyoung E. Suh,1,471,0.2,,,authorship-covered unique studies,exact-identifier studies with usable structured authorship,multiple response; one count per unique author per study,9b8b66d55c35b17e843c,OpenAlex author ID
Exact-identifier metadata sensitivity: authors,Unique-author study count,Eva García-Carpintero,1,471,0.2,,,authorship-covered unique studies,exact-identifier studies with usable structured authorship,multiple response; one count per unique author per study,f4d7fdee2c3cc083329d,name-only record; duplicates collapsed within work only; not merged across works
Exact-identifier metadata sensitivity: authors,Unique-author study count,Evangeline Tejada Sabado,1,471,0.2,,,authorship-covered unique studies,exact-identifier studies with usable structured authorship,multiple response; one count per unique author per study,ef046f239f256df5f180,OpenAlex author ID
Exact-identifier metadata sensitivity: authors,Unique-author study count,Eveliina Heikkala,1,471,0.2,,,authorship-covered unique studies,exact-identifier studies with usable structured authorship,multiple response; one count per unique author per study,ab784e3f29bfc7622997,OpenAlex author ID
Exact-identifier metadata sensitivity: authors,Unique-author study count,Evelyn Paulina Nepomuceno Guadalupe,1,471,0.2,,,authorship-covered unique studies,exact-identifier studies with usable structured authorship,multiple response; one count per unique author per study,d0ead936020ec24f78a7,OpenAlex author ID
Exact-identifier metadata sensitivity: authors,Unique-author study count,Evgeni Stanchev,1,471,0.2,,,authorship-covered unique studies,exact-identifier studies with usable structured authorship,multiple response; one count per unique author per study,d290e5bf22b00e731795,OpenAlex author ID
Exact-identifier metadata sensitivity: authors,Unique-author study count,Evonne Jones,1,471,0.2,,,authorship-covered unique studies,exact-identifier studies with usable structured authorship,multiple response; one count per unique author per study,b608f772e32f2dbbff5e,name-only record; duplicates collapsed within work only; not merged across works
Exact-identifier metadata sensitivity: authors,Unique-author study count,Ewa Molka,1,471,0.2,,,authorship-covered unique studies,exact-identifier studies with usable structured authorship,multiple response; one count per unique author per study,5dd47cd1855294dcfafd,OpenAlex author ID
Exact-identifier metadata sensitivity: authors,Unique-author study count,Eyad Musallam,1,471,0.2,,,authorship-covered unique studies,exact-identifier studies with usable structured authorship,multiple response; one count per unique author per study,4bae43896a7e20da2e4b,OpenAlex author ID
Exact-identifier metadata sensitivity: authors,Unique-author study count,Ezequiel Gleichgerrcht,1,471,0.2,,,authorship-covered unique studies,exact-identifier studies with usable structured authorship,multiple response; one count per unique author per study,e5b4ed028b3c0ea2eeec,OpenAlex author ID
Exact-identifier metadata sensitivity: authors,Unique-author study count,Ezequiel Valdez Castillo,1,471,0.2,,,authorship-covered unique studies,exact-identifier studies with usable structured authorship,multiple response; one count per unique author per study,6d85b580a0562cc121d4,OpenAlex author ID
Exact-identifier metadata sensitivity: authors,Unique-author study count,F N A Ismail,1,471,0.2,,,authorship-covered unique studies,exact-identifier studies with usable structured authorship,multiple response; one count per unique author per study,9287cf74b213e44a489d,OpenAlex author ID
Exact-identifier metadata sensitivity: authors,Unique-author study count,F. Barra,1,471,0.2,,,authorship-covered unique studies,exact-identifier studies with usable structured authorship,multiple response; one count per unique author per study,81337a44aeb46520e3ec,OpenAlex author ID
Exact-identifier metadata sensitivity: authors,Unique-author study count,F. Biagi,1,471,0.2,,,authorship-covered unique studies,exact-identifier studies with usable structured authorship,multiple response; one count per unique author per study,07d462beafe4d21ba016,OpenAlex author ID
Exact-identifier metadata sensitivity: authors,Unique-author study count,F. Bodnár,1,471,0.2,,,authorship-covered unique studies,exact-identifier studies with usable structured authorship,multiple response; one count per unique author per study,ea35181a48e801132195,OpenAlex author ID
Exact-identifier metadata sensitivity: authors,Unique-author study count,Fabio Giovanni Abbate,1,471,0.2,,,authorship-covered unique studies,exact-identifier studies with usable structured authorship,multiple response; one count per unique author per study,7d5cb710e5a6901bbaaa,OpenAlex author ID
Exact-identifier metadata sensitivity: authors,Unique-author study count,Faezeh Ghaffari,1,471,0.2,,,authorship-covered unique studies,exact-identifier studies with usable structured authorship,multiple response; one count per unique author per study,035291e867ecf965f467,OpenAlex author ID
Exact-identifier metadata sensitivity: authors,Unique-author study count,Fahad BaHammam,1,471,0.2,,,authorship-covered unique studies,exact-identifier studies with usable structured authorship,multiple response; one count per unique author per study,5da1c6c1e35204ff7f9d,OpenAlex author ID
Exact-identifier metadata sensitivity: authors,Unique-author study count,Faisal Dubash,1,471,0.2,,,authorship-covered unique studies,exact-identifier studies with usable structured authorship,multiple response; one count per unique author per study,8094cb5448e9c4e2f371,OpenAlex author ID
Exact-identifier metadata sensitivity: authors,Unique-author study count,Faisal Ismail,1,471,0.2,,,authorship-covered unique studies,exact-identifier studies with usable structured authorship,multiple response; one count per unique author per study,588316012a3f2d9b790a,OpenAlex author ID
Exact-identifier metadata sensitivity: authors,Unique-author study count,Fan Zhang,1,471,0.2,,,authorship-covered unique studies,exact-identifier studies with usable structured authorship,multiple response; one count per unique author per study,9053eb63f4358c343310,OpenAlex author ID
Exact-identifier metadata sensitivity: authors,Unique-author study count,Fang Wang,1,471,0.2,,,authorship-covered unique studies,exact-identifier studies with usable structured authorship,multiple response; one count per unique author per study,0b386fbba1d6908a565d,OpenAlex author ID
Exact-identifier metadata sensitivity: authors,Unique-author study count,Fangyuan Ye,1,471,0.2,,,authorship-covered unique studies,exact-identifier studies with usable structured authorship,multiple response; one count per unique author per study,6cf6dbf3648bde45720a,OpenAlex author ID
Exact-identifier metadata sensitivity: authors,Unique-author study count,Farnaz Nouraei,1,471,0.2,,,authorship-covered unique studies,exact-identifier studies with usable structured authorship,multiple response; one count per unique author per study,sci_93a452609f10d60e9d33,OpenAlex author ID
Exact-identifier metadata sensitivity: authors,Unique-author study count,Farrukh N. Jafri,1,471,0.2,,,authorship-covered unique studies,exact-identifier studies with usable structured authorship,multiple response; one count per unique author per study,e359eafa6af6abbb467d,OpenAlex author ID
Exact-identifier metadata sensitivity: authors,Unique-author study count,Fatih Doğanay,1,471,0.2,,,authorship-covered unique studies,exact-identifier studies with usable structured authorship,multiple response; one count per unique author per study,df606ccebb857fa9a592,OpenAlex author ID
Exact-identifier metadata sensitivity: authors,Unique-author study count,Fatima Zahra Kaghat,1,471,0.2,,,authorship-covered unique studies,exact-identifier studies with usable structured authorship,multiple response; one count per unique author per study,72f2fcd3a833c8b6e39e,OpenAlex author ID
Exact-identifier metadata sensitivity: authors,Unique-author study count,Fatima-Ezzahra Boubakri,1,471,0.2,,,authorship-covered unique studies,exact-identifier studies with usable structured authorship,multiple response; one count per unique author per study,sci_0f0b074ee785f63a5645,name-only record; duplicates collapsed within work only; not merged across works
Exact-identifier metadata sensitivity: authors,Unique-author study count,Fatima-Ezzahra Boubakri,1,471,0.2,,,authorship-covered unique studies,exact-identifier studies with usable structured authorship,multiple response; one count per unique author per study,72f2fcd3a833c8b6e39e,OpenAlex author ID
Exact-identifier metadata sensitivity: authors,Unique-author study count,Fatma Betül Güreş,1,471,0.2,,,authorship-covered unique studies,exact-identifier studies with usable structured authorship,multiple response; one count per unique author per study,sci_b852c26f48dfbf482b84,OpenAlex author ID
Exact-identifier metadata sensitivity: authors,Unique-author study count,Federico Lorenzo Barra,1,471,0.2,,,authorship-covered unique studies,exact-identifier studies with usable structured authorship,multiple response; one count per unique author per study,56dc16bbc7cd98ca993a,OpenAlex author ID
Exact-identifier metadata sensitivity: authors,Unique-author study count,Fei Fang,1,471,0.2,,,authorship-covered unique studies,exact-identifier studies with usable structured authorship,multiple response; one count per unique author per study,sci_637ee1f73b6fd5027d1c,OpenAlex author ID
Exact-identifier metadata sensitivity: authors,Unique-author study count,Fei Yao,1,471,0.2,,,authorship-covered unique studies,exact-identifier studies with usable structured authorship,multiple response; one count per unique author per study,9717d5f24495686aabe2,OpenAlex author ID
Exact-identifier metadata sensitivity: authors,Unique-author study count,Feihong Ye,1,471,0.2,,,authorship-covered unique studies,exact-identifier studies with usable structured authorship,multiple response; one count per unique author per study,sci_454fe3ad37947557e9a6,OpenAlex author ID
Exact-identifier metadata sensitivity: authors,Unique-author study count,Feng Zhen,1,471,0.2,,,authorship-covered unique studies,exact-identifier studies with usable structured authorship,multiple response; one count per unique author per study,902be756a877af6118c0,OpenAlex author ID
Exact-identifier metadata sensitivity: authors,Unique-author study count,Fengmei Qin,1,471,0.2,,,authorship-covered unique studies,exact-identifier studies with usable structured authorship,multiple response; one count per unique author per study,d2f64f874b70a189b145,name-only record; duplicates collapsed within work only; not merged across works
Exact-identifier metadata sensitivity: authors,Unique-author study count,Fernanda Avelino-Vivas,1,471,0.2,,,authorship-covered unique studies,exact-identifier studies with usable structured authorship,multiple response; one count per unique author per study,7f84c902e862e25dbf2c,OpenAlex author ID
Exact-identifier metadata sensitivity: authors,Unique-author study count,Fernando Salvetti,1,471,0.2,,,authorship-covered unique studies,exact-identifier studies with usable structured authorship,multiple response; one count per unique author per study,af9edf1f4c2a0c11a5eb,OpenAlex author ID
Exact-identifier metadata sensitivity: authors,Unique-author study count,Firas Raheman,1,471,0.2,,,authorship-covered unique studies,exact-identifier studies with usable structured authorship,multiple response; one count per unique author per study,c98aa2499bea62fd3f2a,OpenAlex author ID
Exact-identifier metadata sensitivity: authors,Unique-author study count,Florin Stoica-Buracinschi,1,471,0.2,,,authorship-covered unique studies,exact-identifier studies with usable structured authorship,multiple response; one count per unique author per study,c2d6c7abc598aacc0368,OpenAlex author ID
Exact-identifier metadata sensitivity: authors,Unique-author study count,Francesca Färber,1,471,0.2,,,authorship-covered unique studies,exact-identifier studies with usable structured authorship,multiple response; one count per unique author per study,d46506f34cc784478c88,OpenAlex author ID
Exact-identifier metadata sensitivity: authors,Unique-author study count,Francesco Della Corte,1,471,0.2,,,authorship-covered unique studies,exact-identifier studies with usable structured authorship,multiple response; one count per unique author per study,81337a44aeb46520e3ec,OpenAlex author ID
Exact-identifier metadata sensitivity: authors,Unique-author study count,Francisco Javier García-Sánchez,1,471,0.2,,,authorship-covered unique studies,exact-identifier studies with usable structured authorship,multiple response; one count per unique author per study,6ab002878664147423a1,OpenAlex author ID
Exact-identifier metadata sensitivity: authors,Unique-author study count,Francisco Rocabado,1,471,0.2,,,authorship-covered unique studies,exact-identifier studies with usable structured authorship,multiple response; one count per unique author per study,f4d7fdee2c3cc083329d,OpenAlex author ID
Exact-identifier metadata sensitivity: authors,Unique-author study count,Frank Fischer,1,471,0.2,,,authorship-covered unique studies,exact-identifier studies with usable structured authorship,multiple response; one count per unique author per study,43f6ad0fa6f4597d56fc,OpenAlex author ID
Exact-identifier metadata sensitivity: authors,Unique-author study count,François Glowacki,1,471,0.2,,,authorship-covered unique studies,exact-identifier studies with usable structured authorship,multiple response; one count per unique author per study,03345c1deb2aad29820e,OpenAlex author ID
Exact-identifier metadata sensitivity: authors,Unique-author study count,Fukuka Ito,1,471,0.2,,,authorship-covered unique studies,exact-identifier studies with usable structured authorship,multiple response; one count per unique author per study,fcd1902a5e565b2d2fcc,name-only record; duplicates collapsed within work only; not merged across works
Exact-identifier metadata sensitivity: authors,Unique-author study count,Fulya Torun,1,471,0.2,,,authorship-covered unique studies,exact-identifier studies with usable structured authorship,multiple response; one count per unique author per study,f41f37dbb22b9ed8ae7c,OpenAlex author ID
Exact-identifier metadata sensitivity: authors,Unique-author study count,Fumio Otsuka,1,471,0.2,,,authorship-covered unique studies,exact-identifier studies with usable structured authorship,multiple response; one count per unique author per study,8fa1ae6b843e2388520d,OpenAlex author ID
Exact-identifier metadata sensitivity: authors,Unique-author study count,Furkan Bulut,1,471,0.2,,,authorship-covered unique studies,exact-identifier studies with usable structured authorship,multiple response; one count per unique author per study,73cb9769cd2180a04bb0,OpenAlex author ID
Exact-identifier metadata sensitivity: authors,Unique-author study count,G. Mantica,1,471,0.2,,,authorship-covered unique studies,exact-identifier studies with usable structured authorship,multiple response; one count per unique author per study,07d462beafe4d21ba016,OpenAlex author ID
Exact-identifier metadata sensitivity: authors,Unique-author study count,Gabriel Escalona,1,471,0.2,,,authorship-covered unique studies,exact-identifier studies with usable structured authorship,multiple response; one count per unique author per study,b53bf33d223a68f17e8c,OpenAlex author ID
Exact-identifier metadata sensitivity: authors,Unique-author study count,Gabriella Smith,1,471,0.2,,,authorship-covered unique studies,exact-identifier studies with usable structured authorship,multiple response; one count per unique author per study,894f08a5035b3a1872d5,OpenAlex author ID
Exact-identifier metadata sensitivity: authors,Unique-author study count,Gabriyel Mado,1,471,0.2,,,authorship-covered unique studies,exact-identifier studies with usable structured authorship,multiple response; one count per unique author per study,7442954006aac8fa63fa,OpenAlex author ID
Exact-identifier metadata sensitivity: authors,Unique-author study count,Gail C. Furman,1,471,0.2,,,authorship-covered unique studies,exact-identifier studies with usable structured authorship,multiple response; one count per unique author per study,e4caff2128dfb4f4ac0c,OpenAlex author ID
Exact-identifier metadata sensitivity: authors,Unique-author study count,Gavin Caulfield,1,471,0.2,,,authorship-covered unique studies,exact-identifier studies with usable structured authorship,multiple response; one count per unique author per study,3cc4d65478e63af8ab6e,OpenAlex author ID
Exact-identifier metadata sensitivity: authors,Unique-author study count,Genlei Zhang,1,471,0.2,,,authorship-covered unique studies,exact-identifier studies with usable structured authorship,multiple response; one count per unique author per study,94bb63aeb68eddb59442,OpenAlex author ID
Exact-identifier metadata sensitivity: authors,Unique-author study count,Germán Gabriel Solís Salas,1,471,0.2,,,authorship-covered unique studies,exact-identifier studies with usable structured authorship,multiple response; one count per unique author per study,501d19c3bd3160083e8a,OpenAlex author ID
Exact-identifier metadata sensitivity: authors,Unique-author study count,Gerry Palaganas,1,471,0.2,,,authorship-covered unique studies,exact-identifier studies with usable structured authorship,multiple response; one count per unique author per study,eb8b75c75edacbfa547b,OpenAlex author ID
Exact-identifier metadata sensitivity: authors,Unique-author study count,Gezzer Ortega,1,471,0.2,,,authorship-covered unique studies,exact-identifier studies with usable structured authorship,multiple response; one count per unique author per study,ba93136b38c9a66d059f,OpenAlex author ID
Exact-identifier metadata sensitivity: authors,Unique-author study count,Gianluca Mondillo,1,471,0.2,,,authorship-covered unique studies,exact-identifier studies with usable structured authorship,multiple response; one count per unique author per study,7d5cb710e5a6901bbaaa,OpenAlex author ID
Exact-identifier metadata sensitivity: authors,Unique-author study count,Gianluca Pucciarelli,1,471,0.2,,,authorship-covered unique studies,exact-identifier studies with usable structured authorship,multiple response; one count per unique author per study,5dd47cd1855294dcfafd,OpenAlex author ID
Exact-identifier metadata sensitivity: authors,Unique-author study count,Gianmarco Tedino,1,471,0.2,,,authorship-covered unique studies,exact-identifier studies with usable structured authorship,multiple response; one count per unique author per study,07d462beafe4d21ba016,OpenAlex author ID
Exact-identifier metadata sensitivity: authors,Unique-author study count,Gill Higgins,1,471,0.2,,,authorship-covered unique studies,exact-identifier studies with usable structured authorship,multiple response; one count per unique author per study,sci_d54eaf2ee85c6160a060,OpenAlex author ID
Exact-identifier metadata sensitivity: authors,Unique-author study count,Gina Marie Geis,1,471,0.2,,,authorship-covered unique studies,exact-identifier studies with usable structured authorship,multiple response; one count per unique author per study,24ffbec5a9dbce04e0fd,OpenAlex author ID
Exact-identifier metadata sensitivity: authors,Unique-author study count,Giovani B Peres,1,471,0.2,,,authorship-covered unique studies,exact-identifier studies with usable structured authorship,multiple response; one count per unique author per study,19e84bd61f0782eec51c,name-only record; duplicates collapsed within work only; not merged across works
Exact-identifier metadata sensitivity: authors,Unique-author study count,Giovanna Rodella,1,471,0.2,,,authorship-covered unique studies,exact-identifier studies with usable structured authorship,multiple response; one count per unique author per study,81337a44aeb46520e3ec,OpenAlex author ID
Exact-identifier metadata sensitivity: authors,Unique-author study count,Giovanna Rodella,1,471,0.2,,,authorship-covered unique studies,exact-identifier studies with usable structured authorship,multiple response; one count per unique author per study,56dc16bbc7cd98ca993a,OpenAlex author ID
Exact-identifier metadata sensitivity: authors,Unique-author study count,Giulio Massetti,1,471,0.2,,,authorship-covered unique studies,exact-identifier studies with usable structured authorship,multiple response; one count per unique author per study,07d462beafe4d21ba016,OpenAlex author ID
Exact-identifier metadata sensitivity: authors,Unique-author study count,Giuseppe Roberto Bonfitto,1,471,0.2,,,authorship-covered unique studies,exact-identifier studies with usable structured authorship,multiple response; one count per unique author per study,633dafafd7b2de3e7ad0,OpenAlex author ID
Exact-identifier metadata sensitivity: authors,Unique-author study count,Giusi Aurora Memoli,1,471,0.2,,,authorship-covered unique studies,exact-identifier studies with usable structured authorship,multiple response; one count per unique author per study,07d462beafe4d21ba016,OpenAlex author ID
Exact-identifier metadata sensitivity: authors,Unique-author study count,Gloria Milena Fernandez-Nieto,1,471,0.2,,,authorship-covered unique studies,exact-identifier studies with usable structured authorship,multiple response; one count per unique author per study,26de74e3debea64ac297,OpenAlex author ID
Exact-identifier metadata sensitivity: authors,Unique-author study count,Gokul Suresh Revathy,1,471,0.2,,,authorship-covered unique studies,exact-identifier studies with usable structured authorship,multiple response; one count per unique author per study,d6b29e9cea0c868cc28e,OpenAlex author ID
Exact-identifier metadata sensitivity: authors,Unique-author study count,Gonzalo Armando Navarro Armendariz,1,471,0.2,,,authorship-covered unique studies,exact-identifier studies with usable structured authorship,multiple response; one count per unique author per study,a2883a095e505041a802,OpenAlex author ID
Exact-identifier metadata sensitivity: authors,Unique-author study count,Gonçalo N. P. Oliveira,1,471,0.2,,,authorship-covered unique studies,exact-identifier studies with usable structured authorship,multiple response; one count per unique author per study,19e84bd61f0782eec51c,OpenAlex author ID
Exact-identifier metadata sensitivity: authors,Unique-author study count,Graciela Valdés-Hernández,1,471,0.2,,,authorship-covered unique studies,exact-identifier studies with usable structured authorship,multiple response; one count per unique author per study,98c23d01b9fb23bd43c4,OpenAlex author ID
Exact-identifier metadata sensitivity: authors,Unique-author study count,Gregory Ryslik,1,471,0.2,,,authorship-covered unique studies,exact-identifier studies with usable structured authorship,multiple response; one count per unique author per study,415ba4f99eeb473a50c2,OpenAlex author ID
Exact-identifier metadata sensitivity: authors,Unique-author study count,Gregory Schuit,1,471,0.2,,,authorship-covered unique studies,exact-identifier studies with usable structured authorship,multiple response; one count per unique author per study,b53bf33d223a68f17e8c,OpenAlex author ID
Exact-identifier metadata sensitivity: authors,Unique-author study count,Guang Chen,1,471,0.2,,,authorship-covered unique studies,exact-identifier studies with usable structured authorship,multiple response; one count per unique author per study,d977c356ff57ab060fef,OpenAlex author ID
Exact-identifier metadata sensitivity: authors,Unique-author study count,Guangwu Qian,1,471,0.2,,,authorship-covered unique studies,exact-identifier studies with usable structured authorship,multiple response; one count per unique author per study,582bc7c400fa7acf214f,OpenAlex author ID
Exact-identifier metadata sensitivity: authors,Unique-author study count,Guangyan Zhang,1,471,0.2,,,authorship-covered unique studies,exact-identifier studies with usable structured authorship,multiple response; one count per unique author per study,34ab5ecef79b768723f6,OpenAlex author ID
Exact-identifier metadata sensitivity: authors,Unique-author study count,Guilherme Del Fiol,1,471,0.2,,,authorship-covered unique studies,exact-identifier studies with usable structured authorship,multiple response; one count per unique author per study,2877ad2c6a928639280a,OpenAlex author ID
Exact-identifier metadata sensitivity: authors,Unique-author study count,Guillaume Dumas,1,471,0.2,,,authorship-covered unique studies,exact-identifier studies with usable structured authorship,multiple response; one count per unique author per study,63c69a200d415bc42d9b,OpenAlex author ID
Exact-identifier metadata sensitivity: authors,Unique-author study count,Gulbahor Kholdorova,1,471,0.2,,,authorship-covered unique studies,exact-identifier studies with usable structured authorship,multiple response; one count per unique author per study,eb6afac746ee34d7a37f,OpenAlex author ID
Exact-identifier metadata sensitivity: authors,Unique-author study count,Gulchexrabonu Isamova,1,471,0.2,,,authorship-covered unique studies,exact-identifier studies with usable structured authorship,multiple response; one count per unique author per study,eb6afac746ee34d7a37f,OpenAlex author ID
Exact-identifier metadata sensitivity: authors,Unique-author study count,Gulzar Malik,1,471,0.2,,,authorship-covered unique studies,exact-identifier studies with usable structured authorship,multiple response; one count per unique author per study,7a5ffafc98c031b3684e,OpenAlex author ID
Exact-identifier metadata sensitivity: authors,Unique-author study count,Guo Zhu,1,471,0.2,,,authorship-covered unique studies,exact-identifier studies with usable structured authorship,multiple response; one count per unique author per study,fd1a9c7f0b28a609f8af,OpenAlex author ID
Exact-identifier metadata sensitivity: authors,Unique-author study count,Guodong Wang,1,471,0.2,,,authorship-covered unique studies,exact-identifier studies with usable structured authorship,multiple response; one count per unique author per study,2c33e3b00e199776ba05,OpenAlex author ID
Exact-identifier metadata sensitivity: authors,Unique-author study count,Guofang Zhang,1,471,0.2,,,authorship-covered unique studies,exact-identifier studies with usable structured authorship,multiple response; one count per unique author per study,94bb63aeb68eddb59442,OpenAlex author ID
Exact-identifier metadata sensitivity: authors,Unique-author study count,Guowei Jiang,1,471,0.2,,,authorship-covered unique studies,exact-identifier studies with usable structured authorship,multiple response; one count per unique author per study,a4d746b41f7f88ceb127,OpenAlex author ID
Exact-identifier metadata sensitivity: authors,Unique-author study count,Guozheng Qiu,1,471,0.2,,,authorship-covered unique studies,exact-identifier studies with usable structured authorship,multiple response; one count per unique author per study,061a5c17950367156401,OpenAlex author ID
Exact-identifier metadata sensitivity: authors,Unique-author study count,Gustavo F. Gonzáles,1,471,0.2,,,authorship-covered unique studies,exact-identifier studies with usable structured authorship,multiple response; one count per unique author per study,53e73c84997817856e1f,OpenAlex author ID
Exact-identifier metadata sensitivity: authors,Unique-author study count,Gustavo Webster,1,471,0.2,,,authorship-covered unique studies,exact-identifier studies with usable structured authorship,multiple response; one count per unique author per study,d46506f34cc784478c88,name-only record; duplicates collapsed within work only; not merged across works
Exact-identifier metadata sensitivity: authors,Unique-author study count,Guy M. Goodwin,1,471,0.2,,,authorship-covered unique studies,exact-identifier studies with usable structured authorship,multiple response; one count per unique author per study,415ba4f99eeb473a50c2,OpenAlex author ID
Exact-identifier metadata sensitivity: authors,Unique-author study count,Gwihyun Kim,1,471,0.2,,,authorship-covered unique studies,exact-identifier studies with usable structured authorship,multiple response; one count per unique author per study,4c10642623772d392b58,name-only record; duplicates collapsed within work only; not merged across works
Exact-identifier metadata sensitivity: authors,Unique-author study count,Göksu Bozdereli Berikol,1,471,0.2,,,authorship-covered unique studies,exact-identifier studies with usable structured authorship,multiple response; one count per unique author per study,df606ccebb857fa9a592,OpenAlex author ID
Exact-identifier metadata sensitivity: authors,Unique-author study count,Güneş Korkmaz,1,471,0.2,,,authorship-covered unique studies,exact-identifier studies with usable structured authorship,multiple response; one count per unique author per study,94dc4442e5bc1f047433,OpenAlex author ID
Exact-identifier metadata sensitivity: authors,Unique-author study count,H Morita,1,471,0.2,,,authorship-covered unique studies,exact-identifier studies with usable structured authorship,multiple response; one count per unique author per study,81e99943a71c35f1b5e2,OpenAlex author ID
Exact-identifier metadata sensitivity: authors,Unique-author study count,H S Dai,1,471,0.2,,,authorship-covered unique studies,exact-identifier studies with usable structured authorship,multiple response; one count per unique author per study,81087c9bc5a7366ff084,OpenAlex author ID
Exact-identifier metadata sensitivity: authors,Unique-author study count,H V Hanumesh,1,471,0.2,,,authorship-covered unique studies,exact-identifier studies with usable structured authorship,multiple response; one count per unique author per study,afa9fe102dc8ed9bfaff,OpenAlex author ID
Exact-identifier metadata sensitivity: authors,Unique-author study count,H. Gong,1,471,0.2,,,authorship-covered unique studies,exact-identifier studies with usable structured authorship,multiple response; one count per unique author per study,437f09a0c472e4ba343e,OpenAlex author ID
Exact-identifier metadata sensitivity: authors,Unique-author study count,H. J. Wang,1,471,0.2,,,authorship-covered unique studies,exact-identifier studies with usable structured authorship,multiple response; one count per unique author per study,272439595ff3b96c35f3,OpenAlex author ID
Exact-identifier metadata sensitivity: authors,Unique-author study count,H. Qiu,1,471,0.2,,,authorship-covered unique studies,exact-identifier studies with usable structured authorship,multiple response; one count per unique author per study,f2454b259920b1b1d032,OpenAlex author ID
Exact-identifier metadata sensitivity: authors,Unique-author study count,H.W. Ng,1,471,0.2,,,authorship-covered unique studies,exact-identifier studies with usable structured authorship,multiple response; one count per unique author per study,9d44b976cb2c076751e8,OpenAlex author ID
Exact-identifier metadata sensitivity: authors,Unique-author study count,Hafizs Nasirun,1,471,0.2,,,authorship-covered unique studies,exact-identifier studies with usable structured authorship,multiple response; one count per unique author per study,6a18d985481870e99d72,OpenAlex author ID
Exact-identifier metadata sensitivity: authors,Unique-author study count,Haidan Chen,1,471,0.2,,,authorship-covered unique studies,exact-identifier studies with usable structured authorship,multiple response; one count per unique author per study,fbcfe4a5c41e518e74ba,OpenAlex author ID
Exact-identifier metadata sensitivity: authors,Unique-author study count,Haitao Zhang,1,471,0.2,,,authorship-covered unique studies,exact-identifier studies with usable structured authorship,multiple response; one count per unique author per study,da920e8320da57a1954a,OpenAlex author ID
Exact-identifier metadata sensitivity: authors,Unique-author study count,Haiyi Zhu,1,471,0.2,,,authorship-covered unique studies,exact-identifier studies with usable structured authorship,multiple response; one count per unique author per study,9b8b66d55c35b17e843c,OpenAlex author ID
Exact-identifier metadata sensitivity: authors,Unique-author study count,Haiying SUI,1,471,0.2,,,authorship-covered unique studies,exact-identifier studies with usable structured authorship,multiple response; one count per unique author per study,987d3b654bc3d24dc464,OpenAlex author ID
Exact-identifier metadata sensitivity: authors,Unique-author study count,Haiyun Luo,1,471,0.2,,,authorship-covered unique studies,exact-identifier studies with usable structured authorship,multiple response; one count per unique author per study,sci_454fe3ad37947557e9a6,OpenAlex author ID
Exact-identifier metadata sensitivity: authors,Unique-author study count,Haizhu Tan,1,471,0.2,,,authorship-covered unique studies,exact-identifier studies with usable structured authorship,multiple response; one count per unique author per study,240393927e83854aac9b,OpenAlex author ID
Exact-identifier metadata sensitivity: authors,Unique-author study count,Hajin Lim,1,471,0.2,,,authorship-covered unique studies,exact-identifier studies with usable structured authorship,multiple response; one count per unique author per study,9b8b66d55c35b17e843c,OpenAlex author ID
Exact-identifier metadata sensitivity: authors,Unique-author study count,Halim Hussain,1,471,0.2,,,authorship-covered unique studies,exact-identifier studies with usable structured authorship,multiple response; one count per unique author per study,8094cb5448e9c4e2f371,OpenAlex author ID
Exact-identifier metadata sensitivity: authors,Unique-author study count,Hamid Tairi,1,471,0.2,,,authorship-covered unique studies,exact-identifier studies with usable structured authorship,multiple response; one count per unique author per study,72f2fcd3a833c8b6e39e,OpenAlex author ID
Exact-identifier metadata sensitivity: authors,Unique-author study count,Hammad A. Khan,1,471,0.2,,,authorship-covered unique studies,exact-identifier studies with usable structured authorship,multiple response; one count per unique author per study,50ac103890932b40242c,OpenAlex author ID
Exact-identifier metadata sensitivity: authors,Unique-author study count,Hammza Jabbar Abdl Sattar Hamoudi,1,471,0.2,,,authorship-covered unique studies,exact-identifier studies with usable structured authorship,multiple response; one count per unique author per study,32b43fcb025a9d77581f,OpenAlex author ID
Exact-identifier metadata sensitivity: authors,Unique-author study count,Hanna Schwendemann,1,471,0.2,,,authorship-covered unique studies,exact-identifier studies with usable structured authorship,multiple response; one count per unique author per study,594824ec9813877abe34,OpenAlex author ID
Exact-identifier metadata sensitivity: authors,Unique-author study count,Hanna Yoon,1,471,0.2,,,authorship-covered unique studies,exact-identifier studies with usable structured authorship,multiple response; one count per unique author per study,c837d77a482b4e089619,OpenAlex author ID
Exact-identifier metadata sensitivity: authors,Unique-author study count,Hannah Cole McGrew,1,471,0.2,,,authorship-covered unique studies,exact-identifier studies with usable structured authorship,multiple response; one count per unique author per study,766fde2e997ea8140bd0,OpenAlex author ID
Exact-identifier metadata sensitivity: authors,Unique-author study count,Hannah Feldt,1,471,0.2,,,authorship-covered unique studies,exact-identifier studies with usable structured authorship,multiple response; one count per unique author per study,8db4130844dc8d367d1f,OpenAlex author ID
Exact-identifier metadata sensitivity: authors,Unique-author study count,Hannah Haven,1,471,0.2,,,authorship-covered unique studies,exact-identifier studies with usable structured authorship,multiple response; one count per unique author per study,bad1f4fb855554cb4aba,OpenAlex author ID
Exact-identifier metadata sensitivity: authors,Unique-author study count,Hannah Mishkin,1,471,0.2,,,authorship-covered unique studies,exact-identifier studies with usable structured authorship,multiple response; one count per unique author per study,039798e4f1498c17cf82,OpenAlex author ID
Exact-identifier metadata sensitivity: authors,Unique-author study count,Hannah Shaw,1,471,0.2,,,authorship-covered unique studies,exact-identifier studies with usable structured authorship,multiple response; one count per unique author per study,c4f5fe90704c2aa68c75,OpenAlex author ID
Exact-identifier metadata sensitivity: authors,Unique-author study count,Hannah Weiss,1,471,0.2,,,authorship-covered unique studies,exact-identifier studies with usable structured authorship,multiple response; one count per unique author per study,50ac103890932b40242c,OpenAlex author ID
Exact-identifier metadata sensitivity: authors,Unique-author study count,Hannelie Edgar,1,471,0.2,,,authorship-covered unique studies,exact-identifier studies with usable structured authorship,multiple response; one count per unique author per study,b3a8d73bf08119c4ce68,OpenAlex author ID
Exact-identifier metadata sensitivity: authors,Unique-author study count,Hanon Cecile,1,471,0.2,,,authorship-covered unique studies,exact-identifier studies with usable structured authorship,multiple response; one count per unique author per study,be9dea9f8b093b59c0c4,OpenAlex author ID
Exact-identifier metadata sensitivity: authors,Unique-author study count,Hans Johnson,1,471,0.2,,,authorship-covered unique studies,exact-identifier studies with usable structured authorship,multiple response; one count per unique author per study,d90096afc3b383fbecb7,OpenAlex author ID
Exact-identifier metadata sensitivity: authors,Unique-author study count,Hans Lemberg,1,471,0.2,,,authorship-covered unique studies,exact-identifier studies with usable structured authorship,multiple response; one count per unique author per study,37bb0c4c182653ebb8f9,OpenAlex author ID
Exact-identifier metadata sensitivity: authors,Unique-author study count,Hao Chong He,1,471,0.2,,,authorship-covered unique studies,exact-identifier studies with usable structured authorship,multiple response; one count per unique author per study,3adc77e0b0502fcefcc3,OpenAlex author ID
Exact-identifier metadata sensitivity: authors,Unique-author study count,Hao He,1,471,0.2,,,authorship-covered unique studies,exact-identifier studies with usable structured authorship,multiple response; one count per unique author per study,sci_829c4bcf5b773dba44a2,OpenAlex author ID
Exact-identifier metadata sensitivity: authors,Unique-author study count,Hao He,1,471,0.2,,,authorship-covered unique studies,exact-identifier studies with usable structured authorship,multiple response; one count per unique author per study,906c1e2afc9ab8dc6794,OpenAlex author ID
Exact-identifier metadata sensitivity: authors,Unique-author study count,Hao Ming,1,471,0.2,,,authorship-covered unique studies,exact-identifier studies with usable structured authorship,multiple response; one count per unique author per study,da920e8320da57a1954a,OpenAlex author ID
Exact-identifier metadata sensitivity: authors,Unique-author study count,Haochao Ying,1,471,0.2,,,authorship-covered unique studies,exact-identifier studies with usable structured authorship,multiple response; one count per unique author per study,sci_3d6777cb059403330506,OpenAlex author ID
Exact-identifier metadata sensitivity: authors,Unique-author study count,Haolei Cai,1,471,0.2,,,authorship-covered unique studies,exact-identifier studies with usable structured authorship,multiple response; one count per unique author per study,sci_3d6777cb059403330506,OpenAlex author ID
Exact-identifier metadata sensitivity: authors,Unique-author study count,Haoming Tang,1,471,0.2,,,authorship-covered unique studies,exact-identifier studies with usable structured authorship,multiple response; one count per unique author per study,fd1a9c7f0b28a609f8af,OpenAlex author ID
Exact-identifier metadata sensitivity: authors,Unique-author study count,Haotian Lin,1,471,0.2,,,authorship-covered unique studies,exact-identifier studies with usable structured authorship,multiple response; one count per unique author per study,adc1485c258278b24c4e,OpenAlex author ID
Exact-identifier metadata sensitivity: authors,Unique-author study count,Haoxuan Li,1,471,0.2,,,authorship-covered unique studies,exact-identifier studies with usable structured authorship,multiple response; one count per unique author per study,359e1289e1f098bb36e2,OpenAlex author ID
Exact-identifier metadata sensitivity: authors,Unique-author study count,Haoyuan Che,1,471,0.2,,,authorship-covered unique studies,exact-identifier studies with usable structured authorship,multiple response; one count per unique author per study,6cf6dbf3648bde45720a,OpenAlex author ID
Exact-identifier metadata sensitivity: authors,Unique-author study count,Harika Rayala,1,471,0.2,,,authorship-covered unique studies,exact-identifier studies with usable structured authorship,multiple response; one count per unique author per study,593c7da1de5e9f26b59d,OpenAlex author ID
Exact-identifier metadata sensitivity: authors,Unique-author study count,Harikrishna Yamjala,1,471,0.2,,,authorship-covered unique studies,exact-identifier studies with usable structured authorship,multiple response; one count per unique author per study,afa9fe102dc8ed9bfaff,OpenAlex author ID
Exact-identifier metadata sensitivity: authors,Unique-author study count,Harinee Shanmuganathan,1,471,0.2,,,authorship-covered unique studies,exact-identifier studies with usable structured authorship,multiple response; one count per unique author per study,416753b67d9e900455c8,OpenAlex author ID
Exact-identifier metadata sensitivity: authors,Unique-author study count,Harri Ketamo,1,471,0.2,,,authorship-covered unique studies,exact-identifier studies with usable structured authorship,multiple response; one count per unique author per study,4cac4c9f22b3d59d56dd,OpenAlex author ID
Exact-identifier metadata sensitivity: authors,Unique-author study count,Harry Burke,1,471,0.2,,,authorship-covered unique studies,exact-identifier studies with usable structured authorship,multiple response; one count per unique author per study,7bda59402c9478eda64c,OpenAlex author ID
Exact-identifier metadata sensitivity: authors,Unique-author study count,Heba Aldossary,1,471,0.2,,,authorship-covered unique studies,exact-identifier studies with usable structured authorship,multiple response; one count per unique author per study,5dd47cd1855294dcfafd,OpenAlex author ID
Exact-identifier metadata sensitivity: authors,Unique-author study count,Heeyoung Kim,1,471,0.2,,,authorship-covered unique studies,exact-identifier studies with usable structured authorship,multiple response; one count per unique author per study,38da855b4155bb083590,OpenAlex author ID
Exact-identifier metadata sensitivity: authors,Unique-author study count,Heidi B. King,1,471,0.2,,,authorship-covered unique studies,exact-identifier studies with usable structured authorship,multiple response; one count per unique author per study,7bda59402c9478eda64c,OpenAlex author ID
Exact-identifier metadata sensitivity: authors,Unique-author study count,Heidi Cheerman,1,471,0.2,,,authorship-covered unique studies,exact-identifier studies with usable structured authorship,multiple response; one count per unique author per study,5b529e4bc562ac2c093e,OpenAlex author ID
Exact-identifier metadata sensitivity: authors,Unique-author study count,Helen Heneghan,1,471,0.2,,,authorship-covered unique studies,exact-identifier studies with usable structured authorship,multiple response; one count per unique author per study,1c5402a057ba8f451244,OpenAlex author ID
Exact-identifier metadata sensitivity: authors,Unique-author study count,Helen Ruth Patterson,1,471,0.2,,,authorship-covered unique studies,exact-identifier studies with usable structured authorship,multiple response; one count per unique author per study,33fa7a94d105663796d8,OpenAlex author ID
Exact-identifier metadata sensitivity: authors,Unique-author study count,Helena Baur,1,471,0.2,,,authorship-covered unique studies,exact-identifier studies with usable structured authorship,multiple response; one count per unique author per study,7442954006aac8fa63fa,OpenAlex author ID
Exact-identifier metadata sensitivity: authors,Unique-author study count,Helmut Schrom-Feiertag,1,471,0.2,,,authorship-covered unique studies,exact-identifier studies with usable structured authorship,multiple response; one count per unique author per study,64a85483f87115653128,OpenAlex author ID
Exact-identifier metadata sensitivity: authors,Unique-author study count,Helmy A. Cook,1,471,0.2,,,authorship-covered unique studies,exact-identifier studies with usable structured authorship,multiple response; one count per unique author per study,00dc13a955ae4496d4ca,OpenAlex author ID
Exact-identifier metadata sensitivity: authors,Unique-author study count,Hendri Hardi Wiradinata,1,471,0.2,,,authorship-covered unique studies,exact-identifier studies with usable structured authorship,multiple response; one count per unique author per study,6a18d985481870e99d72,OpenAlex author ID
Exact-identifier metadata sensitivity: authors,Unique-author study count,Heng Wang,1,471,0.2,,,authorship-covered unique studies,exact-identifier studies with usable structured authorship,multiple response; one count per unique author per study,da4715a1835405ea02b7,OpenAlex author ID
Exact-identifier metadata sensitivity: authors,Unique-author study count,Heng Wei,1,471,0.2,,,authorship-covered unique studies,exact-identifier studies with usable structured authorship,multiple response; one count per unique author per study,4fed0ae03cd7415c40f4,OpenAlex author ID
Exact-identifier metadata sensitivity: authors,Unique-author study count,Hicham Nassik,1,471,0.2,,,authorship-covered unique studies,exact-identifier studies with usable structured authorship,multiple response; one count per unique author per study,1b913a0ed3ab13c6f644,OpenAlex author ID
Exact-identifier metadata sensitivity: authors,Unique-author study count,Hideo Ino,1,471,0.2,,,authorship-covered unique studies,exact-identifier studies with usable structured authorship,multiple response; one count per unique author per study,8fa1ae6b843e2388520d,OpenAlex author ID
Exact-identifier metadata sensitivity: authors,Unique-author study count,Hilal Hatice Ülkü,1,471,0.2,,,authorship-covered unique studies,exact-identifier studies with usable structured authorship,multiple response; one count per unique author per study,f41f37dbb22b9ed8ae7c,OpenAlex author ID
Exact-identifier metadata sensitivity: authors,Unique-author study count,Hilde Eide,1,471,0.2,,,authorship-covered unique studies,exact-identifier studies with usable structured authorship,multiple response; one count per unique author per study,43f6ad0fa6f4597d56fc,OpenAlex author ID
Exact-identifier metadata sensitivity: authors,Unique-author study count,Hiroko Ogawa,1,471,0.2,,,authorship-covered unique studies,exact-identifier studies with usable structured authorship,multiple response; one count per unique author per study,8fa1ae6b843e2388520d,OpenAlex author ID
Exact-identifier metadata sensitivity: authors,Unique-author study count,Hiroshi Hashimoto,1,471,0.2,,,authorship-covered unique studies,exact-identifier studies with usable structured authorship,multiple response; one count per unique author per study,614d439112e6f1ccea50,OpenAlex author ID
Exact-identifier metadata sensitivity: authors,Unique-author study count,Hita Kambhamettu,1,471,0.2,,,authorship-covered unique studies,exact-identifier studies with usable structured authorship,multiple response; one count per unique author per study,72c30900482428bf1e49,OpenAlex author ID
Exact-identifier metadata sensitivity: authors,Unique-author study count,Hoang Nguyen,1,471,0.2,,,authorship-covered unique studies,exact-identifier studies with usable structured authorship,multiple response; one count per unique author per study,7571d4d2871565bc5c1c,OpenAlex author ID
Exact-identifier metadata sensitivity: authors,Unique-author study count,Hoi Man Chan,1,471,0.2,,,authorship-covered unique studies,exact-identifier studies with usable structured authorship,multiple response; one count per unique author per study,891bdc5ee1f3d07f820a,OpenAlex author ID
Exact-identifier metadata sensitivity: authors,Unique-author study count,Hong Huang,1,471,0.2,,,authorship-covered unique studies,exact-identifier studies with usable structured authorship,multiple response; one count per unique author per study,81087c9bc5a7366ff084,OpenAlex author ID
Exact-identifier metadata sensitivity: authors,Unique-author study count,Hong-xiang Yao,1,471,0.2,,,authorship-covered unique studies,exact-identifier studies with usable structured authorship,multiple response; one count per unique author per study,64caff9ef7b3adaafe2d,OpenAlex author ID
Exact-identifier metadata sensitivity: authors,Unique-author study count,Honghui Xu,1,471,0.2,,,authorship-covered unique studies,exact-identifier studies with usable structured authorship,multiple response; one count per unique author per study,235688621e9d66593a40,OpenAlex author ID
Exact-identifier metadata sensitivity: authors,Unique-author study count,Hongik Kim,1,471,0.2,,,authorship-covered unique studies,exact-identifier studies with usable structured authorship,multiple response; one count per unique author per study,0a2c09d04e10e0478041,OpenAlex author ID
Exact-identifier metadata sensitivity: authors,Unique-author study count,Hongtao Liu,1,471,0.2,,,authorship-covered unique studies,exact-identifier studies with usable structured authorship,multiple response; one count per unique author per study,9053eb63f4358c343310,OpenAlex author ID
Exact-identifier metadata sensitivity: authors,Unique-author study count,Hongxia Mei,1,471,0.2,,,authorship-covered unique studies,exact-identifier studies with usable structured authorship,multiple response; one count per unique author per study,64caff9ef7b3adaafe2d,OpenAlex author ID
Exact-identifier metadata sensitivity: authors,Unique-author study count,Hongzhan Jiang,1,471,0.2,,,authorship-covered unique studies,exact-identifier studies with usable structured authorship,multiple response; one count per unique author per study,0394426a6c4e7afe938e,OpenAlex author ID
Exact-identifier metadata sensitivity: authors,Unique-author study count,Howard A. Riina,1,471,0.2,,,authorship-covered unique studies,exact-identifier studies with usable structured authorship,multiple response; one count per unique author per study,50ac103890932b40242c,OpenAlex author ID
Exact-identifier metadata sensitivity: authors,Unique-author study count,Hsi-Wei Ho,1,471,0.2,,,authorship-covered unique studies,exact-identifier studies with usable structured authorship,multiple response; one count per unique author per study,1a1d7801effe1e2b850a,OpenAlex author ID
Exact-identifier metadata sensitivity: authors,Unique-author study count,HU Hankun,1,471,0.2,,,authorship-covered unique studies,exact-identifier studies with usable structured authorship,multiple response; one count per unique author per study,3e6c586541bbab277f12,name-only record; duplicates collapsed within work only; not merged across works
Exact-identifier metadata sensitivity: authors,Unique-author study count,Huai Yong Cheng,1,471,0.2,,,authorship-covered unique studies,exact-identifier studies with usable structured authorship,multiple response; one count per unique author per study,7f735724143207af94c1,OpenAlex author ID
Exact-identifier metadata sensitivity: authors,Unique-author study count,Huanmei Wu,1,471,0.2,,,authorship-covered unique studies,exact-identifier studies with usable structured authorship,multiple response; one count per unique author per study,f68a92632e9b465b9cd8,OpenAlex author ID
Exact-identifier metadata sensitivity: authors,Unique-author study count,Huarui Luo,1,471,0.2,,,authorship-covered unique studies,exact-identifier studies with usable structured authorship,multiple response; one count per unique author per study,fd1a9c7f0b28a609f8af,OpenAlex author ID
Exact-identifier metadata sensitivity: authors,Unique-author study count,Huating Li,1,471,0.2,,,authorship-covered unique studies,exact-identifier studies with usable structured authorship,multiple response; one count per unique author per study,359e1289e1f098bb36e2,OpenAlex author ID
Exact-identifier metadata sensitivity: authors,Unique-author study count,Hubert Heckel,1,471,0.2,,,authorship-covered unique studies,exact-identifier studies with usable structured authorship,multiple response; one count per unique author per study,272439595ff3b96c35f3,OpenAlex author ID
Exact-identifier metadata sensitivity: authors,Unique-author study count,Huda F Al-Shamali,1,471,0.2,,,authorship-covered unique studies,exact-identifier studies with usable structured authorship,multiple response; one count per unique author per study,63c69a200d415bc42d9b,OpenAlex author ID
Exact-identifier metadata sensitivity: authors,Unique-author study count,Huei-Tse Hou,1,471,0.2,,,authorship-covered unique studies,exact-identifier studies with usable structured authorship,multiple response; one count per unique author per study,32c1dcd0212f833ee125,OpenAlex author ID
Exact-identifier metadata sensitivity: authors,Unique-author study count,Hugh Alexander von Arnim,1,471,0.2,,,authorship-covered unique studies,exact-identifier studies with usable structured authorship,multiple response; one count per unique author per study,43f6ad0fa6f4597d56fc,OpenAlex author ID
Exact-identifier metadata sensitivity: authors,Unique-author study count,Hui Pan,1,471,0.2,,,authorship-covered unique studies,exact-identifier studies with usable structured authorship,multiple response; one count per unique author per study,1158803af3fb0ab9c072,OpenAlex author ID
Exact-identifier metadata sensitivity: authors,Unique-author study count,Hui Xu,1,471,0.2,,,authorship-covered unique studies,exact-identifier studies with usable structured authorship,multiple response; one count per unique author per study,73a1f91733c91359d5f0,OpenAlex author ID
Exact-identifier metadata sensitivity: authors,Unique-author study count,Huihui Cheng,1,471,0.2,,,authorship-covered unique studies,exact-identifier studies with usable structured authorship,multiple response; one count per unique author per study,9053eb63f4358c343310,OpenAlex author ID
Exact-identifier metadata sensitivity: authors,Unique-author study count,Huiju Yang,1,471,0.2,,,authorship-covered unique studies,exact-identifier studies with usable structured authorship,multiple response; one count per unique author per study,34ab5ecef79b768723f6,OpenAlex author ID
Exact-identifier metadata sensitivity: authors,Unique-author study count,Huiting Liu,1,471,0.2,,,authorship-covered unique studies,exact-identifier studies with usable structured authorship,multiple response; one count per unique author per study,a4f6e4afd67cbf667f95,OpenAlex author ID
Exact-identifier metadata sensitivity: authors,Unique-author study count,Huizi Yu,1,471,0.2,,,authorship-covered unique studies,exact-identifier studies with usable structured authorship,multiple response; one count per unique author per study,d977c356ff57ab060fef,OpenAlex author ID
Exact-identifier metadata sensitivity: authors,Unique-author study count,Huy Hoang Bao Le,1,471,0.2,,,authorship-covered unique studies,exact-identifier studies with usable structured authorship,multiple response; one count per unique author per study,9b778c91d64124298579,OpenAlex author ID
Exact-identifier metadata sensitivity: authors,Unique-author study count,Hwi Gon Jeon,1,471,0.2,,,authorship-covered unique studies,exact-identifier studies with usable structured authorship,multiple response; one count per unique author per study,sci_f2cc5417df9af41a5165,OpenAlex author ID
Exact-identifier metadata sensitivity: authors,Unique-author study count,Hye Won Jeong,1,471,0.2,,,authorship-covered unique studies,exact-identifier studies with usable structured authorship,multiple response; one count per unique author per study,sci_f2cc5417df9af41a5165,OpenAlex author ID
Exact-identifier metadata sensitivity: authors,Unique-author study count,Hyeonmi Hong,1,471,0.2,,,authorship-covered unique studies,exact-identifier studies with usable structured authorship,multiple response; one count per unique author per study,1b087547ad0e2e8a3fa3,OpenAlex author ID
Exact-identifier metadata sensitivity: authors,Unique-author study count,Hyewon Cho,1,471,0.2,,,authorship-covered unique studies,exact-identifier studies with usable structured authorship,multiple response; one count per unique author per study,9b8b66d55c35b17e843c,OpenAlex author ID
Exact-identifier metadata sensitivity: authors,Unique-author study count,Hyoun‐Joong Kong,1,471,0.2,,,authorship-covered unique studies,exact-identifier studies with usable structured authorship,multiple response; one count per unique author per study,9d0e015a74d4a026b092,OpenAlex author ID
Exact-identifier metadata sensitivity: authors,Unique-author study count,Hyun Jung Jung,1,471,0.2,,,authorship-covered unique studies,exact-identifier studies with usable structured authorship,multiple response; one count per unique author per study,f6df2d018d41c258414a,OpenAlex author ID
Exact-identifier metadata sensitivity: authors,Unique-author study count,Hyung-Jeong Yang,1,471,0.2,,,authorship-covered unique studies,exact-identifier studies with usable structured authorship,multiple response; one count per unique author per study,1df5cdc0b4ba5e34b2ba,OpenAlex author ID
Exact-identifier metadata sensitivity: authors,Unique-author study count,Hyunseokdara Oh,1,471,0.2,,,authorship-covered unique studies,exact-identifier studies with usable structured authorship,multiple response; one count per unique author per study,581dc0790951c1557bba,OpenAlex author ID
Exact-identifier metadata sensitivity: authors,Unique-author study count,Hyunyong Hwang,1,471,0.2,,,authorship-covered unique studies,exact-identifier studies with usable structured authorship,multiple response; one count per unique author per study,38da855b4155bb083590,OpenAlex author ID
Exact-identifier metadata sensitivity: authors,Unique-author study count,Hérica Emília Félix de Carvalho,1,471,0.2,,,authorship-covered unique studies,exact-identifier studies with usable structured authorship,multiple response; one count per unique author per study,b924bd45d30abb49831e,OpenAlex author ID
Exact-identifier metadata sensitivity: authors,Unique-author study count,I Govindharaj,1,471,0.2,,,authorship-covered unique studies,exact-identifier studies with usable structured authorship,multiple response; one count per unique author per study,416753b67d9e900455c8,OpenAlex author ID
Exact-identifier metadata sensitivity: authors,Unique-author study count,I. O. Chukwukwe,1,471,0.2,,,authorship-covered unique studies,exact-identifier studies with usable structured authorship,multiple response; one count per unique author per study,681bba8e632d1614f426,OpenAlex author ID
Exact-identifier metadata sensitivity: authors,Unique-author study count,Iago Alves Brito,1,471,0.2,,,authorship-covered unique studies,exact-identifier studies with usable structured authorship,multiple response; one count per unique author per study,d46506f34cc784478c88,OpenAlex author ID
Exact-identifier metadata sensitivity: authors,Unique-author study count,Ian Steenstra,1,471,0.2,,,authorship-covered unique studies,exact-identifier studies with usable structured authorship,multiple response; one count per unique author per study,sci_93a452609f10d60e9d33,OpenAlex author ID
Exact-identifier metadata sensitivity: authors,Unique-author study count,Ibraaheem Khan,1,471,0.2,,,authorship-covered unique studies,exact-identifier studies with usable structured authorship,multiple response; one count per unique author per study,f30eee8f6354bfa06744,OpenAlex author ID
Exact-identifier metadata sensitivity: authors,Unique-author study count,Ibtissam Youlyouz‐Marfak,1,471,0.2,,,authorship-covered unique studies,exact-identifier studies with usable structured authorship,multiple response; one count per unique author per study,adf94a39c16c36a40d45,OpenAlex author ID
Exact-identifier metadata sensitivity: authors,Unique-author study count,Ignacio Villagrán,1,471,0.2,,,authorship-covered unique studies,exact-identifier studies with usable structured authorship,multiple response; one count per unique author per study,b53bf33d223a68f17e8c,OpenAlex author ID
Exact-identifier metadata sensitivity: authors,Unique-author study count,Ihor Semianiv,1,471,0.2,,,authorship-covered unique studies,exact-identifier studies with usable structured authorship,multiple response; one count per unique author per study,096c409373966ea99821,OpenAlex author ID
Exact-identifier metadata sensitivity: authors,Unique-author study count,Iltifotxon Abdinazarova,1,471,0.2,,,authorship-covered unique studies,exact-identifier studies with usable structured authorship,multiple response; one count per unique author per study,eb6afac746ee34d7a37f,OpenAlex author ID
Exact-identifier metadata sensitivity: authors,Unique-author study count,Imad Chakri,1,471,0.2,,,authorship-covered unique studies,exact-identifier studies with usable structured authorship,multiple response; one count per unique author per study,1b913a0ed3ab13c6f644,OpenAlex author ID
Exact-identifier metadata sensitivity: authors,Unique-author study count,Imdad Ali Shah,1,471,0.2,,,authorship-covered unique studies,exact-identifier studies with usable structured authorship,multiple response; one count per unique author per study,5966d1a884499670acf2,OpenAlex author ID
Exact-identifier metadata sensitivity: authors,Unique-author study count,Imeth Illamperuma,1,471,0.2,,,authorship-covered unique studies,exact-identifier studies with usable structured authorship,multiple response; one count per unique author per study,91738aa3fb8146efb96d,OpenAlex author ID
Exact-identifier metadata sensitivity: authors,Unique-author study count,In Hwa Jeong,1,471,0.2,,,authorship-covered unique studies,exact-identifier studies with usable structured authorship,multiple response; one count per unique author per study,38da855b4155bb083590,OpenAlex author ID
Exact-identifier metadata sensitivity: authors,Unique-author study count,Inari Dahlqvist,1,471,0.2,,,authorship-covered unique studies,exact-identifier studies with usable structured authorship,multiple response; one count per unique author per study,4cac4c9f22b3d59d56dd,OpenAlex author ID
Exact-identifier metadata sensitivity: authors,Unique-author study count,Inas Mohamed,1,471,0.2,,,authorship-covered unique studies,exact-identifier studies with usable structured authorship,multiple response; one count per unique author per study,e5304eeb960c6393b03a,OpenAlex author ID
Exact-identifier metadata sensitivity: authors,Unique-author study count,Inbar Levkovich,1,471,0.2,,,authorship-covered unique studies,exact-identifier studies with usable structured authorship,multiple response; one count per unique author per study,bd0527af9d9859ca54bb,OpenAlex author ID
Exact-identifier metadata sensitivity: authors,Unique-author study count,Inbar Levkovich,1,471,0.2,,,authorship-covered unique studies,exact-identifier studies with usable structured authorship,multiple response; one count per unique author per study,be9dea9f8b093b59c0c4,OpenAlex author ID
Exact-identifier metadata sensitivity: authors,Unique-author study count,Inbar Levkovitch,1,471,0.2,,,authorship-covered unique studies,exact-identifier studies with usable structured authorship,multiple response; one count per unique author per study,d06c6ad96bb08eb739dc,OpenAlex author ID
Exact-identifier metadata sensitivity: authors,Unique-author study count,"Independent Researcher Georgetown, TX, USA",1,471,0.2,,,authorship-covered unique studies,exact-identifier studies with usable structured authorship,multiple response; one count per unique author per study,6af91184365b35a93de5,OpenAlex author ID
Exact-identifier metadata sensitivity: authors,Unique-author study count,Inga Hege,1,471,0.2,,,authorship-covered unique studies,exact-identifier studies with usable structured authorship,multiple response; one count per unique author per study,14a6c8b99daf76e8179d,OpenAlex author ID
Exact-identifier metadata sensitivity: authors,Unique-author study count,Intekhab Islam,1,471,0.2,,,authorship-covered unique studies,exact-identifier studies with usable structured authorship,multiple response; one count per unique author per study,0aad164402f8e4deea3b,OpenAlex author ID
Exact-identifier metadata sensitivity: authors,Unique-author study count,Ioulia Chatzistamou,1,471,0.2,,,authorship-covered unique studies,exact-identifier studies with usable structured authorship,multiple response; one count per unique author per study,e5b4ed028b3c0ea2eeec,OpenAlex author ID
Exact-identifier metadata sensitivity: authors,Unique-author study count,Irene Simonda,1,471,0.2,,,authorship-covered unique studies,exact-identifier studies with usable structured authorship,multiple response; one count per unique author per study,0038624c09ec9fe46395,OpenAlex author ID
Exact-identifier metadata sensitivity: authors,Unique-author study count,Isabel Iguacel,1,471,0.2,,,authorship-covered unique studies,exact-identifier studies with usable structured authorship,multiple response; one count per unique author per study,14a6c8b99daf76e8179d,OpenAlex author ID
Exact-identifier metadata sensitivity: authors,Unique-author study count,Isaure Breteau,1,471,0.2,,,authorship-covered unique studies,exact-identifier studies with usable structured authorship,multiple response; one count per unique author per study,5aeb6b891099b95aa832,OpenAlex author ID
Exact-identifier metadata sensitivity: authors,Unique-author study count,Ishith Seth,1,471,0.2,,,authorship-covered unique studies,exact-identifier studies with usable structured authorship,multiple response; one count per unique author per study,5116aab375eedc896bfd,OpenAlex author ID
Exact-identifier metadata sensitivity: authors,Unique-author study count,Isis Villafuerte-Tunaal,1,471,0.2,,,authorship-covered unique studies,exact-identifier studies with usable structured authorship,multiple response; one count per unique author per study,59ac00c951a84da39213,OpenAlex author ID
Exact-identifier metadata sensitivity: authors,Unique-author study count,Ismael Martínez-Bonilla,1,471,0.2,,,authorship-covered unique studies,exact-identifier studies with usable structured authorship,multiple response; one count per unique author per study,7f84c902e862e25dbf2c,OpenAlex author ID
Exact-identifier metadata sensitivity: authors,Unique-author study count,Ismail Abaakil,1,471,0.2,,,authorship-covered unique studies,exact-identifier studies with usable structured authorship,multiple response; one count per unique author per study,b75fad8b8777d2f878b6,OpenAlex author ID
Exact-identifier metadata sensitivity: authors,Unique-author study count,Ivanna N. Ferrín Yépez,1,471,0.2,,,authorship-covered unique studies,exact-identifier studies with usable structured authorship,multiple response; one count per unique author per study,501d19c3bd3160083e8a,OpenAlex author ID
Exact-identifier metadata sensitivity: authors,Unique-author study count,Izabella Uchmanowicz,1,471,0.2,,,authorship-covered unique studies,exact-identifier studies with usable structured authorship,multiple response; one count per unique author per study,5dd47cd1855294dcfafd,OpenAlex author ID
Exact-identifier metadata sensitivity: authors,Unique-author study count,İbrahim Uysal,1,471,0.2,,,authorship-covered unique studies,exact-identifier studies with usable structured authorship,multiple response; one count per unique author per study,94dc4442e5bc1f047433,OpenAlex author ID
Exact-identifier metadata sensitivity: authors,Unique-author study count,I‐Chieh Mao,1,471,0.2,,,authorship-covered unique studies,exact-identifier studies with usable structured authorship,multiple response; one count per unique author per study,32c1dcd0212f833ee125,OpenAlex author ID
Exact-identifier metadata sensitivity: authors,Unique-author study count,J. Dianne Brinson,1,471,0.2,,,authorship-covered unique studies,exact-identifier studies with usable structured authorship,multiple response; one count per unique author per study,b608f772e32f2dbbff5e,OpenAlex author ID
Exact-identifier metadata sensitivity: authors,Unique-author study count,J. Harry Isaacson,1,471,0.2,,,authorship-covered unique studies,exact-identifier studies with usable structured authorship,multiple response; one count per unique author per study,eeb5a3afa4e8b1c2635c,OpenAlex author ID
Exact-identifier metadata sensitivity: authors,Unique-author study count,J. Vevera,1,471,0.2,,,authorship-covered unique studies,exact-identifier studies with usable structured authorship,multiple response; one count per unique author per study,ea35181a48e801132195,OpenAlex author ID
Exact-identifier metadata sensitivity: authors,Unique-author study count,Jaana‐Maija Koivisto,1,471,0.2,,,authorship-covered unique studies,exact-identifier studies with usable structured authorship,multiple response; one count per unique author per study,4cac4c9f22b3d59d56dd,OpenAlex author ID
Exact-identifier metadata sensitivity: authors,Unique-author study count,Jack Gallifant,1,471,0.2,,,authorship-covered unique studies,exact-identifier studies with usable structured authorship,multiple response; one count per unique author per study,d977c356ff57ab060fef,OpenAlex author ID
Exact-identifier metadata sensitivity: authors,Unique-author study count,Jack Potter,1,471,0.2,,,authorship-covered unique studies,exact-identifier studies with usable structured authorship,multiple response; one count per unique author per study,sci_a90d053bc1db526acda9,name-only record; duplicates collapsed within work only; not merged across works
Exact-identifier metadata sensitivity: authors,Unique-author study count,Jacob Barker,1,471,0.2,,,authorship-covered unique studies,exact-identifier studies with usable structured authorship,multiple response; one count per unique author per study,5aa2066f4c78fde5a50b,OpenAlex author ID
Exact-identifier metadata sensitivity: authors,Unique-author study count,Jacob Schmid,1,471,0.2,,,authorship-covered unique studies,exact-identifier studies with usable structured authorship,multiple response; one count per unique author per study,8db4130844dc8d367d1f,OpenAlex author ID
Exact-identifier metadata sensitivity: authors,Unique-author study count,Jacon E Karni,1,471,0.2,,,authorship-covered unique studies,exact-identifier studies with usable structured authorship,multiple response; one count per unique author per study,6ad5ba253eb6dea25a47,OpenAlex author ID
Exact-identifier metadata sensitivity: authors,Unique-author study count,Jacqueline Maria Dias,1,471,0.2,,,authorship-covered unique studies,exact-identifier studies with usable structured authorship,multiple response; one count per unique author per study,891bdc5ee1f3d07f820a,OpenAlex author ID
Exact-identifier metadata sensitivity: authors,Unique-author study count,Jaden Stryker,1,471,0.2,,,authorship-covered unique studies,exact-identifier studies with usable structured authorship,multiple response; one count per unique author per study,50ac103890932b40242c,OpenAlex author ID
Exact-identifier metadata sensitivity: authors,Unique-author study count,JaeEun Kwon,1,471,0.2,,,authorship-covered unique studies,exact-identifier studies with usable structured authorship,multiple response; one count per unique author per study,1557e783fc8af1e8fdd6,name-only record; duplicates collapsed within work only; not merged across works
Exact-identifier metadata sensitivity: authors,Unique-author study count,Jaehyun Byun,1,471,0.2,,,authorship-covered unique studies,exact-identifier studies with usable structured authorship,multiple response; one count per unique author per study,0a2c09d04e10e0478041,OpenAlex author ID
Exact-identifier metadata sensitivity: authors,Unique-author study count,Jagoda Węgrzyn,1,471,0.2,,,authorship-covered unique studies,exact-identifier studies with usable structured authorship,multiple response; one count per unique author per study,4ff984fed8d71f9ad381,name-only record; duplicates collapsed within work only; not merged across works
Exact-identifier metadata sensitivity: authors,Unique-author study count,Jaideep S. Talwalkar,1,471,0.2,,,authorship-covered unique studies,exact-identifier studies with usable structured authorship,multiple response; one count per unique author per study,302dee907e926e18ddba,OpenAlex author ID
Exact-identifier metadata sensitivity: authors,Unique-author study count,Jair C. Soares,1,471,0.2,,,authorship-covered unique studies,exact-identifier studies with usable structured authorship,multiple response; one count per unique author per study,32b43fcb025a9d77581f,OpenAlex author ID
Exact-identifier metadata sensitivity: authors,Unique-author study count,Jakob Carl Uhl,1,471,0.2,,,authorship-covered unique studies,exact-identifier studies with usable structured authorship,multiple response; one count per unique author per study,64a85483f87115653128,OpenAlex author ID
Exact-identifier metadata sensitivity: authors,Unique-author study count,Jakob Schmidt,1,471,0.2,,,authorship-covered unique studies,exact-identifier studies with usable structured authorship,multiple response; one count per unique author per study,af881e87f70fad542887,OpenAlex author ID
Exact-identifier metadata sensitivity: authors,Unique-author study count,James Alvir Maclin V. Alaan,1,471,0.2,,,authorship-covered unique studies,exact-identifier studies with usable structured authorship,multiple response; one count per unique author per study,7fc0513f51b7c61dad31,OpenAlex author ID
Exact-identifier metadata sensitivity: authors,Unique-author study count,James Anibal,1,471,0.2,,,authorship-covered unique studies,exact-identifier studies with usable structured authorship,multiple response; one count per unique author per study,d02cfb250e397dd52db5,OpenAlex author ID
Exact-identifier metadata sensitivity: authors,Unique-author study count,James B Stoco,1,471,0.2,,,authorship-covered unique studies,exact-identifier studies with usable structured authorship,multiple response; one count per unique author per study,19e84bd61f0782eec51c,OpenAlex author ID
Exact-identifier metadata sensitivity: authors,Unique-author study count,James Gorman,1,471,0.2,,,authorship-covered unique studies,exact-identifier studies with usable structured authorship,multiple response; one count per unique author per study,df4adbef2a265890959e,name-only record; duplicates collapsed within work only; not merged across works
Exact-identifier metadata sensitivity: authors,Unique-author study count,James S. Ryoo,1,471,0.2,,,authorship-covered unique studies,exact-identifier studies with usable structured authorship,multiple response; one count per unique author per study,50ac103890932b40242c,OpenAlex author ID
Exact-identifier metadata sensitivity: authors,Unique-author study count,James S. Wolffsohn,1,471,0.2,,,authorship-covered unique studies,exact-identifier studies with usable structured authorship,multiple response; one count per unique author per study,54972cda535948a803e8,OpenAlex author ID
Exact-identifier metadata sensitivity: authors,Unique-author study count,James W. Pennebaker,1,471,0.2,,,authorship-covered unique studies,exact-identifier studies with usable structured authorship,multiple response; one count per unique author per study,bc5dd5d7b1ad1b4d21e4,OpenAlex author ID
Exact-identifier metadata sensitivity: authors,Unique-author study count,James Waymack,1,471,0.2,,,authorship-covered unique studies,exact-identifier studies with usable structured authorship,multiple response; one count per unique author per study,4ef0a8247384321e8b47,OpenAlex author ID
Exact-identifier metadata sensitivity: authors,Unique-author study count,Jamie C. Chiu,1,471,0.2,,,authorship-covered unique studies,exact-identifier studies with usable structured authorship,multiple response; one count per unique author per study,sci_637ee1f73b6fd5027d1c,OpenAlex author ID
Exact-identifier metadata sensitivity: authors,Unique-author study count,Jamie Toole,1,471,0.2,,,authorship-covered unique studies,exact-identifier studies with usable structured authorship,multiple response; one count per unique author per study,b3a8d73bf08119c4ce68,OpenAlex author ID
Exact-identifier metadata sensitivity: authors,Unique-author study count,Jan Griewatz,1,471,0.2,,,authorship-covered unique studies,exact-identifier studies with usable structured authorship,multiple response; one count per unique author per study,cfa4cceea1f21315935e,OpenAlex author ID
Exact-identifier metadata sensitivity: authors,Unique-author study count,Jan Siebenbrock,1,471,0.2,,,authorship-covered unique studies,exact-identifier studies with usable structured authorship,multiple response; one count per unique author per study,7442954006aac8fa63fa,OpenAlex author ID
Exact-identifier metadata sensitivity: authors,Unique-author study count,Jan Zöllick,1,471,0.2,,,authorship-covered unique studies,exact-identifier studies with usable structured authorship,multiple response; one count per unique author per study,37bb0c4c182653ebb8f9,OpenAlex author ID
Exact-identifier metadata sensitivity: authors,Unique-author study count,Janet Reed,1,471,0.2,,,authorship-covered unique studies,exact-identifier studies with usable structured authorship,multiple response; one count per unique author per study,4252b0b43599d37a154a,OpenAlex author ID
Exact-identifier metadata sensitivity: authors,Unique-author study count,Janet Yuen Ha Wong,1,471,0.2,,,authorship-covered unique studies,exact-identifier studies with usable structured authorship,multiple response; one count per unique author per study,592d3957693502aad933,OpenAlex author ID
Exact-identifier metadata sensitivity: authors,Unique-author study count,Janllyn Avanthika,1,471,0.2,,,authorship-covered unique studies,exact-identifier studies with usable structured authorship,multiple response; one count per unique author per study,3e3d7476a0d0198a12a3,OpenAlex author ID
Exact-identifier metadata sensitivity: authors,Unique-author study count,Jannyse Tapp,1,471,0.2,,,authorship-covered unique studies,exact-identifier studies with usable structured authorship,multiple response; one count per unique author per study,766fde2e997ea8140bd0,OpenAlex author ID
Exact-identifier metadata sensitivity: authors,Unique-author study count,Jardel Francisco Mazzi‐Chaves,1,471,0.2,,,authorship-covered unique studies,exact-identifier studies with usable structured authorship,multiple response; one count per unique author per study,3aba8ba7976a49acd0ac,OpenAlex author ID
Exact-identifier metadata sensitivity: authors,Unique-author study count,Jaro Karppinen,1,471,0.2,,,authorship-covered unique studies,exact-identifier studies with usable structured authorship,multiple response; one count per unique author per study,ab784e3f29bfc7622997,OpenAlex author ID
Exact-identifier metadata sensitivity: authors,Unique-author study count,Jarod Parrish,1,471,0.2,,,authorship-covered unique studies,exact-identifier studies with usable structured authorship,multiple response; one count per unique author per study,03e1a6632b830e0512c9,OpenAlex author ID
Exact-identifier metadata sensitivity: authors,Unique-author study count,Jasmine James,1,471,0.2,,,authorship-covered unique studies,exact-identifier studies with usable structured authorship,multiple response; one count per unique author per study,7a9ca4d4d16f4705139f,OpenAlex author ID
Exact-identifier metadata sensitivity: authors,Unique-author study count,Jason F. Hall,1,471,0.2,,,authorship-covered unique studies,exact-identifier studies with usable structured authorship,multiple response; one count per unique author per study,437f09a0c472e4ba343e,OpenAlex author ID
Exact-identifier metadata sensitivity: authors,Unique-author study count,Jason Kolfenbach,1,471,0.2,,,authorship-covered unique studies,exact-identifier studies with usable structured authorship,multiple response; one count per unique author per study,bb3a5362f067d65fc98d,OpenAlex author ID
Exact-identifier metadata sensitivity: authors,Unique-author study count,Jay Naik,1,471,0.2,,,authorship-covered unique studies,exact-identifier studies with usable structured authorship,multiple response; one count per unique author per study,425ec6ee2ca714b7434a,OpenAlex author ID
Exact-identifier metadata sensitivity: authors,Unique-author study count,Jean Pierre,1,471,0.2,,,authorship-covered unique studies,exact-identifier studies with usable structured authorship,multiple response; one count per unique author per study,50e4613efeaaadc861f8,OpenAlex author ID
Exact-identifier metadata sensitivity: authors,Unique-author study count,Jeanne Krick,1,471,0.2,,,authorship-covered unique studies,exact-identifier studies with usable structured authorship,multiple response; one count per unique author per study,7a9ca4d4d16f4705139f,OpenAlex author ID
Exact-identifier metadata sensitivity: authors,Unique-author study count,Jeannet Carla Larrea Eyzaguirre,1,471,0.2,,,authorship-covered unique studies,exact-identifier studies with usable structured authorship,multiple response; one count per unique author per study,78868accc1f86fb42dce,name-only record; duplicates collapsed within work only; not merged across works
Exact-identifier metadata sensitivity: authors,Unique-author study count,Jean‐Christophe Cejka,1,471,0.2,,,authorship-covered unique studies,exact-identifier studies with usable structured authorship,multiple response; one count per unique author per study,b75fad8b8777d2f878b6,OpenAlex author ID
Exact-identifier metadata sensitivity: authors,Unique-author study count,Jeb T. Helms,1,471,0.2,,,authorship-covered unique studies,exact-identifier studies with usable structured authorship,multiple response; one count per unique author per study,df5127c0b752274d452e,OpenAlex author ID
Exact-identifier metadata sensitivity: authors,Unique-author study count,Jeff Zhang,1,471,0.2,,,authorship-covered unique studies,exact-identifier studies with usable structured authorship,multiple response; one count per unique author per study,50ac103890932b40242c,OpenAlex author ID
Exact-identifier metadata sensitivity: authors,Unique-author study count,Jeffrey McCarthy,1,471,0.2,,,authorship-covered unique studies,exact-identifier studies with usable structured authorship,multiple response; one count per unique author per study,58483951ebaed609e26a,name-only record; duplicates collapsed within work only; not merged across works
Exact-identifier metadata sensitivity: authors,Unique-author study count,Jeffrey R. Jones,1,471,0.2,,,authorship-covered unique studies,exact-identifier studies with usable structured authorship,multiple response; one count per unique author per study,cb97375c66ea36d11d94,OpenAlex author ID
Exact-identifier metadata sensitivity: authors,Unique-author study count,Jeffrey S. Upperman,1,471,0.2,,,authorship-covered unique studies,exact-identifier studies with usable structured authorship,multiple response; one count per unique author per study,6d3fca2519e927f795b8,OpenAlex author ID
Exact-identifier metadata sensitivity: authors,Unique-author study count,Jeng‐Cheng Wu,1,471,0.2,,,authorship-covered unique studies,exact-identifier studies with usable structured authorship,multiple response; one count per unique author per study,f97eadc969f29dc262e7,OpenAlex author ID
Exact-identifier metadata sensitivity: authors,Unique-author study count,Jennifer Dabel,1,471,0.2,,,authorship-covered unique studies,exact-identifier studies with usable structured authorship,multiple response; one count per unique author per study,7442954006aac8fa63fa,OpenAlex author ID
Exact-identifier metadata sensitivity: authors,Unique-author study count,Jennifer Eaton,1,471,0.2,,,authorship-covered unique studies,exact-identifier studies with usable structured authorship,multiple response; one count per unique author per study,e5b4ed028b3c0ea2eeec,OpenAlex author ID
Exact-identifier metadata sensitivity: authors,Unique-author study count,Jennifer Gunberg Ross,1,471,0.2,,,authorship-covered unique studies,exact-identifier studies with usable structured authorship,multiple response; one count per unique author per study,e4caff2128dfb4f4ac0c,OpenAlex author ID
Exact-identifier metadata sensitivity: authors,Unique-author study count,Jennifer Ridgway,1,471,0.2,,,authorship-covered unique studies,exact-identifier studies with usable structured authorship,multiple response; one count per unique author per study,7ab76d429b6539b40243,OpenAlex author ID
Exact-identifier metadata sensitivity: authors,Unique-author study count,Jennifer Schutz,1,471,0.2,,,authorship-covered unique studies,exact-identifier studies with usable structured authorship,multiple response; one count per unique author per study,7f735724143207af94c1,OpenAlex author ID
Exact-identifier metadata sensitivity: authors,Unique-author study count,Jenny Rudolph,1,471,0.2,,,authorship-covered unique studies,exact-identifier studies with usable structured authorship,multiple response; one count per unique author per study,af9edf1f4c2a0c11a5eb,OpenAlex author ID
Exact-identifier metadata sensitivity: authors,Unique-author study count,Jenny Unterkofler,1,471,0.2,,,authorship-covered unique studies,exact-identifier studies with usable structured authorship,multiple response; one count per unique author per study,bad1f4fb855554cb4aba,OpenAlex author ID
Exact-identifier metadata sensitivity: authors,Unique-author study count,Jens Van Nooten,1,471,0.2,,,authorship-covered unique studies,exact-identifier studies with usable structured authorship,multiple response; one count per unique author per study,4823a4ac11c66c68a7d4,OpenAlex author ID
Exact-identifier metadata sensitivity: authors,Unique-author study count,Jeremiah Kaplan,1,471,0.2,,,authorship-covered unique studies,exact-identifier studies with usable structured authorship,multiple response; one count per unique author per study,907d492e03a26ae110b8,OpenAlex author ID
Exact-identifier metadata sensitivity: authors,Unique-author study count,Jeremy C. Hagler,1,471,0.2,,,authorship-covered unique studies,exact-identifier studies with usable structured authorship,multiple response; one count per unique author per study,7f98755e27ed54f044ae,OpenAlex author ID
Exact-identifier metadata sensitivity: authors,Unique-author study count,Jeremy J. Webb,1,471,0.2,,,authorship-covered unique studies,exact-identifier studies with usable structured authorship,multiple response; one count per unique author per study,0a25081e59bfa2406a89,OpenAlex author ID
Exact-identifier metadata sensitivity: authors,Unique-author study count,Jeremy Ong,1,471,0.2,,,authorship-covered unique studies,exact-identifier studies with usable structured authorship,multiple response; one count per unique author per study,9d44b976cb2c076751e8,OpenAlex author ID
Exact-identifier metadata sensitivity: authors,Unique-author study count,Jerry Jacob,1,471,0.2,,,authorship-covered unique studies,exact-identifier studies with usable structured authorship,multiple response; one count per unique author per study,afa9fe102dc8ed9bfaff,OpenAlex author ID
Exact-identifier metadata sensitivity: authors,Unique-author study count,Jess Kropczynski,1,471,0.2,,,authorship-covered unique studies,exact-identifier studies with usable structured authorship,multiple response; one count per unique author per study,d885762caf8919afe125,OpenAlex author ID
Exact-identifier metadata sensitivity: authors,Unique-author study count,Jessica H. Ochs,1,471,0.2,,,authorship-covered unique studies,exact-identifier studies with usable structured authorship,multiple response; one count per unique author per study,60653c070afcf8848788,OpenAlex author ID
Exact-identifier metadata sensitivity: authors,Unique-author study count,Jessica Sims,1,471,0.2,,,authorship-covered unique studies,exact-identifier studies with usable structured authorship,multiple response; one count per unique author per study,6d3fca2519e927f795b8,OpenAlex author ID
Exact-identifier metadata sensitivity: authors,Unique-author study count,Ji Hoon Kim,1,471,0.2,,,authorship-covered unique studies,exact-identifier studies with usable structured authorship,multiple response; one count per unique author per study,c837d77a482b4e089619,OpenAlex author ID
Exact-identifier metadata sensitivity: authors,Unique-author study count,Ji Woo Song,1,471,0.2,,,authorship-covered unique studies,exact-identifier studies with usable structured authorship,multiple response; one count per unique author per study,c837d77a482b4e089619,OpenAlex author ID
Exact-identifier metadata sensitivity: authors,Unique-author study count,Jia Zhang,1,471,0.2,,,authorship-covered unique studies,exact-identifier studies with usable structured authorship,multiple response; one count per unique author per study,d3f99e099b9310de57e3,OpenAlex author ID
Exact-identifier metadata sensitivity: authors,Unique-author study count,Jiahuan Pei,1,471,0.2,,,authorship-covered unique studies,exact-identifier studies with usable structured authorship,multiple response; one count per unique author per study,fd1a9c7f0b28a609f8af,OpenAlex author ID
Exact-identifier metadata sensitivity: authors,Unique-author study count,Jialong Yu,1,471,0.2,,,authorship-covered unique studies,exact-identifier studies with usable structured authorship,multiple response; one count per unique author per study,2c33e3b00e199776ba05,OpenAlex author ID
Exact-identifier metadata sensitivity: authors,Unique-author study count,Jialun Zhong,1,471,0.2,,,authorship-covered unique studies,exact-identifier studies with usable structured authorship,multiple response; one count per unique author per study,04b48ce4dda567febfa2,OpenAlex author ID
Exact-identifier metadata sensitivity: authors,Unique-author study count,Jiameng Wei,1,471,0.2,,,authorship-covered unique studies,exact-identifier studies with usable structured authorship,multiple response; one count per unique author per study,44d09fb5dabfde2e9e31,OpenAlex author ID
Exact-identifier metadata sensitivity: authors,Unique-author study count,Jianbo Xu,1,471,0.2,,,authorship-covered unique studies,exact-identifier studies with usable structured authorship,multiple response; one count per unique author per study,548ca816901c7761f0bf,OpenAlex author ID
Exact-identifier metadata sensitivity: authors,Unique-author study count,Jiang Wu,1,471,0.2,,,authorship-covered unique studies,exact-identifier studies with usable structured authorship,multiple response; one count per unique author per study,235688621e9d66593a40,OpenAlex author ID
Exact-identifier metadata sensitivity: authors,Unique-author study count,Jiang Zhong,1,471,0.2,,,authorship-covered unique studies,exact-identifier studies with usable structured authorship,multiple response; one count per unique author per study,f2454b259920b1b1d032,OpenAlex author ID
Exact-identifier metadata sensitivity: authors,Unique-author study count,Jiangli Han,1,471,0.2,,,authorship-covered unique studies,exact-identifier studies with usable structured authorship,multiple response; one count per unique author per study,da4715a1835405ea02b7,OpenAlex author ID
Exact-identifier metadata sensitivity: authors,Unique-author study count,Jiani Yao,1,471,0.2,,,authorship-covered unique studies,exact-identifier studies with usable structured authorship,multiple response; one count per unique author per study,a4d746b41f7f88ceb127,OpenAlex author ID
Exact-identifier metadata sensitivity: authors,Unique-author study count,Jianwei Ni,1,471,0.2,,,authorship-covered unique studies,exact-identifier studies with usable structured authorship,multiple response; one count per unique author per study,37a099d4d3aa15cafaa9,OpenAlex author ID
Exact-identifier metadata sensitivity: authors,Unique-author study count,Jianxing Qin,1,471,0.2,,,authorship-covered unique studies,exact-identifier studies with usable structured authorship,multiple response; one count per unique author per study,2c33e3b00e199776ba05,OpenAlex author ID
Exact-identifier metadata sensitivity: authors,Unique-author study count,Jianyu Pang,1,471,0.2,,,authorship-covered unique studies,exact-identifier studies with usable structured authorship,multiple response; one count per unique author per study,adc1485c258278b24c4e,OpenAlex author ID
Exact-identifier metadata sensitivity: authors,Unique-author study count,Jian‐Lin Wu,1,471,0.2,,,authorship-covered unique studies,exact-identifier studies with usable structured authorship,multiple response; one count per unique author per study,sci_3d6777cb059403330506,OpenAlex author ID
Exact-identifier metadata sensitivity: authors,Unique-author study count,Jiao Li,1,471,0.2,,,authorship-covered unique studies,exact-identifier studies with usable structured authorship,multiple response; one count per unique author per study,3a2d4841832fea8715fe,OpenAlex author ID
Exact-identifier metadata sensitivity: authors,Unique-author study count,Jiayan Zhou,1,471,0.2,,,authorship-covered unique studies,exact-identifier studies with usable structured authorship,multiple response; one count per unique author per study,d977c356ff57ab060fef,OpenAlex author ID
Exact-identifier metadata sensitivity: authors,Unique-author study count,Jiayin Zhi,1,471,0.2,,,authorship-covered unique studies,exact-identifier studies with usable structured authorship,multiple response; one count per unique author per study,sci_637ee1f73b6fd5027d1c,OpenAlex author ID
Exact-identifier metadata sensitivity: authors,Unique-author study count,Jicheng Li,1,471,0.2,,,authorship-covered unique studies,exact-identifier studies with usable structured authorship,multiple response; one count per unique author per study,3cc4d65478e63af8ab6e,OpenAlex author ID
Exact-identifier metadata sensitivity: authors,Unique-author study count,Jie Li,1,471,0.2,,,authorship-covered unique studies,exact-identifier studies with usable structured authorship,multiple response; one count per unique author per study,fd1a9c7f0b28a609f8af,OpenAlex author ID
Exact-identifier metadata sensitivity: authors,Unique-author study count,Jie Lu,1,471,0.2,,,authorship-covered unique studies,exact-identifier studies with usable structured authorship,multiple response; one count per unique author per study,b608f772e32f2dbbff5e,OpenAlex author ID
Exact-identifier metadata sensitivity: authors,Unique-author study count,Jie Sun,1,471,0.2,,,authorship-covered unique studies,exact-identifier studies with usable structured authorship,multiple response; one count per unique author per study,d977c356ff57ab060fef,OpenAlex author ID
Exact-identifier metadata sensitivity: authors,Unique-author study count,Jie Zhou,1,471,0.2,,,authorship-covered unique studies,exact-identifier studies with usable structured authorship,multiple response; one count per unique author per study,0fe5747ae7b23830be21,OpenAlex author ID
Exact-identifier metadata sensitivity: authors,Unique-author study count,Jieyu He,1,471,0.2,,,authorship-covered unique studies,exact-identifier studies with usable structured authorship,multiple response; one count per unique author per study,0b386fbba1d6908a565d,OpenAlex author ID
Exact-identifier metadata sensitivity: authors,Unique-author study count,Jihan Lim,1,471,0.2,,,authorship-covered unique studies,exact-identifier studies with usable structured authorship,multiple response; one count per unique author per study,0a2c09d04e10e0478041,OpenAlex author ID
Exact-identifier metadata sensitivity: authors,Unique-author study count,Jihyun Ahn,1,471,0.2,,,authorship-covered unique studies,exact-identifier studies with usable structured authorship,multiple response; one count per unique author per study,654de90417901825feeb,OpenAlex author ID
Exact-identifier metadata sensitivity: authors,Unique-author study count,Jiming Zhu,1,471,0.2,,,authorship-covered unique studies,exact-identifier studies with usable structured authorship,multiple response; one count per unique author per study,1158803af3fb0ab9c072,OpenAlex author ID
Exact-identifier metadata sensitivity: authors,Unique-author study count,Jin Vivian Lee,1,471,0.2,,,authorship-covered unique studies,exact-identifier studies with usable structured authorship,multiple response; one count per unique author per study,50ac103890932b40242c,OpenAlex author ID
Exact-identifier metadata sensitivity: authors,Unique-author study count,Jin Yang Ho,1,471,0.2,,,authorship-covered unique studies,exact-identifier studies with usable structured authorship,multiple response; one count per unique author per study,3592795dfee0e066000a,OpenAlex author ID
Exact-identifier metadata sensitivity: authors,Unique-author study count,Jinbin Zheng,1,471,0.2,,,authorship-covered unique studies,exact-identifier studies with usable structured authorship,multiple response; one count per unique author per study,6d60da2f964efcc60587,OpenAlex author ID
Exact-identifier metadata sensitivity: authors,Unique-author study count,Jinchao Zhang,1,471,0.2,,,authorship-covered unique studies,exact-identifier studies with usable structured authorship,multiple response; one count per unique author per study,0fe5747ae7b23830be21,OpenAlex author ID
Exact-identifier metadata sensitivity: authors,Unique-author study count,Jing Zhang,1,471,0.2,,,authorship-covered unique studies,exact-identifier studies with usable structured authorship,multiple response; one count per unique author per study,da920e8320da57a1954a,OpenAlex author ID
Exact-identifier metadata sensitivity: authors,Unique-author study count,Jingbang Liu,1,471,0.2,,,authorship-covered unique studies,exact-identifier studies with usable structured authorship,multiple response; one count per unique author per study,2610ebe5f560db94c888,OpenAlex author ID
Exact-identifier metadata sensitivity: authors,Unique-author study count,Jingjing Chen,1,471,0.2,,,authorship-covered unique studies,exact-identifier studies with usable structured authorship,multiple response; one count per unique author per study,adc1485c258278b24c4e,OpenAlex author ID
Exact-identifier metadata sensitivity: authors,Unique-author study count,Jingxian He,1,471,0.2,,,authorship-covered unique studies,exact-identifier studies with usable structured authorship,multiple response; one count per unique author per study,d977c356ff57ab060fef,OpenAlex author ID
Exact-identifier metadata sensitivity: authors,Unique-author study count,Jingxin Wang,1,471,0.2,,,authorship-covered unique studies,exact-identifier studies with usable structured authorship,multiple response; one count per unique author per study,f2454b259920b1b1d032,OpenAlex author ID
Exact-identifier metadata sensitivity: authors,Unique-author study count,Jinho Kim,1,471,0.2,,,authorship-covered unique studies,exact-identifier studies with usable structured authorship,multiple response; one count per unique author per study,45e7ea1fbbde53125fd7,OpenAlex author ID
Exact-identifier metadata sensitivity: authors,Unique-author study count,Jinlin Wu,1,471,0.2,,,authorship-covered unique studies,exact-identifier studies with usable structured authorship,multiple response; one count per unique author per study,8616afb3ca85007ec9d7,OpenAlex author ID
Exact-identifier metadata sensitivity: authors,Unique-author study count,Jinsu Eun,1,471,0.2,,,authorship-covered unique studies,exact-identifier studies with usable structured authorship,multiple response; one count per unique author per study,9b8b66d55c35b17e843c,OpenAlex author ID
Exact-identifier metadata sensitivity: authors,Unique-author study count,Jinwoo Myung,1,471,0.2,,,authorship-covered unique studies,exact-identifier studies with usable structured authorship,multiple response; one count per unique author per study,c837d77a482b4e089619,OpenAlex author ID
Exact-identifier metadata sensitivity: authors,Unique-author study count,Jinyu Zhou,1,471,0.2,,,authorship-covered unique studies,exact-identifier studies with usable structured authorship,multiple response; one count per unique author per study,1c073acedd6171c3394d,OpenAlex author ID
Exact-identifier metadata sensitivity: authors,Unique-author study count,Jithin Joseph,1,471,0.2,,,authorship-covered unique studies,exact-identifier studies with usable structured authorship,multiple response; one count per unique author per study,63c69a200d415bc42d9b,OpenAlex author ID
Exact-identifier metadata sensitivity: authors,Unique-author study count,Jiyeong Won,1,471,0.2,,,authorship-covered unique studies,exact-identifier studies with usable structured authorship,multiple response; one count per unique author per study,sci_9353c3c154cbf1cd3c54,OpenAlex author ID
Exact-identifier metadata sensitivity: authors,Unique-author study count,Jiyoung Kim,1,471,0.2,,,authorship-covered unique studies,exact-identifier studies with usable structured authorship,multiple response; one count per unique author per study,sci_9353c3c154cbf1cd3c54,OpenAlex author ID
Exact-identifier metadata sensitivity: authors,Unique-author study count,Jiří Travěnec,1,471,0.2,,,authorship-covered unique studies,exact-identifier studies with usable structured authorship,multiple response; one count per unique author per study,56dc16bbc7cd98ca993a,OpenAlex author ID
Exact-identifier metadata sensitivity: authors,Unique-author study count,Ji‐Hyun Seo,1,471,0.2,,,authorship-covered unique studies,exact-identifier studies with usable structured authorship,multiple response; one count per unique author per study,4c10642623772d392b58,OpenAlex author ID
Exact-identifier metadata sensitivity: authors,Unique-author study count,Ji‐Jiang Yang,1,471,0.2,,,authorship-covered unique studies,exact-identifier studies with usable structured authorship,multiple response; one count per unique author per study,1158803af3fb0ab9c072,OpenAlex author ID
Exact-identifier metadata sensitivity: authors,Unique-author study count,Joanna Fąferek,1,471,0.2,,,authorship-covered unique studies,exact-identifier studies with usable structured authorship,multiple response; one count per unique author per study,14a6c8b99daf76e8179d,OpenAlex author ID
Exact-identifier metadata sensitivity: authors,Unique-author study count,Joanne Choi,1,471,0.2,,,authorship-covered unique studies,exact-identifier studies with usable structured authorship,multiple response; one count per unique author per study,50ac103890932b40242c,OpenAlex author ID
Exact-identifier metadata sensitivity: authors,Unique-author study count,Job Oyebisi,1,471,0.2,,,authorship-covered unique studies,exact-identifier studies with usable structured authorship,multiple response; one count per unique author per study,401238697481e3dbe32e,OpenAlex author ID
Exact-identifier metadata sensitivity: authors,Unique-author study count,Joel David Moore,1,471,0.2,,,authorship-covered unique studies,exact-identifier studies with usable structured authorship,multiple response; one count per unique author per study,00dc13a955ae4496d4ca,OpenAlex author ID
Exact-identifier metadata sensitivity: authors,Unique-author study count,Joemmaicca Augustta anak Joggery,1,471,0.2,,,authorship-covered unique studies,exact-identifier studies with usable structured authorship,multiple response; one count per unique author per study,643ef34d4dd326d5b164,OpenAlex author ID
Exact-identifier metadata sensitivity: authors,Unique-author study count,John Mitchell,1,471,0.2,,,authorship-covered unique studies,exact-identifier studies with usable structured authorship,multiple response; one count per unique author per study,5aa2066f4c78fde5a50b,OpenAlex author ID
Exact-identifier metadata sensitivity: authors,Unique-author study count,John Petrilli,1,471,0.2,,,authorship-covered unique studies,exact-identifier studies with usable structured authorship,multiple response; one count per unique author per study,d02cfb250e397dd52db5,OpenAlex author ID
Exact-identifier metadata sensitivity: authors,Unique-author study count,John S. Shallat,1,471,0.2,,,authorship-covered unique studies,exact-identifier studies with usable structured authorship,multiple response; one count per unique author per study,f9c1bb8b50eb65edbf84,OpenAlex author ID
Exact-identifier metadata sensitivity: authors,Unique-author study count,Joko Gunawan,1,471,0.2,,,authorship-covered unique studies,exact-identifier studies with usable structured authorship,multiple response; one count per unique author per study,e5e611fc18a4d66128d9,OpenAlex author ID
Exact-identifier metadata sensitivity: authors,Unique-author study count,Jomin George,1,471,0.2,,,authorship-covered unique studies,exact-identifier studies with usable structured authorship,multiple response; one count per unique author per study,c13d5a010789f6f44c11,OpenAlex author ID
Exact-identifier metadata sensitivity: authors,Unique-author study count,Jon Turvey,1,471,0.2,,,authorship-covered unique studies,exact-identifier studies with usable structured authorship,multiple response; one count per unique author per study,4f796e0ce90dce8d4da8,OpenAlex author ID
Exact-identifier metadata sensitivity: authors,Unique-author study count,Jonas Bienzeisler,1,471,0.2,,,authorship-covered unique studies,exact-identifier studies with usable structured authorship,multiple response; one count per unique author per study,bad1f4fb855554cb4aba,OpenAlex author ID
Exact-identifier metadata sensitivity: authors,Unique-author study count,Jonathan C. Darling,1,471,0.2,,,authorship-covered unique studies,exact-identifier studies with usable structured authorship,multiple response; one count per unique author per study,b4fa4675ffa2674da6e1,OpenAlex author ID
Exact-identifier metadata sensitivity: authors,Unique-author study count,Jonathan Cortés-Rodríguez,1,471,0.2,,,authorship-covered unique studies,exact-identifier studies with usable structured authorship,multiple response; one count per unique author per study,98c23d01b9fb23bd43c4,OpenAlex author ID
Exact-identifier metadata sensitivity: authors,Unique-author study count,Jonathan Kambire,1,471,0.2,,,authorship-covered unique studies,exact-identifier studies with usable structured authorship,multiple response; one count per unique author per study,5245cf325337d81e78ff,OpenAlex author ID
Exact-identifier metadata sensitivity: authors,Unique-author study count,Jonathan Martín,1,471,0.2,,,authorship-covered unique studies,exact-identifier studies with usable structured authorship,multiple response; one count per unique author per study,e2a36443154e9a33aff9,OpenAlex author ID
Exact-identifier metadata sensitivity: authors,Unique-author study count,Joon Sung Shin,1,471,0.2,,,authorship-covered unique studies,exact-identifier studies with usable structured authorship,multiple response; one count per unique author per study,9d0e015a74d4a026b092,OpenAlex author ID
Exact-identifier metadata sensitivity: authors,Unique-author study count,Joon-Young Kim,1,471,0.2,,,authorship-covered unique studies,exact-identifier studies with usable structured authorship,multiple response; one count per unique author per study,581dc0790951c1557bba,OpenAlex author ID
Exact-identifier metadata sensitivity: authors,Unique-author study count,Joona Gustafsson,1,471,0.2,,,authorship-covered unique studies,exact-identifier studies with usable structured authorship,multiple response; one count per unique author per study,088f42aecd2674d3dbe5,OpenAlex author ID
Exact-identifier metadata sensitivity: authors,Unique-author study count,Joong-Il Shin,1,471,0.2,,,authorship-covered unique studies,exact-identifier studies with usable structured authorship,multiple response; one count per unique author per study,eee52e824f1559f7759a,OpenAlex author ID
Exact-identifier metadata sensitivity: authors,Unique-author study count,Jordan O'Brien,1,471,0.2,,,authorship-covered unique studies,exact-identifier studies with usable structured authorship,multiple response; one count per unique author per study,6d3fca2519e927f795b8,name-only record; duplicates collapsed within work only; not merged across works
Exact-identifier metadata sensitivity: authors,Unique-author study count,Jordan Risher,1,471,0.2,,,authorship-covered unique studies,exact-identifier studies with usable structured authorship,multiple response; one count per unique author per study,7f735724143207af94c1,OpenAlex author ID
Exact-identifier metadata sensitivity: authors,Unique-author study count,Jordi Garcia,1,471,0.2,,,authorship-covered unique studies,exact-identifier studies with usable structured authorship,multiple response; one count per unique author per study,73f1b1dee9a19c0ea0af,OpenAlex author ID
Exact-identifier metadata sensitivity: authors,Unique-author study count,Jorge Galindo Samperio,1,471,0.2,,,authorship-covered unique studies,exact-identifier studies with usable structured authorship,multiple response; one count per unique author per study,d0ead936020ec24f78a7,OpenAlex author ID
Exact-identifier metadata sensitivity: authors,Unique-author study count,Jorge López Castroman,1,471,0.2,,,authorship-covered unique studies,exact-identifier studies with usable structured authorship,multiple response; one count per unique author per study,be9dea9f8b093b59c0c4,OpenAlex author ID
Exact-identifier metadata sensitivity: authors,Unique-author study count,Joseph C. L’Huillier,1,471,0.2,,,authorship-covered unique studies,exact-identifier studies with usable structured authorship,multiple response; one count per unique author per study,79301031755b16db8fe6,OpenAlex author ID
Exact-identifier metadata sensitivity: authors,Unique-author study count,Joseph Cross,1,471,0.2,,,authorship-covered unique studies,exact-identifier studies with usable structured authorship,multiple response; one count per unique author per study,76597dc445d9df2ae743,OpenAlex author ID
Exact-identifier metadata sensitivity: authors,Unique-author study count,Joseph Jillwin,1,471,0.2,,,authorship-covered unique studies,exact-identifier studies with usable structured authorship,multiple response; one count per unique author per study,76597dc445d9df2ae743,OpenAlex author ID
Exact-identifier metadata sensitivity: authors,Unique-author study count,Joseph Lopreiato,1,471,0.2,,,authorship-covered unique studies,exact-identifier studies with usable structured authorship,multiple response; one count per unique author per study,7bda59402c9478eda64c,OpenAlex author ID
Exact-identifier metadata sensitivity: authors,Unique-author study count,Joseph Walter,1,471,0.2,,,authorship-covered unique studies,exact-identifier studies with usable structured authorship,multiple response; one count per unique author per study,03e1a6632b830e0512c9,OpenAlex author ID
Exact-identifier metadata sensitivity: authors,Unique-author study count,Josephine Tighe,1,471,0.2,,,authorship-covered unique studies,exact-identifier studies with usable structured authorship,multiple response; one count per unique author per study,0038624c09ec9fe46395,OpenAlex author ID
Exact-identifier metadata sensitivity: authors,Unique-author study count,Joshua Overgaard,1,471,0.2,,,authorship-covered unique studies,exact-identifier studies with usable structured authorship,multiple response; one count per unique author per study,2877ad2c6a928639280a,OpenAlex author ID
Exact-identifier metadata sensitivity: authors,Unique-author study count,Joshua Roshal,1,471,0.2,,,authorship-covered unique studies,exact-identifier studies with usable structured authorship,multiple response; one count per unique author per study,79301031755b16db8fe6,OpenAlex author ID
Exact-identifier metadata sensitivity: authors,Unique-author study count,Josselin Guyodo,1,471,0.2,,,authorship-covered unique studies,exact-identifier studies with usable structured authorship,multiple response; one count per unique author per study,73f1b1dee9a19c0ea0af,OpenAlex author ID
Exact-identifier metadata sensitivity: authors,Unique-author study count,José Joaquín Mira,1,471,0.2,,,authorship-covered unique studies,exact-identifier studies with usable structured authorship,multiple response; one count per unique author per study,71a491a468f6c4c71249,name-only record; duplicates collapsed within work only; not merged across works
Exact-identifier metadata sensitivity: authors,Unique-author study count,José Luís Tapia,1,471,0.2,,,authorship-covered unique studies,exact-identifier studies with usable structured authorship,multiple response; one count per unique author per study,f4d7fdee2c3cc083329d,OpenAlex author ID
Exact-identifier metadata sensitivity: authors,Unique-author study count,Joy Davis,1,471,0.2,,,authorship-covered unique studies,exact-identifier studies with usable structured authorship,multiple response; one count per unique author per study,d11ce96adb05741aef6d,OpenAlex author ID
Exact-identifier metadata sensitivity: authors,Unique-author study count,João Daniel Mendonça de Moura,1,471,0.2,,,authorship-covered unique studies,exact-identifier studies with usable structured authorship,multiple response; one count per unique author per study,1131dfab50144331e92a,OpenAlex author ID
Exact-identifier metadata sensitivity: authors,Unique-author study count,Jo�ão Araújo,1,471,0.2,,,authorship-covered unique studies,exact-identifier studies with usable structured authorship,multiple response; one count per unique author per study,19e84bd61f0782eec51c,OpenAlex author ID
Exact-identifier metadata sensitivity: authors,Unique-author study count,Ju Whi Kim,1,471,0.2,,,authorship-covered unique studies,exact-identifier studies with usable structured authorship,multiple response; one count per unique author per study,9d0e015a74d4a026b092,OpenAlex author ID
Exact-identifier metadata sensitivity: authors,Unique-author study count,Ju-Yeon Park,1,471,0.2,,,authorship-covered unique studies,exact-identifier studies with usable structured authorship,multiple response; one count per unique author per study,eee52e824f1559f7759a,OpenAlex author ID
Exact-identifier metadata sensitivity: authors,Unique-author study count,Juan Antonio Medina Aguirre,1,471,0.2,,,authorship-covered unique studies,exact-identifier studies with usable structured authorship,multiple response; one count per unique author per study,a2883a095e505041a802,OpenAlex author ID
Exact-identifier metadata sensitivity: authors,Unique-author study count,Juan F. Delgado,1,471,0.2,,,authorship-covered unique studies,exact-identifier studies with usable structured authorship,multiple response; one count per unique author per study,6ab002878664147423a1,OpenAlex author ID
Exact-identifier metadata sensitivity: authors,Unique-author study count,Juan José Granizo Martínez,1,471,0.2,,,authorship-covered unique studies,exact-identifier studies with usable structured authorship,multiple response; one count per unique author per study,6ab002878664147423a1,name-only record; duplicates collapsed within work only; not merged across works
Exact-identifier metadata sensitivity: authors,Unique-author study count,Juan Li,1,471,0.2,,,authorship-covered unique studies,exact-identifier studies with usable structured authorship,multiple response; one count per unique author per study,902be756a877af6118c0,OpenAlex author ID
Exact-identifier metadata sensitivity: authors,Unique-author study count,Juan Li,1,471,0.2,,,authorship-covered unique studies,exact-identifier studies with usable structured authorship,multiple response; one count per unique author per study,2c33e3b00e199776ba05,OpenAlex author ID
Exact-identifier metadata sensitivity: authors,Unique-author study count,Judith A. Linden,1,471,0.2,,,authorship-covered unique studies,exact-identifier studies with usable structured authorship,multiple response; one count per unique author per study,039798e4f1498c17cf82,OpenAlex author ID
Exact-identifier metadata sensitivity: authors,Unique-author study count,Juhani Määttä,1,471,0.2,,,authorship-covered unique studies,exact-identifier studies with usable structured authorship,multiple response; one count per unique author per study,ab784e3f29bfc7622997,OpenAlex author ID
Exact-identifier metadata sensitivity: authors,Unique-author study count,Julia C. Phillippi,1,471,0.2,,,authorship-covered unique studies,exact-identifier studies with usable structured authorship,multiple response; one count per unique author per study,766fde2e997ea8140bd0,OpenAlex author ID
Exact-identifier metadata sensitivity: authors,Unique-author study count,Julia George,1,471,0.2,,,authorship-covered unique studies,exact-identifier studies with usable structured authorship,multiple response; one count per unique author per study,76597dc445d9df2ae743,OpenAlex author ID
Exact-identifier metadata sensitivity: authors,Unique-author study count,Julia Seelandt,1,471,0.2,,,authorship-covered unique studies,exact-identifier studies with usable structured authorship,multiple response; one count per unique author per study,272439595ff3b96c35f3,OpenAlex author ID
Exact-identifier metadata sensitivity: authors,Unique-author study count,Julia Soares Dollis,1,471,0.2,,,authorship-covered unique studies,exact-identifier studies with usable structured authorship,multiple response; one count per unique author per study,d46506f34cc784478c88,OpenAlex author ID
Exact-identifier metadata sensitivity: authors,Unique-author study count,Julia Steed,1,471,0.2,,,authorship-covered unique studies,exact-identifier studies with usable structured authorship,multiple response; one count per unique author per study,766fde2e997ea8140bd0,OpenAlex author ID
Exact-identifier metadata sensitivity: authors,Unique-author study count,Julia-Astrid Moldt,1,471,0.2,,,authorship-covered unique studies,exact-identifier studies with usable structured authorship,multiple response; one count per unique author per study,cfa4cceea1f21315935e,OpenAlex author ID
Exact-identifier metadata sensitivity: authors,Unique-author study count,JULIAN VARAS,1,471,0.2,,,authorship-covered unique studies,exact-identifier studies with usable structured authorship,multiple response; one count per unique author per study,b53bf33d223a68f17e8c,name-only record; duplicates collapsed within work only; not merged across works
Exact-identifier metadata sensitivity: authors,Unique-author study count,Juliana Samson,1,471,0.2,,,authorship-covered unique studies,exact-identifier studies with usable structured authorship,multiple response; one count per unique author per study,30b04ea7e17c283383c8,OpenAlex author ID
Exact-identifier metadata sensitivity: authors,Unique-author study count,Julianna C. Kostas,1,471,0.2,,,authorship-covered unique studies,exact-identifier studies with usable structured authorship,multiple response; one count per unique author per study,sci_7924be52acf88877d8df,OpenAlex author ID
Exact-identifier metadata sensitivity: authors,Unique-author study count,Julie Shaw,1,471,0.2,,,authorship-covered unique studies,exact-identifier studies with usable structured authorship,multiple response; one count per unique author per study,0038624c09ec9fe46395,OpenAlex author ID
Exact-identifier metadata sensitivity: authors,Unique-author study count,Julien Lejeune,1,471,0.2,,,authorship-covered unique studies,exact-identifier studies with usable structured authorship,multiple response; one count per unique author per study,5aeb6b891099b95aa832,OpenAlex author ID
Exact-identifier metadata sensitivity: authors,Unique-author study count,Julien Nait-Kaci,1,471,0.2,,,authorship-covered unique studies,exact-identifier studies with usable structured authorship,multiple response; one count per unique author per study,5aeb6b891099b95aa832,OpenAlex author ID
Exact-identifier metadata sensitivity: authors,Unique-author study count,Juming Jiang,1,471,0.2,,,authorship-covered unique studies,exact-identifier studies with usable structured authorship,multiple response; one count per unique author per study,592d3957693502aad933,OpenAlex author ID
Exact-identifier metadata sensitivity: authors,Unique-author study count,Jumpee Granger,1,471,0.2,,,authorship-covered unique studies,exact-identifier studies with usable structured authorship,multiple response; one count per unique author per study,7a5ffafc98c031b3684e,OpenAlex author ID
Exact-identifier metadata sensitivity: authors,Unique-author study count,Jun Feng,1,471,0.2,,,authorship-covered unique studies,exact-identifier studies with usable structured authorship,multiple response; one count per unique author per study,73a1f91733c91359d5f0,OpenAlex author ID
Exact-identifier metadata sensitivity: authors,Unique-author study count,Jun MAO,1,471,0.2,,,authorship-covered unique studies,exact-identifier studies with usable structured authorship,multiple response; one count per unique author per study,7a269bae27b9f603ddda,OpenAlex author ID
Exact-identifier metadata sensitivity: authors,Unique-author study count,Jun WANG,1,471,0.2,,,authorship-covered unique studies,exact-identifier studies with usable structured authorship,multiple response; one count per unique author per study,b777355095979479280c,name-only record; duplicates collapsed within work only; not merged across works
Exact-identifier metadata sensitivity: authors,Unique-author study count,Junaid Qadir,1,471,0.2,,,authorship-covered unique studies,exact-identifier studies with usable structured authorship,multiple response; one count per unique author per study,e3ee954b5290b4f74f0b,OpenAlex author ID
Exact-identifier metadata sensitivity: authors,Unique-author study count,Jung Eun Kim,1,471,0.2,,,authorship-covered unique studies,exact-identifier studies with usable structured authorship,multiple response; one count per unique author per study,49bb4b3f2e5c7a1a3f92,OpenAlex author ID
Exact-identifier metadata sensitivity: authors,Unique-author study count,Jung Min Yoon,1,471,0.2,,,authorship-covered unique studies,exact-identifier studies with usable structured authorship,multiple response; one count per unique author per study,7a5ffafc98c031b3684e,OpenAlex author ID
Exact-identifier metadata sensitivity: authors,Unique-author study count,Junho Cho,1,471,0.2,,,authorship-covered unique studies,exact-identifier studies with usable structured authorship,multiple response; one count per unique author per study,c837d77a482b4e089619,OpenAlex author ID
Exact-identifier metadata sensitivity: authors,Unique-author study count,Junhyuk Seo,1,471,0.2,,,authorship-covered unique studies,exact-identifier studies with usable structured authorship,multiple response; one count per unique author per study,581dc0790951c1557bba,name-only record; duplicates collapsed within work only; not merged across works
Exact-identifier metadata sensitivity: authors,Unique-author study count,Junseok Kang,1,471,0.2,,,authorship-covered unique studies,exact-identifier studies with usable structured authorship,multiple response; one count per unique author per study,654de90417901825feeb,OpenAlex author ID
Exact-identifier metadata sensitivity: authors,Unique-author study count,Junyeong Choi,1,471,0.2,,,authorship-covered unique studies,exact-identifier studies with usable structured authorship,multiple response; one count per unique author per study,0a2c09d04e10e0478041,OpenAlex author ID
Exact-identifier metadata sensitivity: authors,Unique-author study count,Justin E. Freedman,1,471,0.2,,,authorship-covered unique studies,exact-identifier studies with usable structured authorship,multiple response; one count per unique author per study,abda3007be07a5153c0c,OpenAlex author ID
Exact-identifier metadata sensitivity: authors,Unique-author study count,Justina Yat Wa Liu,1,471,0.2,,,authorship-covered unique studies,exact-identifier studies with usable structured authorship,multiple response; one count per unique author per study,3adc77e0b0502fcefcc3,OpenAlex author ID
Exact-identifier metadata sensitivity: authors,Unique-author study count,Jutta Piipponen,1,471,0.2,,,authorship-covered unique studies,exact-identifier studies with usable structured authorship,multiple response; one count per unique author per study,4cac4c9f22b3d59d56dd,OpenAlex author ID
Exact-identifier metadata sensitivity: authors,Unique-author study count,K. Chikezie,1,471,0.2,,,authorship-covered unique studies,exact-identifier studies with usable structured authorship,multiple response; one count per unique author per study,681bba8e632d1614f426,OpenAlex author ID
Exact-identifier metadata sensitivity: authors,Unique-author study count,K. Zhang,1,471,0.2,,,authorship-covered unique studies,exact-identifier studies with usable structured authorship,multiple response; one count per unique author per study,sci_6140618886946efd3455,OpenAlex author ID
Exact-identifier metadata sensitivity: authors,Unique-author study count,Kahyen Shin,1,471,0.2,,,authorship-covered unique studies,exact-identifier studies with usable structured authorship,multiple response; one count per unique author per study,sci_6140618886946efd3455,OpenAlex author ID
Exact-identifier metadata sensitivity: authors,Unique-author study count,Kahyen Shin,1,471,0.2,,,authorship-covered unique studies,exact-identifier studies with usable structured authorship,multiple response; one count per unique author per study,4dcbdf4bf0f5a9a6c8c8,name-only record; duplicates collapsed within work only; not merged across works
Exact-identifier metadata sensitivity: authors,Unique-author study count,Kai O. Hensel,1,471,0.2,,,authorship-covered unique studies,exact-identifier studies with usable structured authorship,multiple response; one count per unique author per study,bad1f4fb855554cb4aba,OpenAlex author ID
Exact-identifier metadata sensitivity: authors,Unique-author study count,Kaisu Luiro,1,471,0.2,,,authorship-covered unique studies,exact-identifier studies with usable structured authorship,multiple response; one count per unique author per study,4cac4c9f22b3d59d56dd,OpenAlex author ID
Exact-identifier metadata sensitivity: authors,Unique-author study count,Kaitlyn Nimmer,1,471,0.2,,,authorship-covered unique studies,exact-identifier studies with usable structured authorship,multiple response; one count per unique author per study,8bece1a102e2fe87b74e,OpenAlex author ID
Exact-identifier metadata sensitivity: authors,Unique-author study count,Kaiwen Wei,1,471,0.2,,,authorship-covered unique studies,exact-identifier studies with usable structured authorship,multiple response; one count per unique author per study,f2454b259920b1b1d032,OpenAlex author ID
Exact-identifier metadata sensitivity: authors,Unique-author study count,Kaixun Yang,1,471,0.2,,,authorship-covered unique studies,exact-identifier studies with usable structured authorship,multiple response; one count per unique author per study,44d09fb5dabfde2e9e31,OpenAlex author ID
Exact-identifier metadata sensitivity: authors,Unique-author study count,Kalyaani Persad,1,471,0.2,,,authorship-covered unique studies,exact-identifier studies with usable structured authorship,multiple response; one count per unique author per study,f54e36609097c96e8b6d,OpenAlex author ID
Exact-identifier metadata sensitivity: authors,Unique-author study count,Kam Hung Lai,1,471,0.2,,,authorship-covered unique studies,exact-identifier studies with usable structured authorship,multiple response; one count per unique author per study,3adc77e0b0502fcefcc3,OpenAlex author ID
Exact-identifier metadata sensitivity: authors,Unique-author study count,Kamal Takhdat,1,471,0.2,,,authorship-covered unique studies,exact-identifier studies with usable structured authorship,multiple response; one count per unique author per study,49a3c3f5df637d33e854,OpenAlex author ID
Exact-identifier metadata sensitivity: authors,Unique-author study count,Kamile Akarsu,1,471,0.2,,,authorship-covered unique studies,exact-identifier studies with usable structured authorship,multiple response; one count per unique author per study,5e70fc602d28beb4158b,OpenAlex author ID
Exact-identifier metadata sensitivity: authors,Unique-author study count,Kana Yokoyama,1,471,0.2,,,authorship-covered unique studies,exact-identifier studies with usable structured authorship,multiple response; one count per unique author per study,fcd1902a5e565b2d2fcc,OpenAlex author ID
Exact-identifier metadata sensitivity: authors,Unique-author study count,Kang Li,1,471,0.2,,,authorship-covered unique studies,exact-identifier studies with usable structured authorship,multiple response; one count per unique author per study,582bc7c400fa7acf214f,OpenAlex author ID
Exact-identifier metadata sensitivity: authors,Unique-author study count,Kang Xu,1,471,0.2,,,authorship-covered unique studies,exact-identifier studies with usable structured authorship,multiple response; one count per unique author per study,adc1485c258278b24c4e,OpenAlex author ID
Exact-identifier metadata sensitivity: authors,Unique-author study count,Karan Wadhwa,1,471,0.2,,,authorship-covered unique studies,exact-identifier studies with usable structured authorship,multiple response; one count per unique author per study,db80308782a219cbea0e,OpenAlex author ID
Exact-identifier metadata sensitivity: authors,Unique-author study count,Karen Hall,1,471,0.2,,,authorship-covered unique studies,exact-identifier studies with usable structured authorship,multiple response; one count per unique author per study,0038624c09ec9fe46395,OpenAlex author ID
Exact-identifier metadata sensitivity: authors,Unique-author study count,Karen Reed,1,471,0.2,,,authorship-covered unique studies,exact-identifier studies with usable structured authorship,multiple response; one count per unique author per study,c4f5fe90704c2aa68c75,OpenAlex author ID
Exact-identifier metadata sensitivity: authors,Unique-author study count,Karen Theobald,1,471,0.2,,,authorship-covered unique studies,exact-identifier studies with usable structured authorship,multiple response; one count per unique author per study,sci_a90d053bc1db526acda9,OpenAlex author ID
Exact-identifier metadata sensitivity: authors,Unique-author study count,Kari Sinivuori,1,471,0.2,,,authorship-covered unique studies,exact-identifier studies with usable structured authorship,multiple response; one count per unique author per study,ab784e3f29bfc7622997,OpenAlex author ID
Exact-identifier metadata sensitivity: authors,Unique-author study count,Karim Hanna,1,471,0.2,,,authorship-covered unique studies,exact-identifier studies with usable structured authorship,multiple response; one count per unique author per study,d02cfb250e397dd52db5,OpenAlex author ID
Exact-identifier metadata sensitivity: authors,Unique-author study count,Karin Svensberg,1,471,0.2,,,authorship-covered unique studies,exact-identifier studies with usable structured authorship,multiple response; one count per unique author per study,afc8c786ca5b65ba8c74,OpenAlex author ID
Exact-identifier metadata sensitivity: authors,Unique-author study count,Karl L. Sangwon,1,471,0.2,,,authorship-covered unique studies,exact-identifier studies with usable structured authorship,multiple response; one count per unique author per study,50ac103890932b40242c,OpenAlex author ID
Exact-identifier metadata sensitivity: authors,Unique-author study count,"Karunaratne, Nilushi S.",1,471,0.2,,,authorship-covered unique studies,exact-identifier studies with usable structured authorship,multiple response; one count per unique author per study,5e9d52b66e4686a38781,name-only record; duplicates collapsed within work only; not merged across works
Exact-identifier metadata sensitivity: authors,Unique-author study count,Kasie Roark,1,471,0.2,,,authorship-covered unique studies,exact-identifier studies with usable structured authorship,multiple response; one count per unique author per study,e5b4ed028b3c0ea2eeec,OpenAlex author ID
Exact-identifier metadata sensitivity: authors,Unique-author study count,Kate Hardy,1,471,0.2,,,authorship-covered unique studies,exact-identifier studies with usable structured authorship,multiple response; one count per unique author per study,sci_637ee1f73b6fd5027d1c,OpenAlex author ID
Exact-identifier metadata sensitivity: authors,Unique-author study count,Katerina Andreadis,1,471,0.2,,,authorship-covered unique studies,exact-identifier studies with usable structured authorship,multiple response; one count per unique author per study,1557e783fc8af1e8fdd6,OpenAlex author ID
Exact-identifier metadata sensitivity: authors,Unique-author study count,Katharina Rädel-Ablass,1,471,0.2,,,authorship-covered unique studies,exact-identifier studies with usable structured authorship,multiple response; one count per unique author per study,594824ec9813877abe34,OpenAlex author ID
Exact-identifier metadata sensitivity: authors,Unique-author study count,Katherine Rotker,1,471,0.2,,,authorship-covered unique studies,exact-identifier studies with usable structured authorship,multiple response; one count per unique author per study,ebc2ea10b1b751d8e58c,OpenAlex author ID
Exact-identifier metadata sensitivity: authors,Unique-author study count,Katie Smith,1,471,0.2,,,authorship-covered unique studies,exact-identifier studies with usable structured authorship,multiple response; one count per unique author per study,e4987ba5c8f46735e9ff,OpenAlex author ID
Exact-identifier metadata sensitivity: authors,Unique-author study count,Kavin Khatri,1,471,0.2,,,authorship-covered unique studies,exact-identifier studies with usable structured authorship,multiple response; one count per unique author per study,5c99d6be17d81210020f,OpenAlex author ID
Exact-identifier metadata sensitivity: authors,Unique-author study count,Kay Brooks,1,471,0.2,,,authorship-covered unique studies,exact-identifier studies with usable structured authorship,multiple response; one count per unique author per study,e4987ba5c8f46735e9ff,OpenAlex author ID
Exact-identifier metadata sensitivity: authors,Unique-author study count,Kaylee Yaxuan Li,1,471,0.2,,,authorship-covered unique studies,exact-identifier studies with usable structured authorship,multiple response; one count per unique author per study,bc52d7f8f145e43beefc,OpenAlex author ID
Exact-identifier metadata sensitivity: authors,Unique-author study count,Kazi Shaharair Sharif,1,471,0.2,,,authorship-covered unique studies,exact-identifier studies with usable structured authorship,multiple response; one count per unique author per study,235688621e9d66593a40,OpenAlex author ID
Exact-identifier metadata sensitivity: authors,Unique-author study count,Kazumi Kubota,1,471,0.2,,,authorship-covered unique studies,exact-identifier studies with usable structured authorship,multiple response; one count per unique author per study,7713a8c3085fddc6419c,OpenAlex author ID
Exact-identifier metadata sensitivity: authors,Unique-author study count,Kazuya Tsubokura,1,471,0.2,,,authorship-covered unique studies,exact-identifier studies with usable structured authorship,multiple response; one count per unique author per study,fcd1902a5e565b2d2fcc,OpenAlex author ID
Exact-identifier metadata sensitivity: authors,Unique-author study count,Ke Ma,1,471,0.2,,,authorship-covered unique studies,exact-identifier studies with usable structured authorship,multiple response; one count per unique author per study,afc8c786ca5b65ba8c74,OpenAlex author ID
Exact-identifier metadata sensitivity: authors,Unique-author study count,Kehua Zhu,1,471,0.2,,,authorship-covered unique studies,exact-identifier studies with usable structured authorship,multiple response; one count per unique author per study,8fce68134f06065fdd4a,OpenAlex author ID
Exact-identifier metadata sensitivity: authors,Unique-author study count,Keith Hart,1,471,0.2,,,authorship-covered unique studies,exact-identifier studies with usable structured authorship,multiple response; one count per unique author per study,c4f5fe90704c2aa68c75,OpenAlex author ID
Exact-identifier metadata sensitivity: authors,Unique-author study count,Kellen Vo Vu,1,471,0.2,,,authorship-covered unique studies,exact-identifier studies with usable structured authorship,multiple response; one count per unique author per study,302dee907e926e18ddba,OpenAlex author ID
Exact-identifier metadata sensitivity: authors,Unique-author study count,Kelly Cohen,1,471,0.2,,,authorship-covered unique studies,exact-identifier studies with usable structured authorship,multiple response; one count per unique author per study,9b778c91d64124298579,OpenAlex author ID
Exact-identifier metadata sensitivity: authors,Unique-author study count,Kelly Ledbetter,1,471,0.2,,,authorship-covered unique studies,exact-identifier studies with usable structured authorship,multiple response; one count per unique author per study,c9defba9bce13454aa5f,OpenAlex author ID
Exact-identifier metadata sensitivity: authors,Unique-author study count,Kelvin Ka Chun Cheuk,1,471,0.2,,,authorship-covered unique studies,exact-identifier studies with usable structured authorship,multiple response; one count per unique author per study,0b1e929029c5b43c5beb,OpenAlex author ID
Exact-identifier metadata sensitivity: authors,Unique-author study count,Kendra Faucett,1,471,0.2,,,authorship-covered unique studies,exact-identifier studies with usable structured authorship,multiple response; one count per unique author per study,766fde2e997ea8140bd0,OpenAlex author ID
Exact-identifier metadata sensitivity: authors,Unique-author study count,Kenneth K. Lee,1,471,0.2,,,authorship-covered unique studies,exact-identifier studies with usable structured authorship,multiple response; one count per unique author per study,sci_1b84a9e2391f6779175c,OpenAlex author ID
Exact-identifier metadata sensitivity: authors,Unique-author study count,Kenneth Spearpoint,1,471,0.2,,,authorship-covered unique studies,exact-identifier studies with usable structured authorship,multiple response; one count per unique author per study,db80308782a219cbea0e,OpenAlex author ID
Exact-identifier metadata sensitivity: authors,Unique-author study count,Kensuke Suzuki,1,471,0.2,,,authorship-covered unique studies,exact-identifier studies with usable structured authorship,multiple response; one count per unique author per study,5a18de075da6eacf874c,name-only record; duplicates collapsed within work only; not merged across works
Exact-identifier metadata sensitivity: authors,Unique-author study count,Kenta Kawamitsu,1,471,0.2,,,authorship-covered unique studies,exact-identifier studies with usable structured authorship,multiple response; one count per unique author per study,00b1591b551023fc549f,OpenAlex author ID
Exact-identifier metadata sensitivity: authors,Unique-author study count,Kevin Guevara,1,471,0.2,,,authorship-covered unique studies,exact-identifier studies with usable structured authorship,multiple response; one count per unique author per study,cb97375c66ea36d11d94,OpenAlex author ID
Exact-identifier metadata sensitivity: authors,Unique-author study count,Kevin Lu,1,471,0.2,,,authorship-covered unique studies,exact-identifier studies with usable structured authorship,multiple response; one count per unique author per study,8db4130844dc8d367d1f,name-only record; duplicates collapsed within work only; not merged across works
Exact-identifier metadata sensitivity: authors,Unique-author study count,Kewalin Ruengwattanachot,1,471,0.2,,,authorship-covered unique studies,exact-identifier studies with usable structured authorship,multiple response; one count per unique author per study,594d7ce86781a2e8398f,OpenAlex author ID
Exact-identifier metadata sensitivity: authors,Unique-author study count,Khalid Abu Alsaud,1,471,0.2,,,authorship-covered unique studies,exact-identifier studies with usable structured authorship,multiple response; one count per unique author per study,155acc9f21eba7b06b56,OpenAlex author ID
Exact-identifier metadata sensitivity: authors,Unique-author study count,Khalid Alaoui Zidani,1,471,0.2,,,authorship-covered unique studies,exact-identifier studies with usable structured authorship,multiple response; one count per unique author per study,sci_0f0b074ee785f63a5645,name-only record; duplicates collapsed within work only; not merged across works
Exact-identifier metadata sensitivity: authors,Unique-author study count,Khalid H. Malki,1,471,0.2,,,authorship-covered unique studies,exact-identifier studies with usable structured authorship,multiple response; one count per unique author per study,7acd89712f3fc0bb4cb7,OpenAlex author ID
Exact-identifier metadata sensitivity: authors,Unique-author study count,Khurram Naushad,1,471,0.2,,,authorship-covered unique studies,exact-identifier studies with usable structured authorship,multiple response; one count per unique author per study,6fb769efa53620e383b7,OpenAlex author ID
Exact-identifier metadata sensitivity: authors,Unique-author study count,Killen H Briones-Zamora,1,471,0.2,,,authorship-covered unique studies,exact-identifier studies with usable structured authorship,multiple response; one count per unique author per study,501d19c3bd3160083e8a,OpenAlex author ID
Exact-identifier metadata sensitivity: authors,Unique-author study count,Killen H. Briones‐Claudett,1,471,0.2,,,authorship-covered unique studies,exact-identifier studies with usable structured authorship,multiple response; one count per unique author per study,501d19c3bd3160083e8a,OpenAlex author ID
Exact-identifier metadata sensitivity: authors,Unique-author study count,Killian Walsh,1,471,0.2,,,authorship-covered unique studies,exact-identifier studies with usable structured authorship,multiple response; one count per unique author per study,c13d5a010789f6f44c11,OpenAlex author ID
Exact-identifier metadata sensitivity: authors,Unique-author study count,Kim Allison,1,471,0.2,,,authorship-covered unique studies,exact-identifier studies with usable structured authorship,multiple response; one count per unique author per study,a32c2fb665f05ef6086f,OpenAlex author ID
Exact-identifier metadata sensitivity: authors,Unique-author study count,Kimberly Dawn Belcik,1,471,0.2,,,authorship-covered unique studies,exact-identifier studies with usable structured authorship,multiple response; one count per unique author per study,c301ce506b01b01e6207,OpenAlex author ID
Exact-identifier metadata sensitivity: authors,Unique-author study count,Kimberly Heckmann,1,471,0.2,,,authorship-covered unique studies,exact-identifier studies with usable structured authorship,multiple response; one count per unique author per study,7f735724143207af94c1,OpenAlex author ID
Exact-identifier metadata sensitivity: authors,Unique-author study count,Kin Cheung,1,471,0.2,,,authorship-covered unique studies,exact-identifier studies with usable structured authorship,multiple response; one count per unique author per study,3adc77e0b0502fcefcc3,OpenAlex author ID
Exact-identifier metadata sensitivity: authors,Unique-author study count,Kin Fung Chan,1,471,0.2,,,authorship-covered unique studies,exact-identifier studies with usable structured authorship,multiple response; one count per unique author per study,0b1e929029c5b43c5beb,name-only record; duplicates collapsed within work only; not merged across works
Exact-identifier metadata sensitivity: authors,Unique-author study count,Kinga Marciniak,1,471,0.2,,,authorship-covered unique studies,exact-identifier studies with usable structured authorship,multiple response; one count per unique author per study,4ff984fed8d71f9ad381,name-only record; duplicates collapsed within work only; not merged across works
Exact-identifier metadata sensitivity: authors,Unique-author study count,Kinjal Sethuraman,1,471,0.2,,,authorship-covered unique studies,exact-identifier studies with usable structured authorship,multiple response; one count per unique author per study,039798e4f1498c17cf82,OpenAlex author ID
Exact-identifier metadata sensitivity: authors,Unique-author study count,Kirsty Brownlie,1,471,0.2,,,authorship-covered unique studies,exact-identifier studies with usable structured authorship,multiple response; one count per unique author per study,d90096afc3b383fbecb7,OpenAlex author ID
Exact-identifier metadata sensitivity: authors,Unique-author study count,Kirstyn Thomas,1,471,0.2,,,authorship-covered unique studies,exact-identifier studies with usable structured authorship,multiple response; one count per unique author per study,d02cfb250e397dd52db5,OpenAlex author ID
Exact-identifier metadata sensitivity: authors,Unique-author study count,Kirti Dayal Shani Shani,1,471,0.2,,,authorship-covered unique studies,exact-identifier studies with usable structured authorship,multiple response; one count per unique author per study,6ab002878664147423a1,OpenAlex author ID
Exact-identifier metadata sensitivity: authors,Unique-author study count,Kitty Chan,1,471,0.2,,,authorship-covered unique studies,exact-identifier studies with usable structured authorship,multiple response; one count per unique author per study,3adc77e0b0502fcefcc3,OpenAlex author ID
Exact-identifier metadata sensitivity: authors,Unique-author study count,Kiyoshige Garcés,1,471,0.2,,,authorship-covered unique studies,exact-identifier studies with usable structured authorship,multiple response; one count per unique author per study,26de74e3debea64ac297,OpenAlex author ID
Exact-identifier metadata sensitivity: authors,Unique-author study count,Klas Karlgren,1,471,0.2,,,authorship-covered unique studies,exact-identifier studies with usable structured authorship,multiple response; one count per unique author per study,43f6ad0fa6f4597d56fc,OpenAlex author ID
Exact-identifier metadata sensitivity: authors,Unique-author study count,Klaus Schliz,1,471,0.2,,,authorship-covered unique studies,exact-identifier studies with usable structured authorship,multiple response; one count per unique author per study,594824ec9813877abe34,OpenAlex author ID
Exact-identifier metadata sensitivity: authors,Unique-author study count,Klára Gadó,1,471,0.2,,,authorship-covered unique studies,exact-identifier studies with usable structured authorship,multiple response; one count per unique author per study,sci_479872e4f60f538cbd03,OpenAlex author ID
Exact-identifier metadata sensitivity: authors,Unique-author study count,Kodi J. Smith McCoy,1,471,0.2,,,authorship-covered unique studies,exact-identifier studies with usable structured authorship,multiple response; one count per unique author per study,8db4130844dc8d367d1f,OpenAlex author ID
Exact-identifier metadata sensitivity: authors,Unique-author study count,Komal Awan,1,471,0.2,,,authorship-covered unique studies,exact-identifier studies with usable structured authorship,multiple response; one count per unique author per study,e5304eeb960c6393b03a,OpenAlex author ID
Exact-identifier metadata sensitivity: authors,Unique-author study count,Komila Umarova,1,471,0.2,,,authorship-covered unique studies,exact-identifier studies with usable structured authorship,multiple response; one count per unique author per study,eb6afac746ee34d7a37f,OpenAlex author ID
Exact-identifier metadata sensitivity: authors,Unique-author study count,Korea Safety Culture Society,1,471,0.2,,,authorship-covered unique studies,exact-identifier studies with usable structured authorship,multiple response; one count per unique author per study,f6df2d018d41c258414a,OpenAlex author ID
Exact-identifier metadata sensitivity: authors,Unique-author study count,Kridipaka Sindhvananda,1,471,0.2,,,authorship-covered unique studies,exact-identifier studies with usable structured authorship,multiple response; one count per unique author per study,594d7ce86781a2e8398f,OpenAlex author ID
Exact-identifier metadata sensitivity: authors,Unique-author study count,Kristen Joseph-Delaffon,1,471,0.2,,,authorship-covered unique studies,exact-identifier studies with usable structured authorship,multiple response; one count per unique author per study,5aeb6b891099b95aa832,OpenAlex author ID
Exact-identifier metadata sensitivity: authors,Unique-author study count,Kristiana Kalibat,1,471,0.2,,,authorship-covered unique studies,exact-identifier studies with usable structured authorship,multiple response; one count per unique author per study,8ad0258644c0c312a7d8,OpenAlex author ID
Exact-identifier metadata sensitivity: authors,Unique-author study count,Kristin Waldenlind,1,471,0.2,,,authorship-covered unique studies,exact-identifier studies with usable structured authorship,multiple response; one count per unique author per study,aedb9561df16d70a7ef8,OpenAlex author ID
Exact-identifier metadata sensitivity: authors,Unique-author study count,Kristina Mikkonen,1,471,0.2,,,authorship-covered unique studies,exact-identifier studies with usable structured authorship,multiple response; one count per unique author per study,e9d6ceded269a04cde99,OpenAlex author ID
Exact-identifier metadata sensitivity: authors,Unique-author study count,Kuangzhe Xu,1,471,0.2,,,authorship-covered unique studies,exact-identifier studies with usable structured authorship,multiple response; one count per unique author per study,859f96f4eca259cdb9e8,OpenAlex author ID
Exact-identifier metadata sensitivity: authors,Unique-author study count,Kun Xiong,1,471,0.2,,,authorship-covered unique studies,exact-identifier studies with usable structured authorship,multiple response; one count per unique author per study,902be756a877af6118c0,OpenAlex author ID
Exact-identifier metadata sensitivity: authors,Unique-author study count,Kunal Modi,1,471,0.2,,,authorship-covered unique studies,exact-identifier studies with usable structured authorship,multiple response; one count per unique author per study,9ba2ceb3ea808e2794a1,OpenAlex author ID
Exact-identifier metadata sensitivity: authors,Unique-author study count,Kunyao Lan,1,471,0.2,,,authorship-covered unique studies,exact-identifier studies with usable structured authorship,multiple response; one count per unique author per study,1d69e819d76b702e955f,OpenAlex author ID
Exact-identifier metadata sensitivity: authors,Unique-author study count,Kurtis Haut,1,471,0.2,,,authorship-covered unique studies,exact-identifier studies with usable structured authorship,multiple response; one count per unique author per study,76a6c8049ee4223224f6,OpenAlex author ID
Exact-identifier metadata sensitivity: authors,Unique-author study count,Kylee Fort,1,471,0.2,,,authorship-covered unique studies,exact-identifier studies with usable structured authorship,multiple response; one count per unique author per study,f1b256cdccd6208d0cc8,OpenAlex author ID
Exact-identifier metadata sensitivity: authors,Unique-author study count,Kyong‐Jee Kim,1,471,0.2,,,authorship-covered unique studies,exact-identifier studies with usable structured authorship,multiple response; one count per unique author per study,713e417da7d85579b2d1,OpenAlex author ID
Exact-identifier metadata sensitivity: authors,Unique-author study count,Kévin Yauy,1,471,0.2,,,authorship-covered unique studies,exact-identifier studies with usable structured authorship,multiple response; one count per unique author per study,4b7753ecc7bff0d54289,OpenAlex author ID
Exact-identifier metadata sensitivity: authors,Unique-author study count,L M Wang,1,471,0.2,,,authorship-covered unique studies,exact-identifier studies with usable structured authorship,multiple response; one count per unique author per study,73a1f91733c91359d5f0,OpenAlex author ID
Exact-identifier metadata sensitivity: authors,Unique-author study count,L Malleswara Rao,1,471,0.2,,,authorship-covered unique studies,exact-identifier studies with usable structured authorship,multiple response; one count per unique author per study,5116aab375eedc896bfd,OpenAlex author ID
Exact-identifier metadata sensitivity: authors,Unique-author study count,L.D. Todoriko,1,471,0.2,,,authorship-covered unique studies,exact-identifier studies with usable structured authorship,multiple response; one count per unique author per study,096c409373966ea99821,OpenAlex author ID
Exact-identifier metadata sensitivity: authors,Unique-author study count,Lacey Feigl‐Lenzen,1,471,0.2,,,authorship-covered unique studies,exact-identifier studies with usable structured authorship,multiple response; one count per unique author per study,bb3a5362f067d65fc98d,OpenAlex author ID
Exact-identifier metadata sensitivity: authors,Unique-author study count,Lachlan Dick,1,471,0.2,,,authorship-covered unique studies,exact-identifier studies with usable structured authorship,multiple response; one count per unique author per study,db80308782a219cbea0e,OpenAlex author ID
Exact-identifier metadata sensitivity: authors,Unique-author study count,Laila Lahlou,1,471,0.2,,,authorship-covered unique studies,exact-identifier studies with usable structured authorship,multiple response; one count per unique author per study,1b913a0ed3ab13c6f644,OpenAlex author ID
Exact-identifier metadata sensitivity: authors,Unique-author study count,Lana Cvijic,1,471,0.2,,,authorship-covered unique studies,exact-identifier studies with usable structured authorship,multiple response; one count per unique author per study,0b1b0febb2293831bcc0,OpenAlex author ID
Exact-identifier metadata sensitivity: authors,Unique-author study count,Lana Halaseh,1,471,0.2,,,authorship-covered unique studies,exact-identifier studies with usable structured authorship,multiple response; one count per unique author per study,2dd7865e84af395616af,OpenAlex author ID
Exact-identifier metadata sensitivity: authors,Unique-author study count,Lanqin Zhao,1,471,0.2,,,authorship-covered unique studies,exact-identifier studies with usable structured authorship,multiple response; one count per unique author per study,adc1485c258278b24c4e,OpenAlex author ID
Exact-identifier metadata sensitivity: authors,Unique-author study count,Laszlo Barna Iantovics,1,471,0.2,,,authorship-covered unique studies,exact-identifier studies with usable structured authorship,multiple response; one count per unique author per study,c2d6c7abc598aacc0368,OpenAlex author ID
Exact-identifier metadata sensitivity: authors,Unique-author study count,Laura A. Szalacha,1,471,0.2,,,authorship-covered unique studies,exact-identifier studies with usable structured authorship,multiple response; one count per unique author per study,d02cfb250e397dd52db5,OpenAlex author ID
Exact-identifier metadata sensitivity: authors,Unique-author study count,Laura Biester,1,471,0.2,,,authorship-covered unique studies,exact-identifier studies with usable structured authorship,multiple response; one count per unique author per study,bc5dd5d7b1ad1b4d21e4,OpenAlex author ID
Exact-identifier metadata sensitivity: authors,Unique-author study count,Laura E. Knockel,1,471,0.2,,,authorship-covered unique studies,exact-identifier studies with usable structured authorship,multiple response; one count per unique author per study,03e1a6632b830e0512c9,OpenAlex author ID
Exact-identifier metadata sensitivity: authors,Unique-author study count,Laura E. Walker,1,471,0.2,,,authorship-covered unique studies,exact-identifier studies with usable structured authorship,multiple response; one count per unique author per study,039798e4f1498c17cf82,OpenAlex author ID
Exact-identifier metadata sensitivity: authors,Unique-author study count,Laura Varnier,1,471,0.2,,,authorship-covered unique studies,exact-identifier studies with usable structured authorship,multiple response; one count per unique author per study,7920ebcf271025a5a8ee,OpenAlex author ID
Exact-identifier metadata sensitivity: authors,Unique-author study count,Lauren Blayney,1,471,0.2,,,authorship-covered unique studies,exact-identifier studies with usable structured authorship,multiple response; one count per unique author per study,c8c9e4c672bea3a6d994,OpenAlex author ID
Exact-identifier metadata sensitivity: authors,Unique-author study count,Lauren Thai,1,471,0.2,,,authorship-covered unique studies,exact-identifier studies with usable structured authorship,multiple response; one count per unique author per study,b052274076e5e7cc16db,OpenAlex author ID
Exact-identifier metadata sensitivity: authors,Unique-author study count,Laís Valencise Magri,1,471,0.2,,,authorship-covered unique studies,exact-identifier studies with usable structured authorship,multiple response; one count per unique author per study,3aba8ba7976a49acd0ac,OpenAlex author ID
Exact-identifier metadata sensitivity: authors,Unique-author study count,Leandro de Freitas Spinelli,1,471,0.2,,,authorship-covered unique studies,exact-identifier studies with usable structured authorship,multiple response; one count per unique author per study,sci_6840c15b05b568f05153,OpenAlex author ID
Exact-identifier metadata sensitivity: authors,Unique-author study count,Leanne Chukoskie,1,471,0.2,,,authorship-covered unique studies,exact-identifier studies with usable structured authorship,multiple response; one count per unique author per study,5b529e4bc562ac2c093e,OpenAlex author ID
Exact-identifier metadata sensitivity: authors,Unique-author study count,Lee Bayliss,1,471,0.2,,,authorship-covered unique studies,exact-identifier studies with usable structured authorship,multiple response; one count per unique author per study,c98aa2499bea62fd3f2a,OpenAlex author ID
Exact-identifier metadata sensitivity: authors,Unique-author study count,Lee Farrell,1,471,0.2,,,authorship-covered unique studies,exact-identifier studies with usable structured authorship,multiple response; one count per unique author per study,b6f4bfb66f82ba008b32,OpenAlex author ID
Exact-identifier metadata sensitivity: authors,Unique-author study count,"Lee, Keyeun",1,471,0.2,,,authorship-covered unique studies,exact-identifier studies with usable structured authorship,multiple response; one count per unique author per study,9b8b66d55c35b17e843c,name-only record; duplicates collapsed within work only; not merged across works
Exact-identifier metadata sensitivity: authors,Unique-author study count,Lei Shi,1,471,0.2,,,authorship-covered unique studies,exact-identifier studies with usable structured authorship,multiple response; one count per unique author per study,061a5c17950367156401,name-only record; duplicates collapsed within work only; not merged across works
Exact-identifier metadata sensitivity: authors,Unique-author study count,Leila Bouazzi,1,471,0.2,,,authorship-covered unique studies,exact-identifier studies with usable structured authorship,multiple response; one count per unique author per study,4b7753ecc7bff0d54289,OpenAlex author ID
Exact-identifier metadata sensitivity: authors,Unique-author study count,Lena Günterberg Heyn,1,471,0.2,,,authorship-covered unique studies,exact-identifier studies with usable structured authorship,multiple response; one count per unique author per study,43f6ad0fa6f4597d56fc,OpenAlex author ID
Exact-identifier metadata sensitivity: authors,Unique-author study count,Lenora Young,1,471,0.2,,,authorship-covered unique studies,exact-identifier studies with usable structured authorship,multiple response; one count per unique author per study,9b5ff9099d241db5f86a,OpenAlex author ID
Exact-identifier metadata sensitivity: authors,Unique-author study count,Leo Morjaria,1,471,0.2,,,authorship-covered unique studies,exact-identifier studies with usable structured authorship,multiple response; one count per unique author per study,91738aa3fb8146efb96d,OpenAlex author ID
Exact-identifier metadata sensitivity: authors,Unique-author study count,Leodoro J. Labrague,1,471,0.2,,,authorship-covered unique studies,exact-identifier studies with usable structured authorship,multiple response; one count per unique author per study,sci_49f3e83303945c5d95da,OpenAlex author ID
Exact-identifier metadata sensitivity: authors,Unique-author study count,Leon Pielage,1,471,0.2,,,authorship-covered unique studies,exact-identifier studies with usable structured authorship,multiple response; one count per unique author per study,7442954006aac8fa63fa,OpenAlex author ID
Exact-identifier metadata sensitivity: authors,Unique-author study count,Leonardo Bonilha,1,471,0.2,,,authorship-covered unique studies,exact-identifier studies with usable structured authorship,multiple response; one count per unique author per study,e5b4ed028b3c0ea2eeec,OpenAlex author ID
Exact-identifier metadata sensitivity: authors,Unique-author study count,Lesley Manson,1,471,0.2,,,authorship-covered unique studies,exact-identifier studies with usable structured authorship,multiple response; one count per unique author per study,907d492e03a26ae110b8,OpenAlex author ID
Exact-identifier metadata sensitivity: authors,Unique-author study count,Leslie V. Simon,1,471,0.2,,,authorship-covered unique studies,exact-identifier studies with usable structured authorship,multiple response; one count per unique author per study,e3ee954b5290b4f74f0b,OpenAlex author ID
Exact-identifier metadata sensitivity: authors,Unique-author study count,Levi René Valenzuela Dominguez,1,471,0.2,,,authorship-covered unique studies,exact-identifier studies with usable structured authorship,multiple response; one count per unique author per study,6d85b580a0562cc121d4,OpenAlex author ID
Exact-identifier metadata sensitivity: authors,Unique-author study count,Levkovich,1,471,0.2,,,authorship-covered unique studies,exact-identifier studies with usable structured authorship,multiple response; one count per unique author per study,73f1b1dee9a19c0ea0af,OpenAlex author ID
Exact-identifier metadata sensitivity: authors,Unique-author study count,Lewis Potter,1,471,0.2,,,authorship-covered unique studies,exact-identifier studies with usable structured authorship,multiple response; one count per unique author per study,ff3b7f48f6f586cf90b7,OpenAlex author ID
Exact-identifier metadata sensitivity: authors,Unique-author study count,Lexi Han Zhi Tan,1,471,0.2,,,authorship-covered unique studies,exact-identifier studies with usable structured authorship,multiple response; one count per unique author per study,3adc77e0b0502fcefcc3,OpenAlex author ID
Exact-identifier metadata sensitivity: authors,Unique-author study count,Leyna Huynh,1,471,0.2,,,authorship-covered unique studies,exact-identifier studies with usable structured authorship,multiple response; one count per unique author per study,894f08a5035b3a1872d5,OpenAlex author ID
Exact-identifier metadata sensitivity: authors,Unique-author study count,Li Liu,1,471,0.2,,,authorship-covered unique studies,exact-identifier studies with usable structured authorship,multiple response; one count per unique author per study,7713a8c3085fddc6419c,OpenAlex author ID
Exact-identifier metadata sensitivity: authors,Unique-author study count,Li X,1,471,0.2,,,authorship-covered unique studies,exact-identifier studies with usable structured authorship,multiple response; one count per unique author per study,f2454b259920b1b1d032,OpenAlex author ID
Exact-identifier metadata sensitivity: authors,Unique-author study count,Li Zhang,1,471,0.2,,,authorship-covered unique studies,exact-identifier studies with usable structured authorship,multiple response; one count per unique author per study,a4f6e4afd67cbf667f95,OpenAlex author ID
Exact-identifier metadata sensitivity: authors,Unique-author study count,Li Zhang,1,471,0.2,,,authorship-covered unique studies,exact-identifier studies with usable structured authorship,multiple response; one count per unique author per study,548ca816901c7761f0bf,OpenAlex author ID
Exact-identifier metadata sensitivity: authors,Unique-author study count,Lian Duan,1,471,0.2,,,authorship-covered unique studies,exact-identifier studies with usable structured authorship,multiple response; one count per unique author per study,73a1f91733c91359d5f0,OpenAlex author ID
Exact-identifier metadata sensitivity: authors,Unique-author study count,Lihong Wang,1,471,0.2,,,authorship-covered unique studies,exact-identifier studies with usable structured authorship,multiple response; one count per unique author per study,da920e8320da57a1954a,OpenAlex author ID
Exact-identifier metadata sensitivity: authors,Unique-author study count,Lili Wu,1,471,0.2,,,authorship-covered unique studies,exact-identifier studies with usable structured authorship,multiple response; one count per unique author per study,2610ebe5f560db94c888,OpenAlex author ID
Exact-identifier metadata sensitivity: authors,Unique-author study count,Lili Yang,1,471,0.2,,,authorship-covered unique studies,exact-identifier studies with usable structured authorship,multiple response; one count per unique author per study,902be756a877af6118c0,name-only record; duplicates collapsed within work only; not merged across works
Exact-identifier metadata sensitivity: authors,Unique-author study count,Lilia Isabel Ramírez García,1,471,0.2,,,authorship-covered unique studies,exact-identifier studies with usable structured authorship,multiple response; one count per unique author per study,d0ead936020ec24f78a7,OpenAlex author ID
Exact-identifier metadata sensitivity: authors,Unique-author study count,"Lim, Angelina S.",1,471,0.2,,,authorship-covered unique studies,exact-identifier studies with usable structured authorship,multiple response; one count per unique author per study,5e9d52b66e4686a38781,name-only record; duplicates collapsed within work only; not merged across works
Exact-identifier metadata sensitivity: authors,Unique-author study count,Lin Lü,1,471,0.2,,,authorship-covered unique studies,exact-identifier studies with usable structured authorship,multiple response; one count per unique author per study,d977c356ff57ab060fef,OpenAlex author ID
Exact-identifier metadata sensitivity: authors,Unique-author study count,Lina Schur,1,471,0.2,,,authorship-covered unique studies,exact-identifier studies with usable structured authorship,multiple response; one count per unique author per study,0a56637c161743569cf5,OpenAlex author ID
Exact-identifier metadata sensitivity: authors,Unique-author study count,Lina Spirgienė,1,471,0.2,,,authorship-covered unique studies,exact-identifier studies with usable structured authorship,multiple response; one count per unique author per study,e9d6ceded269a04cde99,OpenAlex author ID
Exact-identifier metadata sensitivity: authors,Unique-author study count,Lina Yi,1,471,0.2,,,authorship-covered unique studies,exact-identifier studies with usable structured authorship,multiple response; one count per unique author per study,758d651bc8d5020199f1,OpenAlex author ID
Exact-identifier metadata sensitivity: authors,Unique-author study count,Linda Nugent,1,471,0.2,,,authorship-covered unique studies,exact-identifier studies with usable structured authorship,multiple response; one count per unique author per study,c13d5a010789f6f44c11,OpenAlex author ID
Exact-identifier metadata sensitivity: authors,Unique-author study count,Ling Jin,1,471,0.2,,,authorship-covered unique studies,exact-identifier studies with usable structured authorship,multiple response; one count per unique author per study,adc1485c258278b24c4e,OpenAlex author ID
Exact-identifier metadata sensitivity: authors,Unique-author study count,Ling-Yun Ma,1,471,0.2,,,authorship-covered unique studies,exact-identifier studies with usable structured authorship,multiple response; one count per unique author per study,03dcc8a1b078476d19e0,OpenAlex author ID
Exact-identifier metadata sensitivity: authors,Unique-author study count,Lingling Gao,1,471,0.2,,,authorship-covered unique studies,exact-identifier studies with usable structured authorship,multiple response; one count per unique author per study,548ca816901c7761f0bf,OpenAlex author ID
Exact-identifier metadata sensitivity: authors,Unique-author study count,Lingyao Li,1,471,0.2,,,authorship-covered unique studies,exact-identifier studies with usable structured authorship,multiple response; one count per unique author per study,d977c356ff57ab060fef,OpenAlex author ID
Exact-identifier metadata sensitivity: authors,Unique-author study count,Linjing Shu,1,471,0.2,,,authorship-covered unique studies,exact-identifier studies with usable structured authorship,multiple response; one count per unique author per study,81087c9bc5a7366ff084,OpenAlex author ID
Exact-identifier metadata sensitivity: authors,Unique-author study count,Linnea M. Axman,1,471,0.2,,,authorship-covered unique studies,exact-identifier studies with usable structured authorship,multiple response; one count per unique author per study,ef046f239f256df5f180,OpenAlex author ID
Exact-identifier metadata sensitivity: authors,Unique-author study count,Lionel Muskwe,1,471,0.2,,,authorship-covered unique studies,exact-identifier studies with usable structured authorship,multiple response; one count per unique author per study,4f06f0d72a1de087b5c5,OpenAlex author ID
Exact-identifier metadata sensitivity: authors,Unique-author study count,Lior Naamati-Schneider,1,471,0.2,,,authorship-covered unique studies,exact-identifier studies with usable structured authorship,multiple response; one count per unique author per study,b4ed643f7430dbf0ccb9,OpenAlex author ID
Exact-identifier metadata sensitivity: authors,Unique-author study count,Liping Jiang,1,471,0.2,,,authorship-covered unique studies,exact-identifier studies with usable structured authorship,multiple response; one count per unique author per study,6f1527fb10827ca1da01,OpenAlex author ID
Exact-identifier metadata sensitivity: authors,Unique-author study count,Liping Wu,1,471,0.2,,,authorship-covered unique studies,exact-identifier studies with usable structured authorship,multiple response; one count per unique author per study,240393927e83854aac9b,OpenAlex author ID
Exact-identifier metadata sensitivity: authors,Unique-author study count,Liqin Yuan,1,471,0.2,,,authorship-covered unique studies,exact-identifier studies with usable structured authorship,multiple response; one count per unique author per study,1c073acedd6171c3394d,OpenAlex author ID
Exact-identifier metadata sensitivity: authors,Unique-author study count,Lisa A. Barker,1,471,0.2,,,authorship-covered unique studies,exact-identifier studies with usable structured authorship,multiple response; one count per unique author per study,00dc13a955ae4496d4ca,OpenAlex author ID
Exact-identifier metadata sensitivity: authors,Unique-author study count,Lisa Burback,1,471,0.2,,,authorship-covered unique studies,exact-identifier studies with usable structured authorship,multiple response; one count per unique author per study,63c69a200d415bc42d9b,OpenAlex author ID
Exact-identifier metadata sensitivity: authors,Unique-author study count,Lisa M. Schwartz,1,471,0.2,,,authorship-covered unique studies,exact-identifier studies with usable structured authorship,multiple response; one count per unique author per study,55c688efa556cdf3a77e,OpenAlex author ID
Exact-identifier metadata sensitivity: authors,Unique-author study count,Lisa Zickuhr,1,471,0.2,,,authorship-covered unique studies,exact-identifier studies with usable structured authorship,multiple response; one count per unique author per study,bb3a5362f067d65fc98d,OpenAlex author ID
Exact-identifier metadata sensitivity: authors,Unique-author study count,LIU Jiacheng,1,471,0.2,,,authorship-covered unique studies,exact-identifier studies with usable structured authorship,multiple response; one count per unique author per study,3e6c586541bbab277f12,name-only record; duplicates collapsed within work only; not merged across works
Exact-identifier metadata sensitivity: authors,Unique-author study count,Liu Yang,1,471,0.2,,,authorship-covered unique studies,exact-identifier studies with usable structured authorship,multiple response; one count per unique author per study,fbcfe4a5c41e518e74ba,OpenAlex author ID
Exact-identifier metadata sensitivity: authors,Unique-author study count,"Liu, Danny",1,471,0.2,,,authorship-covered unique studies,exact-identifier studies with usable structured authorship,multiple response; one count per unique author per study,5e9d52b66e4686a38781,name-only record; duplicates collapsed within work only; not merged across works
Exact-identifier metadata sensitivity: authors,Unique-author study count,"Liu, Xiaoxiao",1,471,0.2,,,authorship-covered unique studies,exact-identifier studies with usable structured authorship,multiple response; one count per unique author per study,df6dd96b9ea594a121ce,name-only record; duplicates collapsed within work only; not merged across works
Exact-identifier metadata sensitivity: authors,Unique-author study count,Liwen Lyu,1,471,0.2,,,authorship-covered unique studies,exact-identifier studies with usable structured authorship,multiple response; one count per unique author per study,061a5c17950367156401,OpenAlex author ID
Exact-identifier metadata sensitivity: authors,Unique-author study count,Lixiang Yan,1,471,0.2,,,authorship-covered unique studies,exact-identifier studies with usable structured authorship,multiple response; one count per unique author per study,43f6ad0fa6f4597d56fc,OpenAlex author ID
Exact-identifier metadata sensitivity: authors,Unique-author study count,Lixue Liu,1,471,0.2,,,authorship-covered unique studies,exact-identifier studies with usable structured authorship,multiple response; one count per unique author per study,adc1485c258278b24c4e,OpenAlex author ID
Exact-identifier metadata sensitivity: authors,Unique-author study count,Lizhou Fan,1,471,0.2,,,authorship-covered unique studies,exact-identifier studies with usable structured authorship,multiple response; one count per unique author per study,d977c356ff57ab060fef,OpenAlex author ID
Exact-identifier metadata sensitivity: authors,Unique-author study count,Li‐Ling Yeap,1,471,0.2,,,authorship-covered unique studies,exact-identifier studies with usable structured authorship,multiple response; one count per unique author per study,dcce0a8cef5543c4fec4,OpenAlex author ID
Exact-identifier metadata sensitivity: authors,Unique-author study count,Logan D Pasquariello,1,471,0.2,,,authorship-covered unique studies,exact-identifier studies with usable structured authorship,multiple response; one count per unique author per study,6d3fca2519e927f795b8,OpenAlex author ID
Exact-identifier metadata sensitivity: authors,Unique-author study count,Logan Schmillen,1,471,0.2,,,authorship-covered unique studies,exact-identifier studies with usable structured authorship,multiple response; one count per unique author per study,8db4130844dc8d367d1f,OpenAlex author ID
Exact-identifier metadata sensitivity: authors,Unique-author study count,Lohith Srikanth Pentapalli,1,471,0.2,,,authorship-covered unique studies,exact-identifier studies with usable structured authorship,multiple response; one count per unique author per study,9b778c91d64124298579,OpenAlex author ID
Exact-identifier metadata sensitivity: authors,Unique-author study count,Lok Yi Mak,1,471,0.2,,,authorship-covered unique studies,exact-identifier studies with usable structured authorship,multiple response; one count per unique author per study,7a5ffafc98c031b3684e,OpenAlex author ID
Exact-identifier metadata sensitivity: authors,Unique-author study count,Lora Wyss,1,471,0.2,,,authorship-covered unique studies,exact-identifier studies with usable structured authorship,multiple response; one count per unique author per study,3bb7eee2436c25920c9e,OpenAlex author ID
Exact-identifier metadata sensitivity: authors,Unique-author study count,Lorena M. Pedrajas,1,471,0.2,,,authorship-covered unique studies,exact-identifier studies with usable structured authorship,multiple response; one count per unique author per study,f4d7fdee2c3cc083329d,OpenAlex author ID
Exact-identifier metadata sensitivity: authors,Unique-author study count,Lorena Paul,1,471,0.2,,,authorship-covered unique studies,exact-identifier studies with usable structured authorship,multiple response; one count per unique author per study,9eabda9ff317373c18d3,OpenAlex author ID
Exact-identifier metadata sensitivity: authors,Unique-author study count,Luc Morin,1,471,0.2,,,authorship-covered unique studies,exact-identifier studies with usable structured authorship,multiple response; one count per unique author per study,14a6c8b99daf76e8179d,OpenAlex author ID
Exact-identifier metadata sensitivity: authors,Unique-author study count,Luca Carenzo,1,471,0.2,,,authorship-covered unique studies,exact-identifier studies with usable structured authorship,multiple response; one count per unique author per study,81337a44aeb46520e3ec,OpenAlex author ID
Exact-identifier metadata sensitivity: authors,Unique-author study count,Luca Carenzo,1,471,0.2,,,authorship-covered unique studies,exact-identifier studies with usable structured authorship,multiple response; one count per unique author per study,56dc16bbc7cd98ca993a,OpenAlex author ID
Exact-identifier metadata sensitivity: authors,Unique-author study count,Lucas Gaspar Ribeiro,1,471,0.2,,,authorship-covered unique studies,exact-identifier studies with usable structured authorship,multiple response; one count per unique author per study,3aba8ba7976a49acd0ac,OpenAlex author ID
Exact-identifier metadata sensitivity: authors,Unique-author study count,Luciana Nedel,1,471,0.2,,,authorship-covered unique studies,exact-identifier studies with usable structured authorship,multiple response; one count per unique author per study,1c9542cefba3287a5281,OpenAlex author ID
Exact-identifier metadata sensitivity: authors,Unique-author study count,Lucile Figueres,1,471,0.2,,,authorship-covered unique studies,exact-identifier studies with usable structured authorship,multiple response; one count per unique author per study,4b7753ecc7bff0d54289,OpenAlex author ID
Exact-identifier metadata sensitivity: authors,Unique-author study count,Lucio Volino,1,471,0.2,,,authorship-covered unique studies,exact-identifier studies with usable structured authorship,multiple response; one count per unique author per study,03e1a6632b830e0512c9,OpenAlex author ID
Exact-identifier metadata sensitivity: authors,Unique-author study count,Lucy Morris,1,471,0.2,,,authorship-covered unique studies,exact-identifier studies with usable structured authorship,multiple response; one count per unique author per study,4f796e0ce90dce8d4da8,OpenAlex author ID
Exact-identifier metadata sensitivity: authors,Unique-author study count,Lucy Stocks,1,471,0.2,,,authorship-covered unique studies,exact-identifier studies with usable structured authorship,multiple response; one count per unique author per study,f30eee8f6354bfa06744,OpenAlex author ID
Exact-identifier metadata sensitivity: authors,Unique-author study count,Luis Cruz,1,471,0.2,,,authorship-covered unique studies,exact-identifier studies with usable structured authorship,multiple response; one count per unique author per study,6ab002878664147423a1,OpenAlex author ID
Exact-identifier metadata sensitivity: authors,Unique-author study count,Luis Josino Brasil,1,471,0.2,,,authorship-covered unique studies,exact-identifier studies with usable structured authorship,multiple response; one count per unique author per study,sci_6840c15b05b568f05153,OpenAlex author ID
Exact-identifier metadata sensitivity: authors,Unique-author study count,Luis Llerena,1,471,0.2,,,authorship-covered unique studies,exact-identifier studies with usable structured authorship,multiple response; one count per unique author per study,80e9a9d9f964aea305e9,OpenAlex author ID
Exact-identifier metadata sensitivity: authors,Unique-author study count,LujieZheng LujieZheng,1,471,0.2,,,authorship-covered unique studies,exact-identifier studies with usable structured authorship,multiple response; one count per unique author per study,sci_3d6777cb059403330506,OpenAlex author ID
Exact-identifier metadata sensitivity: authors,Unique-author study count,Lulu Qi,1,471,0.2,,,authorship-covered unique studies,exact-identifier studies with usable structured authorship,multiple response; one count per unique author per study,2befb2019a25a1ea563f,OpenAlex author ID
Exact-identifier metadata sensitivity: authors,Unique-author study count,Lulu Sherif Mahmood,1,471,0.2,,,authorship-covered unique studies,exact-identifier studies with usable structured authorship,multiple response; one count per unique author per study,6e06ede93e94c8f8e15c,OpenAlex author ID
Exact-identifier metadata sensitivity: authors,Unique-author study count,Luna De Bruyne,1,471,0.2,,,authorship-covered unique studies,exact-identifier studies with usable structured authorship,multiple response; one count per unique author per study,4823a4ac11c66c68a7d4,OpenAlex author ID
Exact-identifier metadata sensitivity: authors,Unique-author study count,Luzhen Tang,1,471,0.2,,,authorship-covered unique studies,exact-identifier studies with usable structured authorship,multiple response; one count per unique author per study,6d60da2f964efcc60587,OpenAlex author ID
Exact-identifier metadata sensitivity: authors,Unique-author study count,Lyle Ungar,1,471,0.2,,,authorship-covered unique studies,exact-identifier studies with usable structured authorship,multiple response; one count per unique author per study,72c30900482428bf1e49,OpenAlex author ID
Exact-identifier metadata sensitivity: authors,Unique-author study count,Lynn Xu,1,471,0.2,,,authorship-covered unique studies,exact-identifier studies with usable structured authorship,multiple response; one count per unique author per study,1557e783fc8af1e8fdd6,OpenAlex author ID
Exact-identifier metadata sensitivity: authors,Unique-author study count,M Patterson,1,471,0.2,,,authorship-covered unique studies,exact-identifier studies with usable structured authorship,multiple response; one count per unique author per study,ef046f239f256df5f180,OpenAlex author ID
Exact-identifier metadata sensitivity: authors,Unique-author study count,M T Wu,1,471,0.2,,,authorship-covered unique studies,exact-identifier studies with usable structured authorship,multiple response; one count per unique author per study,412046e11296d150c70a,OpenAlex author ID
Exact-identifier metadata sensitivity: authors,Unique-author study count,M Vilela,1,471,0.2,,,authorship-covered unique studies,exact-identifier studies with usable structured authorship,multiple response; one count per unique author per study,sci_6840c15b05b568f05153,OpenAlex author ID
Exact-identifier metadata sensitivity: authors,Unique-author study count,M. B. Sannathimmappa,1,471,0.2,,,authorship-covered unique studies,exact-identifier studies with usable structured authorship,multiple response; one count per unique author per study,9eb3b25f5e4e48cdcb6a,name-only record; duplicates collapsed within work only; not merged across works
Exact-identifier metadata sensitivity: authors,Unique-author study count,M. Kim Oh,1,471,0.2,,,authorship-covered unique studies,exact-identifier studies with usable structured authorship,multiple response; one count per unique author per study,e82a026a5524b0d4f0d3,OpenAlex author ID
Exact-identifier metadata sensitivity: authors,Unique-author study count,Ma Victoria Villena Garrido,1,471,0.2,,,authorship-covered unique studies,exact-identifier studies with usable structured authorship,multiple response; one count per unique author per study,6ab002878664147423a1,OpenAlex author ID
Exact-identifier metadata sensitivity: authors,Unique-author study count,Ma. Mercedes T. Rodrigo,1,471,0.2,,,authorship-covered unique studies,exact-identifier studies with usable structured authorship,multiple response; one count per unique author per study,7fc0513f51b7c61dad31,OpenAlex author ID
Exact-identifier metadata sensitivity: authors,Unique-author study count,Maciej Gancarczyk,1,471,0.2,,,authorship-covered unique studies,exact-identifier studies with usable structured authorship,multiple response; one count per unique author per study,4ff984fed8d71f9ad381,name-only record; duplicates collapsed within work only; not merged across works
Exact-identifier metadata sensitivity: authors,Unique-author study count,Mackenzi Preston,1,471,0.2,,,authorship-covered unique studies,exact-identifier studies with usable structured authorship,multiple response; one count per unique author per study,302dee907e926e18ddba,OpenAlex author ID
Exact-identifier metadata sensitivity: authors,Unique-author study count,Maddalena De Maria,1,471,0.2,,,authorship-covered unique studies,exact-identifier studies with usable structured authorship,multiple response; one count per unique author per study,5dd47cd1855294dcfafd,OpenAlex author ID
Exact-identifier metadata sensitivity: authors,Unique-author study count,Mafalda Silva,1,471,0.2,,,authorship-covered unique studies,exact-identifier studies with usable structured authorship,multiple response; one count per unique author per study,1563f87491d1ce4d02fb,OpenAlex author ID
Exact-identifier metadata sensitivity: authors,Unique-author study count,Maggie Mee Kie Chan,1,471,0.2,,,authorship-covered unique studies,exact-identifier studies with usable structured authorship,multiple response; one count per unique author per study,0b1e929029c5b43c5beb,OpenAlex author ID
Exact-identifier metadata sensitivity: authors,Unique-author study count,Mahdieh Sabery,1,471,0.2,,,authorship-covered unique studies,exact-identifier studies with usable structured authorship,multiple response; one count per unique author per study,035291e867ecf965f467,OpenAlex author ID
Exact-identifier metadata sensitivity: authors,Unique-author study count,Mahmoud Omar,1,471,0.2,,,authorship-covered unique studies,exact-identifier studies with usable structured authorship,multiple response; one count per unique author per study,e5304eeb960c6393b03a,OpenAlex author ID
Exact-identifier metadata sensitivity: authors,Unique-author study count,Mahmudul Hassan,1,471,0.2,,,authorship-covered unique studies,exact-identifier studies with usable structured authorship,multiple response; one count per unique author per study,b36e071a220a2c96e7c2,name-only record; duplicates collapsed within work only; not merged across works
Exact-identifier metadata sensitivity: authors,Unique-author study count,Mai Ishikawa,1,471,0.2,,,authorship-covered unique studies,exact-identifier studies with usable structured authorship,multiple response; one count per unique author per study,fcd1902a5e565b2d2fcc,name-only record; duplicates collapsed within work only; not merged across works
Exact-identifier metadata sensitivity: authors,Unique-author study count,Mai Khanh Ha Huynh,1,471,0.2,,,authorship-covered unique studies,exact-identifier studies with usable structured authorship,multiple response; one count per unique author per study,0aad164402f8e4deea3b,OpenAlex author ID
Exact-identifier metadata sensitivity: authors,Unique-author study count,Maidha Jadoon,1,471,0.2,,,authorship-covered unique studies,exact-identifier studies with usable structured authorship,multiple response; one count per unique author per study,6fb769efa53620e383b7,OpenAlex author ID
Exact-identifier metadata sensitivity: authors,Unique-author study count,Maija Paukkunen,1,471,0.2,,,authorship-covered unique studies,exact-identifier studies with usable structured authorship,multiple response; one count per unique author per study,ab784e3f29bfc7622997,OpenAlex author ID
Exact-identifier metadata sensitivity: authors,Unique-author study count,Makoto Fujimoto,1,471,0.2,,,authorship-covered unique studies,exact-identifier studies with usable structured authorship,multiple response; one count per unique author per study,859f96f4eca259cdb9e8,OpenAlex author ID
Exact-identifier metadata sensitivity: authors,Unique-author study count,Malin Arenbeck,1,471,0.2,,,authorship-covered unique studies,exact-identifier studies with usable structured authorship,multiple response; one count per unique author per study,0a56637c161743569cf5,OpenAlex author ID
Exact-identifier metadata sensitivity: authors,Unique-author study count,Mamiko Eto,1,471,0.2,,,authorship-covered unique studies,exact-identifier studies with usable structured authorship,multiple response; one count per unique author per study,25f6a5df250f3ed0360b,OpenAlex author ID
Exact-identifier metadata sensitivity: authors,Unique-author study count,Mamoun Hamid Elmamoun,1,471,0.2,,,authorship-covered unique studies,exact-identifier studies with usable structured authorship,multiple response; one count per unique author per study,db80308782a219cbea0e,OpenAlex author ID
Exact-identifier metadata sensitivity: authors,Unique-author study count,Man Hei Patrick Kwok,1,471,0.2,,,authorship-covered unique studies,exact-identifier studies with usable structured authorship,multiple response; one count per unique author per study,7a5ffafc98c031b3684e,OpenAlex author ID
Exact-identifier metadata sensitivity: authors,Unique-author study count,Man Hin Lai,1,471,0.2,,,authorship-covered unique studies,exact-identifier studies with usable structured authorship,multiple response; one count per unique author per study,7a5ffafc98c031b3684e,OpenAlex author ID
Exact-identifier metadata sensitivity: authors,Unique-author study count,Manfred Tscheligi,1,471,0.2,,,authorship-covered unique studies,exact-identifier studies with usable structured authorship,multiple response; one count per unique author per study,64a85483f87115653128,OpenAlex author ID
Exact-identifier metadata sensitivity: authors,Unique-author study count,Manik Sharma,1,471,0.2,,,authorship-covered unique studies,exact-identifier studies with usable structured authorship,multiple response; one count per unique author per study,58a5647e55ff3ae5746e,OpenAlex author ID
Exact-identifier metadata sensitivity: authors,Unique-author study count,Marc D. Succi,1,471,0.2,,,authorship-covered unique studies,exact-identifier studies with usable structured authorship,multiple response; one count per unique author per study,ba93136b38c9a66d059f,OpenAlex author ID
Exact-identifier metadata sensitivity: authors,Unique-author study count,Marc Hazzan,1,471,0.2,,,authorship-covered unique studies,exact-identifier studies with usable structured authorship,multiple response; one count per unique author per study,03345c1deb2aad29820e,OpenAlex author ID
Exact-identifier metadata sensitivity: authors,Unique-author study count,Marc Lilot,1,471,0.2,,,authorship-covered unique studies,exact-identifier studies with usable structured authorship,multiple response; one count per unique author per study,b75fad8b8777d2f878b6,OpenAlex author ID
Exact-identifier metadata sensitivity: authors,Unique-author study count,Marc Place,1,471,0.2,,,authorship-covered unique studies,exact-identifier studies with usable structured authorship,multiple response; one count per unique author per study,f30eee8f6354bfa06744,OpenAlex author ID
Exact-identifier metadata sensitivity: authors,Unique-author study count,Marc; id_orcid 0000-0002-6213-2960 Edwards,1,471,0.2,,,authorship-covered unique studies,exact-identifier studies with usable structured authorship,multiple response; one count per unique author per study,b3a8d73bf08119c4ce68,OpenAlex author ID
Exact-identifier metadata sensitivity: authors,Unique-author study count,Marcelo Low,1,471,0.2,,,authorship-covered unique studies,exact-identifier studies with usable structured authorship,multiple response; one count per unique author per study,3592795dfee0e066000a,OpenAlex author ID
Exact-identifier metadata sensitivity: authors,Unique-author study count,Marcial Ramin Sierra Cervantes,1,471,0.2,,,authorship-covered unique studies,exact-identifier studies with usable structured authorship,multiple response; one count per unique author per study,a2883a095e505041a802,OpenAlex author ID
Exact-identifier metadata sensitivity: authors,Unique-author study count,Marcus J. Coffey,1,471,0.2,,,authorship-covered unique studies,exact-identifier studies with usable structured authorship,multiple response; one count per unique author per study,c4f5fe90704c2aa68c75,OpenAlex author ID
Exact-identifier metadata sensitivity: authors,Unique-author study count,Margret Lo,1,471,0.2,,,authorship-covered unique studies,exact-identifier studies with usable structured authorship,multiple response; one count per unique author per study,58483951ebaed609e26a,OpenAlex author ID
Exact-identifier metadata sensitivity: authors,Unique-author study count,Maria Amália Pereira Dias‐Calças,1,471,0.2,,,authorship-covered unique studies,exact-identifier studies with usable structured authorship,multiple response; one count per unique author per study,3aba8ba7976a49acd0ac,OpenAlex author ID
Exact-identifier metadata sensitivity: authors,Unique-author study count,Maria Bajwa,1,471,0.2,,,authorship-covered unique studies,exact-identifier studies with usable structured authorship,multiple response; one count per unique author per study,eb8b75c75edacbfa547b,OpenAlex author ID
Exact-identifier metadata sensitivity: authors,Unique-author study count,Maria Eduarda Leite Pinto Ghirotti,1,471,0.2,,,authorship-covered unique studies,exact-identifier studies with usable structured authorship,multiple response; one count per unique author per study,b924bd45d30abb49831e,OpenAlex author ID
Exact-identifier metadata sensitivity: authors,Unique-author study count,Maria Feliciana Galindo-Parra,1,471,0.2,,,authorship-covered unique studies,exact-identifier studies with usable structured authorship,multiple response; one count per unique author per study,45e7ea1fbbde53125fd7,OpenAlex author ID
Exact-identifier metadata sensitivity: authors,Unique-author study count,Maria Jędrzejczyk,1,471,0.2,,,authorship-covered unique studies,exact-identifier studies with usable structured authorship,multiple response; one count per unique author per study,5dd47cd1855294dcfafd,OpenAlex author ID
Exact-identifier metadata sensitivity: authors,Unique-author study count,Maria-Mădălina Mera,1,471,0.2,,,authorship-covered unique studies,exact-identifier studies with usable structured authorship,multiple response; one count per unique author per study,sci_aea73a0d6d3e592a48a0,OpenAlex author ID
Exact-identifier metadata sensitivity: authors,Unique-author study count,Mariachiara Figura,1,471,0.2,,,authorship-covered unique studies,exact-identifier studies with usable structured authorship,multiple response; one count per unique author per study,5dd47cd1855294dcfafd,OpenAlex author ID
Exact-identifier metadata sensitivity: authors,Unique-author study count,Mariapia Masino,1,471,0.2,,,authorship-covered unique studies,exact-identifier studies with usable structured authorship,multiple response; one count per unique author per study,7d5cb710e5a6901bbaaa,OpenAlex author ID
Exact-identifier metadata sensitivity: authors,Unique-author study count,Marie Therese Ettlen,1,471,0.2,,,authorship-covered unique studies,exact-identifier studies with usable structured authorship,multiple response; one count per unique author per study,e2272dd53f2ee764e3a8,OpenAlex author ID
Exact-identifier metadata sensitivity: authors,Unique-author study count,Marie-Luce Bourguet,1,471,0.2,,,authorship-covered unique studies,exact-identifier studies with usable structured authorship,multiple response; one count per unique author per study,401238697481e3dbe32e,OpenAlex author ID
Exact-identifier metadata sensitivity: authors,Unique-author study count,Mariette Sourial,1,471,0.2,,,authorship-covered unique studies,exact-identifier studies with usable structured authorship,multiple response; one count per unique author per study,7f98755e27ed54f044ae,OpenAlex author ID
Exact-identifier metadata sensitivity: authors,Unique-author study count,Marina Landau,1,471,0.2,,,authorship-covered unique studies,exact-identifier studies with usable structured authorship,multiple response; one count per unique author per study,598901438bbefd691625,OpenAlex author ID
Exact-identifier metadata sensitivity: authors,Unique-author study count,Mario Shafiei,1,471,0.2,,,authorship-covered unique studies,exact-identifier studies with usable structured authorship,multiple response; one count per unique author per study,415ba4f99eeb473a50c2,name-only record; duplicates collapsed within work only; not merged across works
Exact-identifier metadata sensitivity: authors,Unique-author study count,Marion Roddewig,1,471,0.2,,,authorship-covered unique studies,exact-identifier studies with usable structured authorship,multiple response; one count per unique author per study,594824ec9813877abe34,OpenAlex author ID
Exact-identifier metadata sensitivity: authors,Unique-author study count,Maritza Dominguez,1,471,0.2,,,authorship-covered unique studies,exact-identifier studies with usable structured authorship,multiple response; one count per unique author per study,2972cffe675ec25e930c,OpenAlex author ID
Exact-identifier metadata sensitivity: authors,Unique-author study count,Marius Niklas Keller,1,471,0.2,,,authorship-covered unique studies,exact-identifier studies with usable structured authorship,multiple response; one count per unique author per study,0a56637c161743569cf5,name-only record; duplicates collapsed within work only; not merged across works
Exact-identifier metadata sensitivity: authors,Unique-author study count,Marius-Ștefan Mărușteri,1,471,0.2,,,authorship-covered unique studies,exact-identifier studies with usable structured authorship,multiple response; one count per unique author per study,c2d6c7abc598aacc0368,OpenAlex author ID
Exact-identifier metadata sensitivity: authors,Unique-author study count,Mark Merolli,1,471,0.2,,,authorship-covered unique studies,exact-identifier studies with usable structured authorship,multiple response; one count per unique author per study,a32c2fb665f05ef6086f,OpenAlex author ID
Exact-identifier metadata sensitivity: authors,Unique-author study count,Mark Rochester,1,471,0.2,,,authorship-covered unique studies,exact-identifier studies with usable structured authorship,multiple response; one count per unique author per study,db80308782a219cbea0e,OpenAlex author ID
Exact-identifier metadata sensitivity: authors,Unique-author study count,Markus Holling,1,471,0.2,,,authorship-covered unique studies,exact-identifier studies with usable structured authorship,multiple response; one count per unique author per study,0a56637c161743569cf5,OpenAlex author ID
Exact-identifier metadata sensitivity: authors,Unique-author study count,Marta Torres-Arrese,1,471,0.2,,,authorship-covered unique studies,exact-identifier studies with usable structured authorship,multiple response; one count per unique author per study,6ab002878664147423a1,OpenAlex author ID
Exact-identifier metadata sensitivity: authors,Unique-author study count,Martin Kassir,1,471,0.2,,,authorship-covered unique studies,exact-identifier studies with usable structured authorship,multiple response; one count per unique author per study,598901438bbefd691625,OpenAlex author ID
Exact-identifier metadata sensitivity: authors,Unique-author study count,Marton Szep,1,471,0.2,,,authorship-covered unique studies,exact-identifier studies with usable structured authorship,multiple response; one count per unique author per study,0de698b6ef36192c9365,OpenAlex author ID
Exact-identifier metadata sensitivity: authors,Unique-author study count,María Asunción Vicente,1,471,0.2,,,authorship-covered unique studies,exact-identifier studies with usable structured authorship,multiple response; one count per unique author per study,71a491a468f6c4c71249,name-only record; duplicates collapsed within work only; not merged across works
Exact-identifier metadata sensitivity: authors,Unique-author study count,María Fernanda Romero-Guevara,1,471,0.2,,,authorship-covered unique studies,exact-identifier studies with usable structured authorship,multiple response; one count per unique author per study,59ac00c951a84da39213,OpenAlex author ID
Exact-identifier metadata sensitivity: authors,Unique-author study count,María Guadalupe Gutiérrez-López,1,471,0.2,,,authorship-covered unique studies,exact-identifier studies with usable structured authorship,multiple response; one count per unique author per study,59ac00c951a84da39213,OpenAlex author ID
Exact-identifier metadata sensitivity: authors,Unique-author study count,María José Ferreira Díaz,1,471,0.2,,,authorship-covered unique studies,exact-identifier studies with usable structured authorship,multiple response; one count per unique author per study,94ed3a0dbe4657397dc4,OpenAlex author ID
Exact-identifier metadata sensitivity: authors,Unique-author study count,Marília Duarte Valim,1,471,0.2,,,authorship-covered unique studies,exact-identifier studies with usable structured authorship,multiple response; one count per unique author per study,b924bd45d30abb49831e,OpenAlex author ID
Exact-identifier metadata sensitivity: authors,Unique-author study count,Masahide Koda,1,471,0.2,,,authorship-covered unique studies,exact-identifier studies with usable structured authorship,multiple response; one count per unique author per study,8fa1ae6b843e2388520d,OpenAlex author ID
Exact-identifier metadata sensitivity: authors,Unique-author study count,Masanori Yamada,1,471,0.2,,,authorship-covered unique studies,exact-identifier studies with usable structured authorship,multiple response; one count per unique author per study,25f6a5df250f3ed0360b,OpenAlex author ID
Exact-identifier metadata sensitivity: authors,Unique-author study count,Masato Mitsuhashi,1,471,0.2,,,authorship-covered unique studies,exact-identifier studies with usable structured authorship,multiple response; one count per unique author per study,5a18de075da6eacf874c,OpenAlex author ID
Exact-identifier metadata sensitivity: authors,Unique-author study count,Masayoshi Takashima,1,471,0.2,,,authorship-covered unique studies,exact-identifier studies with usable structured authorship,multiple response; one count per unique author per study,6ad5ba253eb6dea25a47,OpenAlex author ID
Exact-identifier metadata sensitivity: authors,Unique-author study count,Masum Hasan,1,471,0.2,,,authorship-covered unique studies,exact-identifier studies with usable structured authorship,multiple response; one count per unique author per study,ed23e4c8ee00516d2110,OpenAlex author ID
Exact-identifier metadata sensitivity: authors,Unique-author study count,Masum Hasan,1,471,0.2,,,authorship-covered unique studies,exact-identifier studies with usable structured authorship,multiple response; one count per unique author per study,76a6c8049ee4223224f6,OpenAlex author ID
Exact-identifier metadata sensitivity: authors,Unique-author study count,Matheus D. Negrão,1,471,0.2,,,authorship-covered unique studies,exact-identifier studies with usable structured authorship,multiple response; one count per unique author per study,1c9542cefba3287a5281,OpenAlex author ID
Exact-identifier metadata sensitivity: authors,Unique-author study count,Mathew Tang,1,471,0.2,,,authorship-covered unique studies,exact-identifier studies with usable structured authorship,multiple response; one count per unique author per study,ffe994fbb4a27b100f16,OpenAlex author ID
Exact-identifier metadata sensitivity: authors,Unique-author study count,Mathieu Henkeme,1,471,0.2,,,authorship-covered unique studies,exact-identifier studies with usable structured authorship,multiple response; one count per unique author per study,b75fad8b8777d2f878b6,OpenAlex author ID
Exact-identifier metadata sensitivity: authors,Unique-author study count,Matthew Sullivan,1,471,0.2,,,authorship-covered unique studies,exact-identifier studies with usable structured authorship,multiple response; one count per unique author per study,bb3a5362f067d65fc98d,OpenAlex author ID
Exact-identifier metadata sensitivity: authors,Unique-author study count,Mattia Savardi,1,471,0.2,,,authorship-covered unique studies,exact-identifier studies with usable structured authorship,multiple response; one count per unique author per study,633dafafd7b2de3e7ad0,OpenAlex author ID
Exact-identifier metadata sensitivity: authors,Unique-author study count,Maureen A. Mathews,1,471,0.2,,,authorship-covered unique studies,exact-identifier studies with usable structured authorship,multiple response; one count per unique author per study,f9c1bb8b50eb65edbf84,OpenAlex author ID
Exact-identifier metadata sensitivity: authors,Unique-author study count,Maurice Lamb,1,471,0.2,,,authorship-covered unique studies,exact-identifier studies with usable structured authorship,multiple response; one count per unique author per study,319d5b791f54df181b23,OpenAlex author ID
Exact-identifier metadata sensitivity: authors,Unique-author study count,Maurice Mulvenna,1,471,0.2,,,authorship-covered unique studies,exact-identifier studies with usable structured authorship,multiple response; one count per unique author per study,df4adbef2a265890959e,OpenAlex author ID
Exact-identifier metadata sensitivity: authors,Unique-author study count,Mauro Sérgio Almeida Alves,1,471,0.2,,,authorship-covered unique studies,exact-identifier studies with usable structured authorship,multiple response; one count per unique author per study,1131dfab50144331e92a,OpenAlex author ID
Exact-identifier metadata sensitivity: authors,Unique-author study count,Max Ebensperger,1,471,0.2,,,authorship-covered unique studies,exact-identifier studies with usable structured authorship,multiple response; one count per unique author per study,272439595ff3b96c35f3,OpenAlex author ID
Exact-identifier metadata sensitivity: authors,Unique-author study count,Max Hao Lu,1,471,0.2,,,authorship-covered unique studies,exact-identifier studies with usable structured authorship,multiple response; one count per unique author per study,0a56637c161743569cf5,OpenAlex author ID
Exact-identifier metadata sensitivity: authors,Unique-author study count,Max Liu,1,471,0.2,,,authorship-covered unique studies,exact-identifier studies with usable structured authorship,multiple response; one count per unique author per study,b2f1db675b2599e354ab,OpenAlex author ID
Exact-identifier metadata sensitivity: authors,Unique-author study count,Max Thomasius,1,471,0.2,,,authorship-covered unique studies,exact-identifier studies with usable structured authorship,multiple response; one count per unique author per study,272439595ff3b96c35f3,OpenAlex author ID
Exact-identifier metadata sensitivity: authors,Unique-author study count,Maxime Desgrouas,1,471,0.2,,,authorship-covered unique studies,exact-identifier studies with usable structured authorship,multiple response; one count per unique author per study,5aeb6b891099b95aa832,OpenAlex author ID
Exact-identifier metadata sensitivity: authors,Unique-author study count,Małgorzata Sudacka,1,471,0.2,,,authorship-covered unique studies,exact-identifier studies with usable structured authorship,multiple response; one count per unique author per study,14a6c8b99daf76e8179d,OpenAlex author ID
Exact-identifier metadata sensitivity: authors,Unique-author study count,Md Saifuddin Khalid,1,471,0.2,,,authorship-covered unique studies,exact-identifier studies with usable structured authorship,multiple response; one count per unique author per study,107a276748b6c98a2e50,OpenAlex author ID
Exact-identifier metadata sensitivity: authors,Unique-author study count,Megan Hodgson,1,471,0.2,,,authorship-covered unique studies,exact-identifier studies with usable structured authorship,multiple response; one count per unique author per study,c4f5fe90704c2aa68c75,name-only record; duplicates collapsed within work only; not merged across works
Exact-identifier metadata sensitivity: authors,Unique-author study count,Megan Lee,1,471,0.2,,,authorship-covered unique studies,exact-identifier studies with usable structured authorship,multiple response; one count per unique author per study,2366390c9f679e2c90b7,OpenAlex author ID
Exact-identifier metadata sensitivity: authors,Unique-author study count,Megan M. Gray,1,471,0.2,,,authorship-covered unique studies,exact-identifier studies with usable structured authorship,multiple response; one count per unique author per study,7a9ca4d4d16f4705139f,OpenAlex author ID
Exact-identifier metadata sensitivity: authors,Unique-author study count,Megan Zichen Ye,1,471,0.2,,,authorship-covered unique studies,exact-identifier studies with usable structured authorship,multiple response; one count per unique author per study,592d3957693502aad933,OpenAlex author ID
Exact-identifier metadata sensitivity: authors,Unique-author study count,Megha Patel,1,471,0.2,,,authorship-covered unique studies,exact-identifier studies with usable structured authorship,multiple response; one count per unique author per study,3cc4d65478e63af8ab6e,OpenAlex author ID
Exact-identifier metadata sensitivity: authors,Unique-author study count,Meghal Shah,1,471,0.2,,,authorship-covered unique studies,exact-identifier studies with usable structured authorship,multiple response; one count per unique author per study,79301031755b16db8fe6,OpenAlex author ID
Exact-identifier metadata sensitivity: authors,Unique-author study count,Mehdi Maanaoui,1,471,0.2,,,authorship-covered unique studies,exact-identifier studies with usable structured authorship,multiple response; one count per unique author per study,03345c1deb2aad29820e,OpenAlex author ID
Exact-identifier metadata sensitivity: authors,Unique-author study count,Mehmet Nurullah Akkurt,1,471,0.2,,,authorship-covered unique studies,exact-identifier studies with usable structured authorship,multiple response; one count per unique author per study,sci_a8f02e0b2a448efff5e6,OpenAlex author ID
Exact-identifier metadata sensitivity: authors,Unique-author study count,Mehul Gupta,1,471,0.2,,,authorship-covered unique studies,exact-identifier studies with usable structured authorship,multiple response; one count per unique author per study,243562012607f7033171,name-only record; duplicates collapsed within work only; not merged across works
Exact-identifier metadata sensitivity: authors,Unique-author study count,Mei-Ju Su,1,471,0.2,,,authorship-covered unique studies,exact-identifier studies with usable structured authorship,multiple response; one count per unique author per study,4fed0ae03cd7415c40f4,OpenAlex author ID
Exact-identifier metadata sensitivity: authors,Unique-author study count,Meiqi Meng,1,471,0.2,,,authorship-covered unique studies,exact-identifier studies with usable structured authorship,multiple response; one count per unique author per study,0394426a6c4e7afe938e,OpenAlex author ID
Exact-identifier metadata sensitivity: authors,Unique-author study count,Meiwen Tian,1,471,0.2,,,authorship-covered unique studies,exact-identifier studies with usable structured authorship,multiple response; one count per unique author per study,6f1527fb10827ca1da01,OpenAlex author ID
Exact-identifier metadata sensitivity: authors,Unique-author study count,Melissa de Oliveira Melchior,1,471,0.2,,,authorship-covered unique studies,exact-identifier studies with usable structured authorship,multiple response; one count per unique author per study,3aba8ba7976a49acd0ac,OpenAlex author ID
Exact-identifier metadata sensitivity: authors,Unique-author study count,Melissa Platt,1,471,0.2,,,authorship-covered unique studies,exact-identifier studies with usable structured authorship,multiple response; one count per unique author per study,039798e4f1498c17cf82,OpenAlex author ID
Exact-identifier metadata sensitivity: authors,Unique-author study count,Melissa Terada,1,471,0.2,,,authorship-covered unique studies,exact-identifier studies with usable structured authorship,multiple response; one count per unique author per study,25591cbc3c2b21cbfbdf,name-only record; duplicates collapsed within work only; not merged across works
Exact-identifier metadata sensitivity: authors,Unique-author study count,Meltem Akoyak-Yildiz,1,471,0.2,,,authorship-covered unique studies,exact-identifier studies with usable structured authorship,multiple response; one count per unique author per study,43f6ad0fa6f4597d56fc,OpenAlex author ID
Exact-identifier metadata sensitivity: authors,Unique-author study count,Menghan Zhang,1,471,0.2,,,authorship-covered unique studies,exact-identifier studies with usable structured authorship,multiple response; one count per unique author per study,412046e11296d150c70a,OpenAlex author ID
Exact-identifier metadata sensitivity: authors,Unique-author study count,Mengli Li,1,471,0.2,,,authorship-covered unique studies,exact-identifier studies with usable structured authorship,multiple response; one count per unique author per study,668b98624eeda1089d99,OpenAlex author ID
Exact-identifier metadata sensitivity: authors,Unique-author study count,Mengna Jiang,1,471,0.2,,,authorship-covered unique studies,exact-identifier studies with usable structured authorship,multiple response; one count per unique author per study,da920e8320da57a1954a,OpenAlex author ID
Exact-identifier metadata sensitivity: authors,Unique-author study count,Mengsha Yan,1,471,0.2,,,authorship-covered unique studies,exact-identifier studies with usable structured authorship,multiple response; one count per unique author per study,1158803af3fb0ab9c072,OpenAlex author ID
Exact-identifier metadata sensitivity: authors,Unique-author study count,Mengya Zhang,1,471,0.2,,,authorship-covered unique studies,exact-identifier studies with usable structured authorship,multiple response; one count per unique author per study,94bb63aeb68eddb59442,OpenAlex author ID
Exact-identifier metadata sensitivity: authors,Unique-author study count,Mengyu Xia,1,471,0.2,,,authorship-covered unique studies,exact-identifier studies with usable structured authorship,multiple response; one count per unique author per study,6d60da2f964efcc60587,OpenAlex author ID
Exact-identifier metadata sensitivity: authors,Unique-author study count,Mengyu Zhang,1,471,0.2,,,authorship-covered unique studies,exact-identifier studies with usable structured authorship,multiple response; one count per unique author per study,a4f6e4afd67cbf667f95,OpenAlex author ID
Exact-identifier metadata sensitivity: authors,Unique-author study count,Mengyue Wu,1,471,0.2,,,authorship-covered unique studies,exact-identifier studies with usable structured authorship,multiple response; one count per unique author per study,1d69e819d76b702e955f,OpenAlex author ID
Exact-identifier metadata sensitivity: authors,Unique-author study count,Mercedes Pérez Carreras,1,471,0.2,,,authorship-covered unique studies,exact-identifier studies with usable structured authorship,multiple response; one count per unique author per study,6ab002878664147423a1,OpenAlex author ID
Exact-identifier metadata sensitivity: authors,Unique-author study count,Mevlüt Karadağ,1,471,0.2,,,authorship-covered unique studies,exact-identifier studies with usable structured authorship,multiple response; one count per unique author per study,5e70fc602d28beb4158b,OpenAlex author ID
Exact-identifier metadata sensitivity: authors,Unique-author study count,Mi Ok Song,1,471,0.2,,,authorship-covered unique studies,exact-identifier studies with usable structured authorship,multiple response; one count per unique author per study,e82a026a5524b0d4f0d3,OpenAlex author ID
Exact-identifier metadata sensitivity: authors,Unique-author study count,Micah Buller,1,471,0.2,,,authorship-covered unique studies,exact-identifier studies with usable structured authorship,multiple response; one count per unique author per study,9ba2ceb3ea808e2794a1,name-only record; duplicates collapsed within work only; not merged across works
Exact-identifier metadata sensitivity: authors,Unique-author study count,Mich Thornton,1,471,0.2,,,authorship-covered unique studies,exact-identifier studies with usable structured authorship,multiple response; one count per unique author per study,6457c6be7c6ba150ede6,name-only record; duplicates collapsed within work only; not merged across works
Exact-identifier metadata sensitivity: authors,Unique-author study count,Michael Coriasco,1,471,0.2,,,authorship-covered unique studies,exact-identifier studies with usable structured authorship,multiple response; one count per unique author per study,cb97375c66ea36d11d94,OpenAlex author ID
Exact-identifier metadata sensitivity: authors,Unique-author study count,Michael Langer,1,471,0.2,,,authorship-covered unique studies,exact-identifier studies with usable structured authorship,multiple response; one count per unique author per study,bad1f4fb855554cb4aba,OpenAlex author ID
Exact-identifier metadata sensitivity: authors,Unique-author study count,Michael McTear,1,471,0.2,,,authorship-covered unique studies,exact-identifier studies with usable structured authorship,multiple response; one count per unique author per study,df4adbef2a265890959e,OpenAlex author ID
Exact-identifier metadata sensitivity: authors,Unique-author study count,Michael Montgomery,1,471,0.2,,,authorship-covered unique studies,exact-identifier studies with usable structured authorship,multiple response; one count per unique author per study,7bda59402c9478eda64c,OpenAlex author ID
Exact-identifier metadata sensitivity: authors,Unique-author study count,Michaela Kolbe,1,471,0.2,,,authorship-covered unique studies,exact-identifier studies with usable structured authorship,multiple response; one count per unique author per study,272439595ff3b96c35f3,OpenAlex author ID
Exact-identifier metadata sensitivity: authors,Unique-author study count,Michal Mankowski,1,471,0.2,,,authorship-covered unique studies,exact-identifier studies with usable structured authorship,multiple response; one count per unique author per study,50ac103890932b40242c,OpenAlex author ID
Exact-identifier metadata sensitivity: authors,Unique-author study count,Michelle Bartlett,1,471,0.2,,,authorship-covered unique studies,exact-identifier studies with usable structured authorship,multiple response; one count per unique author per study,7a9ca4d4d16f4705139f,OpenAlex author ID
Exact-identifier metadata sensitivity: authors,Unique-author study count,Michelle Castleberry,1,471,0.2,,,authorship-covered unique studies,exact-identifier studies with usable structured authorship,multiple response; one count per unique author per study,30b04ea7e17c283383c8,OpenAlex author ID
Exact-identifier metadata sensitivity: authors,Unique-author study count,Michelle Elsener,1,471,0.2,,,authorship-covered unique studies,exact-identifier studies with usable structured authorship,multiple response; one count per unique author per study,e359eafa6af6abbb467d,OpenAlex author ID
Exact-identifier metadata sensitivity: authors,Unique-author study count,Mickaël Bobot,1,471,0.2,,,authorship-covered unique studies,exact-identifier studies with usable structured authorship,multiple response; one count per unique author per study,03345c1deb2aad29820e,OpenAlex author ID
Exact-identifier metadata sensitivity: authors,Unique-author study count,Mihir Godbole,1,471,0.2,,,authorship-covered unique studies,exact-identifier studies with usable structured authorship,multiple response; one count per unique author per study,b052274076e5e7cc16db,OpenAlex author ID
Exact-identifier metadata sensitivity: authors,Unique-author study count,Miji Lee,1,471,0.2,,,authorship-covered unique studies,exact-identifier studies with usable structured authorship,multiple response; one count per unique author per study,3d4ea70252a23ce4cd2f,OpenAlex author ID
Exact-identifier metadata sensitivity: authors,Unique-author study count,Mikaela Milesi,1,471,0.2,,,authorship-covered unique studies,exact-identifier studies with usable structured authorship,multiple response; one count per unique author per study,43f6ad0fa6f4597d56fc,OpenAlex author ID
Exact-identifier metadata sensitivity: authors,Unique-author study count,Mike Casey,1,471,0.2,,,authorship-covered unique studies,exact-identifier studies with usable structured authorship,multiple response; one count per unique author per study,2972cffe675ec25e930c,OpenAlex author ID
Exact-identifier metadata sensitivity: authors,Unique-author study count,Mike Moser,1,471,0.2,,,authorship-covered unique studies,exact-identifier studies with usable structured authorship,multiple response; one count per unique author per study,7791c8951d81b4aa0b71,OpenAlex author ID
Exact-identifier metadata sensitivity: authors,Unique-author study count,Mike Yao,1,471,0.2,,,authorship-covered unique studies,exact-identifier studies with usable structured authorship,multiple response; one count per unique author per study,37a099d4d3aa15cafaa9,OpenAlex author ID
Exact-identifier metadata sensitivity: authors,Unique-author study count,Milly Heys,1,471,0.2,,,authorship-covered unique studies,exact-identifier studies with usable structured authorship,multiple response; one count per unique author per study,c8c9e4c672bea3a6d994,name-only record; duplicates collapsed within work only; not merged across works
Exact-identifier metadata sensitivity: authors,Unique-author study count,Milton L. Wainberg,1,471,0.2,,,authorship-covered unique studies,exact-identifier studies with usable structured authorship,multiple response; one count per unique author per study,e4a287ed511b7be9baa5,OpenAlex author ID
Exact-identifier metadata sensitivity: authors,Unique-author study count,Min Kyu Kim,1,471,0.2,,,authorship-covered unique studies,exact-identifier studies with usable structured authorship,multiple response; one count per unique author per study,45e7ea1fbbde53125fd7,OpenAlex author ID
Exact-identifier metadata sensitivity: authors,Unique-author study count,Min Wu,1,471,0.2,,,authorship-covered unique studies,exact-identifier studies with usable structured authorship,multiple response; one count per unique author per study,548ca816901c7761f0bf,OpenAlex author ID
Exact-identifier metadata sensitivity: authors,Unique-author study count,Mingjie Luo,1,471,0.2,,,authorship-covered unique studies,exact-identifier studies with usable structured authorship,multiple response; one count per unique author per study,adc1485c258278b24c4e,OpenAlex author ID
Exact-identifier metadata sensitivity: authors,Unique-author study count,MingYan Shen,1,471,0.2,,,authorship-covered unique studies,exact-identifier studies with usable structured authorship,multiple response; one count per unique author per study,sci_333316fb42bc0b910010,OpenAlex author ID
Exact-identifier metadata sensitivity: authors,Unique-author study count,Mingying Lai,1,471,0.2,,,authorship-covered unique studies,exact-identifier studies with usable structured authorship,multiple response; one count per unique author per study,6f1527fb10827ca1da01,OpenAlex author ID
Exact-identifier metadata sensitivity: authors,Unique-author study count,Mingyu Jin,1,471,0.2,,,authorship-covered unique studies,exact-identifier studies with usable structured authorship,multiple response; one count per unique author per study,d977c356ff57ab060fef,OpenAlex author ID
Exact-identifier metadata sensitivity: authors,Unique-author study count,Mingyu Pei,1,471,0.2,,,authorship-covered unique studies,exact-identifier studies with usable structured authorship,multiple response; one count per unique author per study,061a5c17950367156401,OpenAlex author ID
Exact-identifier metadata sensitivity: authors,Unique-author study count,Ming‐Li Chen,1,471,0.2,,,authorship-covered unique studies,exact-identifier studies with usable structured authorship,multiple response; one count per unique author per study,d977c356ff57ab060fef,OpenAlex author ID
Exact-identifier metadata sensitivity: authors,Unique-author study count,Minh Chau,1,471,0.2,,,authorship-covered unique studies,exact-identifier studies with usable structured authorship,multiple response; one count per unique author per study,sci_d54eaf2ee85c6160a060,OpenAlex author ID
Exact-identifier metadata sensitivity: authors,Unique-author study count,Minhao Zhang,1,471,0.2,,,authorship-covered unique studies,exact-identifier studies with usable structured authorship,multiple response; one count per unique author per study,04b48ce4dda567febfa2,OpenAlex author ID
Exact-identifier metadata sensitivity: authors,Unique-author study count,Minkang Zhan,1,471,0.2,,,authorship-covered unique studies,exact-identifier studies with usable structured authorship,multiple response; one count per unique author per study,sci_454fe3ad37947557e9a6,OpenAlex author ID
Exact-identifier metadata sensitivity: authors,Unique-author study count,Minseong Kim,1,471,0.2,,,authorship-covered unique studies,exact-identifier studies with usable structured authorship,multiple response; one count per unique author per study,c837d77a482b4e089619,OpenAlex author ID
Exact-identifier metadata sensitivity: authors,Unique-author study count,Minxin Cheng,1,471,0.2,,,authorship-covered unique studies,exact-identifier studies with usable structured authorship,multiple response; one count per unique author per study,5b529e4bc562ac2c093e,OpenAlex author ID
Exact-identifier metadata sensitivity: authors,Unique-author study count,Miraç Barış Usta,1,471,0.2,,,authorship-covered unique studies,exact-identifier studies with usable structured authorship,multiple response; one count per unique author per study,73cb9769cd2180a04bb0,OpenAlex author ID
Exact-identifier metadata sensitivity: authors,Unique-author study count,Miriam Archana Simon,1,471,0.2,,,authorship-covered unique studies,exact-identifier studies with usable structured authorship,multiple response; one count per unique author per study,9eb3b25f5e4e48cdcb6a,name-only record; duplicates collapsed within work only; not merged across works
Exact-identifier metadata sensitivity: authors,Unique-author study count,Miriam Hertwig,1,471,0.2,,,authorship-covered unique studies,exact-identifier studies with usable structured authorship,multiple response; one count per unique author per study,bad1f4fb855554cb4aba,OpenAlex author ID
Exact-identifier metadata sensitivity: authors,Unique-author study count,Miriam Veenhuizen,1,471,0.2,,,authorship-covered unique studies,exact-identifier studies with usable structured authorship,multiple response; one count per unique author per study,766d498375e7ceff4c70,OpenAlex author ID
Exact-identifier metadata sensitivity: authors,Unique-author study count,Mirjana Prpa,1,471,0.2,,,authorship-covered unique studies,exact-identifier studies with usable structured authorship,multiple response; one count per unique author per study,4eabef99b9ccb8ef8fd4,OpenAlex author ID
Exact-identifier metadata sensitivity: authors,Unique-author study count,Misato Saitou,1,471,0.2,,,authorship-covered unique studies,exact-identifier studies with usable structured authorship,multiple response; one count per unique author per study,5a18de075da6eacf874c,OpenAlex author ID
Exact-identifier metadata sensitivity: authors,Unique-author study count,Mitja D. Back,1,471,0.2,,,authorship-covered unique studies,exact-identifier studies with usable structured authorship,multiple response; one count per unique author per study,7442954006aac8fa63fa,OpenAlex author ID
Exact-identifier metadata sensitivity: authors,Unique-author study count,Mohamad Goldust,1,471,0.2,,,authorship-covered unique studies,exact-identifier studies with usable structured authorship,multiple response; one count per unique author per study,598901438bbefd691625,OpenAlex author ID
Exact-identifier metadata sensitivity: authors,Unique-author study count,Mohamad-Hani Temsah,1,471,0.2,,,authorship-covered unique studies,exact-identifier studies with usable structured authorship,multiple response; one count per unique author per study,7acd89712f3fc0bb4cb7,OpenAlex author ID
Exact-identifier metadata sensitivity: authors,Unique-author study count,Mohamed Alhaskir,1,471,0.2,,,authorship-covered unique studies,exact-identifier studies with usable structured authorship,multiple response; one count per unique author per study,bad1f4fb855554cb4aba,OpenAlex author ID
Exact-identifier metadata sensitivity: authors,Unique-author study count,Mohamed H. Taha,1,471,0.2,,,authorship-covered unique studies,exact-identifier studies with usable structured authorship,multiple response; one count per unique author per study,eb6ba637fab26b824344,OpenAlex author ID
Exact-identifier metadata sensitivity: authors,Unique-author study count,Mohammad Adel Moufti,1,471,0.2,,,authorship-covered unique studies,exact-identifier studies with usable structured authorship,multiple response; one count per unique author per study,eb6ba637fab26b824344,OpenAlex author ID
Exact-identifier metadata sensitivity: authors,Unique-author study count,Mohammad Almansour,1,471,0.2,,,authorship-covered unique studies,exact-identifier studies with usable structured authorship,multiple response; one count per unique author per study,7acd89712f3fc0bb4cb7,OpenAlex author ID
Exact-identifier metadata sensitivity: authors,Unique-author study count,Mohammad Amin Kamaleddin,1,471,0.2,,,authorship-covered unique studies,exact-identifier studies with usable structured authorship,multiple response; one count per unique author per study,63c69a200d415bc42d9b,OpenAlex author ID
Exact-identifier metadata sensitivity: authors,Unique-author study count,Mohammad Reza Nayeri,1,471,0.2,,,authorship-covered unique studies,exact-identifier studies with usable structured authorship,multiple response; one count per unique author per study,2f08c4b2b3acc1eaa9d5,OpenAlex author ID
Exact-identifier metadata sensitivity: authors,Unique-author study count,Mohammad Soleymannejad,1,471,0.2,,,authorship-covered unique studies,exact-identifier studies with usable structured authorship,multiple response; one count per unique author per study,f2be4ac5256845407914,OpenAlex author ID
Exact-identifier metadata sensitivity: authors,Unique-author study count,Mohammed Alkhafaji,1,471,0.2,,,authorship-covered unique studies,exact-identifier studies with usable structured authorship,multiple response; one count per unique author per study,4bae43896a7e20da2e4b,OpenAlex author ID
Exact-identifier metadata sensitivity: authors,Unique-author study count,Mohammed Almarhabi,1,471,0.2,,,authorship-covered unique studies,exact-identifier studies with usable structured authorship,multiple response; one count per unique author per study,4301913b143d4dcf67c6,OpenAlex author ID
Exact-identifier metadata sensitivity: authors,Unique-author study count,Mohammed Almashal,1,471,0.2,,,authorship-covered unique studies,exact-identifier studies with usable structured authorship,multiple response; one count per unique author per study,155acc9f21eba7b06b56,OpenAlex author ID
Exact-identifier metadata sensitivity: authors,Unique-author study count,Mohammed Almeflehi,1,471,0.2,,,authorship-covered unique studies,exact-identifier studies with usable structured authorship,multiple response; one count per unique author per study,c9defba9bce13454aa5f,OpenAlex author ID
Exact-identifier metadata sensitivity: authors,Unique-author study count,Mohammed As'ad,1,471,0.2,,,authorship-covered unique studies,exact-identifier studies with usable structured authorship,multiple response; one count per unique author per study,4c580842a4d610a72e9d,OpenAlex author ID
Exact-identifier metadata sensitivity: authors,Unique-author study count,Mohammed Kadri,1,471,0.2,,,authorship-covered unique studies,exact-identifier studies with usable structured authorship,multiple response; one count per unique author per study,sci_0f0b074ee785f63a5645,name-only record; duplicates collapsed within work only; not merged across works
Exact-identifier metadata sensitivity: authors,Unique-author study count,Mohammed Kadri,1,471,0.2,,,authorship-covered unique studies,exact-identifier studies with usable structured authorship,multiple response; one count per unique author per study,72f2fcd3a833c8b6e39e,OpenAlex author ID
Exact-identifier metadata sensitivity: authors,Unique-author study count,Mokhira Kuvvatova,1,471,0.2,,,authorship-covered unique studies,exact-identifier studies with usable structured authorship,multiple response; one count per unique author per study,eb6afac746ee34d7a37f,OpenAlex author ID
Exact-identifier metadata sensitivity: authors,Unique-author study count,Mona Soliman,1,471,0.2,,,authorship-covered unique studies,exact-identifier studies with usable structured authorship,multiple response; one count per unique author per study,7acd89712f3fc0bb4cb7,OpenAlex author ID
Exact-identifier metadata sensitivity: authors,Unique-author study count,Monika Nanda,1,471,0.2,,,authorship-covered unique studies,exact-identifier studies with usable structured authorship,multiple response; one count per unique author per study,48a55d4cf5cff922481f,OpenAlex author ID
Exact-identifier metadata sensitivity: authors,Unique-author study count,Mon‐Ju Wu,1,471,0.2,,,authorship-covered unique studies,exact-identifier studies with usable structured authorship,multiple response; one count per unique author per study,32b43fcb025a9d77581f,OpenAlex author ID
Exact-identifier metadata sensitivity: authors,Unique-author study count,Mostafa Langarizadeh,1,471,0.2,,,authorship-covered unique studies,exact-identifier studies with usable structured authorship,multiple response; one count per unique author per study,035291e867ecf965f467,OpenAlex author ID
Exact-identifier metadata sensitivity: authors,Unique-author study count,Muhammad Munshi,1,471,0.2,,,authorship-covered unique studies,exact-identifier studies with usable structured authorship,multiple response; one count per unique author per study,197361cc9246160f71a5,OpenAlex author ID
Exact-identifier metadata sensitivity: authors,Unique-author study count,Muhammad Zahid Iqbal,1,471,0.2,,,authorship-covered unique studies,exact-identifier studies with usable structured authorship,multiple response; one count per unique author per study,b36e071a220a2c96e7c2,name-only record; duplicates collapsed within work only; not merged across works
Exact-identifier metadata sensitivity: authors,Unique-author study count,Muhammad Zulfiqah Sadikan,1,471,0.2,,,authorship-covered unique studies,exact-identifier studies with usable structured authorship,multiple response; one count per unique author per study,87dd3b9b5e7ef2d3f457,OpenAlex author ID
Exact-identifier metadata sensitivity: authors,Unique-author study count,Murat Tekïn,1,471,0.2,,,authorship-covered unique studies,exact-identifier studies with usable structured authorship,multiple response; one count per unique author per study,94dc4442e5bc1f047433,OpenAlex author ID
Exact-identifier metadata sensitivity: authors,Unique-author study count,Murat Özer,1,471,0.2,,,authorship-covered unique studies,exact-identifier studies with usable structured authorship,multiple response; one count per unique author per study,d885762caf8919afe125,OpenAlex author ID
Exact-identifier metadata sensitivity: authors,Unique-author study count,Muskaan Sachdeva,1,471,0.2,,,authorship-covered unique studies,exact-identifier studies with usable structured authorship,multiple response; one count per unique author per study,243562012607f7033171,OpenAlex author ID
Exact-identifier metadata sensitivity: authors,Unique-author study count,Mustafa A. Al Ibrahim,1,471,0.2,,,authorship-covered unique studies,exact-identifier studies with usable structured authorship,multiple response; one count per unique author per study,197361cc9246160f71a5,OpenAlex author ID
Exact-identifier metadata sensitivity: authors,Unique-author study count,Mustafa Demir,1,471,0.2,,,authorship-covered unique studies,exact-identifier studies with usable structured authorship,multiple response; one count per unique author per study,ec6081495209898a9c42,OpenAlex author ID
Exact-identifier metadata sensitivity: authors,Unique-author study count,Mustafa Onur Yurdal,1,471,0.2,,,authorship-covered unique studies,exact-identifier studies with usable structured authorship,multiple response; one count per unique author per study,94dc4442e5bc1f047433,OpenAlex author ID
Exact-identifier metadata sensitivity: authors,Unique-author study count,Mustika Ratu,1,471,0.2,,,authorship-covered unique studies,exact-identifier studies with usable structured authorship,multiple response; one count per unique author per study,6a18d985481870e99d72,OpenAlex author ID
Exact-identifier metadata sensitivity: authors,Unique-author study count,Myles Ojabo,1,471,0.2,,,authorship-covered unique studies,exact-identifier studies with usable structured authorship,multiple response; one count per unique author per study,0038624c09ec9fe46395,OpenAlex author ID
Exact-identifier metadata sensitivity: authors,Unique-author study count,Myungeun Lee,1,471,0.2,,,authorship-covered unique studies,exact-identifier studies with usable structured authorship,multiple response; one count per unique author per study,1df5cdc0b4ba5e34b2ba,OpenAlex author ID
Exact-identifier metadata sensitivity: authors,Unique-author study count,N. A. Leohenkii,1,471,0.2,,,authorship-covered unique studies,exact-identifier studies with usable structured authorship,multiple response; one count per unique author per study,8a18fabf9cf9be3f8a36,OpenAlex author ID
Exact-identifier metadata sensitivity: authors,Unique-author study count,N. Chen,1,471,0.2,,,authorship-covered unique studies,exact-identifier studies with usable structured authorship,multiple response; one count per unique author per study,6d60da2f964efcc60587,OpenAlex author ID
Exact-identifier metadata sensitivity: authors,Unique-author study count,N. D. Pavlyukovich,1,471,0.2,,,authorship-covered unique studies,exact-identifier studies with usable structured authorship,multiple response; one count per unique author per study,14a6c8b99daf76e8179d,OpenAlex author ID
Exact-identifier metadata sensitivity: authors,Unique-author study count,N. Z. Jhanjhi,1,471,0.2,,,authorship-covered unique studies,exact-identifier studies with usable structured authorship,multiple response; one count per unique author per study,5966d1a884499670acf2,OpenAlex author ID
Exact-identifier metadata sensitivity: authors,Unique-author study count,N.H. Kapadia,1,471,0.2,,,authorship-covered unique studies,exact-identifier studies with usable structured authorship,multiple response; one count per unique author per study,f9c1bb8b50eb65edbf84,OpenAlex author ID
Exact-identifier metadata sensitivity: authors,Unique-author study count,Nadine Wodwaski,1,471,0.2,,,authorship-covered unique studies,exact-identifier studies with usable structured authorship,multiple response; one count per unique author per study,4781da10664bc6a33ebc,OpenAlex author ID
Exact-identifier metadata sensitivity: authors,Unique-author study count,Namkee Oh,1,471,0.2,,,authorship-covered unique studies,exact-identifier studies with usable structured authorship,multiple response; one count per unique author per study,581dc0790951c1557bba,OpenAlex author ID
Exact-identifier metadata sensitivity: authors,Unique-author study count,Nan Meng,1,471,0.2,,,authorship-covered unique studies,exact-identifier studies with usable structured authorship,multiple response; one count per unique author per study,ead3628c23fe3e244e24,OpenAlex author ID
Exact-identifier metadata sensitivity: authors,Unique-author study count,Nancy Posel,1,471,0.2,,,authorship-covered unique studies,exact-identifier studies with usable structured authorship,multiple response; one count per unique author per study,7791c8951d81b4aa0b71,OpenAlex author ID
Exact-identifier metadata sensitivity: authors,Unique-author study count,Nans Florens,1,471,0.2,,,authorship-covered unique studies,exact-identifier studies with usable structured authorship,multiple response; one count per unique author per study,03345c1deb2aad29820e,OpenAlex author ID
Exact-identifier metadata sensitivity: authors,Unique-author study count,Nao Takegawa,1,471,0.2,,,authorship-covered unique studies,exact-identifier studies with usable structured authorship,multiple response; one count per unique author per study,fcd1902a5e565b2d2fcc,OpenAlex author ID
Exact-identifier metadata sensitivity: authors,Unique-author study count,Narae Yoon,1,471,0.2,,,authorship-covered unique studies,exact-identifier studies with usable structured authorship,multiple response; one count per unique author per study,9d0e015a74d4a026b092,OpenAlex author ID
Exact-identifier metadata sensitivity: authors,Unique-author study count,Nataliia Bogutska,1,471,0.2,,,authorship-covered unique studies,exact-identifier studies with usable structured authorship,multiple response; one count per unique author per study,14a6c8b99daf76e8179d,OpenAlex author ID
Exact-identifier metadata sensitivity: authors,Unique-author study count,Natasha McClure,1,471,0.2,,,authorship-covered unique studies,exact-identifier studies with usable structured authorship,multiple response; one count per unique author per study,7ab76d429b6539b40243,OpenAlex author ID
Exact-identifier metadata sensitivity: authors,Unique-author study count,Natasha Taylor,1,471,0.2,,,authorship-covered unique studies,exact-identifier studies with usable structured authorship,multiple response; one count per unique author per study,30b04ea7e17c283383c8,OpenAlex author ID
Exact-identifier metadata sensitivity: authors,Unique-author study count,Natasha Tey,1,471,0.2,,,authorship-covered unique studies,exact-identifier studies with usable structured authorship,multiple response; one count per unique author per study,3592795dfee0e066000a,OpenAlex author ID
Exact-identifier metadata sensitivity: authors,Unique-author study count,Nathan Wolfrath,1,471,0.2,,,authorship-covered unique studies,exact-identifier studies with usable structured authorship,multiple response; one count per unique author per study,8bece1a102e2fe87b74e,OpenAlex author ID
Exact-identifier metadata sensitivity: authors,Unique-author study count,Nathaniel B. Verhagen,1,471,0.2,,,authorship-covered unique studies,exact-identifier studies with usable structured authorship,multiple response; one count per unique author per study,8bece1a102e2fe87b74e,OpenAlex author ID
Exact-identifier metadata sensitivity: authors,Unique-author study count,Nathaniel Swinger,1,471,0.2,,,authorship-covered unique studies,exact-identifier studies with usable structured authorship,multiple response; one count per unique author per study,ed23e4c8ee00516d2110,OpenAlex author ID
Exact-identifier metadata sensitivity: authors,Unique-author study count,Natsuno Arii,1,471,0.2,,,authorship-covered unique studies,exact-identifier studies with usable structured authorship,multiple response; one count per unique author per study,862592293f46ff109fb6,OpenAlex author ID
Exact-identifier metadata sensitivity: authors,Unique-author study count,Natsuyo Shinohara,1,471,0.2,,,authorship-covered unique studies,exact-identifier studies with usable structured authorship,multiple response; one count per unique author per study,862592293f46ff109fb6,OpenAlex author ID
Exact-identifier metadata sensitivity: authors,Unique-author study count,Naveena Yanamala,1,471,0.2,,,authorship-covered unique studies,exact-identifier studies with usable structured authorship,multiple response; one count per unique author per study,425ec6ee2ca714b7434a,OpenAlex author ID
Exact-identifier metadata sensitivity: authors,Unique-author study count,Navjeet Baath,1,471,0.2,,,authorship-covered unique studies,exact-identifier studies with usable structured authorship,multiple response; one count per unique author per study,58483951ebaed609e26a,OpenAlex author ID
Exact-identifier metadata sensitivity: authors,Unique-author study count,Neha P. Raukar,1,471,0.2,,,authorship-covered unique studies,exact-identifier studies with usable structured authorship,multiple response; one count per unique author per study,039798e4f1498c17cf82,OpenAlex author ID
Exact-identifier metadata sensitivity: authors,Unique-author study count,Neil K. R. Sehgal,1,471,0.2,,,authorship-covered unique studies,exact-identifier studies with usable structured authorship,multiple response; one count per unique author per study,72c30900482428bf1e49,OpenAlex author ID
Exact-identifier metadata sensitivity: authors,Unique-author study count,Neil Mehta,1,471,0.2,,,authorship-covered unique studies,exact-identifier studies with usable structured authorship,multiple response; one count per unique author per study,eeb5a3afa4e8b1c2635c,OpenAlex author ID
Exact-identifier metadata sensitivity: authors,Unique-author study count,Neil Sardesai,1,471,0.2,,,authorship-covered unique studies,exact-identifier studies with usable structured authorship,multiple response; one count per unique author per study,e2a36443154e9a33aff9,OpenAlex author ID
Exact-identifier metadata sensitivity: authors,Unique-author study count,Nev Jones,1,471,0.2,,,authorship-covered unique studies,exact-identifier studies with usable structured authorship,multiple response; one count per unique author per study,sci_637ee1f73b6fd5027d1c,OpenAlex author ID
Exact-identifier metadata sensitivity: authors,Unique-author study count,Nevil C. Philip,1,471,0.2,,,authorship-covered unique studies,exact-identifier studies with usable structured authorship,multiple response; one count per unique author per study,f54e36609097c96e8b6d,OpenAlex author ID
Exact-identifier metadata sensitivity: authors,Unique-author study count,"Nguyen, Tri",1,471,0.2,,,authorship-covered unique studies,exact-identifier studies with usable structured authorship,multiple response; one count per unique author per study,d885762caf8919afe125,name-only record; duplicates collapsed within work only; not merged across works
Exact-identifier metadata sensitivity: authors,Unique-author study count,Nicholas D. Kortan,1,471,0.2,,,authorship-covered unique studies,exact-identifier studies with usable structured authorship,multiple response; one count per unique author per study,bb3a5362f067d65fc98d,OpenAlex author ID
Exact-identifier metadata sensitivity: authors,Unique-author study count,Nicholas Pantelakis,1,471,0.2,,,authorship-covered unique studies,exact-identifier studies with usable structured authorship,multiple response; one count per unique author per study,caf55d1c5f0358791a96,OpenAlex author ID
Exact-identifier metadata sensitivity: authors,Unique-author study count,Nicholas Wee Siong Neo,1,471,0.2,,,authorship-covered unique studies,exact-identifier studies with usable structured authorship,multiple response; one count per unique author per study,e5e611fc18a4d66128d9,OpenAlex author ID
Exact-identifier metadata sensitivity: authors,Unique-author study count,Nicola Straiton,1,471,0.2,,,authorship-covered unique studies,exact-identifier studies with usable structured authorship,multiple response; one count per unique author per study,5dd47cd1855294dcfafd,OpenAlex author ID
Exact-identifier metadata sensitivity: authors,Unique-author study count,Nicolas Laverde,1,471,0.2,,,authorship-covered unique studies,exact-identifier studies with usable structured authorship,multiple response; one count per unique author per study,432422a165ddc6a24c2f,OpenAlex author ID
Exact-identifier metadata sensitivity: authors,Unique-author study count,Nicolas Vallet,1,471,0.2,,,authorship-covered unique studies,exact-identifier studies with usable structured authorship,multiple response; one count per unique author per study,5aeb6b891099b95aa832,OpenAlex author ID
Exact-identifier metadata sensitivity: authors,Unique-author study count,Nicole Kroll,1,471,0.2,,,authorship-covered unique studies,exact-identifier studies with usable structured authorship,multiple response; one count per unique author per study,b052274076e5e7cc16db,OpenAlex author ID
Exact-identifier metadata sensitivity: authors,Unique-author study count,Nicole Last,1,471,0.2,,,authorship-covered unique studies,exact-identifier studies with usable structured authorship,multiple response; one count per unique author per study,58483951ebaed609e26a,OpenAlex author ID
Exact-identifier metadata sensitivity: authors,Unique-author study count,Nicole Peters Kroll,1,471,0.2,,,authorship-covered unique studies,exact-identifier studies with usable structured authorship,multiple response; one count per unique author per study,c301ce506b01b01e6207,OpenAlex author ID
Exact-identifier metadata sensitivity: authors,Unique-author study count,Nicole Wan Chyan Chia,1,471,0.2,,,authorship-covered unique studies,exact-identifier studies with usable structured authorship,multiple response; one count per unique author per study,0aad164402f8e4deea3b,OpenAlex author ID
Exact-identifier metadata sensitivity: authors,Unique-author study count,Nicolás Elías de Peralta,1,471,0.2,,,authorship-covered unique studies,exact-identifier studies with usable structured authorship,multiple response; one count per unique author per study,a44cf2193e8756673fa7,OpenAlex author ID
Exact-identifier metadata sensitivity: authors,Unique-author study count,Nihal Ahamed,1,471,0.2,,,authorship-covered unique studies,exact-identifier studies with usable structured authorship,multiple response; one count per unique author per study,3e3d7476a0d0198a12a3,OpenAlex author ID
Exact-identifier metadata sensitivity: authors,Unique-author study count,Niina Ito,1,471,0.2,,,authorship-covered unique studies,exact-identifier studies with usable structured authorship,multiple response; one count per unique author per study,fcd1902a5e565b2d2fcc,name-only record; duplicates collapsed within work only; not merged across works
Exact-identifier metadata sensitivity: authors,Unique-author study count,Nikhil Gupta,1,471,0.2,,,authorship-covered unique studies,exact-identifier studies with usable structured authorship,multiple response; one count per unique author per study,5c99d6be17d81210020f,OpenAlex author ID
Exact-identifier metadata sensitivity: authors,Unique-author study count,Nikhil Manoj,1,471,0.2,,,authorship-covered unique studies,exact-identifier studies with usable structured authorship,multiple response; one count per unique author per study,c98aa2499bea62fd3f2a,OpenAlex author ID
Exact-identifier metadata sensitivity: authors,Unique-author study count,Nikhil Ramaiya,1,471,0.2,,,authorship-covered unique studies,exact-identifier studies with usable structured authorship,multiple response; one count per unique author per study,e5304eeb960c6393b03a,OpenAlex author ID
Exact-identifier metadata sensitivity: authors,Unique-author study count,Nikhilesh Anand,1,471,0.2,,,authorship-covered unique studies,exact-identifier studies with usable structured authorship,multiple response; one count per unique author per study,76597dc445d9df2ae743,OpenAlex author ID
Exact-identifier metadata sensitivity: authors,Unique-author study count,Nikil Dutt,1,471,0.2,,,authorship-covered unique studies,exact-identifier studies with usable structured authorship,multiple response; one count per unique author per study,235688621e9d66593a40,OpenAlex author ID
Exact-identifier metadata sensitivity: authors,Unique-author study count,Nikki Binz,1,471,0.2,,,authorship-covered unique studies,exact-identifier studies with usable structured authorship,multiple response; one count per unique author per study,039798e4f1498c17cf82,OpenAlex author ID
Exact-identifier metadata sensitivity: authors,Unique-author study count,Nikki Holliday,1,471,0.2,,,authorship-covered unique studies,exact-identifier studies with usable structured authorship,multiple response; one count per unique author per study,30b04ea7e17c283383c8,OpenAlex author ID
Exact-identifier metadata sensitivity: authors,Unique-author study count,Nikki Nathanielsz,1,471,0.2,,,authorship-covered unique studies,exact-identifier studies with usable structured authorship,multiple response; one count per unique author per study,243562012607f7033171,OpenAlex author ID
Exact-identifier metadata sensitivity: authors,Unique-author study count,Niklas Pakkasjärvi,1,471,0.2,,,authorship-covered unique studies,exact-identifier studies with usable structured authorship,multiple response; one count per unique author per study,088f42aecd2674d3dbe5,OpenAlex author ID
Exact-identifier metadata sensitivity: authors,Unique-author study count,Nilgün BEK,1,471,0.2,,,authorship-covered unique studies,exact-identifier studies with usable structured authorship,multiple response; one count per unique author per study,5e70fc602d28beb4158b,OpenAlex author ID
Exact-identifier metadata sensitivity: authors,Unique-author study count,Niloy Roy,1,471,0.2,,,authorship-covered unique studies,exact-identifier studies with usable structured authorship,multiple response; one count per unique author per study,63c69a200d415bc42d9b,OpenAlex author ID
Exact-identifier metadata sensitivity: authors,Unique-author study count,Nin-Jun Zhu,1,471,0.2,,,authorship-covered unique studies,exact-identifier studies with usable structured authorship,multiple response; one count per unique author per study,668b98624eeda1089d99,name-only record; duplicates collapsed within work only; not merged across works
Exact-identifier metadata sensitivity: authors,Unique-author study count,Nina Tan,1,471,0.2,,,authorship-covered unique studies,exact-identifier studies with usable structured authorship,multiple response; one count per unique author per study,d90096afc3b383fbecb7,OpenAlex author ID
Exact-identifier metadata sensitivity: authors,Unique-author study count,Nirmal Saseendran,1,471,0.2,,,authorship-covered unique studies,exact-identifier studies with usable structured authorship,multiple response; one count per unique author per study,5b356113a239c62ba5ac,OpenAlex author ID
Exact-identifier metadata sensitivity: authors,Unique-author study count,Nivedha Kannapadi,1,471,0.2,,,authorship-covered unique studies,exact-identifier studies with usable structured authorship,multiple response; one count per unique author per study,50ac103890932b40242c,OpenAlex author ID
Exact-identifier metadata sensitivity: authors,Unique-author study count,Noa Beiman,1,471,0.2,,,authorship-covered unique studies,exact-identifier studies with usable structured authorship,multiple response; one count per unique author per study,e4a287ed511b7be9baa5,OpenAlex author ID
Exact-identifier metadata sensitivity: authors,Unique-author study count,Noah Kurian Jacob,1,471,0.2,,,authorship-covered unique studies,exact-identifier studies with usable structured authorship,multiple response; one count per unique author per study,425ec6ee2ca714b7434a,OpenAlex author ID
Exact-identifier metadata sensitivity: authors,Unique-author study count,Nobu Fukumoto,1,471,0.2,,,authorship-covered unique studies,exact-identifier studies with usable structured authorship,multiple response; one count per unique author per study,862592293f46ff109fb6,OpenAlex author ID
Exact-identifier metadata sensitivity: authors,Unique-author study count,Noor Akmal Shareela Ismail,1,471,0.2,,,authorship-covered unique studies,exact-identifier studies with usable structured authorship,multiple response; one count per unique author per study,31f58d5793ca1ef590ea,OpenAlex author ID
Exact-identifier metadata sensitivity: authors,Unique-author study count,Noor Siah Abdul Aziz,1,471,0.2,,,authorship-covered unique studies,exact-identifier studies with usable structured authorship,multiple response; one count per unique author per study,643ef34d4dd326d5b164,OpenAlex author ID
Exact-identifier metadata sensitivity: authors,Unique-author study count,Nora C. Kim,1,471,0.2,,,authorship-covered unique studies,exact-identifier studies with usable structured authorship,multiple response; one count per unique author per study,50ac103890932b40242c,OpenAlex author ID
Exact-identifier metadata sensitivity: authors,Unique-author study count,Nouf Alshowaier,1,471,0.2,,,authorship-covered unique studies,exact-identifier studies with usable structured authorship,multiple response; one count per unique author per study,155acc9f21eba7b06b56,OpenAlex author ID
Exact-identifier metadata sensitivity: authors,Unique-author study count,Nozomu Shima,1,471,0.2,,,authorship-covered unique studies,exact-identifier studies with usable structured authorship,multiple response; one count per unique author per study,862592293f46ff109fb6,OpenAlex author ID
Exact-identifier metadata sensitivity: authors,Unique-author study count,Nsomma A. Alilonu,1,471,0.2,,,authorship-covered unique studies,exact-identifier studies with usable structured authorship,multiple response; one count per unique author per study,sci_300870bf7109221baf28,OpenAlex author ID
Exact-identifier metadata sensitivity: authors,Unique-author study count,Nuntapong Boonrit,1,471,0.2,,,authorship-covered unique studies,exact-identifier studies with usable structured authorship,multiple response; one count per unique author per study,1a8a9f25ccdf589f88f6,OpenAlex author ID
Exact-identifier metadata sensitivity: authors,Unique-author study count,Nuoxi Lin,1,471,0.2,,,authorship-covered unique studies,exact-identifier studies with usable structured authorship,multiple response; one count per unique author per study,582bc7c400fa7acf214f,OpenAlex author ID
Exact-identifier metadata sensitivity: authors,Unique-author study count,Nur Fariza Ramly,1,471,0.2,,,authorship-covered unique studies,exact-identifier studies with usable structured authorship,multiple response; one count per unique author per study,43800694173ba371af4f,OpenAlex author ID
Exact-identifier metadata sensitivity: authors,Unique-author study count,O.N Ekwufulem,1,471,0.2,,,authorship-covered unique studies,exact-identifier studies with usable structured authorship,multiple response; one count per unique author per study,681bba8e632d1614f426,OpenAlex author ID
Exact-identifier metadata sensitivity: authors,Unique-author study count,Odiljon Qobilov,1,471,0.2,,,authorship-covered unique studies,exact-identifier studies with usable structured authorship,multiple response; one count per unique author per study,eb6afac746ee34d7a37f,OpenAlex author ID
Exact-identifier metadata sensitivity: authors,Unique-author study count,Ole Hätscher,1,471,0.2,,,authorship-covered unique studies,exact-identifier studies with usable structured authorship,multiple response; one count per unique author per study,7442954006aac8fa63fa,OpenAlex author ID
Exact-identifier metadata sensitivity: authors,Unique-author study count,Oleh Bilokrylyi,1,471,0.2,,,authorship-covered unique studies,exact-identifier studies with usable structured authorship,multiple response; one count per unique author per study,11f31f18ad70545cab85,OpenAlex author ID
Exact-identifier metadata sensitivity: authors,Unique-author study count,Olga Chernikova,1,471,0.2,,,authorship-covered unique studies,exact-identifier studies with usable structured authorship,multiple response; one count per unique author per study,43f6ad0fa6f4597d56fc,OpenAlex author ID
Exact-identifier metadata sensitivity: authors,Unique-author study count,Olga Riklikienė,1,471,0.2,,,authorship-covered unique studies,exact-identifier studies with usable structured authorship,multiple response; one count per unique author per study,e9d6ceded269a04cde99,OpenAlex author ID
Exact-identifier metadata sensitivity: authors,Unique-author study count,Olga Winkler,1,471,0.2,,,authorship-covered unique studies,exact-identifier studies with usable structured authorship,multiple response; one count per unique author per study,63c69a200d415bc42d9b,OpenAlex author ID
Exact-identifier metadata sensitivity: authors,Unique-author study count,Oliver Ng,1,471,0.2,,,authorship-covered unique studies,exact-identifier studies with usable structured authorship,multiple response; one count per unique author per study,db80308782a219cbea0e,OpenAlex author ID
Exact-identifier metadata sensitivity: authors,Unique-author study count,Olivia Ganescu,1,471,0.2,,,authorship-covered unique studies,exact-identifier studies with usable structured authorship,multiple response; one count per unique author per study,7791c8951d81b4aa0b71,OpenAlex author ID
Exact-identifier metadata sensitivity: authors,Unique-author study count,Olivia Wright,1,471,0.2,,,authorship-covered unique studies,exact-identifier studies with usable structured authorship,multiple response; one count per unique author per study,dec5b56924e40c32e506,OpenAlex author ID
Exact-identifier metadata sensitivity: authors,Unique-author study count,Omar G Ahmed,1,471,0.2,,,authorship-covered unique studies,exact-identifier studies with usable structured authorship,multiple response; one count per unique author per study,6ad5ba253eb6dea25a47,OpenAlex author ID
Exact-identifier metadata sensitivity: authors,Unique-author study count,Orit Karnieli-Miller,1,471,0.2,,,authorship-covered unique studies,exact-identifier studies with usable structured authorship,multiple response; one count per unique author per study,116dd099707d378fb9a6,OpenAlex author ID
Exact-identifier metadata sensitivity: authors,Unique-author study count,Ou Chen,1,471,0.2,,,authorship-covered unique studies,exact-identifier studies with usable structured authorship,multiple response; one count per unique author per study,669cbda7d16ac3f32155,OpenAlex author ID
Exact-identifier metadata sensitivity: authors,Unique-author study count,Owen Crawford,1,471,0.2,,,authorship-covered unique studies,exact-identifier studies with usable structured authorship,multiple response; one count per unique author per study,c4f5fe90704c2aa68c75,OpenAlex author ID
Exact-identifier metadata sensitivity: authors,Unique-author study count,Ozlem Ulku Bulut,1,471,0.2,,,authorship-covered unique studies,exact-identifier studies with usable structured authorship,multiple response; one count per unique author per study,5e70fc602d28beb4158b,OpenAlex author ID
Exact-identifier metadata sensitivity: authors,Unique-author study count,Oğuzhan Kılınçel,1,471,0.2,,,authorship-covered unique studies,exact-identifier studies with usable structured authorship,multiple response; one count per unique author per study,73cb9769cd2180a04bb0,OpenAlex author ID
Exact-identifier metadata sensitivity: authors,Unique-author study count,P Courtet,1,471,0.2,,,authorship-covered unique studies,exact-identifier studies with usable structured authorship,multiple response; one count per unique author per study,73f1b1dee9a19c0ea0af,OpenAlex author ID
Exact-identifier metadata sensitivity: authors,Unique-author study count,P Lajkó,1,471,0.2,,,authorship-covered unique studies,exact-identifier studies with usable structured authorship,multiple response; one count per unique author per study,sci_479872e4f60f538cbd03,OpenAlex author ID
Exact-identifier metadata sensitivity: authors,Unique-author study count,P. Kubíček,1,471,0.2,,,authorship-covered unique studies,exact-identifier studies with usable structured authorship,multiple response; one count per unique author per study,ea35181a48e801132195,OpenAlex author ID
Exact-identifier metadata sensitivity: authors,Unique-author study count,P. R. R. Clarke,1,471,0.2,,,authorship-covered unique studies,exact-identifier studies with usable structured authorship,multiple response; one count per unique author per study,415ba4f99eeb473a50c2,OpenAlex author ID
Exact-identifier metadata sensitivity: authors,Unique-author study count,P. Sivaram,1,471,0.2,,,authorship-covered unique studies,exact-identifier studies with usable structured authorship,multiple response; one count per unique author per study,caf55d1c5f0358791a96,OpenAlex author ID
Exact-identifier metadata sensitivity: authors,Unique-author study count,Pablo Achurra,1,471,0.2,,,authorship-covered unique studies,exact-identifier studies with usable structured authorship,multiple response; one count per unique author per study,b53bf33d223a68f17e8c,OpenAlex author ID
Exact-identifier metadata sensitivity: authors,Unique-author study count,Pak Ming Fan,1,471,0.2,,,authorship-covered unique studies,exact-identifier studies with usable structured authorship,multiple response; one count per unique author per study,ead3628c23fe3e244e24,OpenAlex author ID
Exact-identifier metadata sensitivity: authors,Unique-author study count,Pao-Ju Chen,1,471,0.2,,,authorship-covered unique studies,exact-identifier studies with usable structured authorship,multiple response; one count per unique author per study,8f2528d2ba0e05485210,OpenAlex author ID
Exact-identifier metadata sensitivity: authors,Unique-author study count,Paola Mejía Hernández,1,471,0.2,,,authorship-covered unique studies,exact-identifier studies with usable structured authorship,multiple response; one count per unique author per study,d0ead936020ec24f78a7,OpenAlex author ID
Exact-identifier metadata sensitivity: authors,Unique-author study count,Paolo Minerba,1,471,0.2,,,authorship-covered unique studies,exact-identifier studies with usable structured authorship,multiple response; one count per unique author per study,07d462beafe4d21ba016,OpenAlex author ID
Exact-identifier metadata sensitivity: authors,Unique-author study count,Paolo Russo,1,471,0.2,,,authorship-covered unique studies,exact-identifier studies with usable structured authorship,multiple response; one count per unique author per study,e2a36443154e9a33aff9,OpenAlex author ID
Exact-identifier metadata sensitivity: authors,Unique-author study count,Paolo Santino P. Caoile,1,471,0.2,,,authorship-covered unique studies,exact-identifier studies with usable structured authorship,multiple response; one count per unique author per study,7fc0513f51b7c61dad31,OpenAlex author ID
Exact-identifier metadata sensitivity: authors,Unique-author study count,Pascal Kockwelp,1,471,0.2,,,authorship-covered unique studies,exact-identifier studies with usable structured authorship,multiple response; one count per unique author per study,7442954006aac8fa63fa,OpenAlex author ID
Exact-identifier metadata sensitivity: authors,Unique-author study count,Pascal Riachi,1,471,0.2,,,authorship-covered unique studies,exact-identifier studies with usable structured authorship,multiple response; one count per unique author per study,20e73ed62a3078e6a9b4,OpenAlex author ID
Exact-identifier metadata sensitivity: authors,Unique-author study count,Pascal Staccini,1,471,0.2,,,authorship-covered unique studies,exact-identifier studies with usable structured authorship,multiple response; one count per unique author per study,5245cf325337d81e78ff,OpenAlex author ID
Exact-identifier metadata sensitivity: authors,Unique-author study count,Patrick A. Boland,1,471,0.2,,,authorship-covered unique studies,exact-identifier studies with usable structured authorship,multiple response; one count per unique author per study,1c5402a057ba8f451244,OpenAlex author ID
Exact-identifier metadata sensitivity: authors,Unique-author study count,Patrick Meybohm,1,471,0.2,,,authorship-covered unique studies,exact-identifier studies with usable structured authorship,multiple response; one count per unique author per study,47160b043b610b447eca,OpenAlex author ID
Exact-identifier metadata sensitivity: authors,Unique-author study count,Patrick Pui Kin Kor,1,471,0.2,,,authorship-covered unique studies,exact-identifier studies with usable structured authorship,multiple response; one count per unique author per study,3adc77e0b0502fcefcc3,OpenAlex author ID
Exact-identifier metadata sensitivity: authors,Unique-author study count,Patrick Staples,1,471,0.2,,,authorship-covered unique studies,exact-identifier studies with usable structured authorship,multiple response; one count per unique author per study,415ba4f99eeb473a50c2,OpenAlex author ID
Exact-identifier metadata sensitivity: authors,Unique-author study count,Patrick Ting,1,471,0.2,,,authorship-covered unique studies,exact-identifier studies with usable structured authorship,multiple response; one count per unique author per study,54972cda535948a803e8,OpenAlex author ID
Exact-identifier metadata sensitivity: authors,Unique-author study count,Paul A. Hemmer,1,471,0.2,,,authorship-covered unique studies,exact-identifier studies with usable structured authorship,multiple response; one count per unique author per study,7bda59402c9478eda64c,OpenAlex author ID
Exact-identifier metadata sensitivity: authors,Unique-author study count,Paul B.S. Lai,1,471,0.2,,,authorship-covered unique studies,exact-identifier studies with usable structured authorship,multiple response; one count per unique author per study,0b1e929029c5b43c5beb,OpenAlex author ID
Exact-identifier metadata sensitivity: authors,Unique-author study count,Paul Calcraft,1,471,0.2,,,authorship-covered unique studies,exact-identifier studies with usable structured authorship,multiple response; one count per unique author per study,2a63460a75ff944e1d44,OpenAlex author ID
Exact-identifier metadata sensitivity: authors,Unique-author study count,Paul Gellert,1,471,0.2,,,authorship-covered unique studies,exact-identifier studies with usable structured authorship,multiple response; one count per unique author per study,37bb0c4c182653ebb8f9,OpenAlex author ID
Exact-identifier metadata sensitivity: authors,Unique-author study count,Paula Rodrigues‐Pereira,1,471,0.2,,,authorship-covered unique studies,exact-identifier studies with usable structured authorship,multiple response; one count per unique author per study,3aba8ba7976a49acd0ac,OpenAlex author ID
Exact-identifier metadata sensitivity: authors,Unique-author study count,Paulo V. Steagall,1,471,0.2,,,authorship-covered unique studies,exact-identifier studies with usable structured authorship,multiple response; one count per unique author per study,ffe994fbb4a27b100f16,OpenAlex author ID
Exact-identifier metadata sensitivity: authors,Unique-author study count,Pedro Ribeiro,1,471,0.2,,,authorship-covered unique studies,exact-identifier studies with usable structured authorship,multiple response; one count per unique author per study,d46506f34cc784478c88,OpenAlex author ID
Exact-identifier metadata sensitivity: authors,Unique-author study count,Pei-Ching Ngu,1,471,0.2,,,authorship-covered unique studies,exact-identifier studies with usable structured authorship,multiple response; one count per unique author per study,32c1dcd0212f833ee125,OpenAlex author ID
Exact-identifier metadata sensitivity: authors,Unique-author study count,Peijie Lin,1,471,0.2,,,authorship-covered unique studies,exact-identifier studies with usable structured authorship,multiple response; one count per unique author per study,6f1527fb10827ca1da01,OpenAlex author ID
Exact-identifier metadata sensitivity: authors,Unique-author study count,Pelin Göksel,1,471,0.2,,,authorship-covered unique studies,exact-identifier studies with usable structured authorship,multiple response; one count per unique author per study,73cb9769cd2180a04bb0,OpenAlex author ID
Exact-identifier metadata sensitivity: authors,Unique-author study count,Penelope C. Lema,1,471,0.2,,,authorship-covered unique studies,exact-identifier studies with usable structured authorship,multiple response; one count per unique author per study,039798e4f1498c17cf82,OpenAlex author ID
Exact-identifier metadata sensitivity: authors,Unique-author study count,Pengyu Lu,1,471,0.2,,,authorship-covered unique studies,exact-identifier studies with usable structured authorship,multiple response; one count per unique author per study,ead3628c23fe3e244e24,OpenAlex author ID
Exact-identifier metadata sensitivity: authors,Unique-author study count,Peter Kranke,1,471,0.2,,,authorship-covered unique studies,exact-identifier studies with usable structured authorship,multiple response; one count per unique author per study,47160b043b610b447eca,OpenAlex author ID
Exact-identifier metadata sensitivity: authors,Unique-author study count,Petros Lameras,1,471,0.2,,,authorship-covered unique studies,exact-identifier studies with usable structured authorship,multiple response; one count per unique author per study,30b04ea7e17c283383c8,OpenAlex author ID
Exact-identifier metadata sensitivity: authors,Unique-author study count,"Pham, Thai",1,471,0.2,,,authorship-covered unique studies,exact-identifier studies with usable structured authorship,multiple response; one count per unique author per study,5e9d52b66e4686a38781,name-only record; duplicates collapsed within work only; not merged across works
Exact-identifier metadata sensitivity: authors,Unique-author study count,Philip D. McEntee,1,471,0.2,,,authorship-covered unique studies,exact-identifier studies with usable structured authorship,multiple response; one count per unique author per study,1c5402a057ba8f451244,OpenAlex author ID
Exact-identifier metadata sensitivity: authors,Unique-author study count,Philippe Amouyel,1,471,0.2,,,authorship-covered unique studies,exact-identifier studies with usable structured authorship,multiple response; one count per unique author per study,03345c1deb2aad29820e,OpenAlex author ID
Exact-identifier metadata sensitivity: authors,Unique-author study count,Philippe Gatault,1,471,0.2,,,authorship-covered unique studies,exact-identifier studies with usable structured authorship,multiple response; one count per unique author per study,5aeb6b891099b95aa832,OpenAlex author ID
Exact-identifier metadata sensitivity: authors,Unique-author study count,Phillip Olla,1,471,0.2,,,authorship-covered unique studies,exact-identifier studies with usable structured authorship,multiple response; one count per unique author per study,4781da10664bc6a33ebc,OpenAlex author ID
Exact-identifier metadata sensitivity: authors,Unique-author study count,Pierre Wohlgemuth,1,471,0.2,,,authorship-covered unique studies,exact-identifier studies with usable structured authorship,multiple response; one count per unique author per study,8ad0258644c0c312a7d8,OpenAlex author ID
Exact-identifier metadata sensitivity: authors,Unique-author study count,Pinar Kullu,1,471,0.2,,,authorship-covered unique studies,exact-identifier studies with usable structured authorship,multiple response; one count per unique author per study,3cc4d65478e63af8ab6e,OpenAlex author ID
Exact-identifier metadata sensitivity: authors,Unique-author study count,Pinckney Benedict,1,471,0.2,,,authorship-covered unique studies,exact-identifier studies with usable structured authorship,multiple response; one count per unique author per study,8db4130844dc8d367d1f,OpenAlex author ID
Exact-identifier metadata sensitivity: authors,Unique-author study count,Ping Wu,1,471,0.2,,,authorship-covered unique studies,exact-identifier studies with usable structured authorship,multiple response; one count per unique author per study,da920e8320da57a1954a,OpenAlex author ID
Exact-identifier metadata sensitivity: authors,Unique-author study count,Ping Zhao,1,471,0.2,,,authorship-covered unique studies,exact-identifier studies with usable structured authorship,multiple response; one count per unique author per study,902be756a877af6118c0,OpenAlex author ID
Exact-identifier metadata sensitivity: authors,Unique-author study count,Polamreddy Dinesh Reddy,1,471,0.2,,,authorship-covered unique studies,exact-identifier studies with usable structured authorship,multiple response; one count per unique author per study,5b356113a239c62ba5ac,OpenAlex author ID
Exact-identifier metadata sensitivity: authors,Unique-author study count,Poonnakarn Panjasriprakarn,1,471,0.2,,,authorship-covered unique studies,exact-identifier studies with usable structured authorship,multiple response; one count per unique author per study,594d7ce86781a2e8398f,OpenAlex author ID
Exact-identifier metadata sensitivity: authors,Unique-author study count,Prakit Anukoolwittaya,1,471,0.2,,,authorship-covered unique studies,exact-identifier studies with usable structured authorship,multiple response; one count per unique author per study,594d7ce86781a2e8398f,OpenAlex author ID
Exact-identifier metadata sensitivity: authors,Unique-author study count,Pranav Malladi,1,471,0.2,,,authorship-covered unique studies,exact-identifier studies with usable structured authorship,multiple response; one count per unique author per study,e5b4ed028b3c0ea2eeec,OpenAlex author ID
Exact-identifier metadata sensitivity: authors,Unique-author study count,Prasanna Honnavar,1,471,0.2,,,authorship-covered unique studies,exact-identifier studies with usable structured authorship,multiple response; one count per unique author per study,76597dc445d9df2ae743,OpenAlex author ID
Exact-identifier metadata sensitivity: authors,Unique-author study count,Prasha Sooful,1,471,0.2,,,authorship-covered unique studies,exact-identifier studies with usable structured authorship,multiple response; one count per unique author per study,6457c6be7c6ba150ede6,OpenAlex author ID
Exact-identifier metadata sensitivity: authors,Unique-author study count,Prashant Kumar,1,471,0.2,,,authorship-covered unique studies,exact-identifier studies with usable structured authorship,multiple response; one count per unique author per study,f30eee8f6354bfa06744,OpenAlex author ID
Exact-identifier metadata sensitivity: authors,Unique-author study count,Praveen Nadesan,1,471,0.2,,,authorship-covered unique studies,exact-identifier studies with usable structured authorship,multiple response; one count per unique author per study,91738aa3fb8146efb96d,OpenAlex author ID
Exact-identifier metadata sensitivity: authors,Unique-author study count,Praveen Rajasegaran,1,471,0.2,,,authorship-covered unique studies,exact-identifier studies with usable structured authorship,multiple response; one count per unique author per study,caf55d1c5f0358791a96,OpenAlex author ID
Exact-identifier metadata sensitivity: authors,Unique-author study count,Priya Janghu,1,471,0.2,,,authorship-covered unique studies,exact-identifier studies with usable structured authorship,multiple response; one count per unique author per study,a44cf2193e8756673fa7,OpenAlex author ID
Exact-identifier metadata sensitivity: authors,Unique-author study count,Priyanka Sharma,1,471,0.2,,,authorship-covered unique studies,exact-identifier studies with usable structured authorship,multiple response; one count per unique author per study,b216d2e3bbb753147fd2,OpenAlex author ID
Exact-identifier metadata sensitivity: authors,Unique-author study count,Pryscilla Díaz Mora,1,471,0.2,,,authorship-covered unique studies,exact-identifier studies with usable structured authorship,multiple response; one count per unique author per study,501d19c3bd3160083e8a,OpenAlex author ID
Exact-identifier metadata sensitivity: authors,Unique-author study count,Pui Ki Kwok,1,471,0.2,,,authorship-covered unique studies,exact-identifier studies with usable structured authorship,multiple response; one count per unique author per study,0835d7fde9c090ca963c,OpenAlex author ID
Exact-identifier metadata sensitivity: authors,Unique-author study count,Punith Kempegowda,1,471,0.2,,,authorship-covered unique studies,exact-identifier studies with usable structured authorship,multiple response; one count per unique author per study,f54e36609097c96e8b6d,OpenAlex author ID
Exact-identifier metadata sensitivity: authors,Unique-author study count,Pável Eber Bautista Portilla,1,471,0.2,,,authorship-covered unique studies,exact-identifier studies with usable structured authorship,multiple response; one count per unique author per study,59ac00c951a84da39213,OpenAlex author ID
Exact-identifier metadata sensitivity: authors,Unique-author study count,Qi Chen,1,471,0.2,,,authorship-covered unique studies,exact-identifier studies with usable structured authorship,multiple response; one count per unique author per study,64caff9ef7b3adaafe2d,OpenAlex author ID
Exact-identifier metadata sensitivity: authors,Unique-author study count,Qi Dou,1,471,0.2,,,authorship-covered unique studies,exact-identifier studies with usable structured authorship,multiple response; one count per unique author per study,d977c356ff57ab060fef,OpenAlex author ID
Exact-identifier metadata sensitivity: authors,Unique-author study count,Qian Xu,1,471,0.2,,,authorship-covered unique studies,exact-identifier studies with usable structured authorship,multiple response; one count per unique author per study,48e2ce8734d9d1acb602,OpenAlex author ID
Exact-identifier metadata sensitivity: authors,Unique-author study count,Qiao Jiao,1,471,0.2,,,authorship-covered unique studies,exact-identifier studies with usable structured authorship,multiple response; one count per unique author per study,ba93136b38c9a66d059f,name-only record; duplicates collapsed within work only; not merged across works
Exact-identifier metadata sensitivity: authors,Unique-author study count,Qiaoli Su,1,471,0.2,,,authorship-covered unique studies,exact-identifier studies with usable structured authorship,multiple response; one count per unique author per study,48e2ce8734d9d1acb602,OpenAlex author ID
Exact-identifier metadata sensitivity: authors,Unique-author study count,Qifeng Wan,1,471,0.2,,,authorship-covered unique studies,exact-identifier studies with usable structured authorship,multiple response; one count per unique author per study,1c073acedd6171c3394d,OpenAlex author ID
Exact-identifier metadata sensitivity: authors,Unique-author study count,Qijia Xuan,1,471,0.2,,,authorship-covered unique studies,exact-identifier studies with usable structured authorship,multiple response; one count per unique author per study,eb664530dc232a9e1750,OpenAlex author ID
Exact-identifier metadata sensitivity: authors,Unique-author study count,Qin Yang,1,471,0.2,,,authorship-covered unique studies,exact-identifier studies with usable structured authorship,multiple response; one count per unique author per study,sci_454fe3ad37947557e9a6,OpenAlex author ID
Exact-identifier metadata sensitivity: authors,Unique-author study count,Qing Cao,1,471,0.2,,,authorship-covered unique studies,exact-identifier studies with usable structured authorship,multiple response; one count per unique author per study,2610ebe5f560db94c888,OpenAlex author ID
Exact-identifier metadata sensitivity: authors,Unique-author study count,Qingguo Lyu,1,471,0.2,,,authorship-covered unique studies,exact-identifier studies with usable structured authorship,multiple response; one count per unique author per study,48e2ce8734d9d1acb602,OpenAlex author ID
Exact-identifier metadata sensitivity: authors,Unique-author study count,Qingping Wen,1,471,0.2,,,authorship-covered unique studies,exact-identifier studies with usable structured authorship,multiple response; one count per unique author per study,da920e8320da57a1954a,OpenAlex author ID
Exact-identifier metadata sensitivity: authors,Unique-author study count,Qingqing ZHENG,1,471,0.2,,,authorship-covered unique studies,exact-identifier studies with usable structured authorship,multiple response; one count per unique author per study,359e1289e1f098bb36e2,name-only record; duplicates collapsed within work only; not merged across works
Exact-identifier metadata sensitivity: authors,Unique-author study count,Quetzal Chavez-Castañeda,1,471,0.2,,,authorship-covered unique studies,exact-identifier studies with usable structured authorship,multiple response; one count per unique author per study,98c23d01b9fb23bd43c4,OpenAlex author ID
Exact-identifier metadata sensitivity: authors,Unique-author study count,Quratulain Sial,1,471,0.2,,,authorship-covered unique studies,exact-identifier studies with usable structured authorship,multiple response; one count per unique author per study,5966d1a884499670acf2,OpenAlex author ID
Exact-identifier metadata sensitivity: authors,Unique-author study count,R Madhu,1,471,0.2,,,authorship-covered unique studies,exact-identifier studies with usable structured authorship,multiple response; one count per unique author per study,c6788113fb3c0b6f7bcf,OpenAlex author ID
Exact-identifier metadata sensitivity: authors,Unique-author study count,R. Vijaya Kumar Reddy,1,471,0.2,,,authorship-covered unique studies,exact-identifier studies with usable structured authorship,multiple response; one count per unique author per study,416753b67d9e900455c8,OpenAlex author ID
Exact-identifier metadata sensitivity: authors,Unique-author study count,R.D. Lobato,1,471,0.2,,,authorship-covered unique studies,exact-identifier studies with usable structured authorship,multiple response; one count per unique author per study,6ab002878664147423a1,OpenAlex author ID
Exact-identifier metadata sensitivity: authors,Unique-author study count,Rachel E. Geoghegan,1,471,0.2,,,authorship-covered unique studies,exact-identifier studies with usable structured authorship,multiple response; one count per unique author per study,f917e0b66cef158b9df0,OpenAlex author ID
Exact-identifier metadata sensitivity: authors,Unique-author study count,Rachel Kavanaugh,1,471,0.2,,,authorship-covered unique studies,exact-identifier studies with usable structured authorship,multiple response; one count per unique author per study,8bece1a102e2fe87b74e,OpenAlex author ID
Exact-identifier metadata sensitivity: authors,Unique-author study count,Rachel Stafford,1,471,0.2,,,authorship-covered unique studies,exact-identifier studies with usable structured authorship,multiple response; one count per unique author per study,03e1a6632b830e0512c9,OpenAlex author ID
Exact-identifier metadata sensitivity: authors,Unique-author study count,Rachel Umoren,1,471,0.2,,,authorship-covered unique studies,exact-identifier studies with usable structured authorship,multiple response; one count per unique author per study,7a9ca4d4d16f4705139f,OpenAlex author ID
Exact-identifier metadata sensitivity: authors,Unique-author study count,Rachelle Esterhazy,1,471,0.2,,,authorship-covered unique studies,exact-identifier studies with usable structured authorship,multiple response; one count per unique author per study,43f6ad0fa6f4597d56fc,OpenAlex author ID
Exact-identifier metadata sensitivity: authors,Unique-author study count,Rada Mihalcea,1,471,0.2,,,authorship-covered unique studies,exact-identifier studies with usable structured authorship,multiple response; one count per unique author per study,bc5dd5d7b1ad1b4d21e4,OpenAlex author ID
Exact-identifier metadata sensitivity: authors,Unique-author study count,Rafael Rubio,1,471,0.2,,,authorship-covered unique studies,exact-identifier studies with usable structured authorship,multiple response; one count per unique author per study,6ab002878664147423a1,OpenAlex author ID
Exact-identifier metadata sensitivity: authors,Unique-author study count,Rafael T. Sousa,1,471,0.2,,,authorship-covered unique studies,exact-identifier studies with usable structured authorship,multiple response; one count per unique author per study,d46506f34cc784478c88,name-only record; duplicates collapsed within work only; not merged across works
Exact-identifier metadata sensitivity: authors,Unique-author study count,Rafael Torchelsen,1,471,0.2,,,authorship-covered unique studies,exact-identifier studies with usable structured authorship,multiple response; one count per unique author per study,1c9542cefba3287a5281,OpenAlex author ID
Exact-identifier metadata sensitivity: authors,Unique-author study count,Rafael Wampfler,1,471,0.2,,,authorship-covered unique studies,exact-identifier studies with usable structured authorship,multiple response; one count per unique author per study,20e73ed62a3078e6a9b4,OpenAlex author ID
Exact-identifier metadata sensitivity: authors,Unique-author study count,Rafat Amer,1,471,0.2,,,authorship-covered unique studies,exact-identifier studies with usable structured authorship,multiple response; one count per unique author per study,ba402925b430558ae1e0,OpenAlex author ID
Exact-identifier metadata sensitivity: authors,Unique-author study count,Rahul Jain,1,471,0.2,,,authorship-covered unique studies,exact-identifier studies with usable structured authorship,multiple response; one count per unique author per study,afa9fe102dc8ed9bfaff,OpenAlex author ID
Exact-identifier metadata sensitivity: authors,Unique-author study count,Raima Bilal,1,471,0.2,,,authorship-covered unique studies,exact-identifier studies with usable structured authorship,multiple response; one count per unique author per study,6fb769efa53620e383b7,OpenAlex author ID
Exact-identifier metadata sensitivity: authors,Unique-author study count,Rajashree Srivastava,1,471,0.2,,,authorship-covered unique studies,exact-identifier studies with usable structured authorship,multiple response; one count per unique author per study,6fdf974a01dd27215f86,OpenAlex author ID
Exact-identifier metadata sensitivity: authors,Unique-author study count,Rajkumar Elanjeran,1,471,0.2,,,authorship-covered unique studies,exact-identifier studies with usable structured authorship,multiple response; one count per unique author per study,6e06ede93e94c8f8e15c,OpenAlex author ID
Exact-identifier metadata sensitivity: authors,Unique-author study count,Rajna Knez,1,471,0.2,,,authorship-covered unique studies,exact-identifier studies with usable structured authorship,multiple response; one count per unique author per study,319d5b791f54df181b23,OpenAlex author ID
Exact-identifier metadata sensitivity: authors,Unique-author study count,Rakesh K. Maurya,1,471,0.2,,,authorship-covered unique studies,exact-identifier studies with usable structured authorship,multiple response; one count per unique author per study,sci_a8f02e0b2a448efff5e6,OpenAlex author ID
Exact-identifier metadata sensitivity: authors,Unique-author study count,Raniah N. Aldekhyyel,1,471,0.2,,,authorship-covered unique studies,exact-identifier studies with usable structured authorship,multiple response; one count per unique author per study,7acd89712f3fc0bb4cb7,OpenAlex author ID
Exact-identifier metadata sensitivity: authors,Unique-author study count,Ranjev Kainth,1,471,0.2,,,authorship-covered unique studies,exact-identifier studies with usable structured authorship,multiple response; one count per unique author per study,f30eee8f6354bfa06744,OpenAlex author ID
Exact-identifier metadata sensitivity: authors,Unique-author study count,Raoul Kanav Khanna,1,471,0.2,,,authorship-covered unique studies,exact-identifier studies with usable structured authorship,multiple response; one count per unique author per study,5aeb6b891099b95aa832,OpenAlex author ID
Exact-identifier metadata sensitivity: authors,Unique-author study count,Raphaël Bentegeac,1,471,0.2,,,authorship-covered unique studies,exact-identifier studies with usable structured authorship,multiple response; one count per unique author per study,03345c1deb2aad29820e,OpenAlex author ID
Exact-identifier metadata sensitivity: authors,Unique-author study count,Rashi Ghosh,1,471,0.2,,,authorship-covered unique studies,exact-identifier studies with usable structured authorship,multiple response; one count per unique author per study,894f08a5035b3a1872d5,OpenAlex author ID
Exact-identifier metadata sensitivity: authors,Unique-author study count,Ravanth Baskaran,1,471,0.2,,,authorship-covered unique studies,exact-identifier studies with usable structured authorship,multiple response; one count per unique author per study,166aa3cc368ebd076b91,OpenAlex author ID
Exact-identifier metadata sensitivity: authors,Unique-author study count,Raya A. Gandhi,1,471,0.2,,,authorship-covered unique studies,exact-identifier studies with usable structured authorship,multiple response; one count per unique author per study,8db4130844dc8d367d1f,OpenAlex author ID
Exact-identifier metadata sensitivity: authors,Unique-author study count,Raymond R. Bond,1,471,0.2,,,authorship-covered unique studies,exact-identifier studies with usable structured authorship,multiple response; one count per unique author per study,df4adbef2a265890959e,name-only record; duplicates collapsed within work only; not merged across works
Exact-identifier metadata sensitivity: authors,Unique-author study count,Raymond Robinson,1,471,0.2,,,authorship-covered unique studies,exact-identifier studies with usable structured authorship,multiple response; one count per unique author per study,76597dc445d9df2ae743,OpenAlex author ID
Exact-identifier metadata sensitivity: authors,Unique-author study count,Rebecca Erschens,1,471,0.2,,,authorship-covered unique studies,exact-identifier studies with usable structured authorship,multiple response; one count per unique author per study,282aa7d3820de53059e9,OpenAlex author ID
Exact-identifier metadata sensitivity: authors,Unique-author study count,Rebekah Milligan,1,471,0.2,,,authorship-covered unique studies,exact-identifier studies with usable structured authorship,multiple response; one count per unique author per study,b3a8d73bf08119c4ce68,OpenAlex author ID
Exact-identifier metadata sensitivity: authors,Unique-author study count,Regina G. Russell,1,471,0.2,,,authorship-covered unique studies,exact-identifier studies with usable structured authorship,multiple response; one count per unique author per study,766fde2e997ea8140bd0,OpenAlex author ID
Exact-identifier metadata sensitivity: authors,Unique-author study count,Regina Pires,1,471,0.2,,,authorship-covered unique studies,exact-identifier studies with usable structured authorship,multiple response; one count per unique author per study,1563f87491d1ce4d02fb,OpenAlex author ID
Exact-identifier metadata sensitivity: authors,Unique-author study count,Reinhard Janssen‐Aguilar,1,471,0.2,,,authorship-covered unique studies,exact-identifier studies with usable structured authorship,multiple response; one count per unique author per study,63c69a200d415bc42d9b,OpenAlex author ID
Exact-identifier metadata sensitivity: authors,Unique-author study count,Remi Sampaleanu,1,471,0.2,,,authorship-covered unique studies,exact-identifier studies with usable structured authorship,multiple response; one count per unique author per study,de583e684ddd0364a161,OpenAlex author ID
Exact-identifier metadata sensitivity: authors,Unique-author study count,Ren Kawamura,1,471,0.2,,,authorship-covered unique studies,exact-identifier studies with usable structured authorship,multiple response; one count per unique author per study,0c75f057197182777687,OpenAlex author ID
Exact-identifier metadata sensitivity: authors,Unique-author study count,Renata Szydlak,1,471,0.2,,,authorship-covered unique studies,exact-identifier studies with usable structured authorship,multiple response; one count per unique author per study,14a6c8b99daf76e8179d,OpenAlex author ID
Exact-identifier metadata sensitivity: authors,Unique-author study count,Renjie Zhang,1,471,0.2,,,authorship-covered unique studies,exact-identifier studies with usable structured authorship,multiple response; one count per unique author per study,0835d7fde9c090ca963c,OpenAlex author ID
Exact-identifier metadata sensitivity: authors,Unique-author study count,Reon Ohashi,1,471,0.2,,,authorship-covered unique studies,exact-identifier studies with usable structured authorship,multiple response; one count per unique author per study,fcd1902a5e565b2d2fcc,OpenAlex author ID
Exact-identifier metadata sensitivity: authors,Unique-author study count,Reza Mehvar,1,471,0.2,,,authorship-covered unique studies,exact-identifier studies with usable structured authorship,multiple response; one count per unique author per study,e28e63bbe4974bda0026,OpenAlex author ID
Exact-identifier metadata sensitivity: authors,Unique-author study count,Ricardo Cruz‐Correia,1,471,0.2,,,authorship-covered unique studies,exact-identifier studies with usable structured authorship,multiple response; one count per unique author per study,69f44a30a1f5c09b5e41,OpenAlex author ID
Exact-identifier metadata sensitivity: authors,Unique-author study count,Ricardo Hood,1,471,0.2,,,authorship-covered unique studies,exact-identifier studies with usable structured authorship,multiple response; one count per unique author per study,76597dc445d9df2ae743,OpenAlex author ID
Exact-identifier metadata sensitivity: authors,Unique-author study count,Ricardo Xopan Suárez-García,1,471,0.2,,,authorship-covered unique studies,exact-identifier studies with usable structured authorship,multiple response; one count per unique author per study,98c23d01b9fb23bd43c4,OpenAlex author ID
Exact-identifier metadata sensitivity: authors,Unique-author study count,Richard G. Kyle,1,471,0.2,,,authorship-covered unique studies,exact-identifier studies with usable structured authorship,multiple response; one count per unique author per study,902be756a877af6118c0,OpenAlex author ID
Exact-identifier metadata sensitivity: authors,Unique-author study count,Richard Joiner,1,471,0.2,,,authorship-covered unique studies,exact-identifier studies with usable structured authorship,multiple response; one count per unique author per study,d90096afc3b383fbecb7,OpenAlex author ID
Exact-identifier metadata sensitivity: authors,Unique-author study count,Richard S. Lee,1,471,0.2,,,authorship-covered unique studies,exact-identifier studies with usable structured authorship,multiple response; one count per unique author per study,ba93136b38c9a66d059f,OpenAlex author ID
Exact-identifier metadata sensitivity: authors,Unique-author study count,Rie Yamada,1,471,0.2,,,authorship-covered unique studies,exact-identifier studies with usable structured authorship,multiple response; one count per unique author per study,859f96f4eca259cdb9e8,OpenAlex author ID
Exact-identifier metadata sensitivity: authors,Unique-author study count,Rikiya Watanabe,1,471,0.2,,,authorship-covered unique studies,exact-identifier studies with usable structured authorship,multiple response; one count per unique author per study,da8839d00c24db7f6ad6,OpenAlex author ID
Exact-identifier metadata sensitivity: authors,Unique-author study count,Riko Nakamura,1,471,0.2,,,authorship-covered unique studies,exact-identifier studies with usable structured authorship,multiple response; one count per unique author per study,fcd1902a5e565b2d2fcc,OpenAlex author ID
Exact-identifier metadata sensitivity: authors,Unique-author study count,Riley Brian,1,471,0.2,,,authorship-covered unique studies,exact-identifier studies with usable structured authorship,multiple response; one count per unique author per study,79301031755b16db8fe6,OpenAlex author ID
Exact-identifier metadata sensitivity: authors,Unique-author study count,Risa Kishikawa,1,471,0.2,,,authorship-covered unique studies,exact-identifier studies with usable structured authorship,multiple response; one count per unique author per study,81e99943a71c35f1b5e2,OpenAlex author ID
Exact-identifier metadata sensitivity: authors,Unique-author study count,Rita Baranauskaitė,1,471,0.2,,,authorship-covered unique studies,exact-identifier studies with usable structured authorship,multiple response; one count per unique author per study,e9d6ceded269a04cde99,OpenAlex author ID
Exact-identifier metadata sensitivity: authors,Unique-author study count,Riya Milan Mehta,1,471,0.2,,,authorship-covered unique studies,exact-identifier studies with usable structured authorship,multiple response; one count per unique author per study,35ffd2cef7df5e4ea7fc,OpenAlex author ID
Exact-identifier metadata sensitivity: authors,Unique-author study count,Robbin Miraglia,1,471,0.2,,,authorship-covered unique studies,exact-identifier studies with usable structured authorship,multiple response; one count per unique author per study,5aa2066f4c78fde5a50b,OpenAlex author ID
Exact-identifier metadata sensitivity: authors,Unique-author study count,Robert E. Kraut,1,471,0.2,,,authorship-covered unique studies,exact-identifier studies with usable structured authorship,multiple response; one count per unique author per study,9b8b66d55c35b17e843c,OpenAlex author ID
Exact-identifier metadata sensitivity: authors,Unique-author study count,Robert F. Dougherty,1,471,0.2,,,authorship-covered unique studies,exact-identifier studies with usable structured authorship,multiple response; one count per unique author per study,415ba4f99eeb473a50c2,OpenAlex author ID
Exact-identifier metadata sensitivity: authors,Unique-author study count,Robert Steele,1,471,0.2,,,authorship-covered unique studies,exact-identifier studies with usable structured authorship,multiple response; one count per unique author per study,50ac103890932b40242c,OpenAlex author ID
Exact-identifier metadata sensitivity: authors,Unique-author study count,Robert Tennill,1,471,0.2,,,authorship-covered unique studies,exact-identifier studies with usable structured authorship,multiple response; one count per unique author per study,4ef0a8247384321e8b47,OpenAlex author ID
Exact-identifier metadata sensitivity: authors,Unique-author study count,Roberto Cuomo,1,471,0.2,,,authorship-covered unique studies,exact-identifier studies with usable structured authorship,multiple response; one count per unique author per study,5116aab375eedc896bfd,OpenAlex author ID
Exact-identifier metadata sensitivity: authors,Unique-author study count,Robin Rabey,1,471,0.2,,,authorship-covered unique studies,exact-identifier studies with usable structured authorship,multiple response; one count per unique author per study,7f735724143207af94c1,OpenAlex author ID
Exact-identifier metadata sensitivity: authors,Unique-author study count,Robin Southwood,1,471,0.2,,,authorship-covered unique studies,exact-identifier studies with usable structured authorship,multiple response; one count per unique author per study,e4987ba5c8f46735e9ff,OpenAlex author ID
Exact-identifier metadata sensitivity: authors,Unique-author study count,Rocío Hernández,1,471,0.2,,,authorship-covered unique studies,exact-identifier studies with usable structured authorship,multiple response; one count per unique author per study,b53bf33d223a68f17e8c,OpenAlex author ID
Exact-identifier metadata sensitivity: authors,Unique-author study count,Rodney A. Gabriel,1,471,0.2,,,authorship-covered unique studies,exact-identifier studies with usable structured authorship,multiple response; one count per unique author per study,48a55d4cf5cff922481f,OpenAlex author ID
Exact-identifier metadata sensitivity: authors,Unique-author study count,Rodrigo Gutiérrez,1,471,0.2,,,authorship-covered unique studies,exact-identifier studies with usable structured authorship,multiple response; one count per unique author per study,64a85483f87115653128,OpenAlex author ID
Exact-identifier metadata sensitivity: authors,Unique-author study count,Rodrigo Orrico-Pérez,1,471,0.2,,,authorship-covered unique studies,exact-identifier studies with usable structured authorship,multiple response; one count per unique author per study,98c23d01b9fb23bd43c4,OpenAlex author ID
Exact-identifier metadata sensitivity: authors,Unique-author study count,Roger Edwards,1,471,0.2,,,authorship-covered unique studies,exact-identifier studies with usable structured authorship,multiple response; one count per unique author per study,e359eafa6af6abbb467d,OpenAlex author ID
Exact-identifier metadata sensitivity: authors,Unique-author study count,Roger Shannon D'souza,1,471,0.2,,,authorship-covered unique studies,exact-identifier studies with usable structured authorship,multiple response; one count per unique author per study,afa9fe102dc8ed9bfaff,OpenAlex author ID
Exact-identifier metadata sensitivity: authors,Unique-author study count,Roghayeh Barmaki,1,471,0.2,,,authorship-covered unique studies,exact-identifier studies with usable structured authorship,multiple response; one count per unique author per study,3cc4d65478e63af8ab6e,OpenAlex author ID
Exact-identifier metadata sensitivity: authors,Unique-author study count,Rommy Márquez-Hernández,1,471,0.2,,,authorship-covered unique studies,exact-identifier studies with usable structured authorship,multiple response; one count per unique author per study,3cc4d65478e63af8ab6e,OpenAlex author ID
Exact-identifier metadata sensitivity: authors,Unique-author study count,Ronald M. Epstein,1,471,0.2,,,authorship-covered unique studies,exact-identifier studies with usable structured authorship,multiple response; one count per unique author per study,76a6c8049ee4223224f6,OpenAlex author ID
Exact-identifier metadata sensitivity: authors,Unique-author study count,Ronan A. Cahill,1,471,0.2,,,authorship-covered unique studies,exact-identifier studies with usable structured authorship,multiple response; one count per unique author per study,1c5402a057ba8f451244,OpenAlex author ID
Exact-identifier metadata sensitivity: authors,Unique-author study count,Rong Yin,1,471,0.2,,,authorship-covered unique studies,exact-identifier studies with usable structured authorship,multiple response; one count per unique author per study,582bc7c400fa7acf214f,OpenAlex author ID
Exact-identifier metadata sensitivity: authors,Unique-author study count,Rongrong Hu,1,471,0.2,,,authorship-covered unique studies,exact-identifier studies with usable structured authorship,multiple response; one count per unique author per study,a4f6e4afd67cbf667f95,OpenAlex author ID
Exact-identifier metadata sensitivity: authors,Unique-author study count,Rongxin Chen,1,471,0.2,,,authorship-covered unique studies,exact-identifier studies with usable structured authorship,multiple response; one count per unique author per study,adc1485c258278b24c4e,OpenAlex author ID
Exact-identifier metadata sensitivity: authors,Unique-author study count,Rooh Ullah,1,471,0.2,,,authorship-covered unique studies,exact-identifier studies with usable structured authorship,multiple response; one count per unique author per study,6fb769efa53620e383b7,OpenAlex author ID
Exact-identifier metadata sensitivity: authors,Unique-author study count,Roopa Sebastian,1,471,0.2,,,authorship-covered unique studies,exact-identifier studies with usable structured authorship,multiple response; one count per unique author per study,76597dc445d9df2ae743,OpenAlex author ID
Exact-identifier metadata sensitivity: authors,Unique-author study count,Rosa I. Arriaga,1,471,0.2,,,authorship-covered unique studies,exact-identifier studies with usable structured authorship,multiple response; one count per unique author per study,ed23e4c8ee00516d2110,OpenAlex author ID
Exact-identifier metadata sensitivity: authors,Unique-author study count,Rosanna F. Hess,1,471,0.2,,,authorship-covered unique studies,exact-identifier studies with usable structured authorship,multiple response; one count per unique author per study,3bb7eee2436c25920c9e,OpenAlex author ID
Exact-identifier metadata sensitivity: authors,Unique-author study count,Rosanna Vaschetto,1,471,0.2,,,authorship-covered unique studies,exact-identifier studies with usable structured authorship,multiple response; one count per unique author per study,56dc16bbc7cd98ca993a,OpenAlex author ID
Exact-identifier metadata sensitivity: authors,Unique-author study count,Roselaine Terezinha Migotto Watanabe,1,471,0.2,,,authorship-covered unique studies,exact-identifier studies with usable structured authorship,multiple response; one count per unique author per study,fd0c4ec164cda596074b,OpenAlex author ID
Exact-identifier metadata sensitivity: authors,Unique-author study count,Roshan Nallaveettil,1,471,0.2,,,authorship-covered unique studies,exact-identifier studies with usable structured authorship,multiple response; one count per unique author per study,8db4130844dc8d367d1f,OpenAlex author ID
Exact-identifier metadata sensitivity: authors,Unique-author study count,Roshan Venkatakrishnan,1,471,0.2,,,authorship-covered unique studies,exact-identifier studies with usable structured authorship,multiple response; one count per unique author per study,894f08a5035b3a1872d5,OpenAlex author ID
Exact-identifier metadata sensitivity: authors,Unique-author study count,Rosie Kneafsey,1,471,0.2,,,authorship-covered unique studies,exact-identifier studies with usable structured authorship,multiple response; one count per unique author per study,30b04ea7e17c283383c8,OpenAlex author ID
Exact-identifier metadata sensitivity: authors,Unique-author study count,Roswold Jemuel C. Sanchez,1,471,0.2,,,authorship-covered unique studies,exact-identifier studies with usable structured authorship,multiple response; one count per unique author per study,7fc0513f51b7c61dad31,name-only record; duplicates collapsed within work only; not merged across works
Exact-identifier metadata sensitivity: authors,Unique-author study count,Roxane Gardner,1,471,0.2,,,authorship-covered unique studies,exact-identifier studies with usable structured authorship,multiple response; one count per unique author per study,af9edf1f4c2a0c11a5eb,OpenAlex author ID
Exact-identifier metadata sensitivity: authors,Unique-author study count,Rubén Manrique,1,471,0.2,,,authorship-covered unique studies,exact-identifier studies with usable structured authorship,multiple response; one count per unique author per study,432422a165ddc6a24c2f,OpenAlex author ID
Exact-identifier metadata sensitivity: authors,Unique-author study count,Rugved B. Parmar,1,471,0.2,,,authorship-covered unique studies,exact-identifier studies with usable structured authorship,multiple response; one count per unique author per study,2366390c9f679e2c90b7,OpenAlex author ID
Exact-identifier metadata sensitivity: authors,Unique-author study count,Ruihong Zhao,1,471,0.2,,,authorship-covered unique studies,exact-identifier studies with usable structured authorship,multiple response; one count per unique author per study,8fce68134f06065fdd4a,OpenAlex author ID
Exact-identifier metadata sensitivity: authors,Unique-author study count,Ruijie Wang,1,471,0.2,,,authorship-covered unique studies,exact-identifier studies with usable structured authorship,multiple response; one count per unique author per study,b608f772e32f2dbbff5e,OpenAlex author ID
Exact-identifier metadata sensitivity: authors,Unique-author study count,Ruijin Hu,1,471,0.2,,,authorship-covered unique studies,exact-identifier studies with usable structured authorship,multiple response; one count per unique author per study,sci_3d6777cb059403330506,OpenAlex author ID
Exact-identifier metadata sensitivity: authors,Unique-author study count,Ruijuan Wu,1,471,0.2,,,authorship-covered unique studies,exact-identifier studies with usable structured authorship,multiple response; one count per unique author per study,2610ebe5f560db94c888,OpenAlex author ID
Exact-identifier metadata sensitivity: authors,Unique-author study count,Ruitao Zhang,1,471,0.2,,,authorship-covered unique studies,exact-identifier studies with usable structured authorship,multiple response; one count per unique author per study,da4715a1835405ea02b7,OpenAlex author ID
Exact-identifier metadata sensitivity: authors,Unique-author study count,Ruiyi Wang,1,471,0.2,,,authorship-covered unique studies,exact-identifier studies with usable structured authorship,multiple response; one count per unique author per study,sci_637ee1f73b6fd5027d1c,OpenAlex author ID
Exact-identifier metadata sensitivity: authors,Unique-author study count,Ruoyu Zhang,1,471,0.2,,,authorship-covered unique studies,exact-identifier studies with usable structured authorship,multiple response; one count per unique author per study,04b48ce4dda567febfa2,OpenAlex author ID
Exact-identifier metadata sensitivity: authors,Unique-author study count,Rupesh Raina,1,471,0.2,,,authorship-covered unique studies,exact-identifier studies with usable structured authorship,multiple response; one count per unique author per study,caf55d1c5f0358791a96,OpenAlex author ID
Exact-identifier metadata sensitivity: authors,Unique-author study count,Russ Palmer,1,471,0.2,,,authorship-covered unique studies,exact-identifier studies with usable structured authorship,multiple response; one count per unique author per study,e4987ba5c8f46735e9ff,OpenAlex author ID
Exact-identifier metadata sensitivity: authors,Unique-author study count,Ruth Doherty,1,471,0.2,,,authorship-covered unique studies,exact-identifier studies with usable structured authorship,multiple response; one count per unique author per study,db80308782a219cbea0e,OpenAlex author ID
Exact-identifier metadata sensitivity: authors,Unique-author study count,Ryan McKenna,1,471,0.2,,,authorship-covered unique studies,exact-identifier studies with usable structured authorship,multiple response; one count per unique author per study,80e9a9d9f964aea305e9,OpenAlex author ID
Exact-identifier metadata sensitivity: authors,Unique-author study count,Ryoma Seto,1,471,0.2,,,authorship-covered unique studies,exact-identifier studies with usable structured authorship,multiple response; one count per unique author per study,7713a8c3085fddc6419c,OpenAlex author ID
Exact-identifier metadata sensitivity: authors,Unique-author study count,Ryuhei So,1,471,0.2,,,authorship-covered unique studies,exact-identifier studies with usable structured authorship,multiple response; one count per unique author per study,328dc44eb7208308940c,OpenAlex author ID
Exact-identifier metadata sensitivity: authors,Unique-author study count,Răzvan-Corneliu Pop,1,471,0.2,,,authorship-covered unique studies,exact-identifier studies with usable structured authorship,multiple response; one count per unique author per study,sci_aea73a0d6d3e592a48a0,OpenAlex author ID
Exact-identifier metadata sensitivity: authors,Unique-author study count,S C Zhang,1,471,0.2,,,authorship-covered unique studies,exact-identifier studies with usable structured authorship,multiple response; one count per unique author per study,9717d5f24495686aabe2,OpenAlex author ID
Exact-identifier metadata sensitivity: authors,Unique-author study count,S J Lee,1,471,0.2,,,authorship-covered unique studies,exact-identifier studies with usable structured authorship,multiple response; one count per unique author per study,c837d77a482b4e089619,OpenAlex author ID
Exact-identifier metadata sensitivity: authors,Unique-author study count,S Jayasrilakshmi,1,471,0.2,,,authorship-covered unique studies,exact-identifier studies with usable structured authorship,multiple response; one count per unique author per study,5b356113a239c62ba5ac,OpenAlex author ID
Exact-identifier metadata sensitivity: authors,Unique-author study count,S. B. Gokhale,1,471,0.2,,,authorship-covered unique studies,exact-identifier studies with usable structured authorship,multiple response; one count per unique author per study,f9c1bb8b50eb65edbf84,OpenAlex author ID
Exact-identifier metadata sensitivity: authors,Unique-author study count,S. R. Patel,1,471,0.2,,,authorship-covered unique studies,exact-identifier studies with usable structured authorship,multiple response; one count per unique author per study,c4f5fe90704c2aa68c75,OpenAlex author ID
Exact-identifier metadata sensitivity: authors,Unique-author study count,S. Wright Kennedy,1,471,0.2,,,authorship-covered unique studies,exact-identifier studies with usable structured authorship,multiple response; one count per unique author per study,e5b4ed028b3c0ea2eeec,OpenAlex author ID
Exact-identifier metadata sensitivity: authors,Unique-author study count,S.A.R.R.P. Dissanayake,1,471,0.2,,,authorship-covered unique studies,exact-identifier studies with usable structured authorship,multiple response; one count per unique author per study,5116aab375eedc896bfd,OpenAlex author ID
Exact-identifier metadata sensitivity: authors,Unique-author study count,S.V. Fasulo,1,471,0.2,,,authorship-covered unique studies,exact-identifier studies with usable structured authorship,multiple response; one count per unique author per study,633dafafd7b2de3e7ad0,OpenAlex author ID
Exact-identifier metadata sensitivity: authors,Unique-author study count,Saachi Shah,1,471,0.2,,,authorship-covered unique studies,exact-identifier studies with usable structured authorship,multiple response; one count per unique author per study,f74b171e97e291bab8d3,name-only record; duplicates collapsed within work only; not merged across works
Exact-identifier metadata sensitivity: authors,Unique-author study count,Sabina Sciążko-Gancarczyk,1,471,0.2,,,authorship-covered unique studies,exact-identifier studies with usable structured authorship,multiple response; one count per unique author per study,4ff984fed8d71f9ad381,name-only record; duplicates collapsed within work only; not merged across works
Exact-identifier metadata sensitivity: authors,Unique-author study count,Sadek Obeidat,1,471,0.2,,,authorship-covered unique studies,exact-identifier studies with usable structured authorship,multiple response; one count per unique author per study,155acc9f21eba7b06b56,name-only record; duplicates collapsed within work only; not merged across works
Exact-identifier metadata sensitivity: authors,Unique-author study count,Safa Ozyilmaz,1,471,0.2,,,authorship-covered unique studies,exact-identifier studies with usable structured authorship,multiple response; one count per unique author per study,ec6081495209898a9c42,OpenAlex author ID
Exact-identifier metadata sensitivity: authors,Unique-author study count,Sai Varun Chandrashekar,1,471,0.2,,,authorship-covered unique studies,exact-identifier studies with usable structured authorship,multiple response; one count per unique author per study,3e3d7476a0d0198a12a3,OpenAlex author ID
Exact-identifier metadata sensitivity: authors,Unique-author study count,Saida Makhkamova,1,471,0.2,,,authorship-covered unique studies,exact-identifier studies with usable structured authorship,multiple response; one count per unique author per study,eb6afac746ee34d7a37f,OpenAlex author ID
Exact-identifier metadata sensitivity: authors,Unique-author study count,Saiyonora Hemrom,1,471,0.2,,,authorship-covered unique studies,exact-identifier studies with usable structured authorship,multiple response; one count per unique author per study,c4f5fe90704c2aa68c75,OpenAlex author ID
Exact-identifier metadata sensitivity: authors,Unique-author study count,Salma Elwazeer,1,471,0.2,,,authorship-covered unique studies,exact-identifier studies with usable structured authorship,multiple response; one count per unique author per study,b3e39792f96130f4a0b4,OpenAlex author ID
Exact-identifier metadata sensitivity: authors,Unique-author study count,Samantha Bothwell,1,471,0.2,,,authorship-covered unique studies,exact-identifier studies with usable structured authorship,multiple response; one count per unique author per study,f9c1bb8b50eb65edbf84,OpenAlex author ID
Exact-identifier metadata sensitivity: authors,Unique-author study count,Samantha Castañeda,1,471,0.2,,,authorship-covered unique studies,exact-identifier studies with usable structured authorship,multiple response; one count per unique author per study,7fc0513f51b7c61dad31,OpenAlex author ID
Exact-identifier metadata sensitivity: authors,Unique-author study count,Samantha Sevenhuysen,1,471,0.2,,,authorship-covered unique studies,exact-identifier studies with usable structured authorship,multiple response; one count per unique author per study,d11ce96adb05741aef6d,OpenAlex author ID
Exact-identifier metadata sensitivity: authors,Unique-author study count,Samar Binkheder,1,471,0.2,,,authorship-covered unique studies,exact-identifier studies with usable structured authorship,multiple response; one count per unique author per study,7acd89712f3fc0bb4cb7,OpenAlex author ID
Exact-identifier metadata sensitivity: authors,Unique-author study count,Sameer Aggarwal,1,471,0.2,,,authorship-covered unique studies,exact-identifier studies with usable structured authorship,multiple response; one count per unique author per study,5c99d6be17d81210020f,OpenAlex author ID
Exact-identifier metadata sensitivity: authors,Unique-author study count,Samina Malik,1,471,0.2,,,authorship-covered unique studies,exact-identifier studies with usable structured authorship,multiple response; one count per unique author per study,6e7213516f82875618ff,OpenAlex author ID
Exact-identifier metadata sensitivity: authors,Unique-author study count,Samriti Sharma,1,471,0.2,,,authorship-covered unique studies,exact-identifier studies with usable structured authorship,multiple response; one count per unique author per study,58a5647e55ff3ae5746e,OpenAlex author ID
Exact-identifier metadata sensitivity: authors,Unique-author study count,Samuel M. Murphy,1,471,0.2,,,authorship-covered unique studies,exact-identifier studies with usable structured authorship,multiple response; one count per unique author per study,sci_637ee1f73b6fd5027d1c,OpenAlex author ID
Exact-identifier metadata sensitivity: authors,Unique-author study count,Sana Cheema,1,471,0.2,,,authorship-covered unique studies,exact-identifier studies with usable structured authorship,multiple response; one count per unique author per study,bb3a5362f067d65fc98d,OpenAlex author ID
Exact-identifier metadata sensitivity: authors,Unique-author study count,Sana Loubbairi,1,471,0.2,,,authorship-covered unique studies,exact-identifier studies with usable structured authorship,multiple response; one count per unique author per study,1b913a0ed3ab13c6f644,OpenAlex author ID
Exact-identifier metadata sensitivity: authors,Unique-author study count,Sandra Johnston,1,471,0.2,,,authorship-covered unique studies,exact-identifier studies with usable structured authorship,multiple response; one count per unique author per study,sci_a90d053bc1db526acda9,OpenAlex author ID
Exact-identifier metadata sensitivity: authors,Unique-author study count,Sandra Monteiro,1,471,0.2,,,authorship-covered unique studies,exact-identifier studies with usable structured authorship,multiple response; one count per unique author per study,58483951ebaed609e26a,OpenAlex author ID
Exact-identifier metadata sensitivity: authors,Unique-author study count,Sandra Pahr-Hosbach,1,471,0.2,,,authorship-covered unique studies,exact-identifier studies with usable structured authorship,multiple response; one count per unique author per study,594824ec9813877abe34,OpenAlex author ID
Exact-identifier metadata sensitivity: authors,Unique-author study count,Sandra Werner,1,471,0.2,,,authorship-covered unique studies,exact-identifier studies with usable structured authorship,multiple response; one count per unique author per study,039798e4f1498c17cf82,OpenAlex author ID
Exact-identifier metadata sensitivity: authors,Unique-author study count,Sandra Ximena Jaramillo-Rincón,1,471,0.2,,,authorship-covered unique studies,exact-identifier studies with usable structured authorship,multiple response; one count per unique author per study,432422a165ddc6a24c2f,OpenAlex author ID
Exact-identifier metadata sensitivity: authors,Unique-author study count,Sandro Radovanović,1,471,0.2,,,authorship-covered unique studies,exact-identifier studies with usable structured authorship,multiple response; one count per unique author per study,f5c57c1a6cc5d054fcac,OpenAlex author ID
Exact-identifier metadata sensitivity: authors,Unique-author study count,Sang Yun Han,1,471,0.2,,,authorship-covered unique studies,exact-identifier studies with usable structured authorship,multiple response; one count per unique author per study,e5814fecd144cc3fe016,OpenAlex author ID
Exact-identifier metadata sensitivity: authors,Unique-author study count,Sanghamitra M. Misra,1,471,0.2,,,authorship-covered unique studies,exact-identifier studies with usable structured authorship,multiple response; one count per unique author per study,27940ac9615817e019e3,OpenAlex author ID
Exact-identifier metadata sensitivity: authors,Unique-author study count,Sangzin Ahn,1,471,0.2,,,authorship-covered unique studies,exact-identifier studies with usable structured authorship,multiple response; one count per unique author per study,0a2c09d04e10e0478041,OpenAlex author ID
Exact-identifier metadata sensitivity: authors,Unique-author study count,Sanjeev Sockalingam,1,471,0.2,,,authorship-covered unique studies,exact-identifier studies with usable structured authorship,multiple response; one count per unique author per study,63c69a200d415bc42d9b,OpenAlex author ID
Exact-identifier metadata sensitivity: authors,Unique-author study count,Santiago Alonso Sousa,1,471,0.2,,,authorship-covered unique studies,exact-identifier studies with usable structured authorship,multiple response; one count per unique author per study,ffe994fbb4a27b100f16,OpenAlex author ID
Exact-identifier metadata sensitivity: authors,Unique-author study count,Sara Bakhaya,1,471,0.2,,,authorship-covered unique studies,exact-identifier studies with usable structured authorship,multiple response; one count per unique author per study,afc8c786ca5b65ba8c74,OpenAlex author ID
Exact-identifier metadata sensitivity: authors,Unique-author study count,Sara Mirali,1,471,0.2,,,authorship-covered unique studies,exact-identifier studies with usable structured authorship,multiple response; one count per unique author per study,243562012607f7033171,OpenAlex author ID
Exact-identifier metadata sensitivity: authors,Unique-author study count,Sarah Blair,1,471,0.2,,,authorship-covered unique studies,exact-identifier studies with usable structured authorship,multiple response; one count per unique author per study,c2a9bbee811cd29891e3,OpenAlex author ID
Exact-identifier metadata sensitivity: authors,Unique-author study count,Sarah Litt,1,471,0.2,,,authorship-covered unique studies,exact-identifier studies with usable structured authorship,multiple response; one count per unique author per study,sci_6140618886946efd3455,OpenAlex author ID
Exact-identifier metadata sensitivity: authors,Unique-author study count,Sarah Litt,1,471,0.2,,,authorship-covered unique studies,exact-identifier studies with usable structured authorship,multiple response; one count per unique author per study,4dcbdf4bf0f5a9a6c8c8,name-only record; duplicates collapsed within work only; not merged across works
Exact-identifier metadata sensitivity: authors,Unique-author study count,Sarah Lund,1,471,0.2,,,authorship-covered unique studies,exact-identifier studies with usable structured authorship,multiple response; one count per unique author per study,79301031755b16db8fe6,OpenAlex author ID
Exact-identifier metadata sensitivity: authors,Unique-author study count,Sarah Ricchizzi,1,471,0.2,,,authorship-covered unique studies,exact-identifier studies with usable structured authorship,multiple response; one count per unique author per study,0a56637c161743569cf5,OpenAlex author ID
Exact-identifier metadata sensitivity: authors,Unique-author study count,Sarah Young,1,471,0.2,,,authorship-covered unique studies,exact-identifier studies with usable structured authorship,multiple response; one count per unique author per study,68306d2649f0e34ccfa7,OpenAlex author ID
Exact-identifier metadata sensitivity: authors,Unique-author study count,Sarang Kim,1,471,0.2,,,authorship-covered unique studies,exact-identifier studies with usable structured authorship,multiple response; one count per unique author per study,425ec6ee2ca714b7434a,OpenAlex author ID
Exact-identifier metadata sensitivity: authors,Unique-author study count,Sasa Tkalcan,1,471,0.2,,,authorship-covered unique studies,exact-identifier studies with usable structured authorship,multiple response; one count per unique author per study,4cac4c9f22b3d59d56dd,OpenAlex author ID
Exact-identifier metadata sensitivity: authors,Unique-author study count,Satoo Ogawa,1,471,0.2,,,authorship-covered unique studies,exact-identifier studies with usable structured authorship,multiple response; one count per unique author per study,5a18de075da6eacf874c,OpenAlex author ID
Exact-identifier metadata sensitivity: authors,Unique-author study count,Satoshi Kodera,1,471,0.2,,,authorship-covered unique studies,exact-identifier studies with usable structured authorship,multiple response; one count per unique author per study,81e99943a71c35f1b5e2,OpenAlex author ID
Exact-identifier metadata sensitivity: authors,Unique-author study count,Sayil Alejandra De la Torre Othón,1,471,0.2,,,authorship-covered unique studies,exact-identifier studies with usable structured authorship,multiple response; one count per unique author per study,a2883a095e505041a802,OpenAlex author ID
Exact-identifier metadata sensitivity: authors,Unique-author study count,"Sboron, Martin",1,471,0.2,,,authorship-covered unique studies,exact-identifier studies with usable structured authorship,multiple response; one count per unique author per study,sci_0deb435b497fb81c6d22,name-only record; duplicates collapsed within work only; not merged across works
Exact-identifier metadata sensitivity: authors,Unique-author study count,"Schmid, Thomas",1,471,0.2,,,authorship-covered unique studies,exact-identifier studies with usable structured authorship,multiple response; one count per unique author per study,sci_0deb435b497fb81c6d22,name-only record; duplicates collapsed within work only; not merged across works
Exact-identifier metadata sensitivity: authors,Unique-author study count,Scott Sumpter,1,471,0.2,,,authorship-covered unique studies,exact-identifier studies with usable structured authorship,multiple response; one count per unique author per study,9aeba4bdaf161dff8c40,OpenAlex author ID
Exact-identifier metadata sensitivity: authors,Unique-author study count,Sean A. Setzen,1,471,0.2,,,authorship-covered unique studies,exact-identifier studies with usable structured authorship,multiple response; one count per unique author per study,sci_7924be52acf88877d8df,OpenAlex author ID
Exact-identifier metadata sensitivity: authors,Unique-author study count,Sean N. Neifert,1,471,0.2,,,authorship-covered unique studies,exact-identifier studies with usable structured authorship,multiple response; one count per unique author per study,50ac103890932b40242c,OpenAlex author ID
Exact-identifier metadata sensitivity: authors,Unique-author study count,Sean X. Zhou,1,471,0.2,,,authorship-covered unique studies,exact-identifier studies with usable structured authorship,multiple response; one count per unique author per study,2a63460a75ff944e1d44,OpenAlex author ID
Exact-identifier metadata sensitivity: authors,Unique-author study count,Sebastián Valencia-Marín,1,471,0.2,,,authorship-covered unique studies,exact-identifier studies with usable structured authorship,multiple response; one count per unique author per study,98c23d01b9fb23bd43c4,OpenAlex author ID
Exact-identifier metadata sensitivity: authors,Unique-author study count,Sejoong Kim,1,471,0.2,,,authorship-covered unique studies,exact-identifier studies with usable structured authorship,multiple response; one count per unique author per study,8ce5650fcd50af3976ab,OpenAlex author ID
Exact-identifier metadata sensitivity: authors,Unique-author study count,Selcen Öncü,1,471,0.2,,,authorship-covered unique studies,exact-identifier studies with usable structured authorship,multiple response; one count per unique author per study,f41f37dbb22b9ed8ae7c,OpenAlex author ID
Exact-identifier metadata sensitivity: authors,Unique-author study count,Selin Katarci,1,471,0.2,,,authorship-covered unique studies,exact-identifier studies with usable structured authorship,multiple response; one count per unique author per study,86f76ce0ac18d03915b2,OpenAlex author ID
Exact-identifier metadata sensitivity: authors,Unique-author study count,Seng Chan You,1,471,0.2,,,authorship-covered unique studies,exact-identifier studies with usable structured authorship,multiple response; one count per unique author per study,c837d77a482b4e089619,OpenAlex author ID
Exact-identifier metadata sensitivity: authors,Unique-author study count,Seoi Jeong,1,471,0.2,,,authorship-covered unique studies,exact-identifier studies with usable structured authorship,multiple response; one count per unique author per study,9d0e015a74d4a026b092,OpenAlex author ID
Exact-identifier metadata sensitivity: authors,Unique-author study count,Seolhee Lee,1,471,0.2,,,authorship-covered unique studies,exact-identifier studies with usable structured authorship,multiple response; one count per unique author per study,9b8b66d55c35b17e843c,OpenAlex author ID
Exact-identifier metadata sensitivity: authors,Unique-author study count,Seora Kim,1,471,0.2,,,authorship-covered unique studies,exact-identifier studies with usable structured authorship,multiple response; one count per unique author per study,45e7ea1fbbde53125fd7,OpenAlex author ID
Exact-identifier metadata sensitivity: authors,Unique-author study count,Serena Ricci,1,471,0.2,,,authorship-covered unique studies,exact-identifier studies with usable structured authorship,multiple response; one count per unique author per study,56dc16bbc7cd98ca993a,OpenAlex author ID
Exact-identifier metadata sensitivity: authors,Unique-author study count,Sergio M. Navarro,1,471,0.2,,,authorship-covered unique studies,exact-identifier studies with usable structured authorship,multiple response; one count per unique author per study,79301031755b16db8fe6,OpenAlex author ID
Exact-identifier metadata sensitivity: authors,Unique-author study count,Seung-Ho Lee,1,471,0.2,,,authorship-covered unique studies,exact-identifier studies with usable structured authorship,multiple response; one count per unique author per study,e5814fecd144cc3fe016,OpenAlex author ID
Exact-identifier metadata sensitivity: authors,Unique-author study count,Seunghyup Lee,1,471,0.2,,,authorship-covered unique studies,exact-identifier studies with usable structured authorship,multiple response; one count per unique author per study,581dc0790951c1557bba,OpenAlex author ID
Exact-identifier metadata sensitivity: authors,Unique-author study count,Seydou Golo Barro,1,471,0.2,,,authorship-covered unique studies,exact-identifier studies with usable structured authorship,multiple response; one count per unique author per study,5245cf325337d81e78ff,OpenAlex author ID
Exact-identifier metadata sensitivity: authors,Unique-author study count,Seyed Parsa Neshaei,1,471,0.2,,,authorship-covered unique studies,exact-identifier studies with usable structured authorship,multiple response; one count per unique author per study,sci_b852c26f48dfbf482b84,OpenAlex author ID
Exact-identifier metadata sensitivity: authors,Unique-author study count,Sha Liu,1,471,0.2,,,authorship-covered unique studies,exact-identifier studies with usable structured authorship,multiple response; one count per unique author per study,2c33e3b00e199776ba05,OpenAlex author ID
Exact-identifier metadata sensitivity: authors,Unique-author study count,Shagaf Bakour,1,471,0.2,,,authorship-covered unique studies,exact-identifier studies with usable structured authorship,multiple response; one count per unique author per study,b216d2e3bbb753147fd2,OpenAlex author ID
Exact-identifier metadata sensitivity: authors,Unique-author study count,Shahnoor Adil,1,471,0.2,,,authorship-covered unique studies,exact-identifier studies with usable structured authorship,multiple response; one count per unique author per study,b216d2e3bbb753147fd2,OpenAlex author ID
Exact-identifier metadata sensitivity: authors,Unique-author study count,Shalong Wang,1,471,0.2,,,authorship-covered unique studies,exact-identifier studies with usable structured authorship,multiple response; one count per unique author per study,1c073acedd6171c3394d,OpenAlex author ID
Exact-identifier metadata sensitivity: authors,Unique-author study count,Shan Chen,1,471,0.2,,,authorship-covered unique studies,exact-identifier studies with usable structured authorship,multiple response; one count per unique author per study,d977c356ff57ab060fef,OpenAlex author ID
Exact-identifier metadata sensitivity: authors,Unique-author study count,Shan Li,1,471,0.2,,,authorship-covered unique studies,exact-identifier studies with usable structured authorship,multiple response; one count per unique author per study,2610ebe5f560db94c888,OpenAlex author ID
Exact-identifier metadata sensitivity: authors,Unique-author study count,Shandra Jamison,1,471,0.2,,,authorship-covered unique studies,exact-identifier studies with usable structured authorship,multiple response; one count per unique author per study,37a099d4d3aa15cafaa9,OpenAlex author ID
Exact-identifier metadata sensitivity: authors,Unique-author study count,Shane Halse,1,471,0.2,,,authorship-covered unique studies,exact-identifier studies with usable structured authorship,multiple response; one count per unique author per study,d885762caf8919afe125,OpenAlex author ID
Exact-identifier metadata sensitivity: authors,Unique-author study count,Shannon K. T. Bailey,1,471,0.2,,,authorship-covered unique studies,exact-identifier studies with usable structured authorship,multiple response; one count per unique author per study,80e9a9d9f964aea305e9,OpenAlex author ID
Exact-identifier metadata sensitivity: authors,Unique-author study count,Shaopeng Ming,1,471,0.2,,,authorship-covered unique studies,exact-identifier studies with usable structured authorship,multiple response; one count per unique author per study,9053eb63f4358c343310,OpenAlex author ID
Exact-identifier metadata sensitivity: authors,Unique-author study count,Shaowei Bi,1,471,0.2,,,authorship-covered unique studies,exact-identifier studies with usable structured authorship,multiple response; one count per unique author per study,adc1485c258278b24c4e,OpenAlex author ID
Exact-identifier metadata sensitivity: authors,Unique-author study count,Sharath Chandra Guntuku,1,471,0.2,,,authorship-covered unique studies,exact-identifier studies with usable structured authorship,multiple response; one count per unique author per study,72c30900482428bf1e49,OpenAlex author ID
Exact-identifier metadata sensitivity: authors,Unique-author study count,Sharon Chekijian,1,471,0.2,,,authorship-covered unique studies,exact-identifier studies with usable structured authorship,multiple response; one count per unique author per study,039798e4f1498c17cf82,OpenAlex author ID
Exact-identifier metadata sensitivity: authors,Unique-author study count,Sharon Jiang,1,471,0.2,,,authorship-covered unique studies,exact-identifier studies with usable structured authorship,multiple response; one count per unique author per study,ba93136b38c9a66d059f,OpenAlex author ID
Exact-identifier metadata sensitivity: authors,Unique-author study count,Sharon Kim,1,471,0.2,,,authorship-covered unique studies,exact-identifier studies with usable structured authorship,multiple response; one count per unique author per study,4ef0a8247384321e8b47,OpenAlex author ID
Exact-identifier metadata sensitivity: authors,Unique-author study count,Sharon Wingert,1,471,0.2,,,authorship-covered unique studies,exact-identifier studies with usable structured authorship,multiple response; one count per unique author per study,a44cf2193e8756673fa7,OpenAlex author ID
Exact-identifier metadata sensitivity: authors,Unique-author study count,Shaun M. Eack,1,471,0.2,,,authorship-covered unique studies,exact-identifier studies with usable structured authorship,multiple response; one count per unique author per study,sci_637ee1f73b6fd5027d1c,OpenAlex author ID
Exact-identifier metadata sensitivity: authors,Unique-author study count,Shayan Smani,1,471,0.2,,,authorship-covered unique studies,exact-identifier studies with usable structured authorship,multiple response; one count per unique author per study,ebc2ea10b1b751d8e58c,OpenAlex author ID
Exact-identifier metadata sensitivity: authors,Unique-author study count,Shayla Sharmin,1,471,0.2,,,authorship-covered unique studies,exact-identifier studies with usable structured authorship,multiple response; one count per unique author per study,3cc4d65478e63af8ab6e,OpenAlex author ID
Exact-identifier metadata sensitivity: authors,Unique-author study count,Sheetal Naik,1,471,0.2,,,authorship-covered unique studies,exact-identifier studies with usable structured authorship,multiple response; one count per unique author per study,76597dc445d9df2ae743,OpenAlex author ID
Exact-identifier metadata sensitivity: authors,Unique-author study count,Sheila A. M. Rauch,1,471,0.2,,,authorship-covered unique studies,exact-identifier studies with usable structured authorship,multiple response; one count per unique author per study,ed23e4c8ee00516d2110,OpenAlex author ID
Exact-identifier metadata sensitivity: authors,Unique-author study count,Shelby Thompson,1,471,0.2,,,authorship-covered unique studies,exact-identifier studies with usable structured authorship,multiple response; one count per unique author per study,e4987ba5c8f46735e9ff,OpenAlex author ID
Exact-identifier metadata sensitivity: authors,Unique-author study count,Shelley Tischkau,1,471,0.2,,,authorship-covered unique studies,exact-identifier studies with usable structured authorship,multiple response; one count per unique author per study,8db4130844dc8d367d1f,OpenAlex author ID
Exact-identifier metadata sensitivity: authors,Unique-author study count,Shen Hong,1,471,0.2,,,authorship-covered unique studies,exact-identifier studies with usable structured authorship,multiple response; one count per unique author per study,sci_637ee1f73b6fd5027d1c,OpenAlex author ID
Exact-identifier metadata sensitivity: authors,Unique-author study count,Sheravika Leonny,1,471,0.2,,,authorship-covered unique studies,exact-identifier studies with usable structured authorship,multiple response; one count per unique author per study,d11ce96adb05741aef6d,OpenAlex author ID
Exact-identifier metadata sensitivity: authors,Unique-author study count,Shereen Fouad,1,471,0.2,,,authorship-covered unique studies,exact-identifier studies with usable structured authorship,multiple response; one count per unique author per study,4f06f0d72a1de087b5c5,OpenAlex author ID
Exact-identifier metadata sensitivity: authors,Unique-author study count,Sheri Kiami,1,471,0.2,,,authorship-covered unique studies,exact-identifier studies with usable structured authorship,multiple response; one count per unique author per study,5b529e4bc562ac2c093e,OpenAlex author ID
Exact-identifier metadata sensitivity: authors,Unique-author study count,Sherry A. Burrell,1,471,0.2,,,authorship-covered unique studies,exact-identifier studies with usable structured authorship,multiple response; one count per unique author per study,e4caff2128dfb4f4ac0c,OpenAlex author ID
Exact-identifier metadata sensitivity: authors,Unique-author study count,Shi Chen,1,471,0.2,,,authorship-covered unique studies,exact-identifier studies with usable structured authorship,multiple response; one count per unique author per study,1158803af3fb0ab9c072,OpenAlex author ID
Exact-identifier metadata sensitivity: authors,Unique-author study count,SHI Jie,1,471,0.2,,,authorship-covered unique studies,exact-identifier studies with usable structured authorship,multiple response; one count per unique author per study,1f1c780e93f8833f8015,name-only record; duplicates collapsed within work only; not merged across works
Exact-identifier metadata sensitivity: authors,Unique-author study count,Shigeaki Inoue,1,471,0.2,,,authorship-covered unique studies,exact-identifier studies with usable structured authorship,multiple response; one count per unique author per study,862592293f46ff109fb6,OpenAlex author ID
Exact-identifier metadata sensitivity: authors,Unique-author study count,Shihua Cao,1,471,0.2,,,authorship-covered unique studies,exact-identifier studies with usable structured authorship,multiple response; one count per unique author per study,a4d746b41f7f88ceb127,OpenAlex author ID
Exact-identifier metadata sensitivity: authors,Unique-author study count,Shihua Cao,1,471,0.2,,,authorship-covered unique studies,exact-identifier studies with usable structured authorship,multiple response; one count per unique author per study,c58a4682ca46d2e66e96,OpenAlex author ID
Exact-identifier metadata sensitivity: authors,Unique-author study count,Shijie Jiang,1,471,0.2,,,authorship-covered unique studies,exact-identifier studies with usable structured authorship,multiple response; one count per unique author per study,8fce68134f06065fdd4a,OpenAlex author ID
Exact-identifier metadata sensitivity: authors,Unique-author study count,Shikha Srivastava,1,471,0.2,,,authorship-covered unique studies,exact-identifier studies with usable structured authorship,multiple response; one count per unique author per study,6fdf974a01dd27215f86,OpenAlex author ID
Exact-identifier metadata sensitivity: authors,Unique-author study count,Shiling Zhou,1,471,0.2,,,authorship-covered unique studies,exact-identifier studies with usable structured authorship,multiple response; one count per unique author per study,d2f64f874b70a189b145,name-only record; duplicates collapsed within work only; not merged across works
Exact-identifier metadata sensitivity: authors,Unique-author study count,Shinjitsu Agatsuma,1,471,0.2,,,authorship-covered unique studies,exact-identifier studies with usable structured authorship,multiple response; one count per unique author per study,fcd1902a5e565b2d2fcc,OpenAlex author ID
Exact-identifier metadata sensitivity: authors,Unique-author study count,Shinpei Nakamura-Sakai,1,471,0.2,,,authorship-covered unique studies,exact-identifier studies with usable structured authorship,multiple response; one count per unique author per study,ea8e0a7c38a125bf8f1d,OpenAlex author ID
Exact-identifier metadata sensitivity: authors,Unique-author study count,Shiori Minami,1,471,0.2,,,authorship-covered unique studies,exact-identifier studies with usable structured authorship,multiple response; one count per unique author per study,fcd1902a5e565b2d2fcc,name-only record; duplicates collapsed within work only; not merged across works
Exact-identifier metadata sensitivity: authors,Unique-author study count,Shivani Vhora,1,471,0.2,,,authorship-covered unique studies,exact-identifier studies with usable structured authorship,multiple response; one count per unique author per study,afa9fe102dc8ed9bfaff,OpenAlex author ID
Exact-identifier metadata sensitivity: authors,Unique-author study count,Shiying Shen,1,471,0.2,,,authorship-covered unique studies,exact-identifier studies with usable structured authorship,multiple response; one count per unique author per study,c58a4682ca46d2e66e96,OpenAlex author ID
Exact-identifier metadata sensitivity: authors,Unique-author study count,Sholem Hack,1,471,0.2,,,authorship-covered unique studies,exact-identifier studies with usable structured authorship,multiple response; one count per unique author per study,6ad5ba253eb6dea25a47,OpenAlex author ID
Exact-identifier metadata sensitivity: authors,Unique-author study count,Shota Okuno,1,471,0.2,,,authorship-covered unique studies,exact-identifier studies with usable structured authorship,multiple response; one count per unique author per study,00b1591b551023fc549f,OpenAlex author ID
Exact-identifier metadata sensitivity: authors,Unique-author study count,Shreena Joshi Pradhan,1,471,0.2,,,authorship-covered unique studies,exact-identifier studies with usable structured authorship,multiple response; one count per unique author per study,437f09a0c472e4ba343e,OpenAlex author ID
Exact-identifier metadata sensitivity: authors,Unique-author study count,Shreyasi Baruah,1,471,0.2,,,authorship-covered unique studies,exact-identifier studies with usable structured authorship,multiple response; one count per unique author per study,dec5b56924e40c32e506,OpenAlex author ID
Exact-identifier metadata sensitivity: authors,Unique-author study count,Shruthi Deshpande,1,471,0.2,,,authorship-covered unique studies,exact-identifier studies with usable structured authorship,multiple response; one count per unique author per study,afa9fe102dc8ed9bfaff,OpenAlex author ID
Exact-identifier metadata sensitivity: authors,Unique-author study count,Shruti Suresh,1,471,0.2,,,authorship-covered unique studies,exact-identifier studies with usable structured authorship,multiple response; one count per unique author per study,14e96fc7b4c3181fd39b,name-only record; duplicates collapsed within work only; not merged across works
Exact-identifier metadata sensitivity: authors,Unique-author study count,Shuang Li,1,471,0.2,,,authorship-covered unique studies,exact-identifier studies with usable structured authorship,multiple response; one count per unique author per study,6f1527fb10827ca1da01,OpenAlex author ID
Exact-identifier metadata sensitivity: authors,Unique-author study count,Shuangyu Li,1,471,0.2,,,authorship-covered unique studies,exact-identifier studies with usable structured authorship,multiple response; one count per unique author per study,f5c57c1a6cc5d054fcac,OpenAlex author ID
Exact-identifier metadata sensitivity: authors,Unique-author study count,Shuhan Li,1,471,0.2,,,authorship-covered unique studies,exact-identifier studies with usable structured authorship,multiple response; one count per unique author per study,582bc7c400fa7acf214f,OpenAlex author ID
Exact-identifier metadata sensitivity: authors,Unique-author study count,Shuining Wang,1,471,0.2,,,authorship-covered unique studies,exact-identifier studies with usable structured authorship,multiple response; one count per unique author per study,ed38fd3a7de3cb77f8a6,OpenAlex author ID
Exact-identifier metadata sensitivity: authors,Unique-author study count,Shunsuke Nakamura,1,471,0.2,,,authorship-covered unique studies,exact-identifier studies with usable structured authorship,multiple response; one count per unique author per study,862592293f46ff109fb6,name-only record; duplicates collapsed within work only; not merged across works
Exact-identifier metadata sensitivity: authors,Unique-author study count,Shuying Shen,1,471,0.2,,,authorship-covered unique studies,exact-identifier studies with usable structured authorship,multiple response; one count per unique author per study,a4d746b41f7f88ceb127,OpenAlex author ID
Exact-identifier metadata sensitivity: authors,Unique-author study count,Sidharth Kumar Sethi,1,471,0.2,,,authorship-covered unique studies,exact-identifier studies with usable structured authorship,multiple response; one count per unique author per study,caf55d1c5f0358791a96,OpenAlex author ID
Exact-identifier metadata sensitivity: authors,Unique-author study count,Sierra Adare-Tasiwoopa Ápi,1,471,0.2,,,authorship-covered unique studies,exact-identifier studies with usable structured authorship,multiple response; one count per unique author per study,740cc1ae550411dacecc,OpenAlex author ID
Exact-identifier metadata sensitivity: authors,Unique-author study count,Sigit Mulyono,1,471,0.2,,,authorship-covered unique studies,exact-identifier studies with usable structured authorship,multiple response; one count per unique author per study,6a18d985481870e99d72,OpenAlex author ID
Exact-identifier metadata sensitivity: authors,Unique-author study count,Sihong Li,1,471,0.2,,,authorship-covered unique studies,exact-identifier studies with usable structured authorship,multiple response; one count per unique author per study,ed38fd3a7de3cb77f8a6,name-only record; duplicates collapsed within work only; not merged across works
Exact-identifier metadata sensitivity: authors,Unique-author study count,Sihui Hu,1,471,0.2,,,authorship-covered unique studies,exact-identifier studies with usable structured authorship,multiple response; one count per unique author per study,412046e11296d150c70a,OpenAlex author ID
Exact-identifier metadata sensitivity: authors,Unique-author study count,Simon M. Breil,1,471,0.2,,,authorship-covered unique studies,exact-identifier studies with usable structured authorship,multiple response; one count per unique author per study,7442954006aac8fa63fa,OpenAlex author ID
Exact-identifier metadata sensitivity: authors,Unique-author study count,Simon N. Chu,1,471,0.2,,,authorship-covered unique studies,exact-identifier studies with usable structured authorship,multiple response; one count per unique author per study,3a5aebe14250eec39412,OpenAlex author ID
Exact-identifier metadata sensitivity: authors,Unique-author study count,Simon Ostermann,1,471,0.2,,,authorship-covered unique studies,exact-identifier studies with usable structured authorship,multiple response; one count per unique author per study,bad1f4fb855554cb4aba,OpenAlex author ID
Exact-identifier metadata sensitivity: authors,Unique-author study count,Simon Stone,1,471,0.2,,,authorship-covered unique studies,exact-identifier studies with usable structured authorship,multiple response; one count per unique author per study,sci_300870bf7109221baf28,OpenAlex author ID
Exact-identifier metadata sensitivity: authors,Unique-author study count,Simon Williams,1,471,0.2,,,authorship-covered unique studies,exact-identifier studies with usable structured authorship,multiple response; one count per unique author per study,434224fa76b1280311a5,OpenAlex author ID
Exact-identifier metadata sensitivity: authors,Unique-author study count,Simone Appenzeller,1,471,0.2,,,authorship-covered unique studies,exact-identifier studies with usable structured authorship,multiple response; one count per unique author per study,9eb3b25f5e4e48cdcb6a,name-only record; duplicates collapsed within work only; not merged across works
Exact-identifier metadata sensitivity: authors,Unique-author study count,Simone Colosimo,1,471,0.2,,,authorship-covered unique studies,exact-identifier studies with usable structured authorship,multiple response; one count per unique author per study,7d5cb710e5a6901bbaaa,OpenAlex author ID
Exact-identifier metadata sensitivity: authors,Unique-author study count,Simone Kresevic,1,471,0.2,,,authorship-covered unique studies,exact-identifier studies with usable structured authorship,multiple response; one count per unique author per study,ea8e0a7c38a125bf8f1d,OpenAlex author ID
Exact-identifier metadata sensitivity: authors,Unique-author study count,Siobhan Corbett,1,471,0.2,,,authorship-covered unique studies,exact-identifier studies with usable structured authorship,multiple response; one count per unique author per study,425ec6ee2ca714b7434a,OpenAlex author ID
Exact-identifier metadata sensitivity: authors,Unique-author study count,Sirous Golchinheydari,1,471,0.2,,,authorship-covered unique studies,exact-identifier studies with usable structured authorship,multiple response; one count per unique author per study,86d7e55b4cfd49b202f0,OpenAlex author ID
Exact-identifier metadata sensitivity: authors,Unique-author study count,Siti Fatimah Md Shariff,1,471,0.2,,,authorship-covered unique studies,exact-identifier studies with usable structured authorship,multiple response; one count per unique author per study,643ef34d4dd326d5b164,OpenAlex author ID
Exact-identifier metadata sensitivity: authors,Unique-author study count,Siu Ling Chan,1,471,0.2,,,authorship-covered unique studies,exact-identifier studies with usable structured authorship,multiple response; one count per unique author per study,7a5ffafc98c031b3684e,OpenAlex author ID
Exact-identifier metadata sensitivity: authors,Unique-author study count,Siu Lun Au,1,471,0.2,,,authorship-covered unique studies,exact-identifier studies with usable structured authorship,multiple response; one count per unique author per study,7a5ffafc98c031b3684e,OpenAlex author ID
Exact-identifier metadata sensitivity: authors,Unique-author study count,Siyang Liu,1,471,0.2,,,authorship-covered unique studies,exact-identifier studies with usable structured authorship,multiple response; one count per unique author per study,bc5dd5d7b1ad1b4d21e4,OpenAlex author ID
Exact-identifier metadata sensitivity: authors,Unique-author study count,Siyu Huang,1,471,0.2,,,authorship-covered unique studies,exact-identifier studies with usable structured authorship,multiple response; one count per unique author per study,ed38fd3a7de3cb77f8a6,name-only record; duplicates collapsed within work only; not merged across works
Exact-identifier metadata sensitivity: authors,Unique-author study count,Smitha Elizabeth Kore,1,471,0.2,,,authorship-covered unique studies,exact-identifier studies with usable structured authorship,multiple response; one count per unique author per study,9eb3b25f5e4e48cdcb6a,name-only record; duplicates collapsed within work only; not merged across works
Exact-identifier metadata sensitivity: authors,Unique-author study count,Sofia Salahuddin,1,471,0.2,,,authorship-covered unique studies,exact-identifier studies with usable structured authorship,multiple response; one count per unique author per study,f54e36609097c96e8b6d,OpenAlex author ID
Exact-identifier metadata sensitivity: authors,Unique-author study count,Sofie Kamber,1,471,0.2,,,authorship-covered unique studies,exact-identifier studies with usable structured authorship,multiple response; one count per unique author per study,20e73ed62a3078e6a9b4,OpenAlex author ID
Exact-identifier metadata sensitivity: authors,Unique-author study count,Soheil Saadat,1,471,0.2,,,authorship-covered unique studies,exact-identifier studies with usable structured authorship,multiple response; one count per unique author per study,2dd7865e84af395616af,OpenAlex author ID
Exact-identifier metadata sensitivity: authors,Unique-author study count,Sok Ying Liaw,1,471,0.2,,,authorship-covered unique studies,exact-identifier studies with usable structured authorship,multiple response; one count per unique author per study,e5e611fc18a4d66128d9,OpenAlex author ID
Exact-identifier metadata sensitivity: authors,Unique-author study count,SONG Jialin,1,471,0.2,,,authorship-covered unique studies,exact-identifier studies with usable structured authorship,multiple response; one count per unique author per study,3e6c586541bbab277f12,name-only record; duplicates collapsed within work only; not merged across works
Exact-identifier metadata sensitivity: authors,Unique-author study count,Sonia León‐Cabrera,1,471,0.2,,,authorship-covered unique studies,exact-identifier studies with usable structured authorship,multiple response; one count per unique author per study,98c23d01b9fb23bd43c4,OpenAlex author ID
Exact-identifier metadata sensitivity: authors,Unique-author study count,Sophia Hu,1,471,0.2,,,authorship-covered unique studies,exact-identifier studies with usable structured authorship,multiple response; one count per unique author per study,7a5ffafc98c031b3684e,OpenAlex author ID
Exact-identifier metadata sensitivity: authors,Unique-author study count,Sophia Viktoria Ragaller,1,471,0.2,,,authorship-covered unique studies,exact-identifier studies with usable structured authorship,multiple response; one count per unique author per study,f5e8d39c518465a0d255,OpenAlex author ID
Exact-identifier metadata sensitivity: authors,Unique-author study count,Sophie Catanese,1,471,0.2,,,authorship-covered unique studies,exact-identifier studies with usable structured authorship,multiple response; one count per unique author per study,5aeb6b891099b95aa832,OpenAlex author ID
Exact-identifier metadata sensitivity: authors,Unique-author study count,Sophie Leducq,1,471,0.2,,,authorship-covered unique studies,exact-identifier studies with usable structured authorship,multiple response; one count per unique author per study,5aeb6b891099b95aa832,OpenAlex author ID
Exact-identifier metadata sensitivity: authors,Unique-author study count,Sophie Mårtensson,1,471,0.2,,,authorship-covered unique studies,exact-identifier studies with usable structured authorship,multiple response; one count per unique author per study,319d5b791f54df181b23,OpenAlex author ID
Exact-identifier metadata sensitivity: authors,Unique-author study count,Sophy McFarlane,1,471,0.2,,,authorship-covered unique studies,exact-identifier studies with usable structured authorship,multiple response; one count per unique author per study,df4adbef2a265890959e,name-only record; duplicates collapsed within work only; not merged across works
Exact-identifier metadata sensitivity: authors,Unique-author study count,Soyeon Shin,1,471,0.2,,,authorship-covered unique studies,exact-identifier studies with usable structured authorship,multiple response; one count per unique author per study,9d0e015a74d4a026b092,OpenAlex author ID
Exact-identifier metadata sensitivity: authors,Unique-author study count,Sridhar Krishnan,1,471,0.2,,,authorship-covered unique studies,exact-identifier studies with usable structured authorship,multiple response; one count per unique author per study,63c69a200d415bc42d9b,OpenAlex author ID
Exact-identifier metadata sensitivity: authors,Unique-author study count,Sriharsha Makineni,1,471,0.2,,,authorship-covered unique studies,exact-identifier studies with usable structured authorship,multiple response; one count per unique author per study,6af91184365b35a93de5,OpenAlex author ID
Exact-identifier metadata sensitivity: authors,Unique-author study count,Srinivasan Suresh,1,471,0.2,,,authorship-covered unique studies,exact-identifier studies with usable structured authorship,multiple response; one count per unique author per study,27940ac9615817e019e3,OpenAlex author ID
Exact-identifier metadata sensitivity: authors,Unique-author study count,Stanton Honig,1,471,0.2,,,authorship-covered unique studies,exact-identifier studies with usable structured authorship,multiple response; one count per unique author per study,ebc2ea10b1b751d8e58c,OpenAlex author ID
Exact-identifier metadata sensitivity: authors,Unique-author study count,Stefan Hobi,1,471,0.2,,,authorship-covered unique studies,exact-identifier studies with usable structured authorship,multiple response; one count per unique author per study,ffe994fbb4a27b100f16,OpenAlex author ID
Exact-identifier metadata sensitivity: authors,Unique-author study count,Stella Brogna,1,471,0.2,,,authorship-covered unique studies,exact-identifier studies with usable structured authorship,multiple response; one count per unique author per study,20e73ed62a3078e6a9b4,OpenAlex author ID
Exact-identifier metadata sensitivity: authors,Unique-author study count,Stephan Zipfel,1,471,0.2,,,authorship-covered unique studies,exact-identifier studies with usable structured authorship,multiple response; one count per unique author per study,282aa7d3820de53059e9,OpenAlex author ID
Exact-identifier metadata sensitivity: authors,Unique-author study count,Stephanie B. Jones,1,471,0.2,,,authorship-covered unique studies,exact-identifier studies with usable structured authorship,multiple response; one count per unique author per study,5aa2066f4c78fde5a50b,OpenAlex author ID
Exact-identifier metadata sensitivity: authors,Unique-author study count,Stephanie Milani,1,471,0.2,,,authorship-covered unique studies,exact-identifier studies with usable structured authorship,multiple response; one count per unique author per study,sci_637ee1f73b6fd5027d1c,OpenAlex author ID
Exact-identifier metadata sensitivity: authors,Unique-author study count,Stephanie Rupp,1,471,0.2,,,authorship-covered unique studies,exact-identifier studies with usable structured authorship,multiple response; one count per unique author per study,594824ec9813877abe34,OpenAlex author ID
Exact-identifier metadata sensitivity: authors,Unique-author study count,Stephen McKeever,1,471,0.2,,,authorship-covered unique studies,exact-identifier studies with usable structured authorship,multiple response; one count per unique author per study,0038624c09ec9fe46395,OpenAlex author ID
Exact-identifier metadata sensitivity: authors,Unique-author study count,Stephen R. Payne,1,471,0.2,,,authorship-covered unique studies,exact-identifier studies with usable structured authorship,multiple response; one count per unique author per study,db80308782a219cbea0e,OpenAlex author ID
Exact-identifier metadata sensitivity: authors,Unique-author study count,Steve N’Guyen,1,471,0.2,,,authorship-covered unique studies,exact-identifier studies with usable structured authorship,multiple response; one count per unique author per study,327767a02786d8ff7a19,OpenAlex author ID
Exact-identifier metadata sensitivity: authors,Unique-author study count,Steven D. Mercer,1,471,0.2,,,authorship-covered unique studies,exact-identifier studies with usable structured authorship,multiple response; one count per unique author per study,437f09a0c472e4ba343e,OpenAlex author ID
Exact-identifier metadata sensitivity: authors,Unique-author study count,Steven Yule,1,471,0.2,,,authorship-covered unique studies,exact-identifier studies with usable structured authorship,multiple response; one count per unique author per study,db80308782a219cbea0e,OpenAlex author ID
Exact-identifier metadata sensitivity: authors,Unique-author study count,Stian Reimers,1,471,0.2,,,authorship-covered unique studies,exact-identifier studies with usable structured authorship,multiple response; one count per unique author per study,06baad752a52246f7f43,OpenAlex author ID
Exact-identifier metadata sensitivity: authors,Unique-author study count,Stiliano Maimaris,1,471,0.2,,,authorship-covered unique studies,exact-identifier studies with usable structured authorship,multiple response; one count per unique author per study,07d462beafe4d21ba016,OpenAlex author ID
Exact-identifier metadata sensitivity: authors,Unique-author study count,Suhaila Nanyan,1,471,0.2,,,authorship-covered unique studies,exact-identifier studies with usable structured authorship,multiple response; one count per unique author per study,43800694173ba371af4f,OpenAlex author ID
Exact-identifier metadata sensitivity: authors,Unique-author study count,Sujay Galen,1,471,0.2,,,authorship-covered unique studies,exact-identifier studies with usable structured authorship,multiple response; one count per unique author per study,45e7ea1fbbde53125fd7,OpenAlex author ID
Exact-identifier metadata sensitivity: authors,Unique-author study count,Sujin Shin,1,471,0.2,,,authorship-covered unique studies,exact-identifier studies with usable structured authorship,multiple response; one count per unique author per study,3d4ea70252a23ce4cd2f,OpenAlex author ID
Exact-identifier metadata sensitivity: authors,Unique-author study count,Sulaiman Al Sabei,1,471,0.2,,,authorship-covered unique studies,exact-identifier studies with usable structured authorship,multiple response; one count per unique author per study,sci_49f3e83303945c5d95da,OpenAlex author ID
Exact-identifier metadata sensitivity: authors,Unique-author study count,Sumaia Sabouni,1,471,0.2,,,authorship-covered unique studies,exact-identifier studies with usable structured authorship,multiple response; one count per unique author per study,eb6ba637fab26b824344,OpenAlex author ID
Exact-identifier metadata sensitivity: authors,Unique-author study count,Sumanth Devaraju,1,471,0.2,,,authorship-covered unique studies,exact-identifier studies with usable structured authorship,multiple response; one count per unique author per study,76597dc445d9df2ae743,name-only record; duplicates collapsed within work only; not merged across works
Exact-identifier metadata sensitivity: authors,Unique-author study count,Sumin Seo,1,471,0.2,,,authorship-covered unique studies,exact-identifier studies with usable structured authorship,multiple response; one count per unique author per study,4b471ab893f0c3845025,OpenAlex author ID
Exact-identifier metadata sensitivity: authors,Unique-author study count,Sun Jones,1,471,0.2,,,authorship-covered unique studies,exact-identifier studies with usable structured authorship,multiple response; one count per unique author per study,ef046f239f256df5f180,name-only record; duplicates collapsed within work only; not merged across works
Exact-identifier metadata sensitivity: authors,Unique-author study count,Sun Jung Myung,1,471,0.2,,,authorship-covered unique studies,exact-identifier studies with usable structured authorship,multiple response; one count per unique author per study,9d0e015a74d4a026b092,OpenAlex author ID
Exact-identifier metadata sensitivity: authors,Unique-author study count,Sun Ok Jung,1,471,0.2,,,authorship-covered unique studies,exact-identifier studies with usable structured authorship,multiple response; one count per unique author per study,49bb4b3f2e5c7a1a3f92,OpenAlex author ID
Exact-identifier metadata sensitivity: authors,Unique-author study count,Sunaina Saharan,1,471,0.2,,,authorship-covered unique studies,exact-identifier studies with usable structured authorship,multiple response; one count per unique author per study,a44cf2193e8756673fa7,name-only record; duplicates collapsed within work only; not merged across works
Exact-identifier metadata sensitivity: authors,Unique-author study count,Sung Hae Kim,1,471,0.2,,,authorship-covered unique studies,exact-identifier studies with usable structured authorship,multiple response; one count per unique author per study,ce47d43f097c456cdf45,OpenAlex author ID
Exact-identifier metadata sensitivity: authors,Unique-author study count,Sunil Reddy,1,471,0.2,,,authorship-covered unique studies,exact-identifier studies with usable structured authorship,multiple response; one count per unique author per study,ebc2ea10b1b751d8e58c,OpenAlex author ID
Exact-identifier metadata sensitivity: authors,Unique-author study count,Sunjay Jain,1,471,0.2,,,authorship-covered unique studies,exact-identifier studies with usable structured authorship,multiple response; one count per unique author per study,db80308782a219cbea0e,OpenAlex author ID
Exact-identifier metadata sensitivity: authors,Unique-author study count,Supapak Phetrasuwan,1,471,0.2,,,authorship-covered unique studies,exact-identifier studies with usable structured authorship,multiple response; one count per unique author per study,7a5ffafc98c031b3684e,OpenAlex author ID
Exact-identifier metadata sensitivity: authors,Unique-author study count,Surachai Leksuwankun,1,471,0.2,,,authorship-covered unique studies,exact-identifier studies with usable structured authorship,multiple response; one count per unique author per study,594d7ce86781a2e8398f,OpenAlex author ID
Exact-identifier metadata sensitivity: authors,Unique-author study count,Susan Farrell,1,471,0.2,,,authorship-covered unique studies,exact-identifier studies with usable structured authorship,multiple response; one count per unique author per study,ba93136b38c9a66d059f,OpenAlex author ID
Exact-identifier metadata sensitivity: authors,Unique-author study count,Susanne Olesen,1,471,0.2,,,authorship-covered unique studies,exact-identifier studies with usable structured authorship,multiple response; one count per unique author per study,43f6ad0fa6f4597d56fc,OpenAlex author ID
Exact-identifier metadata sensitivity: authors,Unique-author study count,Suvranu De,1,471,0.2,,,authorship-covered unique studies,exact-identifier studies with usable structured authorship,multiple response; one count per unique author per study,5aa2066f4c78fde5a50b,OpenAlex author ID
Exact-identifier metadata sensitivity: authors,Unique-author study count,Suzan Kardong-Edgren,1,471,0.2,,,authorship-covered unique studies,exact-identifier studies with usable structured authorship,multiple response; one count per unique author per study,e359eafa6af6abbb467d,OpenAlex author ID
Exact-identifier metadata sensitivity: authors,Unique-author study count,Suzanne Donnelly,1,471,0.2,,,authorship-covered unique studies,exact-identifier studies with usable structured authorship,multiple response; one count per unique author per study,1c5402a057ba8f451244,OpenAlex author ID
Exact-identifier metadata sensitivity: authors,Unique-author study count,Su‐I Hou,1,471,0.2,,,authorship-covered unique studies,exact-identifier studies with usable structured authorship,multiple response; one count per unique author per study,a3991fd1e09daca82f29,OpenAlex author ID
Exact-identifier metadata sensitivity: authors,Unique-author study count,Swara Bhatt,1,471,0.2,,,authorship-covered unique studies,exact-identifier studies with usable structured authorship,multiple response; one count per unique author per study,8bece1a102e2fe87b74e,OpenAlex author ID
Exact-identifier metadata sensitivity: authors,Unique-author study count,Syaheerah Lebai Lutfi,1,471,0.2,,,authorship-covered unique studies,exact-identifier studies with usable structured authorship,multiple response; one count per unique author per study,038dc9e15385ce662149,name-only record; duplicates collapsed within work only; not merged across works
Exact-identifier metadata sensitivity: authors,Unique-author study count,Syaheerah Lebai Lutfi,1,471,0.2,,,authorship-covered unique studies,exact-identifier studies with usable structured authorship,multiple response; one count per unique author per study,36878122d89a1f0ba51c,OpenAlex author ID
Exact-identifier metadata sensitivity: authors,Unique-author study count,Syed S. U. H. Bukhari,1,471,0.2,,,authorship-covered unique studies,exact-identifier studies with usable structured authorship,multiple response; one count per unique author per study,ffe994fbb4a27b100f16,OpenAlex author ID
Exact-identifier metadata sensitivity: authors,Unique-author study count,Szabolcs Arnoczki,1,471,0.2,,,authorship-covered unique studies,exact-identifier studies with usable structured authorship,multiple response; one count per unique author per study,30b04ea7e17c283383c8,OpenAlex author ID
Exact-identifier metadata sensitivity: authors,Unique-author study count,T Chikezie,1,471,0.2,,,authorship-covered unique studies,exact-identifier studies with usable structured authorship,multiple response; one count per unique author per study,681bba8e632d1614f426,OpenAlex author ID
Exact-identifier metadata sensitivity: authors,Unique-author study count,T Kwok,1,471,0.2,,,authorship-covered unique studies,exact-identifier studies with usable structured authorship,multiple response; one count per unique author per study,592d3957693502aad933,OpenAlex author ID
Exact-identifier metadata sensitivity: authors,Unique-author study count,T Ragavendhiran.,1,471,0.2,,,authorship-covered unique studies,exact-identifier studies with usable structured authorship,multiple response; one count per unique author per study,416753b67d9e900455c8,OpenAlex author ID
Exact-identifier metadata sensitivity: authors,Unique-author study count,T Wilson,1,471,0.2,,,authorship-covered unique studies,exact-identifier studies with usable structured authorship,multiple response; one count per unique author per study,sci_1b84a9e2391f6779175c,OpenAlex author ID
Exact-identifier metadata sensitivity: authors,Unique-author study count,T. C. Fung,1,471,0.2,,,authorship-covered unique studies,exact-identifier studies with usable structured authorship,multiple response; one count per unique author per study,7a5ffafc98c031b3684e,OpenAlex author ID
Exact-identifier metadata sensitivity: authors,Unique-author study count,T. S. Shchudrova,1,471,0.2,,,authorship-covered unique studies,exact-identifier studies with usable structured authorship,multiple response; one count per unique author per study,14a6c8b99daf76e8179d,OpenAlex author ID
Exact-identifier metadata sensitivity: authors,Unique-author study count,T.V Chukwuoke,1,471,0.2,,,authorship-covered unique studies,exact-identifier studies with usable structured authorship,multiple response; one count per unique author per study,681bba8e632d1614f426,OpenAlex author ID
Exact-identifier metadata sensitivity: authors,Unique-author study count,"Tactical Data Group, Stafford, VA, USA",1,471,0.2,,,authorship-covered unique studies,exact-identifier studies with usable structured authorship,multiple response; one count per unique author per study,a44cf2193e8756673fa7,name-only record; duplicates collapsed within work only; not merged across works
Exact-identifier metadata sensitivity: authors,Unique-author study count,Tadashi Matsuura,1,471,0.2,,,authorship-covered unique studies,exact-identifier studies with usable structured authorship,multiple response; one count per unique author per study,fd0c4ec164cda596074b,OpenAlex author ID
Exact-identifier metadata sensitivity: authors,Unique-author study count,Taerim Kim,1,471,0.2,,,authorship-covered unique studies,exact-identifier studies with usable structured authorship,multiple response; one count per unique author per study,581dc0790951c1557bba,OpenAlex author ID
Exact-identifier metadata sensitivity: authors,Unique-author study count,Takahiro Shinohara,1,471,0.2,,,authorship-covered unique studies,exact-identifier studies with usable structured authorship,multiple response; one count per unique author per study,fd0c4ec164cda596074b,name-only record; duplicates collapsed within work only; not merged across works
Exact-identifier metadata sensitivity: authors,Unique-author study count,Takahiro Shinohara,1,471,0.2,,,authorship-covered unique studies,exact-identifier studies with usable structured authorship,multiple response; one count per unique author per study,da8839d00c24db7f6ad6,name-only record; duplicates collapsed within work only; not merged across works
Exact-identifier metadata sensitivity: authors,Unique-author study count,Takayuki Fukatsu,1,471,0.2,,,authorship-covered unique studies,exact-identifier studies with usable structured authorship,multiple response; one count per unique author per study,328dc44eb7208308940c,OpenAlex author ID
Exact-identifier metadata sensitivity: authors,Unique-author study count,Takeshi Koike,1,471,0.2,,,authorship-covered unique studies,exact-identifier studies with usable structured authorship,multiple response; one count per unique author per study,sci_66be3ed42b9293d2ff9f,OpenAlex author ID
Exact-identifier metadata sensitivity: authors,Unique-author study count,Takeshi Matsuura,1,471,0.2,,,authorship-covered unique studies,exact-identifier studies with usable structured authorship,multiple response; one count per unique author per study,da8839d00c24db7f6ad6,name-only record; duplicates collapsed within work only; not merged across works
Exact-identifier metadata sensitivity: authors,Unique-author study count,Takuto Tone,1,471,0.2,,,authorship-covered unique studies,exact-identifier studies with usable structured authorship,multiple response; one count per unique author per study,862592293f46ff109fb6,OpenAlex author ID
Exact-identifier metadata sensitivity: authors,Unique-author study count,Tamara Mitchell,1,471,0.2,,,authorship-covered unique studies,exact-identifier studies with usable structured authorship,multiple response; one count per unique author per study,907d492e03a26ae110b8,OpenAlex author ID
Exact-identifier metadata sensitivity: authors,Unique-author study count,Tamotsu Yamaguchi,1,471,0.2,,,authorship-covered unique studies,exact-identifier studies with usable structured authorship,multiple response; one count per unique author per study,00b1591b551023fc549f,name-only record; duplicates collapsed within work only; not merged across works
Exact-identifier metadata sensitivity: authors,Unique-author study count,Tan Dang,1,471,0.2,,,authorship-covered unique studies,exact-identifier studies with usable structured authorship,multiple response; one count per unique author per study,539c65e906ee41f3eabf,OpenAlex author ID
Exact-identifier metadata sensitivity: authors,Unique-author study count,Tanja Grammer,1,471,0.2,,,authorship-covered unique studies,exact-identifier studies with usable structured authorship,multiple response; one count per unique author per study,7442954006aac8fa63fa,OpenAlex author ID
Exact-identifier metadata sensitivity: authors,Unique-author study count,Tanja Käser,1,471,0.2,,,authorship-covered unique studies,exact-identifier studies with usable structured authorship,multiple response; one count per unique author per study,sci_b852c26f48dfbf482b84,OpenAlex author ID
Exact-identifier metadata sensitivity: authors,Unique-author study count,Tanqiu Jiang,1,471,0.2,,,authorship-covered unique studies,exact-identifier studies with usable structured authorship,multiple response; one count per unique author per study,sci_6140618886946efd3455,OpenAlex author ID
Exact-identifier metadata sensitivity: authors,Unique-author study count,Tanqiu Jiang,1,471,0.2,,,authorship-covered unique studies,exact-identifier studies with usable structured authorship,multiple response; one count per unique author per study,4dcbdf4bf0f5a9a6c8c8,name-only record; duplicates collapsed within work only; not merged across works
Exact-identifier metadata sensitivity: authors,Unique-author study count,Tanya Nazaretsky,1,471,0.2,,,authorship-covered unique studies,exact-identifier studies with usable structured authorship,multiple response; one count per unique author per study,sci_b852c26f48dfbf482b84,OpenAlex author ID
Exact-identifier metadata sensitivity: authors,Unique-author study count,Tao Shen,1,471,0.2,,,authorship-covered unique studies,exact-identifier studies with usable structured authorship,multiple response; one count per unique author per study,da4715a1835405ea02b7,OpenAlex author ID
Exact-identifier metadata sensitivity: authors,Unique-author study count,Tara Mansour,1,471,0.2,,,authorship-covered unique studies,exact-identifier studies with usable structured authorship,multiple response; one count per unique author per study,sci_f57abde71790ef1bc83d,OpenAlex author ID
Exact-identifier metadata sensitivity: authors,Unique-author study count,Taro Shimizu,1,471,0.2,,,authorship-covered unique studies,exact-identifier studies with usable structured authorship,multiple response; one count per unique author per study,4fdab8147c5288a598e6,OpenAlex author ID
Exact-identifier metadata sensitivity: authors,Unique-author study count,Tarron Kayalackakom,1,471,0.2,,,authorship-covered unique studies,exact-identifier studies with usable structured authorship,multiple response; one count per unique author per study,76597dc445d9df2ae743,OpenAlex author ID
Exact-identifier metadata sensitivity: authors,Unique-author study count,Tatiana Lapa,1,471,0.2,,,authorship-covered unique studies,exact-identifier studies with usable structured authorship,multiple response; one count per unique author per study,243562012607f7033171,OpenAlex author ID
Exact-identifier metadata sensitivity: authors,Unique-author study count,Taylan Sen,1,471,0.2,,,authorship-covered unique studies,exact-identifier studies with usable structured authorship,multiple response; one count per unique author per study,76a6c8049ee4223224f6,OpenAlex author ID
Exact-identifier metadata sensitivity: authors,Unique-author study count,Taylor Crouch,1,471,0.2,,,authorship-covered unique studies,exact-identifier studies with usable structured authorship,multiple response; one count per unique author per study,df5127c0b752274d452e,OpenAlex author ID
Exact-identifier metadata sensitivity: authors,Unique-author study count,Taylor Long,1,471,0.2,,,authorship-covered unique studies,exact-identifier studies with usable structured authorship,multiple response; one count per unique author per study,4781da10664bc6a33ebc,OpenAlex author ID
Exact-identifier metadata sensitivity: authors,Unique-author study count,Taylor Sawyer,1,471,0.2,,,authorship-covered unique studies,exact-identifier studies with usable structured authorship,multiple response; one count per unique author per study,7a9ca4d4d16f4705139f,OpenAlex author ID
Exact-identifier metadata sensitivity: authors,Unique-author study count,Tejas S. Sathe,1,471,0.2,,,authorship-covered unique studies,exact-identifier studies with usable structured authorship,multiple response; one count per unique author per study,79301031755b16db8fe6,OpenAlex author ID
Exact-identifier metadata sensitivity: authors,Unique-author study count,Teng Grace Zhang,1,471,0.2,,,authorship-covered unique studies,exact-identifier studies with usable structured authorship,multiple response; one count per unique author per study,ead3628c23fe3e244e24,OpenAlex author ID
Exact-identifier metadata sensitivity: authors,Unique-author study count,Teng Teng,1,471,0.2,,,authorship-covered unique studies,exact-identifier studies with usable structured authorship,multiple response; one count per unique author per study,f2454b259920b1b1d032,OpenAlex author ID
Exact-identifier metadata sensitivity: authors,Unique-author study count,Teniola Adeniji,1,471,0.2,,,authorship-covered unique studies,exact-identifier studies with usable structured authorship,multiple response; one count per unique author per study,76597dc445d9df2ae743,OpenAlex author ID
Exact-identifier metadata sensitivity: authors,Unique-author study count,Teresa Festl-Wietek,1,471,0.2,,,authorship-covered unique studies,exact-identifier studies with usable structured authorship,multiple response; one count per unique author per study,282aa7d3820de53059e9,OpenAlex author ID
Exact-identifier metadata sensitivity: authors,Unique-author study count,Teresa Murphy,1,471,0.2,,,authorship-covered unique studies,exact-identifier studies with usable structured authorship,multiple response; one count per unique author per study,df4adbef2a265890959e,name-only record; duplicates collapsed within work only; not merged across works
Exact-identifier metadata sensitivity: authors,Unique-author study count,Terri Christensen,1,471,0.2,,,authorship-covered unique studies,exact-identifier studies with usable structured authorship,multiple response; one count per unique author per study,eeb5a3afa4e8b1c2635c,OpenAlex author ID
Exact-identifier metadata sensitivity: authors,Unique-author study count,Terry Morris Hendry,1,471,0.2,,,authorship-covered unique studies,exact-identifier studies with usable structured authorship,multiple response; one count per unique author per study,45e7ea1fbbde53125fd7,OpenAlex author ID
Exact-identifier metadata sensitivity: authors,Unique-author study count,Tetsuro Sakai,1,471,0.2,,,authorship-covered unique studies,exact-identifier studies with usable structured authorship,multiple response; one count per unique author per study,48a55d4cf5cff922481f,OpenAlex author ID
Exact-identifier metadata sensitivity: authors,Unique-author study count,Thanakit Pongpitakmetha,1,471,0.2,,,authorship-covered unique studies,exact-identifier studies with usable structured authorship,multiple response; one count per unique author per study,594d7ce86781a2e8398f,OpenAlex author ID
Exact-identifier metadata sensitivity: authors,Unique-author study count,Thea DeBroux,1,471,0.2,,,authorship-covered unique studies,exact-identifier studies with usable structured authorship,multiple response; one count per unique author per study,7a9ca4d4d16f4705139f,OpenAlex author ID
Exact-identifier metadata sensitivity: authors,Unique-author study count,Themistocles L. Assimes,1,471,0.2,,,authorship-covered unique studies,exact-identifier studies with usable structured authorship,multiple response; one count per unique author per study,d977c356ff57ab060fef,OpenAlex author ID
Exact-identifier metadata sensitivity: authors,Unique-author study count,"Thews, Oliver",1,471,0.2,,,authorship-covered unique studies,exact-identifier studies with usable structured authorship,multiple response; one count per unique author per study,sci_0deb435b497fb81c6d22,name-only record; duplicates collapsed within work only; not merged across works
Exact-identifier metadata sensitivity: authors,Unique-author study count,Thomas Carroll,1,471,0.2,,,authorship-covered unique studies,exact-identifier studies with usable structured authorship,multiple response; one count per unique author per study,76a6c8049ee4223224f6,OpenAlex author ID
Exact-identifier metadata sensitivity: authors,Unique-author study count,Thomas Johnston,1,471,0.2,,,authorship-covered unique studies,exact-identifier studies with usable structured authorship,multiple response; one count per unique author per study,8db4130844dc8d367d1f,OpenAlex author ID
Exact-identifier metadata sensitivity: authors,Unique-author study count,Thomas Rimmelé,1,471,0.2,,,authorship-covered unique studies,exact-identifier studies with usable structured authorship,multiple response; one count per unique author per study,b75fad8b8777d2f878b6,OpenAlex author ID
Exact-identifier metadata sensitivity: authors,Unique-author study count,Thomas Thesen,1,471,0.2,,,authorship-covered unique studies,exact-identifier studies with usable structured authorship,multiple response; one count per unique author per study,sci_300870bf7109221baf28,OpenAlex author ID
Exact-identifier metadata sensitivity: authors,Unique-author study count,Tian Bai,1,471,0.2,,,authorship-covered unique studies,exact-identifier studies with usable structured authorship,multiple response; one count per unique author per study,8fce68134f06065fdd4a,OpenAlex author ID
Exact-identifier metadata sensitivity: authors,Unique-author study count,Tianle Gao,1,471,0.2,,,authorship-covered unique studies,exact-identifier studies with usable structured authorship,multiple response; one count per unique author per study,48e2ce8734d9d1acb602,OpenAlex author ID
Exact-identifier metadata sensitivity: authors,Unique-author study count,Tien Yin Wong,1,471,0.2,,,authorship-covered unique studies,exact-identifier studies with usable structured authorship,multiple response; one count per unique author per study,359e1289e1f098bb36e2,OpenAlex author ID
Exact-identifier metadata sensitivity: authors,Unique-author study count,Tiffany Kim,1,471,0.2,,,authorship-covered unique studies,exact-identifier studies with usable structured authorship,multiple response; one count per unique author per study,3a87ecbc1ceea37e2382,OpenAlex author ID
Exact-identifier metadata sensitivity: authors,Unique-author study count,Tim Peters,1,471,0.2,,,authorship-covered unique studies,exact-identifier studies with usable structured authorship,multiple response; one count per unique author per study,bad1f4fb855554cb4aba,OpenAlex author ID
Exact-identifier metadata sensitivity: authors,Unique-author study count,Timothy Bickmore,1,471,0.2,,,authorship-covered unique studies,exact-identifier studies with usable structured authorship,multiple response; one count per unique author per study,sci_93a452609f10d60e9d33,OpenAlex author ID
Exact-identifier metadata sensitivity: authors,Unique-author study count,Timothy Brown,1,471,0.2,,,authorship-covered unique studies,exact-identifier studies with usable structured authorship,multiple response; one count per unique author per study,sci_a8f02e0b2a448efff5e6,OpenAlex author ID
Exact-identifier metadata sensitivity: authors,Unique-author study count,Timothy Brown,1,471,0.2,,,authorship-covered unique studies,exact-identifier studies with usable structured authorship,multiple response; one count per unique author per study,b608f772e32f2dbbff5e,OpenAlex author ID
Exact-identifier metadata sensitivity: authors,Unique-author study count,Timothy Rennie,1,471,0.2,,,authorship-covered unique studies,exact-identifier studies with usable structured authorship,multiple response; one count per unique author per study,c8c9e4c672bea3a6d994,OpenAlex author ID
Exact-identifier metadata sensitivity: authors,Unique-author study count,Ting Chen,1,471,0.2,,,authorship-covered unique studies,exact-identifier studies with usable structured authorship,multiple response; one count per unique author per study,2610ebe5f560db94c888,OpenAlex author ID
Exact-identifier metadata sensitivity: authors,Unique-author study count,Tingting Fan,1,471,0.2,,,authorship-covered unique studies,exact-identifier studies with usable structured authorship,multiple response; one count per unique author per study,48e2ce8734d9d1acb602,OpenAlex author ID
Exact-identifier metadata sensitivity: authors,Unique-author study count,Tingting Fan,1,471,0.2,,,authorship-covered unique studies,exact-identifier studies with usable structured authorship,multiple response; one count per unique author per study,668b98624eeda1089d99,OpenAlex author ID
Exact-identifier metadata sensitivity: authors,Unique-author study count,Tingyan Wang,1,471,0.2,,,authorship-covered unique studies,exact-identifier studies with usable structured authorship,multiple response; one count per unique author per study,1158803af3fb0ab9c072,OpenAlex author ID
Exact-identifier metadata sensitivity: authors,Unique-author study count,Titta Vilanti,1,471,0.2,,,authorship-covered unique studies,exact-identifier studies with usable structured authorship,multiple response; one count per unique author per study,4cac4c9f22b3d59d56dd,OpenAlex author ID
Exact-identifier metadata sensitivity: authors,Unique-author study count,Tobias Raupach,1,471,0.2,,,authorship-covered unique studies,exact-identifier studies with usable structured authorship,multiple response; one count per unique author per study,f5e8d39c518465a0d255,OpenAlex author ID
Exact-identifier metadata sensitivity: authors,Unique-author study count,Tom Dore,1,471,0.2,,,authorship-covered unique studies,exact-identifier studies with usable structured authorship,multiple response; one count per unique author per study,b3a8d73bf08119c4ce68,OpenAlex author ID
Exact-identifier metadata sensitivity: authors,Unique-author study count,Tom O’Connor,1,471,0.2,,,authorship-covered unique studies,exact-identifier studies with usable structured authorship,multiple response; one count per unique author per study,c13d5a010789f6f44c11,OpenAlex author ID
Exact-identifier metadata sensitivity: authors,Unique-author study count,Tomas Blažauskas,1,471,0.2,,,authorship-covered unique studies,exact-identifier studies with usable structured authorship,multiple response; one count per unique author per study,e9d6ceded269a04cde99,OpenAlex author ID
Exact-identifier metadata sensitivity: authors,Unique-author study count,Tomohiko Masuno,1,471,0.2,,,authorship-covered unique studies,exact-identifier studies with usable structured authorship,multiple response; one count per unique author per study,5a18de075da6eacf874c,OpenAlex author ID
Exact-identifier metadata sensitivity: authors,Unique-author study count,Tomoki Takata,1,471,0.2,,,authorship-covered unique studies,exact-identifier studies with usable structured authorship,multiple response; one count per unique author per study,859f96f4eca259cdb9e8,name-only record; duplicates collapsed within work only; not merged across works
Exact-identifier metadata sensitivity: authors,Unique-author study count,Tomoko Miyoshi,1,471,0.2,,,authorship-covered unique studies,exact-identifier studies with usable structured authorship,multiple response; one count per unique author per study,8fa1ae6b843e2388520d,OpenAlex author ID
Exact-identifier metadata sensitivity: authors,Unique-author study count,Tomás Eduardo Campos-Martínez,1,471,0.2,,,authorship-covered unique studies,exact-identifier studies with usable structured authorship,multiple response; one count per unique author per study,98c23d01b9fb23bd43c4,OpenAlex author ID
Exact-identifier metadata sensitivity: authors,Unique-author study count,Tony Stockman,1,471,0.2,,,authorship-covered unique studies,exact-identifier studies with usable structured authorship,multiple response; one count per unique author per study,401238697481e3dbe32e,OpenAlex author ID
Exact-identifier metadata sensitivity: authors,Unique-author study count,Totsapol Surawattanawong,1,471,0.2,,,authorship-covered unique studies,exact-identifier studies with usable structured authorship,multiple response; one count per unique author per study,594d7ce86781a2e8398f,OpenAlex author ID
Exact-identifier metadata sensitivity: authors,Unique-author study count,Tracy Levett‐Jones,1,471,0.2,,,authorship-covered unique studies,exact-identifier studies with usable structured authorship,multiple response; one count per unique author per study,e5e611fc18a4d66128d9,OpenAlex author ID
Exact-identifier metadata sensitivity: authors,Unique-author study count,Travis Labrum,1,471,0.2,,,authorship-covered unique studies,exact-identifier studies with usable structured authorship,multiple response; one count per unique author per study,sci_637ee1f73b6fd5027d1c,OpenAlex author ID
Exact-identifier metadata sensitivity: authors,Unique-author study count,Trevor Champagne,1,471,0.2,,,authorship-covered unique studies,exact-identifier studies with usable structured authorship,multiple response; one count per unique author per study,243562012607f7033171,OpenAlex author ID
Exact-identifier metadata sensitivity: authors,Unique-author study count,Trevor Thompson,1,471,0.2,,,authorship-covered unique studies,exact-identifier studies with usable structured authorship,multiple response; one count per unique author per study,d90096afc3b383fbecb7,OpenAlex author ID
Exact-identifier metadata sensitivity: authors,Unique-author study count,Tri Nguyen,1,471,0.2,,,authorship-covered unique studies,exact-identifier studies with usable structured authorship,multiple response; one count per unique author per study,9b778c91d64124298579,OpenAlex author ID
Exact-identifier metadata sensitivity: authors,Unique-author study count,Trisha Gupte,1,471,0.2,,,authorship-covered unique studies,exact-identifier studies with usable structured authorship,multiple response; one count per unique author per study,d977c356ff57ab060fef,OpenAlex author ID
Exact-identifier metadata sensitivity: authors,Unique-author study count,Tu Nguyen,1,471,0.2,,,authorship-covered unique studies,exact-identifier studies with usable structured authorship,multiple response; one count per unique author per study,539c65e906ee41f3eabf,OpenAlex author ID
Exact-identifier metadata sensitivity: authors,Unique-author study count,Tuba Mutluer,1,471,0.2,,,authorship-covered unique studies,exact-identifier studies with usable structured authorship,multiple response; one count per unique author per study,73cb9769cd2180a04bb0,OpenAlex author ID
Exact-identifier metadata sensitivity: authors,Unique-author study count,Uday Patil,1,471,0.2,,,authorship-covered unique studies,exact-identifier studies with usable structured authorship,multiple response; one count per unique author per study,25591cbc3c2b21cbfbdf,OpenAlex author ID
Exact-identifier metadata sensitivity: authors,Unique-author study count,Ugne Auksoraityte,1,471,0.2,,,authorship-covered unique studies,exact-identifier studies with usable structured authorship,multiple response; one count per unique author per study,ae74530d7e9fa7f91f65,OpenAlex author ID
Exact-identifier metadata sensitivity: authors,Unique-author study count,Ulla Hemminki-Reijonen,1,471,0.2,,,authorship-covered unique studies,exact-identifier studies with usable structured authorship,multiple response; one count per unique author per study,4cac4c9f22b3d59d56dd,OpenAlex author ID
Exact-identifier metadata sensitivity: authors,Unique-author study count,Ulrike Keim,1,471,0.2,,,authorship-covered unique studies,exact-identifier studies with usable structured authorship,multiple response; one count per unique author per study,e2272dd53f2ee764e3a8,OpenAlex author ID
Exact-identifier metadata sensitivity: authors,Unique-author study count,Urmala Roopnarinesingh,1,471,0.2,,,authorship-covered unique studies,exact-identifier studies with usable structured authorship,multiple response; one count per unique author per study,50e4613efeaaadc861f8,OpenAlex author ID
Exact-identifier metadata sensitivity: authors,Unique-author study count,Urmi Ashar,1,471,0.2,,,authorship-covered unique studies,exact-identifier studies with usable structured authorship,multiple response; one count per unique author per study,98459bc57c099322761c,OpenAlex author ID
Exact-identifier metadata sensitivity: authors,Unique-author study count,Urmi Sheth,1,471,0.2,,,authorship-covered unique studies,exact-identifier studies with usable structured authorship,multiple response; one count per unique author per study,58483951ebaed609e26a,OpenAlex author ID
Exact-identifier metadata sensitivity: authors,Unique-author study count,V Uwanuruochi,1,471,0.2,,,authorship-covered unique studies,exact-identifier studies with usable structured authorship,multiple response; one count per unique author per study,681bba8e632d1614f426,OpenAlex author ID
Exact-identifier metadata sensitivity: authors,Unique-author study count,V. El Sawah,1,471,0.2,,,authorship-covered unique studies,exact-identifier studies with usable structured authorship,multiple response; one count per unique author per study,d644a8da3cdeae0603e0,OpenAlex author ID
Exact-identifier metadata sensitivity: authors,Unique-author study count,V. Shane Pankratz,1,471,0.2,,,authorship-covered unique studies,exact-identifier studies with usable structured authorship,multiple response; one count per unique author per study,2877ad2c6a928639280a,OpenAlex author ID
Exact-identifier metadata sensitivity: authors,Unique-author study count,V. Thakor Sanjaykumar,1,471,0.2,,,authorship-covered unique studies,exact-identifier studies with usable structured authorship,multiple response; one count per unique author per study,416753b67d9e900455c8,OpenAlex author ID
Exact-identifier metadata sensitivity: authors,Unique-author study count,V.I. Petrenko,1,471,0.2,,,authorship-covered unique studies,exact-identifier studies with usable structured authorship,multiple response; one count per unique author per study,096c409373966ea99821,OpenAlex author ID
Exact-identifier metadata sensitivity: authors,Unique-author study count,V.I. Stepanenko,1,471,0.2,,,authorship-covered unique studies,exact-identifier studies with usable structured authorship,multiple response; one count per unique author per study,096c409373966ea99821,OpenAlex author ID
Exact-identifier metadata sensitivity: authors,Unique-author study count,Vahid Aryadoust,1,471,0.2,,,authorship-covered unique studies,exact-identifier studies with usable structured authorship,multiple response; one count per unique author per study,7b627eb0e17b77a07c57,OpenAlex author ID
Exact-identifier metadata sensitivity: authors,Unique-author study count,Valdes Roberto Bóllela,1,471,0.2,,,authorship-covered unique studies,exact-identifier studies with usable structured authorship,multiple response; one count per unique author per study,cc3c546075dc11e58802,OpenAlex author ID
Exact-identifier metadata sensitivity: authors,Unique-author study count,Valentin Maisons,1,471,0.2,,,authorship-covered unique studies,exact-identifier studies with usable structured authorship,multiple response; one count per unique author per study,03345c1deb2aad29820e,OpenAlex author ID
Exact-identifier metadata sensitivity: authors,Unique-author study count,Valentin Nădășan,1,471,0.2,,,authorship-covered unique studies,exact-identifier studies with usable structured authorship,multiple response; one count per unique author per study,c2d6c7abc598aacc0368,OpenAlex author ID
Exact-identifier metadata sensitivity: authors,Unique-author study count,Valentina Durán Espinoza,1,471,0.2,,,authorship-covered unique studies,exact-identifier studies with usable structured authorship,multiple response; one count per unique author per study,b53bf33d223a68f17e8c,OpenAlex author ID
Exact-identifier metadata sensitivity: authors,Unique-author study count,Vania Dimitrova,1,471,0.2,,,authorship-covered unique studies,exact-identifier studies with usable structured authorship,multiple response; one count per unique author per study,b4fa4675ffa2674da6e1,OpenAlex author ID
Exact-identifier metadata sensitivity: authors,Unique-author study count,Venkat Bhat,1,471,0.2,,,authorship-covered unique studies,exact-identifier studies with usable structured authorship,multiple response; one count per unique author per study,63c69a200d415bc42d9b,OpenAlex author ID
Exact-identifier metadata sensitivity: authors,Unique-author study count,Victor De Marez,1,471,0.2,,,authorship-covered unique studies,exact-identifier studies with usable structured authorship,multiple response; one count per unique author per study,4823a4ac11c66c68a7d4,OpenAlex author ID
Exact-identifier metadata sensitivity: authors,Unique-author study count,Victoria Brazil,1,471,0.2,,,authorship-covered unique studies,exact-identifier studies with usable structured authorship,multiple response; one count per unique author per study,f30eee8f6354bfa06744,OpenAlex author ID
Exact-identifier metadata sensitivity: authors,Unique-author study count,Vijay Koduri,1,471,0.2,,,authorship-covered unique studies,exact-identifier studies with usable structured authorship,multiple response; one count per unique author per study,425ec6ee2ca714b7434a,OpenAlex author ID
Exact-identifier metadata sensitivity: authors,Unique-author study count,Vijaya Marakala,1,471,0.2,,,authorship-covered unique studies,exact-identifier studies with usable structured authorship,multiple response; one count per unique author per study,9eb3b25f5e4e48cdcb6a,name-only record; duplicates collapsed within work only; not merged across works
Exact-identifier metadata sensitivity: authors,Unique-author study count,Viktoria Gagarin,1,471,0.2,,,authorship-covered unique studies,exact-identifier studies with usable structured authorship,multiple response; one count per unique author per study,7bda59402c9478eda64c,OpenAlex author ID
Exact-identifier metadata sensitivity: authors,Unique-author study count,Vincent Dupont,1,471,0.2,,,authorship-covered unique studies,exact-identifier studies with usable structured authorship,multiple response; one count per unique author per study,4b7753ecc7bff0d54289,OpenAlex author ID
Exact-identifier metadata sensitivity: authors,Unique-author study count,Vishnu Renjith,1,471,0.2,,,authorship-covered unique studies,exact-identifier studies with usable structured authorship,multiple response; one count per unique author per study,c13d5a010789f6f44c11,OpenAlex author ID
Exact-identifier metadata sensitivity: authors,Unique-author study count,Vishwanath Hanchanale,1,471,0.2,,,authorship-covered unique studies,exact-identifier studies with usable structured authorship,multiple response; one count per unique author per study,db80308782a219cbea0e,OpenAlex author ID
Exact-identifier metadata sensitivity: authors,Unique-author study count,Vital Da Silva Domingues,1,471,0.2,,,authorship-covered unique studies,exact-identifier studies with usable structured authorship,multiple response; one count per unique author per study,14a6c8b99daf76e8179d,OpenAlex author ID
Exact-identifier metadata sensitivity: authors,Unique-author study count,Vittoria Frattolillo,1,471,0.2,,,authorship-covered unique studies,exact-identifier studies with usable structured authorship,multiple response; one count per unique author per study,7d5cb710e5a6901bbaaa,OpenAlex author ID
Exact-identifier metadata sensitivity: authors,Unique-author study count,Vuthea Chheang,1,471,0.2,,,authorship-covered unique studies,exact-identifier studies with usable structured authorship,multiple response; one count per unique author per study,3cc4d65478e63af8ab6e,OpenAlex author ID
Exact-identifier metadata sensitivity: authors,Unique-author study count,W. Huw Williams,1,471,0.2,,,authorship-covered unique studies,exact-identifier studies with usable structured authorship,multiple response; one count per unique author per study,c4f5fe90704c2aa68c75,OpenAlex author ID
Exact-identifier metadata sensitivity: authors,Unique-author study count,Walter Daelemans,1,471,0.2,,,authorship-covered unique studies,exact-identifier studies with usable structured authorship,multiple response; one count per unique author per study,4823a4ac11c66c68a7d4,OpenAlex author ID
Exact-identifier metadata sensitivity: authors,Unique-author study count,Walter Stummer,1,471,0.2,,,authorship-covered unique studies,exact-identifier studies with usable structured authorship,multiple response; one count per unique author per study,0a56637c161743569cf5,OpenAlex author ID
Exact-identifier metadata sensitivity: authors,Unique-author study count,Wan Chen,1,471,0.2,,,authorship-covered unique studies,exact-identifier studies with usable structured authorship,multiple response; one count per unique author per study,061a5c17950367156401,OpenAlex author ID
Exact-identifier metadata sensitivity: authors,Unique-author study count,Wan Tang,1,471,0.2,,,authorship-covered unique studies,exact-identifier studies with usable structured authorship,multiple response; one count per unique author per study,48e2ce8734d9d1acb602,OpenAlex author ID
Exact-identifier metadata sensitivity: authors,Unique-author study count,WANG Yongjun,1,471,0.2,,,authorship-covered unique studies,exact-identifier studies with usable structured authorship,multiple response; one count per unique author per study,1f1c780e93f8833f8015,name-only record; duplicates collapsed within work only; not merged across works
Exact-identifier metadata sensitivity: authors,Unique-author study count,"Wang, Benyou",1,471,0.2,,,authorship-covered unique studies,exact-identifier studies with usable structured authorship,multiple response; one count per unique author per study,df6dd96b9ea594a121ce,name-only record; duplicates collapsed within work only; not merged across works
Exact-identifier metadata sensitivity: authors,Unique-author study count,"Wang, Shengqian",1,471,0.2,,,authorship-covered unique studies,exact-identifier studies with usable structured authorship,multiple response; one count per unique author per study,217a1796806e392c3e77,name-only record; duplicates collapsed within work only; not merged across works
Exact-identifier metadata sensitivity: authors,Unique-author study count,"Wang, Yuchi",1,471,0.2,,,authorship-covered unique studies,exact-identifier studies with usable structured authorship,multiple response; one count per unique author per study,df6dd96b9ea594a121ce,name-only record; duplicates collapsed within work only; not merged across works
Exact-identifier metadata sensitivity: authors,Unique-author study count,Wanning Cheng,1,471,0.2,,,authorship-covered unique studies,exact-identifier studies with usable structured authorship,multiple response; one count per unique author per study,f9c1bb8b50eb65edbf84,OpenAlex author ID
Exact-identifier metadata sensitivity: authors,Unique-author study count,Wanting Shen,1,471,0.2,,,authorship-covered unique studies,exact-identifier studies with usable structured authorship,multiple response; one count per unique author per study,0394426a6c4e7afe938e,OpenAlex author ID
Exact-identifier metadata sensitivity: authors,Unique-author study count,Warit Ruanglertboon,1,471,0.2,,,authorship-covered unique studies,exact-identifier studies with usable structured authorship,multiple response; one count per unique author per study,1a8a9f25ccdf589f88f6,OpenAlex author ID
Exact-identifier metadata sensitivity: authors,Unique-author study count,Warren D. Widmann,1,471,0.2,,,authorship-covered unique studies,exact-identifier studies with usable structured authorship,multiple response; one count per unique author per study,79301031755b16db8fe6,OpenAlex author ID
Exact-identifier metadata sensitivity: authors,Unique-author study count,Warren M. Rozen,1,471,0.2,,,authorship-covered unique studies,exact-identifier studies with usable structured authorship,multiple response; one count per unique author per study,5116aab375eedc896bfd,OpenAlex author ID
Exact-identifier metadata sensitivity: authors,Unique-author study count,Warren Wiechmann,1,471,0.2,,,authorship-covered unique studies,exact-identifier studies with usable structured authorship,multiple response; one count per unique author per study,c2a9bbee811cd29891e3,OpenAlex author ID
Exact-identifier metadata sensitivity: authors,Unique-author study count,Wei Chen,1,471,0.2,,,authorship-covered unique studies,exact-identifier studies with usable structured authorship,multiple response; one count per unique author per study,sci_3d6777cb059403330506,OpenAlex author ID
Exact-identifier metadata sensitivity: authors,Unique-author study count,Wei DU,1,471,0.2,,,authorship-covered unique studies,exact-identifier studies with usable structured authorship,multiple response; one count per unique author per study,7a269bae27b9f603ddda,OpenAlex author ID
Exact-identifier metadata sensitivity: authors,Unique-author study count,Wei Hu,1,471,0.2,,,authorship-covered unique studies,exact-identifier studies with usable structured authorship,multiple response; one count per unique author per study,1c073acedd6171c3394d,name-only record; duplicates collapsed within work only; not merged across works
Exact-identifier metadata sensitivity: authors,Unique-author study count,Wei Ling Chua,1,471,0.2,,,authorship-covered unique studies,exact-identifier studies with usable structured authorship,multiple response; one count per unique author per study,e5e611fc18a4d66128d9,OpenAlex author ID
Exact-identifier metadata sensitivity: authors,Unique-author study count,Wei Meng,1,471,0.2,,,authorship-covered unique studies,exact-identifier studies with usable structured authorship,multiple response; one count per unique author per study,bd2cdf16f21f3814f67d,OpenAlex author ID
Exact-identifier metadata sensitivity: authors,Unique-author study count,Wei Qiu,1,471,0.2,,,authorship-covered unique studies,exact-identifier studies with usable structured authorship,multiple response; one count per unique author per study,a4f6e4afd67cbf667f95,OpenAlex author ID
Exact-identifier metadata sensitivity: authors,Unique-author study count,Wei-Kai Liou,1,471,0.2,,,authorship-covered unique studies,exact-identifier studies with usable structured authorship,multiple response; one count per unique author per study,8f2528d2ba0e05485210,OpenAlex author ID
Exact-identifier metadata sensitivity: authors,Unique-author study count,Weibing Zheng,1,471,0.2,,,authorship-covered unique studies,exact-identifier studies with usable structured authorship,multiple response; one count per unique author per study,d885762caf8919afe125,OpenAlex author ID
Exact-identifier metadata sensitivity: authors,Unique-author study count,Weipeng Han,1,471,0.2,,,authorship-covered unique studies,exact-identifier studies with usable structured authorship,multiple response; one count per unique author per study,1158803af3fb0ab9c072,OpenAlex author ID
Exact-identifier metadata sensitivity: authors,Unique-author study count,Weiping Jia,1,471,0.2,,,authorship-covered unique studies,exact-identifier studies with usable structured authorship,multiple response; one count per unique author per study,359e1289e1f098bb36e2,OpenAlex author ID
Exact-identifier metadata sensitivity: authors,Unique-author study count,Weishan Zhang,1,471,0.2,,,authorship-covered unique studies,exact-identifier studies with usable structured authorship,multiple response; one count per unique author per study,240393927e83854aac9b,name-only record; duplicates collapsed within work only; not merged across works
Exact-identifier metadata sensitivity: authors,Unique-author study count,Weiyu Ding,1,471,0.2,,,authorship-covered unique studies,exact-identifier studies with usable structured authorship,multiple response; one count per unique author per study,37a099d4d3aa15cafaa9,OpenAlex author ID
Exact-identifier metadata sensitivity: authors,Unique-author study count,Wen-Hsuan Hou,1,471,0.2,,,authorship-covered unique studies,exact-identifier studies with usable structured authorship,multiple response; one count per unique author per study,f97eadc969f29dc262e7,OpenAlex author ID
Exact-identifier metadata sensitivity: authors,Unique-author study count,Wenben Chen,1,471,0.2,,,authorship-covered unique studies,exact-identifier studies with usable structured authorship,multiple response; one count per unique author per study,adc1485c258278b24c4e,OpenAlex author ID
Exact-identifier metadata sensitivity: authors,Unique-author study count,Wenda Li,1,471,0.2,,,authorship-covered unique studies,exact-identifier studies with usable structured authorship,multiple response; one count per unique author per study,bc5dd5d7b1ad1b4d21e4,OpenAlex author ID
Exact-identifier metadata sensitivity: authors,Unique-author study count,Wendy W. Sun,1,471,0.2,,,authorship-covered unique studies,exact-identifier studies with usable structured authorship,multiple response; one count per unique author per study,039798e4f1498c17cf82,OpenAlex author ID
Exact-identifier metadata sensitivity: authors,Unique-author study count,Wenhao Qi,1,471,0.2,,,authorship-covered unique studies,exact-identifier studies with usable structured authorship,multiple response; one count per unique author per study,a4d746b41f7f88ceb127,OpenAlex author ID
Exact-identifier metadata sensitivity: authors,Unique-author study count,Wenjia(Stella) Zhang,1,471,0.2,,,authorship-covered unique studies,exact-identifier studies with usable structured authorship,multiple response; one count per unique author per study,7571d4d2871565bc5c1c,OpenAlex author ID
Exact-identifier metadata sensitivity: authors,Unique-author study count,Wenjing Liu,1,471,0.2,,,authorship-covered unique studies,exact-identifier studies with usable structured authorship,multiple response; one count per unique author per study,sci_454fe3ad37947557e9a6,OpenAlex author ID
Exact-identifier metadata sensitivity: authors,Unique-author study count,Wenxuan Song,1,471,0.2,,,authorship-covered unique studies,exact-identifier studies with usable structured authorship,multiple response; one count per unique author per study,37a099d4d3aa15cafaa9,OpenAlex author ID
Exact-identifier metadata sensitivity: authors,Unique-author study count,Wenyue Hua,1,471,0.2,,,authorship-covered unique studies,exact-identifier studies with usable structured authorship,multiple response; one count per unique author per study,d977c356ff57ab060fef,OpenAlex author ID
Exact-identifier metadata sensitivity: authors,Unique-author study count,Wesley Ferreira de Ferreira,1,471,0.2,,,authorship-covered unique studies,exact-identifier studies with usable structured authorship,multiple response; one count per unique author per study,1c9542cefba3287a5281,OpenAlex author ID
Exact-identifier metadata sensitivity: authors,Unique-author study count,William D. Freeman,1,471,0.2,,,authorship-covered unique studies,exact-identifier studies with usable structured authorship,multiple response; one count per unique author per study,e3ee954b5290b4f74f0b,OpenAlex author ID
Exact-identifier metadata sensitivity: authors,Unique-author study count,William Thomas,1,471,0.2,,,authorship-covered unique studies,exact-identifier studies with usable structured authorship,multiple response; one count per unique author per study,8db4130844dc8d367d1f,OpenAlex author ID
Exact-identifier metadata sensitivity: authors,Unique-author study count,Willy Bustillos Torrez,1,471,0.2,,,authorship-covered unique studies,exact-identifier studies with usable structured authorship,multiple response; one count per unique author per study,78868accc1f86fb42dce,name-only record; duplicates collapsed within work only; not merged across works
Exact-identifier metadata sensitivity: authors,Unique-author study count,Wissam Harib,1,471,0.2,,,authorship-covered unique studies,exact-identifier studies with usable structured authorship,multiple response; one count per unique author per study,4f06f0d72a1de087b5c5,OpenAlex author ID
Exact-identifier metadata sensitivity: authors,Unique-author study count,Won-Yung Lee,1,471,0.2,,,authorship-covered unique studies,exact-identifier studies with usable structured authorship,multiple response; one count per unique author per study,e5814fecd144cc3fe016,OpenAlex author ID
Exact-identifier metadata sensitivity: authors,Unique-author study count,Wínola Dafny Douglas De Oliveira,1,471,0.2,,,authorship-covered unique studies,exact-identifier studies with usable structured authorship,multiple response; one count per unique author per study,b924bd45d30abb49831e,OpenAlex author ID
Exact-identifier metadata sensitivity: authors,Unique-author study count,Xavier Ochôa,1,471,0.2,,,authorship-covered unique studies,exact-identifier studies with usable structured authorship,multiple response; one count per unique author per study,327767a02786d8ff7a19,OpenAlex author ID
Exact-identifier metadata sensitivity: authors,Unique-author study count,Xiajing Lou,1,471,0.2,,,authorship-covered unique studies,exact-identifier studies with usable structured authorship,multiple response; one count per unique author per study,a4d746b41f7f88ceb127,OpenAlex author ID
Exact-identifier metadata sensitivity: authors,Unique-author study count,Xiandi Wang,1,471,0.2,,,authorship-covered unique studies,exact-identifier studies with usable structured authorship,multiple response; one count per unique author per study,582bc7c400fa7acf214f,OpenAlex author ID
Exact-identifier metadata sensitivity: authors,Unique-author study count,Xiang Li,1,471,0.2,,,authorship-covered unique studies,exact-identifier studies with usable structured authorship,multiple response; one count per unique author per study,d977c356ff57ab060fef,OpenAlex author ID
Exact-identifier metadata sensitivity: authors,Unique-author study count,Xiangfei Hu,1,471,0.2,,,authorship-covered unique studies,exact-identifier studies with usable structured authorship,multiple response; one count per unique author per study,6cf6dbf3648bde45720a,OpenAlex author ID
Exact-identifier metadata sensitivity: authors,Unique-author study count,Xiaochen Wang,1,471,0.2,,,authorship-covered unique studies,exact-identifier studies with usable structured authorship,multiple response; one count per unique author per study,668b98624eeda1089d99,OpenAlex author ID
Exact-identifier metadata sensitivity: authors,Unique-author study count,Xiaohang Wu,1,471,0.2,,,authorship-covered unique studies,exact-identifier studies with usable structured authorship,multiple response; one count per unique author per study,adc1485c258278b24c4e,OpenAlex author ID
Exact-identifier metadata sensitivity: authors,Unique-author study count,Xiaohong Lyu,1,471,0.2,,,authorship-covered unique studies,exact-identifier studies with usable structured authorship,multiple response; one count per unique author per study,1158803af3fb0ab9c072,OpenAlex author ID
Exact-identifier metadata sensitivity: authors,Unique-author study count,Xiaohong Zhu,1,471,0.2,,,authorship-covered unique studies,exact-identifier studies with usable structured authorship,multiple response; one count per unique author per study,a4d746b41f7f88ceb127,OpenAlex author ID
Exact-identifier metadata sensitivity: authors,Unique-author study count,Xiaoli Xu,1,471,0.2,,,authorship-covered unique studies,exact-identifier studies with usable structured authorship,multiple response; one count per unique author per study,359e1289e1f098bb36e2,OpenAlex author ID
Exact-identifier metadata sensitivity: authors,Unique-author study count,Xiaomei Tan,1,471,0.2,,,authorship-covered unique studies,exact-identifier studies with usable structured authorship,multiple response; one count per unique author per study,582bc7c400fa7acf214f,OpenAlex author ID
Exact-identifier metadata sensitivity: authors,Unique-author study count,Xiaoming Huang,1,471,0.2,,,authorship-covered unique studies,exact-identifier studies with usable structured authorship,multiple response; one count per unique author per study,a4f6e4afd67cbf667f95,OpenAlex author ID
Exact-identifier metadata sensitivity: authors,Unique-author study count,Xiaoqin Chen,1,471,0.2,,,authorship-covered unique studies,exact-identifier studies with usable structured authorship,multiple response; one count per unique author per study,240393927e83854aac9b,name-only record; duplicates collapsed within work only; not merged across works
Exact-identifier metadata sensitivity: authors,Unique-author study count,Xiaoshan Shen,1,471,0.2,,,authorship-covered unique studies,exact-identifier studies with usable structured authorship,multiple response; one count per unique author per study,f2454b259920b1b1d032,OpenAlex author ID
Exact-identifier metadata sensitivity: authors,Unique-author study count,Xiaowei Xu,1,471,0.2,,,authorship-covered unique studies,exact-identifier studies with usable structured authorship,multiple response; one count per unique author per study,3a2d4841832fea8715fe,OpenAlex author ID
Exact-identifier metadata sensitivity: authors,Unique-author study count,Xiaoxi Liu,1,471,0.2,,,authorship-covered unique studies,exact-identifier studies with usable structured authorship,multiple response; one count per unique author per study,bd2cdf16f21f3814f67d,OpenAlex author ID
Exact-identifier metadata sensitivity: authors,Unique-author study count,Xiaoxi Yan,1,471,0.2,,,authorship-covered unique studies,exact-identifier studies with usable structured authorship,multiple response; one count per unique author per study,669cbda7d16ac3f32155,OpenAlex author ID
Exact-identifier metadata sensitivity: authors,Unique-author study count,Xiaoxing Gao,1,471,0.2,,,authorship-covered unique studies,exact-identifier studies with usable structured authorship,multiple response; one count per unique author per study,a4f6e4afd67cbf667f95,OpenAlex author ID
Exact-identifier metadata sensitivity: authors,Unique-author study count,Xiaoxing Gao,1,471,0.2,,,authorship-covered unique studies,exact-identifier studies with usable structured authorship,multiple response; one count per unique author per study,73a1f91733c91359d5f0,OpenAlex author ID
Exact-identifier metadata sensitivity: authors,Unique-author study count,Xiaoxuan Wang,1,471,0.2,,,authorship-covered unique studies,exact-identifier studies with usable structured authorship,multiple response; one count per unique author per study,ed38fd3a7de3cb77f8a6,name-only record; duplicates collapsed within work only; not merged across works
Exact-identifier metadata sensitivity: authors,Unique-author study count,Xiaoyan Gong,1,471,0.2,,,authorship-covered unique studies,exact-identifier studies with usable structured authorship,multiple response; one count per unique author per study,2610ebe5f560db94c888,OpenAlex author ID
Exact-identifier metadata sensitivity: authors,Unique-author study count,Xiaoyan Wang,1,471,0.2,,,authorship-covered unique studies,exact-identifier studies with usable structured authorship,multiple response; one count per unique author per study,6f1527fb10827ca1da01,OpenAlex author ID
Exact-identifier metadata sensitivity: authors,Unique-author study count,Xiaoyin Ke,1,471,0.2,,,authorship-covered unique studies,exact-identifier studies with usable structured authorship,multiple response; one count per unique author per study,2c33e3b00e199776ba05,OpenAlex author ID
Exact-identifier metadata sensitivity: authors,Unique-author study count,Xiawei Li,1,471,0.2,,,authorship-covered unique studies,exact-identifier studies with usable structured authorship,multiple response; one count per unique author per study,sci_3d6777cb059403330506,OpenAlex author ID
Exact-identifier metadata sensitivity: authors,Unique-author study count,Xibin Xu,1,471,0.2,,,authorship-covered unique studies,exact-identifier studies with usable structured authorship,multiple response; one count per unique author per study,061a5c17950367156401,OpenAlex author ID
Exact-identifier metadata sensitivity: authors,Unique-author study count,"Xie, Qianqian",1,471,0.2,,,authorship-covered unique studies,exact-identifier studies with usable structured authorship,multiple response; one count per unique author per study,df6dd96b9ea594a121ce,name-only record; duplicates collapsed within work only; not merged across works
Exact-identifier metadata sensitivity: authors,Unique-author study count,Xihe Tian,1,471,0.2,,,authorship-covered unique studies,exact-identifier studies with usable structured authorship,multiple response; one count per unique author per study,sci_6140618886946efd3455,OpenAlex author ID
Exact-identifier metadata sensitivity: authors,Unique-author study count,Xihe Tian,1,471,0.2,,,authorship-covered unique studies,exact-identifier studies with usable structured authorship,multiple response; one count per unique author per study,4dcbdf4bf0f5a9a6c8c8,name-only record; duplicates collapsed within work only; not merged across works
Exact-identifier metadata sensitivity: authors,Unique-author study count,Xin Liu,1,471,0.2,,,authorship-covered unique studies,exact-identifier studies with usable structured authorship,multiple response; one count per unique author per study,a4d746b41f7f88ceb127,OpenAlex author ID
Exact-identifier metadata sensitivity: authors,Unique-author study count,Xin Liu,1,471,0.2,,,authorship-covered unique studies,exact-identifier studies with usable structured authorship,multiple response; one count per unique author per study,c58a4682ca46d2e66e96,OpenAlex author ID
Exact-identifier metadata sensitivity: authors,Unique-author study count,Xin Ma,1,471,0.2,,,authorship-covered unique studies,exact-identifier studies with usable structured authorship,multiple response; one count per unique author per study,d977c356ff57ab060fef,OpenAlex author ID
Exact-identifier metadata sensitivity: authors,Unique-author study count,Xin-tong Yao,1,471,0.2,,,authorship-covered unique studies,exact-identifier studies with usable structured authorship,multiple response; one count per unique author per study,64caff9ef7b3adaafe2d,OpenAlex author ID
Exact-identifier metadata sensitivity: authors,Unique-author study count,Xingyou Wang,1,471,0.2,,,authorship-covered unique studies,exact-identifier studies with usable structured authorship,multiple response; one count per unique author per study,48e2ce8734d9d1acb602,OpenAlex author ID
Exact-identifier metadata sensitivity: authors,Unique-author study count,Xinhao Xu,1,471,0.2,,,authorship-covered unique studies,exact-identifier studies with usable structured authorship,multiple response; one count per unique author per study,sci_829c4bcf5b773dba44a2,OpenAlex author ID
Exact-identifier metadata sensitivity: authors,Unique-author study count,Xinhao Xu,1,471,0.2,,,authorship-covered unique studies,exact-identifier studies with usable structured authorship,multiple response; one count per unique author per study,906c1e2afc9ab8dc6794,OpenAlex author ID
Exact-identifier metadata sensitivity: authors,Unique-author study count,Xining (Ning) Wang,1,471,0.2,,,authorship-covered unique studies,exact-identifier studies with usable structured authorship,multiple response; one count per unique author per study,107a276748b6c98a2e50,OpenAlex author ID
Exact-identifier metadata sensitivity: authors,Unique-author study count,Xinjia Dai,1,471,0.2,,,authorship-covered unique studies,exact-identifier studies with usable structured authorship,multiple response; one count per unique author per study,03dcc8a1b078476d19e0,OpenAlex author ID
Exact-identifier metadata sensitivity: authors,Unique-author study count,Xinyu Li,1,471,0.2,,,authorship-covered unique studies,exact-identifier studies with usable structured authorship,multiple response; one count per unique author per study,6d60da2f964efcc60587,OpenAlex author ID
Exact-identifier metadata sensitivity: authors,Unique-author study count,Xinyu Lu,1,471,0.2,,,authorship-covered unique studies,exact-identifier studies with usable structured authorship,multiple response; one count per unique author per study,da920e8320da57a1954a,OpenAlex author ID
Exact-identifier metadata sensitivity: authors,Unique-author study count,Xinyu Zhang,1,471,0.2,,,authorship-covered unique studies,exact-identifier studies with usable structured authorship,multiple response; one count per unique author per study,582bc7c400fa7acf214f,OpenAlex author ID
Exact-identifier metadata sensitivity: authors,Unique-author study count,Xiongwen Ran,1,471,0.2,,,authorship-covered unique studies,exact-identifier studies with usable structured authorship,multiple response; one count per unique author per study,81087c9bc5a7366ff084,OpenAlex author ID
Exact-identifier metadata sensitivity: authors,Unique-author study count,Xiule Lin,1,471,0.2,,,authorship-covered unique studies,exact-identifier studies with usable structured authorship,multiple response; one count per unique author per study,240393927e83854aac9b,name-only record; duplicates collapsed within work only; not merged across works
Exact-identifier metadata sensitivity: authors,Unique-author study count,Xiuqi Zhu,1,471,0.2,,,authorship-covered unique studies,exact-identifier studies with usable structured authorship,multiple response; one count per unique author per study,5b529e4bc562ac2c093e,OpenAlex author ID
Exact-identifier metadata sensitivity: authors,Unique-author study count,Xudong Lü,1,471,0.2,,,authorship-covered unique studies,exact-identifier studies with usable structured authorship,multiple response; one count per unique author per study,3a2d4841832fea8715fe,OpenAlex author ID
Exact-identifier metadata sensitivity: authors,Unique-author study count,Xue Zhou,1,471,0.2,,,authorship-covered unique studies,exact-identifier studies with usable structured authorship,multiple response; one count per unique author per study,f2454b259920b1b1d032,OpenAlex author ID
Exact-identifier metadata sensitivity: authors,Unique-author study count,Xuechen Zhang,1,471,0.2,,,authorship-covered unique studies,exact-identifier studies with usable structured authorship,multiple response; one count per unique author per study,43f6ad0fa6f4597d56fc,OpenAlex author ID
Exact-identifier metadata sensitivity: authors,Unique-author study count,Xuefeng Sun,1,471,0.2,,,authorship-covered unique studies,exact-identifier studies with usable structured authorship,multiple response; one count per unique author per study,a4f6e4afd67cbf667f95,OpenAlex author ID
Exact-identifier metadata sensitivity: authors,Unique-author study count,Xuefeng Sun,1,471,0.2,,,authorship-covered unique studies,exact-identifier studies with usable structured authorship,multiple response; one count per unique author per study,73a1f91733c91359d5f0,OpenAlex author ID
Exact-identifier metadata sensitivity: authors,Unique-author study count,Xuejing Li,1,471,0.2,,,authorship-covered unique studies,exact-identifier studies with usable structured authorship,multiple response; one count per unique author per study,0394426a6c4e7afe938e,OpenAlex author ID
Exact-identifier metadata sensitivity: authors,Unique-author study count,Xuewang Geng,1,471,0.2,,,authorship-covered unique studies,exact-identifier studies with usable structured authorship,multiple response; one count per unique author per study,25f6a5df250f3ed0360b,OpenAlex author ID
Exact-identifier metadata sensitivity: authors,Unique-author study count,Xuexue Bai,1,471,0.2,,,authorship-covered unique studies,exact-identifier studies with usable structured authorship,multiple response; one count per unique author per study,8616afb3ca85007ec9d7,name-only record; duplicates collapsed within work only; not merged across works
Exact-identifier metadata sensitivity: authors,Unique-author study count,Xueying Bai,1,471,0.2,,,authorship-covered unique studies,exact-identifier studies with usable structured authorship,multiple response; one count per unique author per study,ed38fd3a7de3cb77f8a6,OpenAlex author ID
Exact-identifier metadata sensitivity: authors,Unique-author study count,Xueying Huang,1,471,0.2,,,authorship-covered unique studies,exact-identifier studies with usable structured authorship,multiple response; one count per unique author per study,sci_454fe3ad37947557e9a6,OpenAlex author ID
Exact-identifier metadata sensitivity: authors,Unique-author study count,Xule Zhu,1,471,0.2,,,authorship-covered unique studies,exact-identifier studies with usable structured authorship,multiple response; one count per unique author per study,c58a4682ca46d2e66e96,OpenAlex author ID
Exact-identifier metadata sensitivity: authors,Unique-author study count,Xusheng Liang,1,471,0.2,,,authorship-covered unique studies,exact-identifier studies with usable structured authorship,multiple response; one count per unique author per study,8616afb3ca85007ec9d7,OpenAlex author ID
Exact-identifier metadata sensitivity: authors,Unique-author study count,Y U Q I A O Xie,1,471,0.2,,,authorship-covered unique studies,exact-identifier studies with usable structured authorship,multiple response; one count per unique author per study,81087c9bc5a7366ff084,OpenAlex author ID
Exact-identifier metadata sensitivity: authors,Unique-author study count,Yahan Yang,1,471,0.2,,,authorship-covered unique studies,exact-identifier studies with usable structured authorship,multiple response; one count per unique author per study,adc1485c258278b24c4e,OpenAlex author ID
Exact-identifier metadata sensitivity: authors,Unique-author study count,Yale Tung‐Chen,1,471,0.2,,,authorship-covered unique studies,exact-identifier studies with usable structured authorship,multiple response; one count per unique author per study,6ab002878664147423a1,OpenAlex author ID
Exact-identifier metadata sensitivity: authors,Unique-author study count,Yan Lv,1,471,0.2,,,authorship-covered unique studies,exact-identifier studies with usable structured authorship,multiple response; one count per unique author per study,412046e11296d150c70a,OpenAlex author ID
Exact-identifier metadata sensitivity: authors,Unique-author study count,Yan Xu,1,471,0.2,,,authorship-covered unique studies,exact-identifier studies with usable structured authorship,multiple response; one count per unique author per study,sci_3d6777cb059403330506,OpenAlex author ID
Exact-identifier metadata sensitivity: authors,Unique-author study count,Yanbo Zhang,1,471,0.2,,,authorship-covered unique studies,exact-identifier studies with usable structured authorship,multiple response; one count per unique author per study,63c69a200d415bc42d9b,OpenAlex author ID
Exact-identifier metadata sensitivity: authors,Unique-author study count,Yaneng Li,1,471,0.2,,,authorship-covered unique studies,exact-identifier studies with usable structured authorship,multiple response; one count per unique author per study,04b48ce4dda567febfa2,OpenAlex author ID
Exact-identifier metadata sensitivity: authors,Unique-author study count,Yanfang Yu,1,471,0.2,,,authorship-covered unique studies,exact-identifier studies with usable structured authorship,multiple response; one count per unique author per study,412046e11296d150c70a,OpenAlex author ID
Exact-identifier metadata sensitivity: authors,Unique-author study count,Yang Dong,1,471,0.2,,,authorship-covered unique studies,exact-identifier studies with usable structured authorship,multiple response; one count per unique author per study,ed38fd3a7de3cb77f8a6,OpenAlex author ID
Exact-identifier metadata sensitivity: authors,Unique-author study count,Yang Fan,1,471,0.2,,,authorship-covered unique studies,exact-identifier studies with usable structured authorship,multiple response; one count per unique author per study,9717d5f24495686aabe2,OpenAlex author ID
Exact-identifier metadata sensitivity: authors,Unique-author study count,Yang Liu,1,471,0.2,,,authorship-covered unique studies,exact-identifier studies with usable structured authorship,multiple response; one count per unique author per study,240393927e83854aac9b,name-only record; duplicates collapsed within work only; not merged across works
Exact-identifier metadata sensitivity: authors,Unique-author study count,Yang Liu,1,471,0.2,,,authorship-covered unique studies,exact-identifier studies with usable structured authorship,multiple response; one count per unique author per study,6d60da2f964efcc60587,OpenAlex author ID
Exact-identifier metadata sensitivity: authors,Unique-author study count,Yang WEN,1,471,0.2,,,authorship-covered unique studies,exact-identifier studies with usable structured authorship,multiple response; one count per unique author per study,359e1289e1f098bb36e2,name-only record; duplicates collapsed within work only; not merged across works
Exact-identifier metadata sensitivity: authors,Unique-author study count,YANG Yuanqing,1,471,0.2,,,authorship-covered unique studies,exact-identifier studies with usable structured authorship,multiple response; one count per unique author per study,1f1c780e93f8833f8015,name-only record; duplicates collapsed within work only; not merged across works
Exact-identifier metadata sensitivity: authors,Unique-author study count,Yang Zhou,1,471,0.2,,,authorship-covered unique studies,exact-identifier studies with usable structured authorship,multiple response; one count per unique author per study,d977c356ff57ab060fef,OpenAlex author ID
Exact-identifier metadata sensitivity: authors,Unique-author study count,Yangfan Yang,1,471,0.2,,,authorship-covered unique studies,exact-identifier studies with usable structured authorship,multiple response; one count per unique author per study,adc1485c258278b24c4e,OpenAlex author ID
Exact-identifier metadata sensitivity: authors,Unique-author study count,Yanghee Pang,1,471,0.2,,,authorship-covered unique studies,exact-identifier studies with usable structured authorship,multiple response; one count per unique author per study,49bb4b3f2e5c7a1a3f92,OpenAlex author ID
Exact-identifier metadata sensitivity: authors,Unique-author study count,Yanhong Liu,1,471,0.2,,,authorship-covered unique studies,exact-identifier studies with usable structured authorship,multiple response; one count per unique author per study,sci_6140618886946efd3455,OpenAlex author ID
Exact-identifier metadata sensitivity: authors,Unique-author study count,Yanhong Liu,1,471,0.2,,,authorship-covered unique studies,exact-identifier studies with usable structured authorship,multiple response; one count per unique author per study,4dcbdf4bf0f5a9a6c8c8,name-only record; duplicates collapsed within work only; not merged across works
Exact-identifier metadata sensitivity: authors,Unique-author study count,Yankai Shi,1,471,0.2,,,authorship-covered unique studies,exact-identifier studies with usable structured authorship,multiple response; one count per unique author per study,a4d746b41f7f88ceb127,OpenAlex author ID
Exact-identifier metadata sensitivity: authors,Unique-author study count,Yannik Haven,1,471,0.2,,,authorship-covered unique studies,exact-identifier studies with usable structured authorship,multiple response; one count per unique author per study,bad1f4fb855554cb4aba,OpenAlex author ID
Exact-identifier metadata sensitivity: authors,Unique-author study count,Yannik Müller,1,471,0.2,,,authorship-covered unique studies,exact-identifier studies with usable structured authorship,multiple response; one count per unique author per study,37bb0c4c182653ebb8f9,OpenAlex author ID
Exact-identifier metadata sensitivity: authors,Unique-author study count,Yanping Shen,1,471,0.2,,,authorship-covered unique studies,exact-identifier studies with usable structured authorship,multiple response; one count per unique author per study,sci_333316fb42bc0b910010,name-only record; duplicates collapsed within work only; not merged across works
Exact-identifier metadata sensitivity: authors,Unique-author study count,Yanqiu Xing,1,471,0.2,,,authorship-covered unique studies,exact-identifier studies with usable structured authorship,multiple response; one count per unique author per study,d977c356ff57ab060fef,OpenAlex author ID
Exact-identifier metadata sensitivity: authors,Unique-author study count,Yanxin Zhang,1,471,0.2,,,authorship-covered unique studies,exact-identifier studies with usable structured authorship,multiple response; one count per unique author per study,548ca816901c7761f0bf,OpenAlex author ID
Exact-identifier metadata sensitivity: authors,Unique-author study count,Yanzeng Li,1,471,0.2,,,authorship-covered unique studies,exact-identifier studies with usable structured authorship,multiple response; one count per unique author per study,0fe5747ae7b23830be21,OpenAlex author ID
Exact-identifier metadata sensitivity: authors,Unique-author study count,Yaodong Gong,1,471,0.2,,,authorship-covered unique studies,exact-identifier studies with usable structured authorship,multiple response; one count per unique author per study,03dcc8a1b078476d19e0,OpenAlex author ID
Exact-identifier metadata sensitivity: authors,Unique-author study count,Yaping Li,1,471,0.2,,,authorship-covered unique studies,exact-identifier studies with usable structured authorship,multiple response; one count per unique author per study,0b386fbba1d6908a565d,OpenAlex author ID
Exact-identifier metadata sensitivity: authors,Unique-author study count,Yaqi Chen,1,471,0.2,,,authorship-covered unique studies,exact-identifier studies with usable structured authorship,multiple response; one count per unique author per study,6f1527fb10827ca1da01,OpenAlex author ID
Exact-identifier metadata sensitivity: authors,Unique-author study count,Yaroslav Vyklyuk,1,471,0.2,,,authorship-covered unique studies,exact-identifier studies with usable structured authorship,multiple response; one count per unique author per study,096c409373966ea99821,OpenAlex author ID
Exact-identifier metadata sensitivity: authors,Unique-author study count,Yash Pankhania,1,471,0.2,,,authorship-covered unique studies,exact-identifier studies with usable structured authorship,multiple response; one count per unique author per study,3a87ecbc1ceea37e2382,OpenAlex author ID
Exact-identifier metadata sensitivity: authors,Unique-author study count,Yassmine El Moussaoui,1,471,0.2,,,authorship-covered unique studies,exact-identifier studies with usable structured authorship,multiple response; one count per unique author per study,1b913a0ed3ab13c6f644,OpenAlex author ID
Exact-identifier metadata sensitivity: authors,Unique-author study count,Yasuharu Okuda,1,471,0.2,,,authorship-covered unique studies,exact-identifier studies with usable structured authorship,multiple response; one count per unique author per study,80e9a9d9f964aea305e9,OpenAlex author ID
Exact-identifier metadata sensitivity: authors,Unique-author study count,Yaxuan Li,1,471,0.2,,,authorship-covered unique studies,exact-identifier studies with usable structured authorship,multiple response; one count per unique author per study,43f6ad0fa6f4597d56fc,OpenAlex author ID
Exact-identifier metadata sensitivity: authors,Unique-author study count,Yejin Han,1,471,0.2,,,authorship-covered unique studies,exact-identifier studies with usable structured authorship,multiple response; one count per unique author per study,e5814fecd144cc3fe016,OpenAlex author ID
Exact-identifier metadata sensitivity: authors,Unique-author study count,Yejin Yoon,1,471,0.2,,,authorship-covered unique studies,exact-identifier studies with usable structured authorship,multiple response; one count per unique author per study,9d0e015a74d4a026b092,OpenAlex author ID
Exact-identifier metadata sensitivity: authors,Unique-author study count,Yen‐Ting Ho,1,471,0.2,,,authorship-covered unique studies,exact-identifier studies with usable structured authorship,multiple response; one count per unique author per study,32c1dcd0212f833ee125,OpenAlex author ID
Exact-identifier metadata sensitivity: authors,Unique-author study count,Yeo Eun Shin,1,471,0.2,,,authorship-covered unique studies,exact-identifier studies with usable structured authorship,multiple response; one count per unique author per study,ea8e0a7c38a125bf8f1d,OpenAlex author ID
Exact-identifier metadata sensitivity: authors,Unique-author study count,Yeon‐Ju Huh,1,471,0.2,,,authorship-covered unique studies,exact-identifier studies with usable structured authorship,multiple response; one count per unique author per study,9d0e015a74d4a026b092,OpenAlex author ID
Exact-identifier metadata sensitivity: authors,Unique-author study count,Yeru Xia,1,471,0.2,,,authorship-covered unique studies,exact-identifier studies with usable structured authorship,multiple response; one count per unique author per study,2610ebe5f560db94c888,OpenAlex author ID
Exact-identifier metadata sensitivity: authors,Unique-author study count,Ye‐Jean Park,1,471,0.2,,,authorship-covered unique studies,exact-identifier studies with usable structured authorship,multiple response; one count per unique author per study,243562012607f7033171,OpenAlex author ID
Exact-identifier metadata sensitivity: authors,Unique-author study count,Yi Zuo,1,471,0.2,,,authorship-covered unique studies,exact-identifier studies with usable structured authorship,multiple response; one count per unique author per study,1c073acedd6171c3394d,OpenAlex author ID
Exact-identifier metadata sensitivity: authors,Unique-author study count,Yibei Wang,1,471,0.2,,,authorship-covered unique studies,exact-identifier studies with usable structured authorship,multiple response; one count per unique author per study,beedb370b817079634f7,OpenAlex author ID
Exact-identifier metadata sensitivity: authors,Unique-author study count,Yijie Wang,1,471,0.2,,,authorship-covered unique studies,exact-identifier studies with usable structured authorship,multiple response; one count per unique author per study,3a2d4841832fea8715fe,OpenAlex author ID
Exact-identifier metadata sensitivity: authors,Unique-author study count,Yiming Qin,1,471,0.2,,,authorship-covered unique studies,exact-identifier studies with usable structured authorship,multiple response; one count per unique author per study,359e1289e1f098bb36e2,OpenAlex author ID
Exact-identifier metadata sensitivity: authors,Unique-author study count,Ying Han,1,471,0.2,,,authorship-covered unique studies,exact-identifier studies with usable structured authorship,multiple response; one count per unique author per study,582bc7c400fa7acf214f,name-only record; duplicates collapsed within work only; not merged across works
Exact-identifier metadata sensitivity: authors,Unique-author study count,Ying Huang,1,471,0.2,,,authorship-covered unique studies,exact-identifier studies with usable structured authorship,multiple response; one count per unique author per study,9053eb63f4358c343310,OpenAlex author ID
Exact-identifier metadata sensitivity: authors,Unique-author study count,Ying Liu,1,471,0.2,,,authorship-covered unique studies,exact-identifier studies with usable structured authorship,multiple response; one count per unique author per study,d3f99e099b9310de57e3,OpenAlex author ID
Exact-identifier metadata sensitivity: authors,Unique-author study count,Ying Zhu-ge,1,471,0.2,,,authorship-covered unique studies,exact-identifier studies with usable structured authorship,multiple response; one count per unique author per study,64caff9ef7b3adaafe2d,OpenAlex author ID
Exact-identifier metadata sensitivity: authors,Unique-author study count,Yingbo Ma,1,471,0.2,,,authorship-covered unique studies,exact-identifier studies with usable structured authorship,multiple response; one count per unique author per study,4a9222af3af0a24b98ba,OpenAlex author ID
Exact-identifier metadata sensitivity: authors,Unique-author study count,Yingming Sun,1,471,0.2,,,authorship-covered unique studies,exact-identifier studies with usable structured authorship,multiple response; one count per unique author per study,sci_3d6777cb059403330506,OpenAlex author ID
Exact-identifier metadata sensitivity: authors,Unique-author study count,Yipeng Zhuang,1,471,0.2,,,authorship-covered unique studies,exact-identifier studies with usable structured authorship,multiple response; one count per unique author per study,ead3628c23fe3e244e24,OpenAlex author ID
Exact-identifier metadata sensitivity: authors,Unique-author study count,Yiqing Li,1,471,0.2,,,authorship-covered unique studies,exact-identifier studies with usable structured authorship,multiple response; one count per unique author per study,adc1485c258278b24c4e,OpenAlex author ID
Exact-identifier metadata sensitivity: authors,Unique-author study count,Yiying Zhu,1,471,0.2,,,authorship-covered unique studies,exact-identifier studies with usable structured authorship,multiple response; one count per unique author per study,240393927e83854aac9b,name-only record; duplicates collapsed within work only; not merged across works
Exact-identifier metadata sensitivity: authors,Unique-author study count,Yi‐Wen Hsieh,1,471,0.2,,,authorship-covered unique studies,exact-identifier studies with usable structured authorship,multiple response; one count per unique author per study,0835d7fde9c090ca963c,OpenAlex author ID
Exact-identifier metadata sensitivity: authors,Unique-author study count,Ynhi T. Thomas,1,471,0.2,,,authorship-covered unique studies,exact-identifier studies with usable structured authorship,multiple response; one count per unique author per study,039798e4f1498c17cf82,OpenAlex author ID
Exact-identifier metadata sensitivity: authors,Unique-author study count,Yogender Malik,1,471,0.2,,,authorship-covered unique studies,exact-identifier studies with usable structured authorship,multiple response; one count per unique author per study,5c99d6be17d81210020f,OpenAlex author ID
Exact-identifier metadata sensitivity: authors,Unique-author study count,Yoko Hamaguchi,1,471,0.2,,,authorship-covered unique studies,exact-identifier studies with usable structured authorship,multiple response; one count per unique author per study,862592293f46ff109fb6,name-only record; duplicates collapsed within work only; not merged across works
Exact-identifier metadata sensitivity: authors,Unique-author study count,Yong LYU,1,471,0.2,,,authorship-covered unique studies,exact-identifier studies with usable structured authorship,multiple response; one count per unique author per study,b777355095979479280c,name-only record; duplicates collapsed within work only; not merged across works
Exact-identifier metadata sensitivity: authors,Unique-author study count,Yong Xu,1,471,0.2,,,authorship-covered unique studies,exact-identifier studies with usable structured authorship,multiple response; one count per unique author per study,2c33e3b00e199776ba05,OpenAlex author ID
Exact-identifier metadata sensitivity: authors,Unique-author study count,Yong-Sik Jo,1,471,0.2,,,authorship-covered unique studies,exact-identifier studies with usable structured authorship,multiple response; one count per unique author per study,1df5cdc0b4ba5e34b2ba,OpenAlex author ID
Exact-identifier metadata sensitivity: authors,Unique-author study count,Yong-Xiang Chen,1,471,0.2,,,authorship-covered unique studies,exact-identifier studies with usable structured authorship,multiple response; one count per unique author per study,1a1d7801effe1e2b850a,OpenAlex author ID
Exact-identifier metadata sensitivity: authors,Unique-author study count,Yongfeng Zhang,1,471,0.2,,,authorship-covered unique studies,exact-identifier studies with usable structured authorship,multiple response; one count per unique author per study,d977c356ff57ab060fef,OpenAlex author ID
Exact-identifier metadata sensitivity: authors,Unique-author study count,Yongjin Yi,1,471,0.2,,,authorship-covered unique studies,exact-identifier studies with usable structured authorship,multiple response; one count per unique author per study,713e417da7d85579b2d1,OpenAlex author ID
Exact-identifier metadata sensitivity: authors,Unique-author study count,Yongjin Yi,1,471,0.2,,,authorship-covered unique studies,exact-identifier studies with usable structured authorship,multiple response; one count per unique author per study,8ce5650fcd50af3976ab,OpenAlex author ID
Exact-identifier metadata sensitivity: authors,Unique-author study count,Yongpeng Xu,1,471,0.2,,,authorship-covered unique studies,exact-identifier studies with usable structured authorship,multiple response; one count per unique author per study,eb664530dc232a9e1750,OpenAlex author ID
Exact-identifier metadata sensitivity: authors,Unique-author study count,Yongtaek Oh,1,471,0.2,,,authorship-covered unique studies,exact-identifier studies with usable structured authorship,multiple response; one count per unique author per study,4b471ab893f0c3845025,OpenAlex author ID
Exact-identifier metadata sensitivity: authors,Unique-author study count,Yongxiang Yuan,1,471,0.2,,,authorship-covered unique studies,exact-identifier studies with usable structured authorship,multiple response; one count per unique author per study,0b386fbba1d6908a565d,OpenAlex author ID
Exact-identifier metadata sensitivity: authors,Unique-author study count,Yoojin Bae,1,471,0.2,,,authorship-covered unique studies,exact-identifier studies with usable structured authorship,multiple response; one count per unique author per study,45e7ea1fbbde53125fd7,OpenAlex author ID
Exact-identifier metadata sensitivity: authors,Unique-author study count,Yoshinobu Maeda,1,471,0.2,,,authorship-covered unique studies,exact-identifier studies with usable structured authorship,multiple response; one count per unique author per study,8fa1ae6b843e2388520d,OpenAlex author ID
Exact-identifier metadata sensitivity: authors,Unique-author study count,Yoshitake Takebayashi,1,471,0.2,,,authorship-covered unique studies,exact-identifier studies with usable structured authorship,multiple response; one count per unique author per study,328dc44eb7208308940c,OpenAlex author ID
Exact-identifier metadata sensitivity: authors,Unique-author study count,Yosra Magdi Mekki,1,471,0.2,,,authorship-covered unique studies,exact-identifier studies with usable structured authorship,multiple response; one count per unique author per study,e3ee954b5290b4f74f0b,OpenAlex author ID
Exact-identifier metadata sensitivity: authors,Unique-author study count,Yossi Levi-Belz,1,471,0.2,,,authorship-covered unique studies,exact-identifier studies with usable structured authorship,multiple response; one count per unique author per study,e4a287ed511b7be9baa5,OpenAlex author ID
Exact-identifier metadata sensitivity: authors,Unique-author study count,Yossi Levi-Belz,1,471,0.2,,,authorship-covered unique studies,exact-identifier studies with usable structured authorship,multiple response; one count per unique author per study,73f1b1dee9a19c0ea0af,OpenAlex author ID
Exact-identifier metadata sensitivity: authors,Unique-author study count,Young Sam Kim,1,471,0.2,,,authorship-covered unique studies,exact-identifier studies with usable structured authorship,multiple response; one count per unique author per study,c837d77a482b4e089619,OpenAlex author ID
Exact-identifier metadata sensitivity: authors,Unique-author study count,YoungJi Ko,1,471,0.2,,,authorship-covered unique studies,exact-identifier studies with usable structured authorship,multiple response; one count per unique author per study,9b8b66d55c35b17e843c,OpenAlex author ID
Exact-identifier metadata sensitivity: authors,Unique-author study count,Youngjon Kim,1,471,0.2,,,authorship-covered unique studies,exact-identifier studies with usable structured authorship,multiple response; one count per unique author per study,1b087547ad0e2e8a3fa3,OpenAlex author ID
Exact-identifier metadata sensitivity: authors,Unique-author study count,Youngjoon Kang,1,471,0.2,,,authorship-covered unique studies,exact-identifier studies with usable structured authorship,multiple response; one count per unique author per study,1b087547ad0e2e8a3fa3,OpenAlex author ID
Exact-identifier metadata sensitivity: authors,Unique-author study count,Young‐A Ji,1,471,0.2,,,authorship-covered unique studies,exact-identifier studies with usable structured authorship,multiple response; one count per unique author per study,4c10642623772d392b58,OpenAlex author ID
Exact-identifier metadata sensitivity: authors,Unique-author study count,Yu Han,1,471,0.2,,,authorship-covered unique studies,exact-identifier studies with usable structured authorship,multiple response; one count per unique author per study,da920e8320da57a1954a,OpenAlex author ID
Exact-identifier metadata sensitivity: authors,Unique-author study count,Yu-Chiao Chang,1,471,0.2,,,authorship-covered unique studies,exact-identifier studies with usable structured authorship,multiple response; one count per unique author per study,1a1d7801effe1e2b850a,OpenAlex author ID
Exact-identifier metadata sensitivity: authors,Unique-author study count,Yua Nishio,1,471,0.2,,,authorship-covered unique studies,exact-identifier studies with usable structured authorship,multiple response; one count per unique author per study,fcd1902a5e565b2d2fcc,OpenAlex author ID
Exact-identifier metadata sensitivity: authors,Unique-author study count,Yuan Pu,1,471,0.2,,,authorship-covered unique studies,exact-identifier studies with usable structured authorship,multiple response; one count per unique author per study,c6db1164aeacaa778bd4,OpenAlex author ID
Exact-identifier metadata sensitivity: authors,Unique-author study count,Yuanding Huang,1,471,0.2,,,authorship-covered unique studies,exact-identifier studies with usable structured authorship,multiple response; one count per unique author per study,81087c9bc5a7366ff084,OpenAlex author ID
Exact-identifier metadata sensitivity: authors,Unique-author study count,Yuanyuan Gu,1,471,0.2,,,authorship-covered unique studies,exact-identifier studies with usable structured authorship,multiple response; one count per unique author per study,sci_829c4bcf5b773dba44a2,OpenAlex author ID
Exact-identifier metadata sensitivity: authors,Unique-author study count,Yuanyuan Gu,1,471,0.2,,,authorship-covered unique studies,exact-identifier studies with usable structured authorship,multiple response; one count per unique author per study,906c1e2afc9ab8dc6794,OpenAlex author ID
Exact-identifier metadata sensitivity: authors,Unique-author study count,Yudai Suzuki,1,471,0.2,,,authorship-covered unique studies,exact-identifier studies with usable structured authorship,multiple response; one count per unique author per study,0c75f057197182777687,OpenAlex author ID
Exact-identifier metadata sensitivity: authors,Unique-author study count,Yue LI,1,471,0.2,,,authorship-covered unique studies,exact-identifier studies with usable structured authorship,multiple response; one count per unique author per study,2c33e3b00e199776ba05,OpenAlex author ID
Exact-identifier metadata sensitivity: authors,Unique-author study count,Yuelun Zhang,1,471,0.2,,,authorship-covered unique studies,exact-identifier studies with usable structured authorship,multiple response; one count per unique author per study,1158803af3fb0ab9c072,OpenAlex author ID
Exact-identifier metadata sensitivity: authors,Unique-author study count,Yueyue Zhang,1,471,0.2,,,authorship-covered unique studies,exact-identifier studies with usable structured authorship,multiple response; one count per unique author per study,902be756a877af6118c0,name-only record; duplicates collapsed within work only; not merged across works
Exact-identifier metadata sensitivity: authors,Unique-author study count,Yufang Guo,1,471,0.2,,,authorship-covered unique studies,exact-identifier studies with usable structured authorship,multiple response; one count per unique author per study,669cbda7d16ac3f32155,OpenAlex author ID
Exact-identifier metadata sensitivity: authors,Unique-author study count,Yufang Hao,1,471,0.2,,,authorship-covered unique studies,exact-identifier studies with usable structured authorship,multiple response; one count per unique author per study,0394426a6c4e7afe938e,OpenAlex author ID
Exact-identifier metadata sensitivity: authors,Unique-author study count,Yufei Qu,1,471,0.2,,,authorship-covered unique studies,exact-identifier studies with usable structured authorship,multiple response; one count per unique author per study,3a2d4841832fea8715fe,OpenAlex author ID
Exact-identifier metadata sensitivity: authors,Unique-author study count,Yuhan Zhou,1,471,0.2,,,authorship-covered unique studies,exact-identifier studies with usable structured authorship,multiple response; one count per unique author per study,37a099d4d3aa15cafaa9,OpenAlex author ID
Exact-identifier metadata sensitivity: authors,Unique-author study count,YuJing Wang,1,471,0.2,,,authorship-covered unique studies,exact-identifier studies with usable structured authorship,multiple response; one count per unique author per study,4eabef99b9ccb8ef8fd4,OpenAlex author ID
Exact-identifier metadata sensitivity: authors,Unique-author study count,Yujoon Jung,1,471,0.2,,,authorship-covered unique studies,exact-identifier studies with usable structured authorship,multiple response; one count per unique author per study,581dc0790951c1557bba,name-only record; duplicates collapsed within work only; not merged across works
Exact-identifier metadata sensitivity: authors,Unique-author study count,Yuki Aiyama,1,471,0.2,,,authorship-covered unique studies,exact-identifier studies with usable structured authorship,multiple response; one count per unique author per study,fd0c4ec164cda596074b,OpenAlex author ID
Exact-identifier metadata sensitivity: authors,Unique-author study count,Yuki Aiyama,1,471,0.2,,,authorship-covered unique studies,exact-identifier studies with usable structured authorship,multiple response; one count per unique author per study,da8839d00c24db7f6ad6,name-only record; duplicates collapsed within work only; not merged across works
Exact-identifier metadata sensitivity: authors,Unique-author study count,Yukie Majima,1,471,0.2,,,authorship-covered unique studies,exact-identifier studies with usable structured authorship,multiple response; one count per unique author per study,sci_66be3ed42b9293d2ff9f,OpenAlex author ID
Exact-identifier metadata sensitivity: authors,Unique-author study count,Yukyeong Song,1,471,0.2,,,authorship-covered unique studies,exact-identifier studies with usable structured authorship,multiple response; one count per unique author per study,4a9222af3af0a24b98ba,OpenAlex author ID
Exact-identifier metadata sensitivity: authors,Unique-author study count,Yumika Akiba,1,471,0.2,,,authorship-covered unique studies,exact-identifier studies with usable structured authorship,multiple response; one count per unique author per study,5a18de075da6eacf874c,OpenAlex author ID
Exact-identifier metadata sensitivity: authors,Unique-author study count,Yun Zhang,1,471,0.2,,,authorship-covered unique studies,exact-identifier studies with usable structured authorship,multiple response; one count per unique author per study,9053eb63f4358c343310,OpenAlex author ID
Exact-identifier metadata sensitivity: authors,Unique-author study count,Yung Kit Man,1,471,0.2,,,authorship-covered unique studies,exact-identifier studies with usable structured authorship,multiple response; one count per unique author per study,ffe994fbb4a27b100f16,OpenAlex author ID
Exact-identifier metadata sensitivity: authors,Unique-author study count,Yunqi Li,1,471,0.2,,,authorship-covered unique studies,exact-identifier studies with usable structured authorship,multiple response; one count per unique author per study,da920e8320da57a1954a,OpenAlex author ID
Exact-identifier metadata sensitivity: authors,Unique-author study count,Yunus Yaşar,1,471,0.2,,,authorship-covered unique studies,exact-identifier studies with usable structured authorship,multiple response; one count per unique author per study,ec6081495209898a9c42,OpenAlex author ID
Exact-identifier metadata sensitivity: authors,Unique-author study count,Yunxi Lai,1,471,0.2,,,authorship-covered unique studies,exact-identifier studies with usable structured authorship,multiple response; one count per unique author per study,adc1485c258278b24c4e,OpenAlex author ID
Exact-identifier metadata sensitivity: authors,Unique-author study count,Yunzhan Zhou,1,471,0.2,,,authorship-covered unique studies,exact-identifier studies with usable structured authorship,multiple response; one count per unique author per study,6cf6dbf3648bde45720a,OpenAlex author ID
Exact-identifier metadata sensitivity: authors,Unique-author study count,Yunzi Long,1,471,0.2,,,authorship-covered unique studies,exact-identifier studies with usable structured authorship,multiple response; one count per unique author per study,3a2d4841832fea8715fe,OpenAlex author ID
Exact-identifier metadata sensitivity: authors,Unique-author study count,Yuqi Hu,1,471,0.2,,,authorship-covered unique studies,exact-identifier studies with usable structured authorship,multiple response; one count per unique author per study,4eabef99b9ccb8ef8fd4,OpenAlex author ID
Exact-identifier metadata sensitivity: authors,Unique-author study count,Yuqi Hu,1,471,0.2,,,authorship-covered unique studies,exact-identifier studies with usable structured authorship,multiple response; one count per unique author per study,758d651bc8d5020199f1,OpenAlex author ID
Exact-identifier metadata sensitivity: authors,Unique-author study count,"Yuriev, Elizabeth; id_orcid 0000-0002-3909-0379",1,471,0.2,,,authorship-covered unique studies,exact-identifier studies with usable structured authorship,multiple response; one count per unique author per study,5e9d52b66e4686a38781,name-only record; duplicates collapsed within work only; not merged across works
Exact-identifier metadata sensitivity: authors,Unique-author study count,Yuru Boon,1,471,0.2,,,authorship-covered unique studies,exact-identifier studies with usable structured authorship,multiple response; one count per unique author per study,3592795dfee0e066000a,OpenAlex author ID
Exact-identifier metadata sensitivity: authors,Unique-author study count,Yusuf Alibrahim,1,471,0.2,,,authorship-covered unique studies,exact-identifier studies with usable structured authorship,multiple response; one count per unique author per study,197361cc9246160f71a5,OpenAlex author ID
Exact-identifier metadata sensitivity: authors,Unique-author study count,Yusuf Ağaçkaya,1,471,0.2,,,authorship-covered unique studies,exact-identifier studies with usable structured authorship,multiple response; one count per unique author per study,ec6081495209898a9c42,OpenAlex author ID
Exact-identifier metadata sensitivity: authors,Unique-author study count,Yutao Tang,1,471,0.2,,,authorship-covered unique studies,exact-identifier studies with usable structured authorship,multiple response; one count per unique author per study,061a5c17950367156401,OpenAlex author ID
Exact-identifier metadata sensitivity: authors,Unique-author study count,Yutong Song,1,471,0.2,,,authorship-covered unique studies,exact-identifier studies with usable structured authorship,multiple response; one count per unique author per study,235688621e9d66593a40,OpenAlex author ID
Exact-identifier metadata sensitivity: authors,Unique-author study count,Yuusuke Harada,1,471,0.2,,,authorship-covered unique studies,exact-identifier studies with usable structured authorship,multiple response; one count per unique author per study,34ea437817489bccb36b,OpenAlex author ID
Exact-identifier metadata sensitivity: authors,Unique-author study count,Yuxian Zou,1,471,0.2,,,authorship-covered unique studies,exact-identifier studies with usable structured authorship,multiple response; one count per unique author per study,adc1485c258278b24c4e,name-only record; duplicates collapsed within work only; not merged across works
Exact-identifier metadata sensitivity: authors,Unique-author study count,Yuzhi Yang,1,471,0.2,,,authorship-covered unique studies,exact-identifier studies with usable structured authorship,multiple response; one count per unique author per study,412046e11296d150c70a,OpenAlex author ID
Exact-identifier metadata sensitivity: authors,Unique-author study count,Yu‐Ran Lee,1,471,0.2,,,authorship-covered unique studies,exact-identifier studies with usable structured authorship,multiple response; one count per unique author per study,sci_9353c3c154cbf1cd3c54,OpenAlex author ID
Exact-identifier metadata sensitivity: authors,Unique-author study count,Yves‐Marie Pers,1,471,0.2,,,authorship-covered unique studies,exact-identifier studies with usable structured authorship,multiple response; one count per unique author per study,4b7753ecc7bff0d54289,OpenAlex author ID
Exact-identifier metadata sensitivity: authors,Unique-author study count,Yvonne O’Meara,1,471,0.2,,,authorship-covered unique studies,exact-identifier studies with usable structured authorship,multiple response; one count per unique author per study,1c5402a057ba8f451244,OpenAlex author ID
Exact-identifier metadata sensitivity: authors,Unique-author study count,Z. Z. Du,1,471,0.2,,,authorship-covered unique studies,exact-identifier studies with usable structured authorship,multiple response; one count per unique author per study,sci_3d6777cb059403330506,OpenAlex author ID
Exact-identifier metadata sensitivity: authors,Unique-author study count,Zachary Pape,1,471,0.2,,,authorship-covered unique studies,exact-identifier studies with usable structured authorship,multiple response; one count per unique author per study,8bece1a102e2fe87b74e,OpenAlex author ID
Exact-identifier metadata sensitivity: authors,Unique-author study count,Zachary Patterson,1,471,0.2,,,authorship-covered unique studies,exact-identifier studies with usable structured authorship,multiple response; one count per unique author per study,8db4130844dc8d367d1f,OpenAlex author ID
Exact-identifier metadata sensitivity: authors,Unique-author study count,Zack Cote,1,471,0.2,,,authorship-covered unique studies,exact-identifier studies with usable structured authorship,multiple response; one count per unique author per study,63c69a200d415bc42d9b,OpenAlex author ID
Exact-identifier metadata sensitivity: authors,Unique-author study count,Zahra Azizi,1,471,0.2,,,authorship-covered unique studies,exact-identifier studies with usable structured authorship,multiple response; one count per unique author per study,d977c356ff57ab060fef,OpenAlex author ID
Exact-identifier metadata sensitivity: authors,Unique-author study count,Zefan Zhang,1,471,0.2,,,authorship-covered unique studies,exact-identifier studies with usable structured authorship,multiple response; one count per unique author per study,8fce68134f06065fdd4a,OpenAlex author ID
Exact-identifier metadata sensitivity: authors,Unique-author study count,Zena Moore,1,471,0.2,,,authorship-covered unique studies,exact-identifier studies with usable structured authorship,multiple response; one count per unique author per study,c13d5a010789f6f44c11,OpenAlex author ID
Exact-identifier metadata sensitivity: authors,Unique-author study count,ZHANG Ningjie,1,471,0.2,,,authorship-covered unique studies,exact-identifier studies with usable structured authorship,multiple response; one count per unique author per study,1f1c780e93f8833f8015,name-only record; duplicates collapsed within work only; not merged across works
Exact-identifier metadata sensitivity: authors,Unique-author study count,"Zhang, Bingquan",1,471,0.2,,,authorship-covered unique studies,exact-identifier studies with usable structured authorship,multiple response; one count per unique author per study,df6dd96b9ea594a121ce,name-only record; duplicates collapsed within work only; not merged across works
Exact-identifier metadata sensitivity: authors,Unique-author study count,Zhanpeng Ou,1,471,0.2,,,authorship-covered unique studies,exact-identifier studies with usable structured authorship,multiple response; one count per unique author per study,81087c9bc5a7366ff084,OpenAlex author ID
Exact-identifier metadata sensitivity: authors,Unique-author study count,Zhao Li,1,471,0.2,,,authorship-covered unique studies,exact-identifier studies with usable structured authorship,multiple response; one count per unique author per study,d977c356ff57ab060fef,OpenAlex author ID
Exact-identifier metadata sensitivity: authors,Unique-author study count,Zhaolong Wu,1,471,0.2,,,authorship-covered unique studies,exact-identifier studies with usable structured authorship,multiple response; one count per unique author per study,ead3628c23fe3e244e24,OpenAlex author ID
Exact-identifier metadata sensitivity: authors,Unique-author study count,Zhe Li,1,471,0.2,,,authorship-covered unique studies,exact-identifier studies with usable structured authorship,multiple response; one count per unique author per study,061a5c17950367156401,OpenAlex author ID
Exact-identifier metadata sensitivity: authors,Unique-author study count,Zhen Chen,1,471,0.2,,,authorship-covered unique studies,exact-identifier studies with usable structured authorship,multiple response; one count per unique author per study,8616afb3ca85007ec9d7,OpenAlex author ID
Exact-identifier metadata sensitivity: authors,Unique-author study count,Zhen Wang,1,471,0.2,,,authorship-covered unique studies,exact-identifier studies with usable structured authorship,multiple response; one count per unique author per study,668b98624eeda1089d99,OpenAlex author ID
Exact-identifier metadata sensitivity: authors,Unique-author study count,Zheng Wang,1,471,0.2,,,authorship-covered unique studies,exact-identifier studies with usable structured authorship,multiple response; one count per unique author per study,9053eb63f4358c343310,OpenAlex author ID
Exact-identifier metadata sensitivity: authors,Unique-author study count,Zhenzhen Liu,1,471,0.2,,,authorship-covered unique studies,exact-identifier studies with usable structured authorship,multiple response; one count per unique author per study,adc1485c258278b24c4e,OpenAlex author ID
Exact-identifier metadata sensitivity: authors,Unique-author study count,Zhenzhen Qin,1,471,0.2,,,authorship-covered unique studies,exact-identifier studies with usable structured authorship,multiple response; one count per unique author per study,4eabef99b9ccb8ef8fd4,OpenAlex author ID
Exact-identifier metadata sensitivity: authors,Unique-author study count,Zhibiao Huang,1,471,0.2,,,authorship-covered unique studies,exact-identifier studies with usable structured authorship,multiple response; one count per unique author per study,2c33e3b00e199776ba05,OpenAlex author ID
Exact-identifier metadata sensitivity: authors,Unique-author study count,Zhipeng Wang,1,471,0.2,,,authorship-covered unique studies,exact-identifier studies with usable structured authorship,multiple response; one count per unique author per study,34ab5ecef79b768723f6,OpenAlex author ID
Exact-identifier metadata sensitivity: authors,Unique-author study count,Zhiqi Gao,1,471,0.2,,,authorship-covered unique studies,exact-identifier studies with usable structured authorship,multiple response; one count per unique author per study,fd1a9c7f0b28a609f8af,OpenAlex author ID
Exact-identifier metadata sensitivity: authors,Unique-author study count,Zhiwei Wang,1,471,0.2,,,authorship-covered unique studies,exact-identifier studies with usable structured authorship,multiple response; one count per unique author per study,412046e11296d150c70a,OpenAlex author ID
Exact-identifier metadata sensitivity: authors,Unique-author study count,Zhiyu Chen,1,471,0.2,,,authorship-covered unique studies,exact-identifier studies with usable structured authorship,multiple response; one count per unique author per study,sci_637ee1f73b6fd5027d1c,OpenAlex author ID
Exact-identifier metadata sensitivity: authors,Unique-author study count,Zhong Wei,1,471,0.2,,,authorship-covered unique studies,exact-identifier studies with usable structured authorship,multiple response; one count per unique author per study,94bb63aeb68eddb59442,OpenAlex author ID
Exact-identifier metadata sensitivity: authors,Unique-author study count,ZHOU Xinyue,1,471,0.2,,,authorship-covered unique studies,exact-identifier studies with usable structured authorship,multiple response; one count per unique author per study,3e6c586541bbab277f12,name-only record; duplicates collapsed within work only; not merged across works
Exact-identifier metadata sensitivity: authors,Unique-author study count,ZHOU Zhihao,1,471,0.2,,,authorship-covered unique studies,exact-identifier studies with usable structured authorship,multiple response; one count per unique author per study,3e6c586541bbab277f12,name-only record; duplicates collapsed within work only; not merged across works
Exact-identifier metadata sensitivity: authors,Unique-author study count,"Zhou, Lei",1,471,0.2,,,authorship-covered unique studies,exact-identifier studies with usable structured authorship,multiple response; one count per unique author per study,df6dd96b9ea594a121ce,name-only record; duplicates collapsed within work only; not merged across works
Exact-identifier metadata sensitivity: authors,Unique-author study count,Zhouyu Guan,1,471,0.2,,,authorship-covered unique studies,exact-identifier studies with usable structured authorship,multiple response; one count per unique author per study,359e1289e1f098bb36e2,OpenAlex author ID
Exact-identifier metadata sensitivity: authors,Unique-author study count,Zhu Hong,1,471,0.2,,,authorship-covered unique studies,exact-identifier studies with usable structured authorship,multiple response; one count per unique author per study,2610ebe5f560db94c888,OpenAlex author ID
Exact-identifier metadata sensitivity: authors,Unique-author study count,Zhu Hua,1,471,0.2,,,authorship-covered unique studies,exact-identifier studies with usable structured authorship,multiple response; one count per unique author per study,7b627eb0e17b77a07c57,OpenAlex author ID
Exact-identifier metadata sensitivity: authors,Unique-author study count,Zi Wang,1,471,0.2,,,authorship-covered unique studies,exact-identifier studies with usable structured authorship,multiple response; one count per unique author per study,669cbda7d16ac3f32155,OpenAlex author ID
Exact-identifier metadata sensitivity: authors,Unique-author study count,Zichen Zhu,1,471,0.2,,,authorship-covered unique studies,exact-identifier studies with usable structured authorship,multiple response; one count per unique author per study,1d69e819d76b702e955f,OpenAlex author ID
Exact-identifier metadata sensitivity: authors,Unique-author study count,Zijian Li,1,471,0.2,,,authorship-covered unique studies,exact-identifier studies with usable structured authorship,multiple response; one count per unique author per study,6d60da2f964efcc60587,OpenAlex author ID
Exact-identifier metadata sensitivity: authors,Unique-author study count,Zilin Jia,1,471,0.2,,,authorship-covered unique studies,exact-identifier studies with usable structured authorship,multiple response; one count per unique author per study,7b627eb0e17b77a07c57,OpenAlex author ID
Exact-identifier metadata sensitivity: authors,Unique-author study count,Ziv Ko Hong Tai,1,471,0.2,,,authorship-covered unique studies,exact-identifier studies with usable structured authorship,multiple response; one count per unique author per study,0b1e929029c5b43c5beb,OpenAlex author ID
Exact-identifier metadata sensitivity: authors,Unique-author study count,Ziyan Wang,1,471,0.2,,,authorship-covered unique studies,exact-identifier studies with usable structured authorship,multiple response; one count per unique author per study,0394426a6c4e7afe938e,OpenAlex author ID
Exact-identifier metadata sensitivity: authors,Unique-author study count,Ziyuan Yang,1,471,0.2,,,authorship-covered unique studies,exact-identifier studies with usable structured authorship,multiple response; one count per unique author per study,412046e11296d150c70a,OpenAlex author ID
Exact-identifier metadata sensitivity: authors,Unique-author study count,Zohar Elyoseph,1,471,0.2,,,authorship-covered unique studies,exact-identifier studies with usable structured authorship,multiple response; one count per unique author per study,116dd099707d378fb9a6,OpenAlex author ID
Exact-identifier metadata sensitivity: authors,Unique-author study count,Zohar Elyoseph,1,471,0.2,,,authorship-covered unique studies,exact-identifier studies with usable structured authorship,multiple response; one count per unique author per study,73f1b1dee9a19c0ea0af,OpenAlex author ID
Exact-identifier metadata sensitivity: authors,Unique-author study count,Zoltán Balogh,1,471,0.2,,,authorship-covered unique studies,exact-identifier studies with usable structured authorship,multiple response; one count per unique author per study,sci_479872e4f60f538cbd03,OpenAlex author ID
Exact-identifier metadata sensitivity: authors,Unique-author study count,Zuxin Shi,1,471,0.2,,,authorship-covered unique studies,exact-identifier studies with usable structured authorship,multiple response; one count per unique author per study,sci_333316fb42bc0b910010,name-only record; duplicates collapsed within work only; not merged across works
Exact-identifier metadata sensitivity: authors,Unique-author study count,Ádám Attila Szűcs,1,471,0.2,,,authorship-covered unique studies,exact-identifier studies with usable structured authorship,multiple response; one count per unique author per study,sci_479872e4f60f538cbd03,name-only record; duplicates collapsed within work only; not merged across works
Exact-identifier metadata sensitivity: authors,Unique-author study count,Ángel Corchado-Vargas,1,471,0.2,,,authorship-covered unique studies,exact-identifier studies with usable structured authorship,multiple response; one count per unique author per study,59ac00c951a84da39213,OpenAlex author ID
Exact-identifier metadata sensitivity: authors,Unique-author study count,Ángel Elizalde-Méndez,1,471,0.2,,,authorship-covered unique studies,exact-identifier studies with usable structured authorship,multiple response; one count per unique author per study,59ac00c951a84da39213,OpenAlex author ID
Exact-identifier metadata sensitivity: authors,Unique-author study count,Çetin Toraman,1,471,0.2,,,authorship-covered unique studies,exact-identifier studies with usable structured authorship,multiple response; one count per unique author per study,94dc4442e5bc1f047433,OpenAlex author ID
Exact-identifier metadata sensitivity: authors,Unique-author study count,Çiğdem Öksüz,1,471,0.2,,,authorship-covered unique studies,exact-identifier studies with usable structured authorship,multiple response; one count per unique author per study,5e70fc602d28beb4158b,OpenAlex author ID
Exact-identifier metadata sensitivity: authors,Unique-author study count,Émilie Olié,1,471,0.2,,,authorship-covered unique studies,exact-identifier studies with usable structured authorship,multiple response; one count per unique author per study,be9dea9f8b093b59c0c4,OpenAlex author ID
Exact-identifier metadata sensitivity: authors,Unique-author study count,Éric Piver,1,471,0.2,,,authorship-covered unique studies,exact-identifier studies with usable structured authorship,multiple response; one count per unique author per study,5aeb6b891099b95aa832,OpenAlex author ID
Exact-identifier metadata sensitivity: authors,Unique-author study count,Şenay Kılınçel,1,471,0.2,,,authorship-covered unique studies,exact-identifier studies with usable structured authorship,multiple response; one count per unique author per study,73cb9769cd2180a04bb0,OpenAlex author ID
Exact-identifier metadata sensitivity: authors,Unique-author study count,В. В. Берещенко,1,471,0.2,,,authorship-covered unique studies,exact-identifier studies with usable structured authorship,multiple response; one count per unique author per study,8a18fabf9cf9be3f8a36,OpenAlex author ID
Exact-identifier metadata sensitivity: authors,Unique-author study count,В. В. Попов,1,471,0.2,,,authorship-covered unique studies,exact-identifier studies with usable structured authorship,multiple response; one count per unique author per study,43f6ad0fa6f4597d56fc,OpenAlex author ID
Exact-identifier metadata sensitivity: authors,Unique-author study count,Головин Ф. М.,1,471,0.2,,,authorship-covered unique studies,exact-identifier studies with usable structured authorship,multiple response; one count per unique author per study,8a18fabf9cf9be3f8a36,OpenAlex author ID
Exact-identifier metadata sensitivity: authors,Unique-author study count,Н. В. Давыдова,1,471,0.2,,,authorship-covered unique studies,exact-identifier studies with usable structured authorship,multiple response; one count per unique author per study,14a6c8b99daf76e8179d,OpenAlex author ID
Exact-identifier metadata sensitivity: authors,Unique-author study count,І. С. Попова,1,471,0.2,,,authorship-covered unique studies,exact-identifier studies with usable structured authorship,multiple response; one count per unique author per study,14a6c8b99daf76e8179d,OpenAlex author ID
Exact-identifier metadata sensitivity: authors,Unique-author study count,晓文 朱,1,471,0.2,,,authorship-covered unique studies,exact-identifier studies with usable structured authorship,multiple response; one count per unique author per study,bda47b5b58b47ca77285,OpenAlex author ID
Exact-identifier metadata sensitivity: authors,Unique-author study count,Alison Noble,0,471,0.0,,,authorship-covered unique studies,exact-identifier studies with usable structured authorship,multiple response; one count per unique author per study,,OpenAlex author ID
Exact-identifier metadata sensitivity: authors,Unique-author study count,Ashley Tomlinson,0,471,0.0,,,authorship-covered unique studies,exact-identifier studies with usable structured authorship,multiple response; one count per unique author per study,,OpenAlex author ID
Exact-identifier metadata sensitivity: authors,Unique-author study count,Atsuo Takanishi,0,471,0.0,,,authorship-covered unique studies,exact-identifier studies with usable structured authorship,multiple response; one count per unique author per study,,OpenAlex author ID
Exact-identifier metadata sensitivity: authors,Unique-author study count,Chi Zhang,0,471,0.0,,,authorship-covered unique studies,exact-identifier studies with usable structured authorship,multiple response; one count per unique author per study,,OpenAlex author ID
Exact-identifier metadata sensitivity: authors,Unique-author study count,Harry Rogers,0,471,0.0,,,authorship-covered unique studies,exact-identifier studies with usable structured authorship,multiple response; one count per unique author per study,,OpenAlex author ID
Exact-identifier metadata sensitivity: authors,Unique-author study count,Helen Higham,0,471,0.0,,,authorship-covered unique studies,exact-identifier studies with usable structured authorship,multiple response; one count per unique author per study,,OpenAlex author ID
Exact-identifier metadata sensitivity: authors,Unique-author study count,Henrik Voigt,0,471,0.0,,,authorship-covered unique studies,exact-identifier studies with usable structured authorship,multiple response; one count per unique author per study,,OpenAlex author ID
Exact-identifier metadata sensitivity: authors,Unique-author study count,James Aylward,0,471,0.0,,,authorship-covered unique studies,exact-identifier studies with usable structured authorship,multiple response; one count per unique author per study,,OpenAlex author ID
Exact-identifier metadata sensitivity: authors,Unique-author study count,James Thomas,0,471,0.0,,,authorship-covered unique studies,exact-identifier studies with usable structured authorship,multiple response; one count per unique author per study,,OpenAlex author ID
Exact-identifier metadata sensitivity: authors,Unique-author study count,Jens Grubert,0,471,0.0,,,authorship-covered unique studies,exact-identifier studies with usable structured authorship,multiple response; one count per unique author per study,,OpenAlex author ID
Exact-identifier metadata sensitivity: authors,Unique-author study count,Jinrui Fang,0,471,0.0,,,authorship-covered unique studies,exact-identifier studies with usable structured authorship,multiple response; one count per unique author per study,,OpenAlex author ID
Exact-identifier metadata sensitivity: authors,Unique-author study count,Kai Lawonn,0,471,0.0,,,authorship-covered unique studies,exact-identifier studies with usable structured authorship,multiple response; one count per unique author per study,,OpenAlex author ID
Exact-identifier metadata sensitivity: authors,Unique-author study count,Katja Fraedrich,0,471,0.0,,,authorship-covered unique studies,exact-identifier studies with usable structured authorship,multiple response; one count per unique author per study,,OpenAlex author ID
Exact-identifier metadata sensitivity: authors,Unique-author study count,Kepha Barasa,0,471,0.0,,,authorship-covered unique studies,exact-identifier studies with usable structured authorship,multiple response; one count per unique author per study,,OpenAlex author ID
Exact-identifier metadata sensitivity: authors,Unique-author study count,Manoj Kumal,0,471,0.0,,,authorship-covered unique studies,exact-identifier studies with usable structured authorship,multiple response; one count per unique author per study,,OpenAlex author ID
Exact-identifier metadata sensitivity: authors,Unique-author study count,Mary Moser,0,471,0.0,,,authorship-covered unique studies,exact-identifier studies with usable structured authorship,multiple response; one count per unique author per study,,OpenAlex author ID
Exact-identifier metadata sensitivity: authors,Unique-author study count,Nathan Gauge,0,471,0.0,,,authorship-covered unique studies,exact-identifier studies with usable structured authorship,multiple response; one count per unique author per study,,OpenAlex author ID
Exact-identifier metadata sensitivity: authors,Unique-author study count,Ronghua Xu,0,471,0.0,,,authorship-covered unique studies,exact-identifier studies with usable structured authorship,multiple response; one count per unique author per study,,OpenAlex author ID
Exact-identifier metadata sensitivity: authors,Unique-author study count,Sally Shiels,0,471,0.0,,,authorship-covered unique studies,exact-identifier studies with usable structured authorship,multiple response; one count per unique author per study,,OpenAlex author ID
Exact-identifier metadata sensitivity: authors,Unique-author study count,Sina Zarrieß,0,471,0.0,,,authorship-covered unique studies,exact-identifier studies with usable structured authorship,multiple response; one count per unique author per study,,OpenAlex author ID
Exact-identifier metadata sensitivity: authors,Unique-author study count,Sonal Admane,0,471,0.0,,,authorship-covered unique studies,exact-identifier studies with usable structured authorship,multiple response; one count per unique author per study,,OpenAlex author ID
Exact-identifier metadata sensitivity: authors,Unique-author study count,Sophie Jörg,0,471,0.0,,,authorship-covered unique studies,exact-identifier studies with usable structured authorship,multiple response; one count per unique author per study,,OpenAlex author ID
Exact-identifier metadata sensitivity: authors,Unique-author study count,Steffen Hauck,0,471,0.0,,,authorship-covered unique studies,exact-identifier studies with usable structured authorship,multiple response; one count per unique author per study,,OpenAlex author ID
Exact-identifier metadata sensitivity: authors,Unique-author study count,Theresa Schell,0,471,0.0,,,authorship-covered unique studies,exact-identifier studies with usable structured authorship,multiple response; one count per unique author per study,,OpenAlex author ID
Exact-identifier metadata sensitivity: authors,Unique-author study count,Thomas Keller,0,471,0.0,,,authorship-covered unique studies,exact-identifier studies with usable structured authorship,multiple response; one count per unique author per study,,OpenAlex author ID
Exact-identifier metadata sensitivity: authors,Unique-author study count,Tianshu Du,0,471,0.0,,,authorship-covered unique studies,exact-identifier studies with usable structured authorship,multiple response; one count per unique author per study,,OpenAlex author ID
Exact-identifier metadata sensitivity: authors,Unique-author study count,Weihua Zhou,0,471,0.0,,,authorship-covered unique studies,exact-identifier studies with usable structured authorship,multiple response; one count per unique author per study,,OpenAlex author ID
Exact-identifier metadata sensitivity: authors,Unique-author study count,Xin Qian,0,471,0.0,,,authorship-covered unique studies,exact-identifier studies with usable structured authorship,multiple response; one count per unique author per study,,OpenAlex author ID
Exact-identifier metadata sensitivity: authors,Unique-author study count,Xinyun Liu,0,471,0.0,,,authorship-covered unique studies,exact-identifier studies with usable structured authorship,multiple response; one count per unique author per study,,OpenAlex author ID
Exact-identifier metadata sensitivity: authors,Unique-author study count,Ying Ding,0,471,0.0,,,authorship-covered unique studies,exact-identifier studies with usable structured authorship,multiple response; one count per unique author per study,,OpenAlex author ID
Exact-identifier metadata sensitivity: authors,Unique-author study count,Yining Wu,0,471,0.0,,,authorship-covered unique studies,exact-identifier studies with usable structured authorship,multiple response; one count per unique author per study,,OpenAlex author ID
Exact-identifier metadata sensitivity: authors,Unique-author study count,Yurina Sugamiya,0,471,0.0,,,authorship-covered unique studies,exact-identifier studies with usable structured authorship,multiple response; one count per unique author per study,,OpenAlex author ID
Exact-identifier metadata sensitivity: citations,Citation distribution,N,,472,,472,,unique studies with a citation value,exact-identifier studies with a fixed-snapshot citation value,summary statistic,,Explicit zero values are retained; missing values are omitted.
Exact-identifier metadata sensitivity: citations,Citation distribution,Sum,,472,,3191,,citations,exact-identifier studies with a fixed-snapshot citation value,summary statistic,,Explicit zero values are retained; missing values are omitted.
Exact-identifier metadata sensitivity: citations,Citation distribution,Mean,,472,,6.760593220338983,,citations,exact-identifier studies with a fixed-snapshot citation value,summary statistic,,Explicit zero values are retained; missing values are omitted.
Exact-identifier metadata sensitivity: citations,Citation distribution,Median,,472,,1.0,,citations,exact-identifier studies with a fixed-snapshot citation value,summary statistic,,Explicit zero values are retained; missing values are omitted.
Exact-identifier metadata sensitivity: citations,Citation distribution,Q1,,472,,0.0,,citations,exact-identifier studies with a fixed-snapshot citation value,summary statistic,,Explicit zero values are retained; missing values are omitted.
Exact-identifier metadata sensitivity: citations,Citation distribution,Q3,,472,,5.0,,citations,exact-identifier studies with a fixed-snapshot citation value,summary statistic,,Explicit zero values are retained; missing values are omitted.
Exact-identifier metadata sensitivity: citations,Citation distribution,Minimum,,472,,0,,citations,exact-identifier studies with a fixed-snapshot citation value,summary statistic,,Explicit zero values are retained; missing values are omitted.
Exact-identifier metadata sensitivity: citations,Citation distribution,Maximum,,472,,146,,citations,exact-identifier studies with a fixed-snapshot citation value,summary statistic,,Explicit zero values are retained; missing values are omitted.
Exact-identifier metadata sensitivity: citations,Citation distribution,Zero count,,472,,227,,citations,exact-identifier studies with a fixed-snapshot citation value,summary statistic,,Explicit zero values are retained; missing values are omitted.
