section,measure,category,count,denominator,percent,value,value_text,unit,denominator_definition,response_type,work_ids,note
Author productivity,Canonical work count,Dennis Shung,5,477,1.0,,openalex:https://openalex.org/a5078143266,authorship-covered canonical works,canonical works with usable structured OpenAlex authorship,multiple response; one count per unique author per work,302dee907e926e18ddba;3b0e82db448631888b4c;68306d2649f0e34ccfa7;c6db1164aeacaa778bd4;ea8e0a7c38a125bf8f1d,OpenAlex author ID
Author productivity,Canonical work count,Gabriel Skantze,5,477,1.0,,openalex:https://openalex.org/a5091225228,authorship-covered canonical works,canonical works with usable structured OpenAlex authorship,multiple response; one count per unique author per work,538dc624d4f06d86f6a2;64947cabbe7282713c10;aedb9561df16d70a7ef8;db6b016a13edb570269a;ed80b78f8297d945224d,OpenAlex author ID
Author productivity,Canonical work count,Ioannis Parodis,5,477,1.0,,openalex:https://openalex.org/a5086543859,authorship-covered canonical works,canonical works with usable structured OpenAlex authorship,multiple response; one count per unique author per work,538dc624d4f06d86f6a2;64947cabbe7282713c10;aedb9561df16d70a7ef8;db6b016a13edb570269a;ed80b78f8297d945224d,OpenAlex author ID
Author productivity,Canonical work count,René F. Kizilcec,5,477,1.0,,openalex:https://openalex.org/a5071778778,authorship-covered canonical works,canonical works with usable structured OpenAlex authorship,multiple response; one count per unique author per work,302dee907e926e18ddba;3b0e82db448631888b4c;68306d2649f0e34ccfa7;c6db1164aeacaa778bd4;ea8e0a7c38a125bf8f1d,OpenAlex author ID
Author productivity,Canonical work count,Alexander Borg,4,477,0.8,,openalex:https://openalex.org/a5066450516,authorship-covered canonical works,canonical works with usable structured OpenAlex authorship,multiple response; one count per unique author per work,538dc624d4f06d86f6a2;64947cabbe7282713c10;aedb9561df16d70a7ef8;db6b016a13edb570269a,OpenAlex author ID
Author productivity,Canonical work count,Andrew R. Jamieson,4,477,0.8,,openalex:https://openalex.org/a5069788317,authorship-covered canonical works,canonical works with usable structured OpenAlex authorship,multiple response; one count per unique author per work,296fc2ba93325a6b3ed0;44090e715310ee158f37;67e2860b474712736027;9b5ff9099d241db5f86a,OpenAlex author ID
Author productivity,Canonical work count,Anne Herrmann‐Werner,4,477,0.8,,openalex:https://openalex.org/a5103141182,authorship-covered canonical works,canonical works with usable structured OpenAlex authorship,multiple response; one count per unique author per work,01a746b554d461cb998c;0de698b6ef36192c9365;282aa7d3820de53059e9;cfa4cceea1f21315935e,OpenAlex author ID
Author productivity,Canonical work count,Benjamin Jobs,4,477,0.8,,openalex:https://openalex.org/a5114284965,authorship-covered canonical works,canonical works with usable structured OpenAlex authorship,multiple response; one count per unique author per work,64947cabbe7282713c10;aedb9561df16d70a7ef8;db6b016a13edb570269a;ed80b78f8297d945224d,OpenAlex author ID
Author productivity,Canonical work count,Carina Georg,4,477,0.8,,openalex:https://openalex.org/a5033346412,authorship-covered canonical works,canonical works with usable structured OpenAlex authorship,multiple response; one count per unique author per work,64947cabbe7282713c10;aedb9561df16d70a7ef8;db6b016a13edb570269a;ed80b78f8297d945224d,OpenAlex author ID
Author productivity,Canonical work count,Christian Stegemann–Philipps,4,477,0.8,,openalex:https://openalex.org/a5013438977,authorship-covered canonical works,canonical works with usable structured OpenAlex authorship,multiple response; one count per unique author per work,01a746b554d461cb998c;0de698b6ef36192c9365;282aa7d3820de53059e9;cfa4cceea1f21315935e,OpenAlex author ID
Author productivity,Canonical work count,Colleen Chan,4,477,0.8,,openalex:https://openalex.org/a5028993377,authorship-covered canonical works,canonical works with usable structured OpenAlex authorship,multiple response; one count per unique author per work,3b0e82db448631888b4c;68306d2649f0e34ccfa7;c6db1164aeacaa778bd4;ea8e0a7c38a125bf8f1d,OpenAlex author ID
Author productivity,Canonical work count,Dragan Gašević,4,477,0.8,,openalex:https://openalex.org/a5036855560,authorship-covered canonical works,canonical works with usable structured OpenAlex authorship,multiple response; one count per unique author per work,26de74e3debea64ac297;43f6ad0fa6f4597d56fc;44d09fb5dabfde2e9e31;d11ce96adb05741aef6d,OpenAlex author ID
Author productivity,Canonical work count,Friederike Holderried,4,477,0.8,,openalex:https://openalex.org/a5015077369,authorship-covered canonical works,canonical works with usable structured OpenAlex authorship,multiple response; one count per unique author per work,01a746b554d461cb998c;0de698b6ef36192c9365;282aa7d3820de53059e9;cfa4cceea1f21315935e,OpenAlex author ID
Author productivity,Canonical work count,Ji-Hwan Kim,4,477,0.8,,openalex:https://openalex.org/a5100451537,authorship-covered canonical works,canonical works with usable structured OpenAlex authorship,multiple response; one count per unique author per work,15b1e2fee67db58575b7;64d8153970a657aa23b0;e5814fecd144cc3fe016;ed072d60d05f5e236143,OpenAlex author ID
Author productivity,Canonical work count,Mini Ruiz,4,477,0.8,,openalex:https://openalex.org/a5050184941,authorship-covered canonical works,canonical works with usable structured OpenAlex authorship,multiple response; one count per unique author per work,64947cabbe7282713c10;aedb9561df16d70a7ef8;db6b016a13edb570269a;ed80b78f8297d945224d,OpenAlex author ID
Author productivity,Canonical work count,Niroop Rajashekar,4,477,0.8,,openalex:https://openalex.org/a5000593514,authorship-covered canonical works,canonical works with usable structured OpenAlex authorship,multiple response; one count per unique author per work,3b0e82db448631888b4c;68306d2649f0e34ccfa7;c6db1164aeacaa778bd4;ea8e0a7c38a125bf8f1d,OpenAlex author ID
Author productivity,Canonical work count,Samuel Edelbring,4,477,0.8,,openalex:https://openalex.org/a5080221569,authorship-covered canonical works,canonical works with usable structured OpenAlex authorship,multiple response; one count per unique author per work,64947cabbe7282713c10;aedb9561df16d70a7ef8;db6b016a13edb570269a;ed80b78f8297d945224d,OpenAlex author ID
Author productivity,Canonical work count,Thomas O. Dalton,4,477,0.8,,openalex:https://openalex.org/a5048215627,authorship-covered canonical works,canonical works with usable structured OpenAlex authorship,multiple response; one count per unique author per work,296fc2ba93325a6b3ed0;44090e715310ee158f37;67e2860b474712736027;9b5ff9099d241db5f86a,OpenAlex author ID
Author productivity,Canonical work count,Viking Huss,4,477,0.8,,openalex:https://openalex.org/a5054318092,authorship-covered canonical works,canonical works with usable structured OpenAlex authorship,multiple response; one count per unique author per work,64947cabbe7282713c10;aedb9561df16d70a7ef8;db6b016a13edb570269a;ed80b78f8297d945224d,OpenAlex author ID
Author productivity,Canonical work count,Yuval Haber,4,477,0.8,,openalex:https://openalex.org/a5093025114,authorship-covered canonical works,canonical works with usable structured OpenAlex authorship,multiple response; one count per unique author per work,73f1b1dee9a19c0ea0af;bd0527af9d9859ca54bb;be9dea9f8b093b59c0c4;d06c6ad96bb08eb739dc,OpenAlex author ID
Author productivity,Canonical work count,Zohar Elyoseph,4,477,0.8,,openalex:https://openalex.org/a5028706339,authorship-covered canonical works,canonical works with usable structured OpenAlex authorship,multiple response; one count per unique author per work,bd0527af9d9859ca54bb;be9dea9f8b093b59c0c4;d06c6ad96bb08eb739dc;e4a287ed511b7be9baa5,OpenAlex author ID
Author productivity,Canonical work count,Aidin Spina,3,477,0.6,,openalex:https://openalex.org/a5092165604,authorship-covered canonical works,canonical works with usable structured OpenAlex authorship,multiple response; one count per unique author per work,2dd7865e84af395616af;38300507331b97225df5;c2a9bbee811cd29891e3,OpenAlex author ID
Author productivity,Canonical work count,Ambrose H. Wong,3,477,0.6,,openalex:https://openalex.org/a5015055208,authorship-covered canonical works,canonical works with usable structured OpenAlex authorship,multiple response; one count per unique author per work,3b0e82db448631888b4c;c6db1164aeacaa778bd4;ea8e0a7c38a125bf8f1d,OpenAlex author ID
Author productivity,Canonical work count,Ameer Hamza Shakur,3,477,0.6,,openalex:https://openalex.org/a5023574893,authorship-covered canonical works,canonical works with usable structured OpenAlex authorship,multiple response; one count per unique author per work,296fc2ba93325a6b3ed0;44090e715310ee158f37;67e2860b474712736027,OpenAlex author ID
Author productivity,Canonical work count,Brenda Ofelia Jay-Jímenez,3,477,0.6,,openalex:https://openalex.org/a5118898351,authorship-covered canonical works,canonical works with usable structured OpenAlex authorship,multiple response; one count per unique author per work,59ac00c951a84da39213;7f84c902e862e25dbf2c;98c23d01b9fb23bd43c4,OpenAlex author ID
Author productivity,Canonical work count,Chang-Eop Kim,3,477,0.6,,openalex:https://openalex.org/a5051262833,authorship-covered canonical works,canonical works with usable structured OpenAlex authorship,multiple response; one count per unique author per work,15b1e2fee67db58575b7;64d8153970a657aa23b0;ed072d60d05f5e236143,OpenAlex author ID
Author productivity,Canonical work count,Cidem Gentline,3,477,0.6,,openalex:https://openalex.org/a5064571890,authorship-covered canonical works,canonical works with usable structured OpenAlex authorship,multiple response; one count per unique author per work,64947cabbe7282713c10;db6b016a13edb570269a;ed80b78f8297d945224d,OpenAlex author ID
Author productivity,Canonical work count,Daniel J. Scott,3,477,0.6,,openalex:https://openalex.org/a5103840801,authorship-covered canonical works,canonical works with usable structured OpenAlex authorship,multiple response; one count per unique author per work,44090e715310ee158f37;67e2860b474712736027;9b5ff9099d241db5f86a,OpenAlex author ID
Author productivity,Canonical work count,David Hein,3,477,0.6,,openalex:https://openalex.org/a5090356242,authorship-covered canonical works,canonical works with usable structured OpenAlex authorship,multiple response; one count per unique author per work,296fc2ba93325a6b3ed0;44090e715310ee158f37;67e2860b474712736027,OpenAlex author ID
Author productivity,Canonical work count,Faris F Halaseh,3,477,0.6,,openalex:https://openalex.org/a5054259591,authorship-covered canonical works,canonical works with usable structured OpenAlex authorship,multiple response; one count per unique author per work,2dd7865e84af395616af;38300507331b97225df5;c2a9bbee811cd29891e3,OpenAlex author ID
Author productivity,Canonical work count,Hye-Yoon Lee,3,477,0.6,,openalex:https://openalex.org/a5065908074,authorship-covered canonical works,canonical works with usable structured OpenAlex authorship,multiple response; one count per unique author per work,15b1e2fee67db58575b7;64d8153970a657aa23b0;ed072d60d05f5e236143,OpenAlex author ID
Author productivity,Canonical work count,Héctor Iván Saldívar-Cerón,3,477,0.6,,openalex:https://openalex.org/a5030924477,authorship-covered canonical works,canonical works with usable structured OpenAlex authorship,multiple response; one count per unique author per work,59ac00c951a84da39213;7f84c902e862e25dbf2c;98c23d01b9fb23bd43c4,OpenAlex author ID
Author productivity,Canonical work count,Jasjeet S. Sekhon,3,477,0.6,,openalex:https://openalex.org/a5049923911,authorship-covered canonical works,canonical works with usable structured OpenAlex authorship,multiple response; one count per unique author per work,3b0e82db448631888b4c;c6db1164aeacaa778bd4;ea8e0a7c38a125bf8f1d,OpenAlex author ID
Author productivity,Canonical work count,Jundong Kim,3,477,0.6,,openalex:https://openalex.org/a5042129008,authorship-covered canonical works,canonical works with usable structured OpenAlex authorship,multiple response; one count per unique author per work,15b1e2fee67db58575b7;64d8153970a657aa23b0;ed072d60d05f5e236143,OpenAlex author ID
Author productivity,Canonical work count,Kisung You,3,477,0.6,,openalex:https://openalex.org/a5012261592,authorship-covered canonical works,canonical works with usable structured OpenAlex authorship,multiple response; one count per unique author per work,3b0e82db448631888b4c;c6db1164aeacaa778bd4;ea8e0a7c38a125bf8f1d,OpenAlex author ID
Author productivity,Canonical work count,Krystle K. Campbell,3,477,0.6,,openalex:https://openalex.org/a5044917797,authorship-covered canonical works,canonical works with usable structured OpenAlex authorship,multiple response; one count per unique author per work,44090e715310ee158f37;67e2860b474712736027;9b5ff9099d241db5f86a,OpenAlex author ID
Author productivity,Canonical work count,Lea Herschbach,3,477,0.6,,openalex:https://openalex.org/a5092807058,authorship-covered canonical works,canonical works with usable structured OpenAlex authorship,multiple response; one count per unique author per work,0de698b6ef36192c9365;282aa7d3820de53059e9;cfa4cceea1f21315935e,OpenAlex author ID
Author productivity,Canonical work count,Linxuan Zhao,3,477,0.6,,openalex:https://openalex.org/a5025145937,authorship-covered canonical works,canonical works with usable structured OpenAlex authorship,multiple response; one count per unique author per work,26de74e3debea64ac297;43f6ad0fa6f4597d56fc;d11ce96adb05741aef6d,OpenAlex author ID
Author productivity,Canonical work count,Loren Laine,3,477,0.6,,openalex:https://openalex.org/a5009097451,authorship-covered canonical works,canonical works with usable structured OpenAlex authorship,multiple response; one count per unique author per work,3b0e82db448631888b4c;c6db1164aeacaa778bd4;ea8e0a7c38a125bf8f1d,OpenAlex author ID
Author productivity,Canonical work count,Masashi Yokose,3,477,0.6,,openalex:https://openalex.org/a5064143364,authorship-covered canonical works,canonical works with usable structured OpenAlex authorship,multiple response; one count per unique author per work,0c75f057197182777687;4fdab8147c5288a598e6;f4631b37b9a1fd57d914,OpenAlex author ID
Author productivity,Canonical work count,Mauro Giuffrè,3,477,0.6,,openalex:https://openalex.org/a5068428372,authorship-covered canonical works,canonical works with usable structured OpenAlex authorship,multiple response; one count per unique author per work,3b0e82db448631888b4c;c6db1164aeacaa778bd4;ea8e0a7c38a125bf8f1d,OpenAlex author ID
Author productivity,Canonical work count,Riley Scherr,3,477,0.6,,openalex:https://openalex.org/a5092165603,authorship-covered canonical works,canonical works with usable structured OpenAlex authorship,multiple response; one count per unique author per work,2dd7865e84af395616af;38300507331b97225df5;c2a9bbee811cd29891e3,OpenAlex author ID
Author productivity,Canonical work count,Roberto Martínez‐Maldonado,3,477,0.6,,openalex:https://openalex.org/a5052017575,authorship-covered canonical works,canonical works with usable structured OpenAlex authorship,multiple response; one count per unique author per work,26de74e3debea64ac297;43f6ad0fa6f4597d56fc;d11ce96adb05741aef6d,OpenAlex author ID
Author productivity,Canonical work count,Ronald Rivera,3,477,0.6,,openalex:https://openalex.org/a5069196026,authorship-covered canonical works,canonical works with usable structured OpenAlex authorship,multiple response; one count per unique author per work,2dd7865e84af395616af;38300507331b97225df5;c2a9bbee811cd29891e3,OpenAlex author ID
Author productivity,Canonical work count,Saman Andalib,3,477,0.6,,openalex:https://openalex.org/a5076884200,authorship-covered canonical works,canonical works with usable structured OpenAlex authorship,multiple response; one count per unique author per work,2dd7865e84af395616af;38300507331b97225df5;c2a9bbee811cd29891e3,OpenAlex author ID
Author productivity,Canonical work count,Shin-Young Kang,3,477,0.6,,openalex:https://openalex.org/a5110331380,authorship-covered canonical works,canonical works with usable structured OpenAlex authorship,multiple response; one count per unique author per work,296fc2ba93325a6b3ed0;44090e715310ee158f37;67e2860b474712736027,OpenAlex author ID
Author productivity,Canonical work count,Sunny Chung,3,477,0.6,,openalex:https://openalex.org/a5063307794,authorship-covered canonical works,canonical works with usable structured OpenAlex authorship,multiple response; one count per unique author per work,3b0e82db448631888b4c;c6db1164aeacaa778bd4;ea8e0a7c38a125bf8f1d,OpenAlex author ID
Author productivity,Canonical work count,Takanobu Hirosawa,3,477,0.6,,openalex:https://openalex.org/a5043968090,authorship-covered canonical works,canonical works with usable structured OpenAlex authorship,multiple response; one count per unique author per work,0c75f057197182777687;4fdab8147c5288a598e6;f4631b37b9a1fd57d914,OpenAlex author ID
Author productivity,Canonical work count,Teresa Festl‐Wietek,3,477,0.6,,openalex:https://openalex.org/a5068078823,authorship-covered canonical works,canonical works with usable structured OpenAlex authorship,multiple response; one count per unique author per work,01a746b554d461cb998c;0de698b6ef36192c9365;cfa4cceea1f21315935e,OpenAlex author ID
Author productivity,Canonical work count,Tetsu Sakamoto,3,477,0.6,,openalex:https://openalex.org/a5011099201,authorship-covered canonical works,canonical works with usable structured OpenAlex authorship,multiple response; one count per unique author per work,0c75f057197182777687;4fdab8147c5288a598e6;f4631b37b9a1fd57d914,OpenAlex author ID
Author productivity,Canonical work count,Theo Saarinen,3,477,0.6,,openalex:https://openalex.org/a5067653860,authorship-covered canonical works,canonical works with usable structured OpenAlex authorship,multiple response; one count per unique author per work,3b0e82db448631888b4c;c6db1164aeacaa778bd4;ea8e0a7c38a125bf8f1d,OpenAlex author ID
Author productivity,Canonical work count,Vanessa Echeverría,3,477,0.6,,openalex:https://openalex.org/a5067966650,authorship-covered canonical works,canonical works with usable structured OpenAlex authorship,multiple response; one count per unique author per work,26de74e3debea64ac297;43f6ad0fa6f4597d56fc;d11ce96adb05741aef6d,OpenAlex author ID
Author productivity,Canonical work count,Yossi Levi‐Belz,3,477,0.6,,openalex:https://openalex.org/a5051456030,authorship-covered canonical works,canonical works with usable structured OpenAlex authorship,multiple response; one count per unique author per work,bd0527af9d9859ca54bb;be9dea9f8b093b59c0c4;d06c6ad96bb08eb739dc,OpenAlex author ID
Author productivity,Canonical work count,Yukinori Harada,3,477,0.6,,openalex:https://openalex.org/a5043660785,authorship-covered canonical works,canonical works with usable structured OpenAlex authorship,multiple response; one count per unique author per work,0c75f057197182777687;4fdab8147c5288a598e6;f4631b37b9a1fd57d914,OpenAlex author ID
Author productivity,Canonical work count,Adolfo René Méndez‐Cruz,2,477,0.4,,openalex:https://openalex.org/a5074618559,authorship-covered canonical works,canonical works with usable structured OpenAlex authorship,multiple response; one count per unique author per work,59ac00c951a84da39213;98c23d01b9fb23bd43c4,OpenAlex author ID
Author productivity,Canonical work count,Aidan J. Or,2,477,0.4,,openalex:https://openalex.org/a5098814336,authorship-covered canonical works,canonical works with usable structured OpenAlex authorship,multiple response; one count per unique author per work,b2f1db675b2599e354ab;eb0a6b505c3ccc9e534d,OpenAlex author ID
Author productivity,Canonical work count,Alanna Sugarman,2,477,0.4,,openalex:https://openalex.org/a5087651566,authorship-covered canonical works,canonical works with usable structured OpenAlex authorship,multiple response; one count per unique author per work,24c93ac0955292251f20;f74b171e97e291bab8d3,OpenAlex author ID
Author productivity,Canonical work count,Alanson P. Sample,2,477,0.4,,openalex:https://openalex.org/a5047416400,authorship-covered canonical works,canonical works with usable structured OpenAlex authorship,multiple response; one count per unique author per work,43f6ad0fa6f4597d56fc;bc52d7f8f145e43beefc,OpenAlex author ID
Author productivity,Canonical work count,Alessandra Sonanini,2,477,0.4,,openalex:https://openalex.org/a5107805579,authorship-covered canonical works,canonical works with usable structured OpenAlex authorship,multiple response; one count per unique author per work,0de698b6ef36192c9365;282aa7d3820de53059e9,OpenAlex author ID
Author productivity,Canonical work count,Allen Hsiao,2,477,0.4,,openalex:https://openalex.org/a5067404025,authorship-covered canonical works,canonical works with usable structured OpenAlex authorship,multiple response; one count per unique author per work,c6db1164aeacaa778bd4;ea8e0a7c38a125bf8f1d,OpenAlex author ID
Author productivity,Canonical work count,Anshul Kumar,2,477,0.4,,openalex:https://openalex.org/a5011936649,authorship-covered canonical works,canonical works with usable structured OpenAlex authorship,multiple response; one count per unique author per work,155acc9f21eba7b06b56;aea68236a77645892d74,OpenAlex author ID
Author productivity,Canonical work count,Arash Iranfar,2,477,0.4,,openalex:https://openalex.org/a5081618745,authorship-covered canonical works,canonical works with usable structured OpenAlex authorship,multiple response; one count per unique author per work,2f08c4b2b3acc1eaa9d5;f2be4ac5256845407914,OpenAlex author ID
Author productivity,Canonical work count,Ari Evelyn Castañeda-Ramírez,2,477,0.4,,openalex:https://openalex.org/a5007191198,authorship-covered canonical works,canonical works with usable structured OpenAlex authorship,multiple response; one count per unique author per work,59ac00c951a84da39213;98c23d01b9fb23bd43c4,OpenAlex author ID
Author productivity,Canonical work count,Ashim Malhotra,2,477,0.4,,openalex:https://openalex.org/a5044649001,authorship-covered canonical works,canonical works with usable structured OpenAlex authorship,multiple response; one count per unique author per work,180163049fadb98a0ef8;9ba2ceb3ea808e2794a1,OpenAlex author ID
Author productivity,Canonical work count,Athanasios Hassoulas,2,477,0.4,,openalex:https://openalex.org/a5025487300,authorship-covered canonical works,canonical works with usable structured OpenAlex authorship,multiple response; one count per unique author per work,4f796e0ce90dce8d4da8;c4f5fe90704c2aa68c75,OpenAlex author ID
Author productivity,Canonical work count,Aziel Alejandro Peralta Ramírez,2,477,0.4,,openalex:https://openalex.org/a5092303615,authorship-covered canonical works,canonical works with usable structured OpenAlex authorship,multiple response; one count per unique author per work,6d85b580a0562cc121d4;a2883a095e505041a802,OpenAlex author ID
Author productivity,Canonical work count,Babak Sarrafpour,2,477,0.4,,openalex:https://openalex.org/a5071006113,authorship-covered canonical works,canonical works with usable structured OpenAlex authorship,multiple response; one count per unique author per work,b2f1db675b2599e354ab;eb0a6b505c3ccc9e534d,OpenAlex author ID
Author productivity,Canonical work count,Behzad Moshiri,2,477,0.4,,openalex:https://openalex.org/a5073252452,authorship-covered canonical works,canonical works with usable structured OpenAlex authorship,multiple response; one count per unique author per work,2f08c4b2b3acc1eaa9d5;f2be4ac5256845407914,OpenAlex author ID
Author productivity,Canonical work count,Bruno Manuel García-García,2,477,0.4,,openalex:https://openalex.org/a5119941970,authorship-covered canonical works,canonical works with usable structured OpenAlex authorship,multiple response; one count per unique author per work,59ac00c951a84da39213;7f84c902e862e25dbf2c,OpenAlex author ID
Author productivity,Canonical work count,Bryan Harmer,2,477,0.4,,openalex:https://openalex.org/a5094585257,authorship-covered canonical works,canonical works with usable structured OpenAlex authorship,multiple response; one count per unique author per work,43f6ad0fa6f4597d56fc;bc52d7f8f145e43beefc,OpenAlex author ID
Author productivity,Canonical work count,Cat Lutz,2,477,0.4,,openalex:https://openalex.org/a5041935915,authorship-covered canonical works,canonical works with usable structured OpenAlex authorship,multiple response; one count per unique author per work,0aea8997b3d07a3c7455;b94b9bcb1d96d93db9c0,OpenAlex author ID
Author productivity,Canonical work count,Chris Jacobs,2,477,0.4,,openalex:https://openalex.org/a5008199358,authorship-covered canonical works,canonical works with usable structured OpenAlex authorship,multiple response; one count per unique author per work,c8c9e4c672bea3a6d994;d90096afc3b383fbecb7,OpenAlex author ID
Author productivity,Canonical work count,Christopher D. F. Honig,2,477,0.4,,openalex:https://openalex.org/a5007406648,authorship-covered canonical works,canonical works with usable structured OpenAlex authorship,multiple response; one count per unique author per work,a32c2fb665f05ef6086f;fa24b39d9c9c2f6142d6,OpenAlex author ID
Author productivity,Canonical work count,Cindy Weston,2,477,0.4,,openalex:https://openalex.org/a5019719500,authorship-covered canonical works,canonical works with usable structured OpenAlex authorship,multiple response; one count per unique author per work,b052274076e5e7cc16db;c301ce506b01b01e6207,OpenAlex author ID
Author productivity,Canonical work count,Dan Weisman,2,477,0.4,,openalex:https://openalex.org/a5058361281,authorship-covered canonical works,canonical works with usable structured OpenAlex authorship,multiple response; one count per unique author per work,24c93ac0955292251f20;f74b171e97e291bab8d3,OpenAlex author ID
Author productivity,Canonical work count,Danijela Gašević,2,477,0.4,,openalex:https://openalex.org/a5009039632,authorship-covered canonical works,canonical works with usable structured OpenAlex authorship,multiple response; one count per unique author per work,44d09fb5dabfde2e9e31;6d60da2f964efcc60587,OpenAlex author ID
Author productivity,Canonical work count,David A. Cook,2,477,0.4,,openalex:https://openalex.org/a5102930007,authorship-covered canonical works,canonical works with usable structured OpenAlex authorship,multiple response; one count per unique author per work,2877ad2c6a928639280a;fb4436cacb550c46d347,OpenAlex author ID
Author productivity,Canonical work count,David Donnermeyer,2,477,0.4,,openalex:https://openalex.org/a5012169896,authorship-covered canonical works,canonical works with usable structured OpenAlex authorship,multiple response; one count per unique author per work,4c4dc7fcefb1e9f3abdf;e73b99fafd0009a6e927,OpenAlex author ID
Author productivity,Canonical work count,David L. Rodgers,2,477,0.4,,openalex:https://openalex.org/a5082235937,authorship-covered canonical works,canonical works with usable structured OpenAlex authorship,multiple response; one count per unique author per work,0aea8997b3d07a3c7455;b94b9bcb1d96d93db9c0,OpenAlex author ID
Author productivity,Canonical work count,David Wei Dai,2,477,0.4,,openalex:https://openalex.org/a5035722508,authorship-covered canonical works,canonical works with usable structured OpenAlex authorship,multiple response; one count per unique author per work,44d09fb5dabfde2e9e31;7b627eb0e17b77a07c57,OpenAlex author ID
Author productivity,Canonical work count,Dayanjan S. Wijesinghe,2,477,0.4,,openalex:https://openalex.org/a5052336059,authorship-covered canonical works,canonical works with usable structured OpenAlex authorship,multiple response; one count per unique author per work,180163049fadb98a0ef8;9ba2ceb3ea808e2794a1,OpenAlex author ID
Author productivity,Canonical work count,Dujrudee Chinwong,2,477,0.4,,openalex:https://openalex.org/a5018006789,authorship-covered canonical works,canonical works with usable structured OpenAlex authorship,multiple response; one count per unique author per work,08cc34de5385d0bd76a6;60f8f44c77f909f61dc3,OpenAlex author ID
Author productivity,Canonical work count,Eddie Guo,2,477,0.4,,openalex:https://openalex.org/a5055460485,authorship-covered canonical works,canonical works with usable structured OpenAlex authorship,multiple response; one count per unique author per work,243562012607f7033171;58483951ebaed609e26a,OpenAlex author ID
Author productivity,Canonical work count,Edgar Schäfer,2,477,0.4,,openalex:https://openalex.org/a5035434795,authorship-covered canonical works,canonical works with usable structured OpenAlex authorship,multiple response; one count per unique author per work,4c4dc7fcefb1e9f3abdf;e73b99fafd0009a6e927,OpenAlex author ID
Author productivity,Canonical work count,Edward Melvin,2,477,0.4,,openalex:https://openalex.org/a5128278407,authorship-covered canonical works,canonical works with usable structured OpenAlex authorship,multiple response; one count per unique author per work,11f31f18ad70545cab85;f1b256cdccd6208d0cc8,OpenAlex author ID
Author productivity,Canonical work count,Efrén Quiñones-Lara,2,477,0.4,,openalex:https://openalex.org/a5116411397,authorship-covered canonical works,canonical works with usable structured OpenAlex authorship,multiple response; one count per unique author per work,7f84c902e862e25dbf2c;98c23d01b9fb23bd43c4,OpenAlex author ID
Author productivity,Canonical work count,Ehsan Hoque,2,477,0.4,,openalex:https://openalex.org/a5059213806,authorship-covered canonical works,canonical works with usable structured OpenAlex authorship,multiple response; one count per unique author per work,76a6c8049ee4223224f6;ed23e4c8ee00516d2110,OpenAlex author ID
Author productivity,Canonical work count,Elizabeth Wells-Beede,2,477,0.4,,openalex:https://openalex.org/a5004703602,authorship-covered canonical works,canonical works with usable structured OpenAlex authorship,multiple response; one count per unique author per work,b052274076e5e7cc16db;c301ce506b01b01e6207,OpenAlex author ID
Author productivity,Canonical work count,Emily Stokes,2,477,0.4,,openalex:https://openalex.org/a5134566055,authorship-covered canonical works,canonical works with usable structured OpenAlex authorship,multiple response; one count per unique author per work,44d09fb5dabfde2e9e31;dcce0a8cef5543c4fec4,OpenAlex author ID
Author productivity,Canonical work count,Evelina Alūzaitė,2,477,0.4,,openalex:https://openalex.org/a5124054820,authorship-covered canonical works,canonical works with usable structured OpenAlex authorship,multiple response; one count per unique author per work,ae74530d7e9fa7f91f65;e9d6ceded269a04cde99,OpenAlex author ID
Author productivity,Canonical work count,Fabricio Espinosa‐Ortega,2,477,0.4,,openalex:https://openalex.org/a5077557578,authorship-covered canonical works,canonical works with usable structured OpenAlex authorship,multiple response; one count per unique author per work,64947cabbe7282713c10;db6b016a13edb570269a,OpenAlex author ID
Author productivity,Canonical work count,Fumiaki Sano,2,477,0.4,,openalex:https://openalex.org/a5064911064,authorship-covered canonical works,canonical works with usable structured OpenAlex authorship,multiple response; one count per unique author per work,da8839d00c24db7f6ad6;fd0c4ec164cda596074b,OpenAlex author ID
Author productivity,Canonical work count,G Chen,2,477,0.4,,openalex:https://openalex.org/a5043143204,authorship-covered canonical works,canonical works with usable structured OpenAlex authorship,multiple response; one count per unique author per work,44d09fb5dabfde2e9e31;d11ce96adb05741aef6d,OpenAlex author ID
Author productivity,Canonical work count,Gabia Neverauskaité,2,477,0.4,,openalex:https://openalex.org/a5115770237,authorship-covered canonical works,canonical works with usable structured OpenAlex authorship,multiple response; one count per unique author per work,11f31f18ad70545cab85;f1b256cdccd6208d0cc8,OpenAlex author ID
Author productivity,Canonical work count,Gaudenz Danuser,2,477,0.4,,openalex:https://openalex.org/a5037958980,authorship-covered canonical works,canonical works with usable structured OpenAlex authorship,multiple response; one count per unique author per work,67e2860b474712736027;9b5ff9099d241db5f86a,OpenAlex author ID
Author productivity,Canonical work count,Ghaniah Hassan-Smith,2,477,0.4,,openalex:https://openalex.org/a5120235487,authorship-covered canonical works,canonical works with usable structured OpenAlex authorship,multiple response; one count per unique author per work,4f06f0d72a1de087b5c5;b216d2e3bbb753147fd2,OpenAlex author ID
Author productivity,Canonical work count,Hamid D. Taghirad,2,477,0.4,,openalex:https://openalex.org/a5070019550,authorship-covered canonical works,canonical works with usable structured OpenAlex authorship,multiple response; one count per unique author per work,2f08c4b2b3acc1eaa9d5;f2be4ac5256845407914,OpenAlex author ID
Author productivity,Canonical work count,Helen E. Ritchie,2,477,0.4,,openalex:https://openalex.org/a5024034678,authorship-covered canonical works,canonical works with usable structured OpenAlex authorship,multiple response; one count per unique author per work,b2f1db675b2599e354ab;eb0a6b505c3ccc9e534d,OpenAlex author ID
Author productivity,Canonical work count,Hiromizu Takahashi,2,477,0.4,,openalex:https://openalex.org/a5017322020,authorship-covered canonical works,canonical works with usable structured OpenAlex authorship,multiple response; one count per unique author per work,da8839d00c24db7f6ad6;fd0c4ec164cda596074b,OpenAlex author ID
Author productivity,Canonical work count,Howard Moskowitz,2,477,0.4,,openalex:https://openalex.org/a5005049828,authorship-covered canonical works,canonical works with usable structured OpenAlex authorship,multiple response; one count per unique author per work,9d1c14070287793c215b;a44cf2193e8756673fa7,OpenAlex author ID
Author productivity,Canonical work count,Hyojae Choi,2,477,0.4,,openalex:https://openalex.org/a5035739385,authorship-covered canonical works,canonical works with usable structured OpenAlex authorship,multiple response; one count per unique author per work,15b1e2fee67db58575b7;ed072d60d05f5e236143,OpenAlex author ID
Author productivity,Canonical work count,Hyojin Bae,2,477,0.4,,openalex:https://openalex.org/a5009280782,authorship-covered canonical works,canonical works with usable structured OpenAlex authorship,multiple response; one count per unique author per work,15b1e2fee67db58575b7;ed072d60d05f5e236143,OpenAlex author ID
Author productivity,Canonical work count,Ilmi Yoon,2,477,0.4,,openalex:https://openalex.org/a5076251624,authorship-covered canonical works,canonical works with usable structured OpenAlex authorship,multiple response; one count per unique author per work,4eabef99b9ccb8ef8fd4;758d651bc8d5020199f1,OpenAlex author ID
Author productivity,Canonical work count,Jadon Geathers,2,477,0.4,,openalex:https://openalex.org/a5116038746,authorship-covered canonical works,canonical works with usable structured OpenAlex authorship,multiple response; one count per unique author per work,302dee907e926e18ddba;68306d2649f0e34ccfa7,OpenAlex author ID
Author productivity,Canonical work count,James Cooke,2,477,0.4,,openalex:https://openalex.org/a5021564597,authorship-covered canonical works,canonical works with usable structured OpenAlex authorship,multiple response; one count per unique author per work,43f6ad0fa6f4597d56fc;bc52d7f8f145e43beefc,OpenAlex author ID
Author productivity,Canonical work count,Janice C. Palaganas,2,477,0.4,,openalex:https://openalex.org/a5098952534,authorship-covered canonical works,canonical works with usable structured OpenAlex authorship,multiple response; one count per unique author per work,155acc9f21eba7b06b56;eb8b75c75edacbfa547b,OpenAlex author ID
Author productivity,Canonical work count,Jazel Jarquín-Ramírez,2,477,0.4,,openalex:https://openalex.org/a5118898347,authorship-covered canonical works,canonical works with usable structured OpenAlex authorship,multiple response; one count per unique author per work,59ac00c951a84da39213;98c23d01b9fb23bd43c4,OpenAlex author ID
Author productivity,Canonical work count,Jhon Alexander Bueno-Vesga,2,477,0.4,,openalex:https://openalex.org/a5091922622,authorship-covered canonical works,canonical works with usable structured OpenAlex authorship,multiple response; one count per unique author per work,906c1e2afc9ab8dc6794;sci_829c4bcf5b773dba44a2,OpenAlex author ID
Author productivity,Canonical work count,Jianwen Zeng,2,477,0.4,,openalex:https://openalex.org/a5117474659,authorship-covered canonical works,canonical works with usable structured OpenAlex authorship,multiple response; one count per unique author per work,a4d746b41f7f88ceb127;c58a4682ca46d2e66e96,OpenAlex author ID
Author productivity,Canonical work count,Jinsil Hwaryoung Seo,2,477,0.4,,openalex:https://openalex.org/a5034502044,authorship-covered canonical works,canonical works with usable structured OpenAlex authorship,multiple response; one count per unique author per work,b052274076e5e7cc16db;c301ce506b01b01e6207,OpenAlex author ID
Author productivity,Canonical work count,Jo Ellen Holt,2,477,0.4,,openalex:https://openalex.org/a5044197655,authorship-covered canonical works,canonical works with usable structured OpenAlex authorship,multiple response; one count per unique author per work,766fde2e997ea8140bd0;7920ebcf271025a5a8ee,OpenAlex author ID
Author productivity,Canonical work count,Joel Moore,2,477,0.4,,openalex:https://openalex.org/a5041448701,authorship-covered canonical works,canonical works with usable structured OpenAlex authorship,multiple response; one count per unique author per work,44d09fb5dabfde2e9e31;dcce0a8cef5543c4fec4,OpenAlex author ID
Author productivity,Canonical work count,Jonathan Schiött,2,477,0.4,,openalex:https://openalex.org/a5117778076,authorship-covered canonical works,canonical works with usable structured OpenAlex authorship,multiple response; one count per unique author per work,db6b016a13edb570269a;ed80b78f8297d945224d,OpenAlex author ID
Author productivity,Canonical work count,Justin L. Sewell,2,477,0.4,,openalex:https://openalex.org/a5021457390,authorship-covered canonical works,canonical works with usable structured OpenAlex authorship,multiple response; one count per unique author per work,302dee907e926e18ddba;68306d2649f0e34ccfa7,OpenAlex author ID
Author productivity,Canonical work count,Karim Pajazetovic,2,477,0.4,,openalex:https://openalex.org/a5097902682,authorship-covered canonical works,canonical works with usable structured OpenAlex authorship,multiple response; one count per unique author per work,180163049fadb98a0ef8;9ba2ceb3ea808e2794a1,OpenAlex author ID
Author productivity,Canonical work count,Kazuki Tokumasu,2,477,0.4,,openalex:https://openalex.org/a5030522792,authorship-covered canonical works,canonical works with usable structured OpenAlex authorship,multiple response; one count per unique author per work,4fdab8147c5288a598e6;f4631b37b9a1fd57d914,OpenAlex author ID
Author productivity,Canonical work count,Kazuya Mizuta,2,477,0.4,,openalex:https://openalex.org/a5024124710,authorship-covered canonical works,canonical works with usable structured OpenAlex authorship,multiple response; one count per unique author per work,4fdab8147c5288a598e6;f4631b37b9a1fd57d914,OpenAlex author ID
Author productivity,Canonical work count,Ken Hok Man Ho,2,477,0.4,,openalex:https://openalex.org/a5015211275,authorship-covered canonical works,canonical works with usable structured OpenAlex authorship,multiple response; one count per unique author per work,0b1e929029c5b43c5beb;891bdc5ee1f3d07f820a,OpenAlex author ID
Author productivity,Canonical work count,Kerstin Denecke,2,477,0.4,,openalex:https://openalex.org/a5024787898,authorship-covered canonical works,canonical works with usable structured OpenAlex authorship,multiple response; one count per unique author per work,0b1b0febb2293831bcc0;18f9eaf414ec69e25aad,OpenAlex author ID
Author productivity,Canonical work count,Kiyoshi Shikino,2,477,0.4,,openalex:https://openalex.org/a5074485592,authorship-covered canonical works,canonical works with usable structured OpenAlex authorship,multiple response; one count per unique author per work,da8839d00c24db7f6ad6;fd0c4ec164cda596074b,OpenAlex author ID
Author productivity,Canonical work count,Kunpeng Huang,2,477,0.4,,openalex:https://openalex.org/a5087328203,authorship-covered canonical works,canonical works with usable structured OpenAlex authorship,multiple response; one count per unique author per work,43f6ad0fa6f4597d56fc;bc52d7f8f145e43beefc,OpenAlex author ID
Author productivity,Canonical work count,L. Paulauskas,2,477,0.4,,openalex:https://openalex.org/a5060177797,authorship-covered canonical works,canonical works with usable structured OpenAlex authorship,multiple response; one count per unique author per work,ae74530d7e9fa7f91f65;e9d6ceded269a04cde99,OpenAlex author ID
Author productivity,Canonical work count,Laurah Turner,2,477,0.4,,openalex:https://openalex.org/a5050352146,authorship-covered canonical works,canonical works with usable structured OpenAlex authorship,multiple response; one count per unique author per work,9b778c91d64124298579;d885762caf8919afe125,OpenAlex author ID
Author productivity,Canonical work count,Lei Zou,2,477,0.4,,openalex:https://openalex.org/a5030906930,authorship-covered canonical works,canonical works with usable structured OpenAlex authorship,multiple response; one count per unique author per work,04b48ce4dda567febfa2;0fe5747ae7b23830be21,OpenAlex author ID
Author productivity,Canonical work count,Leigh V. Evans,2,477,0.4,,openalex:https://openalex.org/a5062776646,authorship-covered canonical works,canonical works with usable structured OpenAlex authorship,multiple response; one count per unique author per work,c6db1164aeacaa778bd4;ea8e0a7c38a125bf8f1d,OpenAlex author ID
Author productivity,Canonical work count,Liam N Hobson,2,477,0.4,,openalex:https://openalex.org/a5077338691,authorship-covered canonical works,canonical works with usable structured OpenAlex authorship,multiple response; one count per unique author per work,0aea8997b3d07a3c7455;b94b9bcb1d96d93db9c0,OpenAlex author ID
Author productivity,Canonical work count,Lillian Gelberg,2,477,0.4,,openalex:https://openalex.org/a5001535072,authorship-covered canonical works,canonical works with usable structured OpenAlex authorship,multiple response; one count per unique author per work,24c93ac0955292251f20;f74b171e97e291bab8d3,OpenAlex author ID
Author productivity,Canonical work count,Marian Prinz,2,477,0.4,,openalex:https://openalex.org/a5114126478,authorship-covered canonical works,canonical works with usable structured OpenAlex authorship,multiple response; one count per unique author per work,4c4dc7fcefb1e9f3abdf;e73b99fafd0009a6e927,OpenAlex author ID
Author productivity,Canonical work count,Martin Holderried,2,477,0.4,,openalex:https://openalex.org/a5011685827,authorship-covered canonical works,canonical works with usable structured OpenAlex authorship,multiple response; one count per unique author per work,01a746b554d461cb998c;cfa4cceea1f21315935e,OpenAlex author ID
Author productivity,Canonical work count,Masaki Uto,2,477,0.4,,openalex:https://openalex.org/a5060310626,authorship-covered canonical works,canonical works with usable structured OpenAlex authorship,multiple response; one count per unique author per work,4b5e1bc310423d1d0555;f31767356a0db5360a3d,OpenAlex author ID
Author productivity,Canonical work count,Matthew Pears,2,477,0.4,,openalex:https://openalex.org/a5002059616,authorship-covered canonical works,canonical works with usable structured OpenAlex authorship,multiple response; one count per unique author per work,8a1c6e7038c447a20568;db80308782a219cbea0e,OpenAlex author ID
Author productivity,Canonical work count,Matthew Sibbald,2,477,0.4,,openalex:https://openalex.org/a5053037728,authorship-covered canonical works,canonical works with usable structured OpenAlex authorship,multiple response; one count per unique author per work,58483951ebaed609e26a;91738aa3fb8146efb96d,OpenAlex author ID
Author productivity,Canonical work count,Michael Cole,2,477,0.4,,openalex:https://openalex.org/a5082832293,authorship-covered canonical works,canonical works with usable structured OpenAlex authorship,multiple response; one count per unique author per work,43f6ad0fa6f4597d56fc;bc52d7f8f145e43beefc,OpenAlex author ID
Author productivity,Canonical work count,Michael Holcomb,2,477,0.4,,openalex:https://openalex.org/a5034641989,authorship-covered canonical works,canonical works with usable structured OpenAlex authorship,multiple response; one count per unique author per work,296fc2ba93325a6b3ed0;9b5ff9099d241db5f86a,OpenAlex author ID
Author productivity,Canonical work count,Michael J. Holcomb,2,477,0.4,,openalex:https://openalex.org/a5001219539,authorship-covered canonical works,canonical works with usable structured OpenAlex authorship,multiple response; one count per unique author per work,44090e715310ee158f37;67e2860b474712736027,OpenAlex author ID
Author productivity,Canonical work count,Minoru Kishi,2,477,0.4,,openalex:https://openalex.org/a5003136392,authorship-covered canonical works,canonical works with usable structured OpenAlex authorship,multiple response; one count per unique author per work,da8839d00c24db7f6ad6;fd0c4ec164cda596074b,OpenAlex author ID
Author productivity,Canonical work count,Mohamed Benfatah,2,477,0.4,,openalex:https://openalex.org/a5054335424,authorship-covered canonical works,canonical works with usable structured OpenAlex authorship,multiple response; one count per unique author per work,ac37bfba546f78614410;adf94a39c16c36a40d45,OpenAlex author ID
Author productivity,Canonical work count,Moritz Mahling,2,477,0.4,,openalex:https://openalex.org/a5046803386,authorship-covered canonical works,canonical works with usable structured OpenAlex authorship,multiple response; one count per unique author per work,01a746b554d461cb998c;cfa4cceea1f21315935e,OpenAlex author ID
Author productivity,Canonical work count,Nallely Guadalupe Aguilar-Marchand,2,477,0.4,,openalex:https://openalex.org/a5118898348,authorship-covered canonical works,canonical works with usable structured OpenAlex authorship,multiple response; one count per unique author per work,59ac00c951a84da39213;98c23d01b9fb23bd43c4,OpenAlex author ID
Author productivity,Canonical work count,Naoki Shindo,2,477,0.4,,openalex:https://openalex.org/a5099777003,authorship-covered canonical works,canonical works with usable structured OpenAlex authorship,multiple response; one count per unique author per work,4b5e1bc310423d1d0555;f31767356a0db5360a3d,OpenAlex author ID
Author productivity,Canonical work count,Patricia A. Ganz,2,477,0.4,,openalex:https://openalex.org/a5103153387,authorship-covered canonical works,canonical works with usable structured OpenAlex authorship,multiple response; one count per unique author per work,24c93ac0955292251f20;f74b171e97e291bab8d3,OpenAlex author ID
Author productivity,Canonical work count,Patrikas Armalis,2,477,0.4,,openalex:https://openalex.org/a5117711269,authorship-covered canonical works,canonical works with usable structured OpenAlex authorship,multiple response; one count per unique author per work,ae74530d7e9fa7f91f65;e9d6ceded269a04cde99,OpenAlex author ID
Author productivity,Canonical work count,Pippa Furey,2,477,0.4,,openalex:https://openalex.org/a5115877585,authorship-covered canonical works,canonical works with usable structured OpenAlex authorship,multiple response; one count per unique author per work,a03df064164f1b54d1d5;b6f4bfb66f82ba008b32,OpenAlex author ID
Author productivity,Canonical work count,Qiong Zhang,2,477,0.4,,openalex:https://openalex.org/a5043437072,authorship-covered canonical works,canonical works with usable structured OpenAlex authorship,multiple response; one count per unique author per work,a4d746b41f7f88ceb127;c58a4682ca46d2e66e96,OpenAlex author ID
Author productivity,Canonical work count,Qiwen Xiong,2,477,0.4,,openalex:https://openalex.org/a5118845699,authorship-covered canonical works,canonical works with usable structured OpenAlex authorship,multiple response; one count per unique author per work,4eabef99b9ccb8ef8fd4;758d651bc8d5020199f1,OpenAlex author ID
Author productivity,Canonical work count,Richard Selinfreund,2,477,0.4,,openalex:https://openalex.org/a5084600931,authorship-covered canonical works,canonical works with usable structured OpenAlex authorship,multiple response; one count per unique author per work,4ef0a8247384321e8b47;8db4130844dc8d367d1f,OpenAlex author ID
Author productivity,Canonical work count,Riordan Alfredo,2,477,0.4,,openalex:https://openalex.org/a5054207932,authorship-covered canonical works,canonical works with usable structured OpenAlex authorship,multiple response; one count per unique author per work,43f6ad0fa6f4597d56fc;d11ce96adb05741aef6d,OpenAlex author ID
Author productivity,Canonical work count,S H Hasan,2,477,0.4,,openalex:https://openalex.org/a5108537041,authorship-covered canonical works,canonical works with usable structured OpenAlex authorship,multiple response; one count per unique author per work,588316012a3f2d9b790a;9287cf74b213e44a489d,OpenAlex author ID
Author productivity,Canonical work count,Sachini Samaraweera,2,477,0.4,,openalex:https://openalex.org/a5134578343,authorship-covered canonical works,canonical works with usable structured OpenAlex authorship,multiple response; one count per unique author per work,26de74e3debea64ac297;d11ce96adb05741aef6d,OpenAlex author ID
Author productivity,Canonical work count,Sara Maaz,2,477,0.4,,openalex:https://openalex.org/a5116088933,authorship-covered canonical works,canonical works with usable structured OpenAlex authorship,multiple response; one count per unique author per work,155acc9f21eba7b06b56;eb8b75c75edacbfa547b,OpenAlex author ID
Author productivity,Canonical work count,Sebastian Bürklein,2,477,0.4,,openalex:https://openalex.org/a5070564213,authorship-covered canonical works,canonical works with usable structured OpenAlex authorship,multiple response; one count per unique author per work,4c4dc7fcefb1e9f3abdf;e73b99fafd0009a6e927,OpenAlex author ID
Author productivity,Canonical work count,Sergio Trujillo López,2,477,0.4,,openalex:https://openalex.org/a5042187442,authorship-covered canonical works,canonical works with usable structured OpenAlex authorship,multiple response; one count per unique author per work,6d85b580a0562cc121d4;a2883a095e505041a802,OpenAlex author ID
Author productivity,Canonical work count,Shangman Li,2,477,0.4,,openalex:https://openalex.org/a5021065685,authorship-covered canonical works,canonical works with usable structured OpenAlex authorship,multiple response; one count per unique author per work,906c1e2afc9ab8dc6794;sci_829c4bcf5b773dba44a2,OpenAlex author ID
Author productivity,Canonical work count,Sho Nagai,2,477,0.4,,openalex:https://openalex.org/a5072086303,authorship-covered canonical works,canonical works with usable structured OpenAlex authorship,multiple response; one count per unique author per work,da8839d00c24db7f6ad6;fd0c4ec164cda596074b,OpenAlex author ID
Author productivity,Canonical work count,Sixie Li,2,477,0.4,,openalex:https://openalex.org/a5047041532,authorship-covered canonical works,canonical works with usable structured OpenAlex authorship,multiple response; one count per unique author per work,a4d746b41f7f88ceb127;c58a4682ca46d2e66e96,OpenAlex author ID
Author productivity,Canonical work count,Smitha Sukumar,2,477,0.4,,openalex:https://openalex.org/a5028757789,authorship-covered canonical works,canonical works with usable structured OpenAlex authorship,multiple response; one count per unique author per work,b2f1db675b2599e354ab;eb0a6b505c3ccc9e534d,OpenAlex author ID
Author productivity,Canonical work count,Sol Vedovato,2,477,0.4,,openalex:https://openalex.org/a5095842506,authorship-covered canonical works,canonical works with usable structured OpenAlex authorship,multiple response; one count per unique author per work,67e2860b474712736027;9b5ff9099d241db5f86a,OpenAlex author ID
Author productivity,Canonical work count,Stathis Konstantinidis,2,477,0.4,,openalex:https://openalex.org/a5065727328,authorship-covered canonical works,canonical works with usable structured OpenAlex authorship,multiple response; one count per unique author per work,8a1c6e7038c447a20568;db80308782a219cbea0e,OpenAlex author ID
Author productivity,Canonical work count,Sungyoul Choi,2,477,0.4,,openalex:https://openalex.org/a5101153099,authorship-covered canonical works,canonical works with usable structured OpenAlex authorship,multiple response; one count per unique author per work,15b1e2fee67db58575b7;ed072d60d05f5e236143,OpenAlex author ID
Author productivity,Canonical work count,Surarong Chinwong,2,477,0.4,,openalex:https://openalex.org/a5081690752,authorship-covered canonical works,canonical works with usable structured OpenAlex authorship,multiple response; one count per unique author per work,08cc34de5385d0bd76a6;60f8f44c77f909f61dc3,OpenAlex author ID
Author productivity,Canonical work count,Susannah Cornes,2,477,0.4,,openalex:https://openalex.org/a5087407853,authorship-covered canonical works,canonical works with usable structured OpenAlex authorship,multiple response; one count per unique author per work,302dee907e926e18ddba;68306d2649f0e34ccfa7,OpenAlex author ID
Author productivity,Canonical work count,Takeshi Kondo,2,477,0.4,,openalex:https://openalex.org/a5029028193,authorship-covered canonical works,canonical works with usable structured OpenAlex authorship,multiple response; one count per unique author per work,da8839d00c24db7f6ad6;fd0c4ec164cda596074b,OpenAlex author ID
Author productivity,Canonical work count,Taro Shimizu,2,477,0.4,,openalex:https://openalex.org/a5012449169,authorship-covered canonical works,canonical works with usable structured OpenAlex authorship,multiple response; one count per unique author per work,0c75f057197182777687;f4631b37b9a1fd57d914,OpenAlex author ID
Author productivity,Canonical work count,Terika McCall,2,477,0.4,,openalex:https://openalex.org/a5084567198,authorship-covered canonical works,canonical works with usable structured OpenAlex authorship,multiple response; one count per unique author per work,c6db1164aeacaa778bd4;ea8e0a7c38a125bf8f1d,OpenAlex author ID
Author productivity,Canonical work count,Thitichaya Penthinapong,2,477,0.4,,openalex:https://openalex.org/a5092379084,authorship-covered canonical works,canonical works with usable structured OpenAlex authorship,multiple response; one count per unique author per work,08cc34de5385d0bd76a6;60f8f44c77f909f61dc3,OpenAlex author ID
Author productivity,Canonical work count,Thomas Kropmans,2,477,0.4,,openalex:https://openalex.org/a5136644078,authorship-covered canonical works,canonical works with usable structured OpenAlex authorship,multiple response; one count per unique author per work,11f31f18ad70545cab85;f1b256cdccd6208d0cc8,OpenAlex author ID
Author productivity,Canonical work count,Toshio Naito,2,477,0.4,,openalex:https://openalex.org/a5067992113,authorship-covered canonical works,canonical works with usable structured OpenAlex authorship,multiple response; one count per unique author per work,da8839d00c24db7f6ad6;fd0c4ec164cda596074b,OpenAlex author ID
Author productivity,Canonical work count,Vitaliy Popov,2,477,0.4,,openalex:https://openalex.org/a5028002882,authorship-covered canonical works,canonical works with usable structured OpenAlex authorship,multiple response; one count per unique author per work,327767a02786d8ff7a19;bc52d7f8f145e43beefc,OpenAlex author ID
Author productivity,Canonical work count,W. Scott Comulada,2,477,0.4,,openalex:https://openalex.org/a5049418032,authorship-covered canonical works,canonical works with usable structured OpenAlex authorship,multiple response; one count per unique author per work,24c93ac0955292251f20;f74b171e97e291bab8d3,OpenAlex author ID
Author productivity,Canonical work count,William Ivegren,2,477,0.4,,openalex:https://openalex.org/a5117778077,authorship-covered canonical works,canonical works with usable structured OpenAlex authorship,multiple response; one count per unique author per work,db6b016a13edb570269a;ed80b78f8297d945224d,OpenAlex author ID
Author productivity,Canonical work count,Xiaoming Huang,2,477,0.4,,openalex:https://openalex.org/a5100668773,authorship-covered canonical works,canonical works with usable structured OpenAlex authorship,multiple response; one count per unique author per work,1158803af3fb0ab9c072;73a1f91733c91359d5f0,OpenAlex author ID
Author productivity,Canonical work count,Yann Hicke,2,477,0.4,,openalex:https://openalex.org/a5020815501,authorship-covered canonical works,canonical works with usable structured OpenAlex authorship,multiple response; one count per unique author per work,302dee907e926e18ddba;68306d2649f0e34ccfa7,OpenAlex author ID
Author productivity,Canonical work count,Yeo Eun Shin,2,477,0.4,,openalex:https://openalex.org/a5101282001,authorship-covered canonical works,canonical works with usable structured OpenAlex authorship,multiple response; one count per unique author per work,3b0e82db448631888b4c;c6db1164aeacaa778bd4,OpenAlex author ID
Author productivity,Canonical work count,Yizhou Fan,2,477,0.4,,openalex:https://openalex.org/a5006305255,authorship-covered canonical works,canonical works with usable structured OpenAlex authorship,multiple response; one count per unique author per work,44d09fb5dabfde2e9e31;6d60da2f964efcc60587,OpenAlex author ID
Author productivity,Canonical work count,Yoshinori Tokushima,2,477,0.4,,openalex:https://openalex.org/a5068690256,authorship-covered canonical works,canonical works with usable structured OpenAlex authorship,multiple response; one count per unique author per work,da8839d00c24db7f6ad6;fd0c4ec164cda596074b,OpenAlex author ID
Author productivity,Canonical work count,Yoshitaka Tomoda,2,477,0.4,,openalex:https://openalex.org/a5083197923,authorship-covered canonical works,canonical works with usable structured OpenAlex authorship,multiple response; one count per unique author per work,da8839d00c24db7f6ad6;fd0c4ec164cda596074b,OpenAlex author ID
Author productivity,Canonical work count,Yuan Pu,2,477,0.4,,openalex:https://openalex.org/a5102594912,authorship-covered canonical works,canonical works with usable structured OpenAlex authorship,multiple response; one count per unique author per work,3b0e82db448631888b4c;ea8e0a7c38a125bf8f1d,OpenAlex author ID
Author productivity,Canonical work count,Yue Huang,2,477,0.4,,openalex:https://openalex.org/a5069741963,authorship-covered canonical works,canonical works with usable structured OpenAlex authorship,multiple response; one count per unique author per work,24c93ac0955292251f20;f74b171e97e291bab8d3,OpenAlex author ID
Author productivity,Canonical work count,Yuji Yamada,2,477,0.4,,openalex:https://openalex.org/a5008486766,authorship-covered canonical works,canonical works with usable structured OpenAlex authorship,multiple response; one count per unique author per work,da8839d00c24db7f6ad6;fd0c4ec164cda596074b,OpenAlex author ID
Author productivity,Canonical work count,Yupei Duan,2,477,0.4,,openalex:https://openalex.org/a5011253240,authorship-covered canonical works,canonical works with usable structured OpenAlex authorship,multiple response; one count per unique author per work,906c1e2afc9ab8dc6794;sci_829c4bcf5b773dba44a2,OpenAlex author ID
Author productivity,Canonical work count,A Subocius,1,477,0.2,,openalex:https://openalex.org/a5081472495,authorship-covered canonical works,canonical works with usable structured OpenAlex authorship,multiple response; one count per unique author per work,e9d6ceded269a04cde99,OpenAlex author ID
Author productivity,Canonical work count,A. Albrizio,1,477,0.2,,openalex:https://openalex.org/a5088541887,authorship-covered canonical works,canonical works with usable structured OpenAlex authorship,multiple response; one count per unique author per work,07d462beafe4d21ba016,OpenAlex author ID
Author productivity,Canonical work count,A. Bhardwaj,1,477,0.2,,openalex:https://openalex.org/a5123519824,authorship-covered canonical works,canonical works with usable structured OpenAlex authorship,multiple response; one count per unique author per work,d644a8da3cdeae0603e0,OpenAlex author ID
Author productivity,Canonical work count,A. Campbell Sullivan,1,477,0.2,,openalex:https://openalex.org/a5080630805,authorship-covered canonical works,canonical works with usable structured OpenAlex authorship,multiple response; one count per unique author per work,24ffbec5a9dbce04e0fd,OpenAlex author ID
Author productivity,Canonical work count,A. Gilbert Jack,1,477,0.2,,openalex:https://openalex.org/a5009794494,authorship-covered canonical works,canonical works with usable structured OpenAlex authorship,multiple response; one count per unique author per work,302dee907e926e18ddba,OpenAlex author ID
Author productivity,Canonical work count,A. K. Martin,1,477,0.2,,openalex:https://openalex.org/a5123510740,authorship-covered canonical works,canonical works with usable structured OpenAlex authorship,multiple response; one count per unique author per work,d644a8da3cdeae0603e0,OpenAlex author ID
Author productivity,Canonical work count,A. Li,1,477,0.2,,openalex:https://openalex.org/a5045072554,authorship-covered canonical works,canonical works with usable structured OpenAlex authorship,multiple response; one count per unique author per work,sci_7924be52acf88877d8df,OpenAlex author ID
Author productivity,Canonical work count,A. Mohammed,1,477,0.2,,openalex:https://openalex.org/a5114180309,authorship-covered canonical works,canonical works with usable structured OpenAlex authorship,multiple response; one count per unique author per work,76597dc445d9df2ae743,OpenAlex author ID
Author productivity,Canonical work count,A. Pryke-Hobbes,1,477,0.2,,openalex:https://openalex.org/a5123477601,authorship-covered canonical works,canonical works with usable structured OpenAlex authorship,multiple response; one count per unique author per work,d644a8da3cdeae0603e0,OpenAlex author ID
Author productivity,Canonical work count,A. Sivasangari,1,477,0.2,,openalex:https://openalex.org/a5043474262,authorship-covered canonical works,canonical works with usable structured OpenAlex authorship,multiple response; one count per unique author per work,3e3d7476a0d0198a12a3,OpenAlex author ID
Author productivity,Canonical work count,Aarav Purohit,1,477,0.2,,openalex:https://openalex.org/a5146981823,authorship-covered canonical works,canonical works with usable structured OpenAlex authorship,multiple response; one count per unique author per work,425ec6ee2ca714b7434a,OpenAlex author ID
Author productivity,Canonical work count,Aaron Lawson McLean,1,477,0.2,,openalex:https://openalex.org/a5075371405,authorship-covered canonical works,canonical works with usable structured OpenAlex authorship,multiple response; one count per unique author per work,5d6128771afb1cccb251,OpenAlex author ID
Author productivity,Canonical work count,Aashritha Buchipudi,1,477,0.2,,openalex:https://openalex.org/a5095851979,authorship-covered canonical works,canonical works with usable structured OpenAlex authorship,multiple response; one count per unique author per work,f54e36609097c96e8b6d,OpenAlex author ID
Author productivity,Canonical work count,Aatreya Sugur,1,477,0.2,,openalex:https://openalex.org/a5139646912,authorship-covered canonical works,canonical works with usable structured OpenAlex authorship,multiple response; one count per unique author per work,4f796e0ce90dce8d4da8,OpenAlex author ID
Author productivity,Canonical work count,Aayush Visaria,1,477,0.2,,openalex:https://openalex.org/a5060209978,authorship-covered canonical works,canonical works with usable structured OpenAlex authorship,multiple response; one count per unique author per work,425ec6ee2ca714b7434a,OpenAlex author ID
Author productivity,Canonical work count,Abdelghafour Marfak,1,477,0.2,,openalex:https://openalex.org/a5024805890,authorship-covered canonical works,canonical works with usable structured OpenAlex authorship,multiple response; one count per unique author per work,adf94a39c16c36a40d45,OpenAlex author ID
Author productivity,Canonical work count,Abdelmonim El Fadely,1,477,0.2,,openalex:https://openalex.org/a5093687686,authorship-covered canonical works,canonical works with usable structured OpenAlex authorship,multiple response; one count per unique author per work,49a3c3f5df637d33e854,OpenAlex author ID
Author productivity,Canonical work count,Abderraouf Hilali,1,477,0.2,,openalex:https://openalex.org/a5103043759,authorship-covered canonical works,canonical works with usable structured OpenAlex authorship,multiple response; one count per unique author per work,adf94a39c16c36a40d45,OpenAlex author ID
Author productivity,Canonical work count,Abdulla Elkhadrawy,1,477,0.2,,openalex:https://openalex.org/a5137020551,authorship-covered canonical works,canonical works with usable structured OpenAlex authorship,multiple response; one count per unique author per work,sci_7924be52acf88877d8df,OpenAlex author ID
Author productivity,Canonical work count,Abdullah Saeed Khan,1,477,0.2,,openalex:https://openalex.org/a5127211557,authorship-covered canonical works,canonical works with usable structured OpenAlex authorship,multiple response; one count per unique author per work,9287cf74b213e44a489d,OpenAlex author ID
Author productivity,Canonical work count,Abeer Alhaj Ali,1,477,0.2,,openalex:https://openalex.org/a5075511689,authorship-covered canonical works,canonical works with usable structured OpenAlex authorship,multiple response; one count per unique author per work,4bae43896a7e20da2e4b,OpenAlex author ID
Author productivity,Canonical work count,Abel Xavier de Oliveira Fernandes,1,477,0.2,,openalex:https://openalex.org/a5139564949,authorship-covered canonical works,canonical works with usable structured OpenAlex authorship,multiple response; one count per unique author per work,1563f87491d1ce4d02fb,OpenAlex author ID
Author productivity,Canonical work count,Abhima Mallika Bhasurangan,1,477,0.2,,openalex:https://openalex.org/a5139092915,authorship-covered canonical works,canonical works with usable structured OpenAlex authorship,multiple response; one count per unique author per work,d6b29e9cea0c868cc28e,OpenAlex author ID
Author productivity,Canonical work count,Abhinav Kanwal,1,477,0.2,,openalex:https://openalex.org/a5064238194,authorship-covered canonical works,canonical works with usable structured OpenAlex authorship,multiple response; one count per unique author per work,5c99d6be17d81210020f,OpenAlex author ID
Author productivity,Canonical work count,Abraham Wai Hin Wan,1,477,0.2,,name-only:0b1e929029c5b43c5beb:6d9e854d8aec1f4e,authorship-covered canonical works,canonical works with usable structured OpenAlex authorship,multiple response; one count per unique author per work,0b1e929029c5b43c5beb,name-only record; duplicates collapsed within work only; not merged across works
Author productivity,Canonical work count,Abrahim Abduelmula,1,477,0.2,,openalex:https://openalex.org/a5003188516,authorship-covered canonical works,canonical works with usable structured OpenAlex authorship,multiple response; one count per unique author per work,243562012607f7033171,OpenAlex author ID
Author productivity,Canonical work count,Absalón Quiroz Farfán,1,477,0.2,,openalex:https://openalex.org/a5104678414,authorship-covered canonical works,canonical works with usable structured OpenAlex authorship,multiple response; one count per unique author per work,501d19c3bd3160083e8a,OpenAlex author ID
Author productivity,Canonical work count,Ada Frankowska,1,477,0.2,,openalex:https://openalex.org/a5068828859,authorship-covered canonical works,canonical works with usable structured OpenAlex authorship,multiple response; one count per unique author per work,14a6c8b99daf76e8179d,OpenAlex author ID
Author productivity,Canonical work count,Adaiele Lucia Nogueira Vieira da Silva,1,477,0.2,,openalex:https://openalex.org/a5075904280,authorship-covered canonical works,canonical works with usable structured OpenAlex authorship,multiple response; one count per unique author per work,b924bd45d30abb49831e,OpenAlex author ID
Author productivity,Canonical work count,Adam Dubrowski,1,477,0.2,,openalex:https://openalex.org/a5079435302,authorship-covered canonical works,canonical works with usable structured OpenAlex authorship,multiple response; one count per unique author per work,63c69a200d415bc42d9b,OpenAlex author ID
Author productivity,Canonical work count,Adam S. Budzikowski,1,477,0.2,,openalex:https://openalex.org/a5083627071,authorship-covered canonical works,canonical works with usable structured OpenAlex authorship,multiple response; one count per unique author per work,2366390c9f679e2c90b7,OpenAlex author ID
Author productivity,Canonical work count,Adam Western,1,477,0.2,,openalex:https://openalex.org/a5044489927,authorship-covered canonical works,canonical works with usable structured OpenAlex authorship,multiple response; one count per unique author per work,8db4130844dc8d367d1f,OpenAlex author ID
Author productivity,Canonical work count,Adil H. Haider,1,477,0.2,,openalex:https://openalex.org/a5032965096,authorship-covered canonical works,canonical works with usable structured OpenAlex authorship,multiple response; one count per unique author per work,ba93136b38c9a66d059f,OpenAlex author ID
Author productivity,Canonical work count,Aditya Desu,1,477,0.2,,openalex:https://openalex.org/a5107111983,authorship-covered canonical works,canonical works with usable structured OpenAlex authorship,multiple response; one count per unique author per work,fa24b39d9c9c2f6142d6,OpenAlex author ID
Author productivity,Canonical work count,Aditya Singh,1,477,0.2,,openalex:https://openalex.org/a5124229344,authorship-covered canonical works,canonical works with usable structured OpenAlex authorship,multiple response; one count per unique author per work,166aa3cc368ebd076b91,OpenAlex author ID
Author productivity,Canonical work count,Adolfo Rene Méndez-Cruz,1,477,0.2,,openalex:https://openalex.org/a5021699851,authorship-covered canonical works,canonical works with usable structured OpenAlex authorship,multiple response; one count per unique author per work,7f84c902e862e25dbf2c,OpenAlex author ID
Author productivity,Canonical work count,Adolfo René Méndez Cruz,1,477,0.2,,openalex:https://openalex.org/a5122212273,authorship-covered canonical works,canonical works with usable structured OpenAlex authorship,multiple response; one count per unique author per work,d0ead936020ec24f78a7,OpenAlex author ID
Author productivity,Canonical work count,Adriana Taveira da Cruz Peres,1,477,0.2,,openalex:https://openalex.org/a5004160265,authorship-covered canonical works,canonical works with usable structured OpenAlex authorship,multiple response; one count per unique author per work,19e84bd61f0782eec51c,OpenAlex author ID
Author productivity,Canonical work count,Adrienne Biskaduros,1,477,0.2,,openalex:https://openalex.org/a5029771191,authorship-covered canonical works,canonical works with usable structured OpenAlex authorship,multiple response; one count per unique author per work,sci_7924be52acf88877d8df,OpenAlex author ID
Author productivity,Canonical work count,Advaith Bongu,1,477,0.2,,openalex:https://openalex.org/a5147014091,authorship-covered canonical works,canonical works with usable structured OpenAlex authorship,multiple response; one count per unique author per work,425ec6ee2ca714b7434a,OpenAlex author ID
Author productivity,Canonical work count,Aeri Jang,1,477,0.2,,openalex:https://openalex.org/a5039457568,authorship-covered canonical works,canonical works with usable structured OpenAlex authorship,multiple response; one count per unique author per work,e82a026a5524b0d4f0d3,OpenAlex author ID
Author productivity,Canonical work count,Afreenish Malik,1,477,0.2,,openalex:https://openalex.org/a5005874977,authorship-covered canonical works,canonical works with usable structured OpenAlex authorship,multiple response; one count per unique author per work,6fb769efa53620e383b7,OpenAlex author ID
Author productivity,Canonical work count,Aghilès Hamroun,1,477,0.2,,openalex:https://openalex.org/a5089993420,authorship-covered canonical works,canonical works with usable structured OpenAlex authorship,multiple response; one count per unique author per work,03345c1deb2aad29820e,OpenAlex author ID
Author productivity,Canonical work count,Agrika Gupta,1,477,0.2,,openalex:https://openalex.org/a5076411881,authorship-covered canonical works,canonical works with usable structured OpenAlex authorship,multiple response; one count per unique author per work,f9c1bb8b50eb65edbf84,OpenAlex author ID
Author productivity,Canonical work count,Ahmed Azough,1,477,0.2,,name-only:sci_0f0b074ee785f63a5645:bf0ce8f9b12129c7,authorship-covered canonical works,canonical works with usable structured OpenAlex authorship,multiple response; one count per unique author per work,sci_0f0b074ee785f63a5645,name-only record; duplicates collapsed within work only; not merged across works
Author productivity,Canonical work count,Ahmed Azough,1,477,0.2,,openalex:https://openalex.org/a5088490247,authorship-covered canonical works,canonical works with usable structured OpenAlex authorship,multiple response; one count per unique author per work,72f2fcd3a833c8b6e39e,OpenAlex author ID
Author productivity,Canonical work count,Ahmed Elhilali,1,477,0.2,,openalex:https://openalex.org/a5119101212,authorship-covered canonical works,canonical works with usable structured OpenAlex authorship,multiple response; one count per unique author per work,18f9eaf414ec69e25aad,OpenAlex author ID
Author productivity,Canonical work count,Ahmed N. Farrag,1,477,0.2,,openalex:https://openalex.org/a5102950016,authorship-covered canonical works,canonical works with usable structured OpenAlex authorship,multiple response; one count per unique author per work,aa05a5932f8ebb716574,OpenAlex author ID
Author productivity,Canonical work count,Ahmed Ouaamr,1,477,0.2,,openalex:https://openalex.org/a5044317174,authorship-covered canonical works,canonical works with usable structured OpenAlex authorship,multiple response; one count per unique author per work,49a3c3f5df637d33e854,OpenAlex author ID
Author productivity,Canonical work count,Ahmed Rhassane El Adib,1,477,0.2,,openalex:https://openalex.org/a5139909700,authorship-covered canonical works,canonical works with usable structured OpenAlex authorship,multiple response; one count per unique author per work,49a3c3f5df637d33e854,OpenAlex author ID
Author productivity,Canonical work count,Ahmet Harun Turgan,1,477,0.2,,openalex:https://openalex.org/a5099583746,authorship-covered canonical works,canonical works with usable structured OpenAlex authorship,multiple response; one count per unique author per work,ec6081495209898a9c42,OpenAlex author ID
Author productivity,Canonical work count,Aidan Arora,1,477,0.2,,openalex:https://openalex.org/a5129644894,authorship-covered canonical works,canonical works with usable structured OpenAlex authorship,multiple response; one count per unique author per work,91738aa3fb8146efb96d,OpenAlex author ID
Author productivity,Canonical work count,Aiden Koh,1,477,0.2,,openalex:https://openalex.org/a5030467046,authorship-covered canonical works,canonical works with usable structured OpenAlex authorship,multiple response; one count per unique author per work,9d44b976cb2c076751e8,OpenAlex author ID
Author productivity,Canonical work count,Aiping Cheng,1,477,0.2,,openalex:https://openalex.org/a5078142994,authorship-covered canonical works,canonical works with usable structured OpenAlex authorship,multiple response; one count per unique author per work,sci_7924be52acf88877d8df,OpenAlex author ID
Author productivity,Canonical work count,Aires Garcia dos Santos,1,477,0.2,,openalex:https://openalex.org/a5035465449,authorship-covered canonical works,canonical works with usable structured OpenAlex authorship,multiple response; one count per unique author per work,b924bd45d30abb49831e,OpenAlex author ID
Author productivity,Canonical work count,Aisling Nnenna Nnaji,1,477,0.2,,openalex:https://openalex.org/a5099337410,authorship-covered canonical works,canonical works with usable structured OpenAlex authorship,multiple response; one count per unique author per work,76597dc445d9df2ae743,OpenAlex author ID
Author productivity,Canonical work count,Akarin Hiransuthikul,1,477,0.2,,openalex:https://openalex.org/a5123536431,authorship-covered canonical works,canonical works with usable structured OpenAlex authorship,multiple response; one count per unique author per work,594d7ce86781a2e8398f,OpenAlex author ID
Author productivity,Canonical work count,Akiko Enomoto,1,477,0.2,,name-only:da8839d00c24db7f6ad6:2a0acd509a0ce989,authorship-covered canonical works,canonical works with usable structured OpenAlex authorship,multiple response; one count per unique author per work,da8839d00c24db7f6ad6,name-only record; duplicates collapsed within work only; not merged across works
Author productivity,Canonical work count,Akilan Amithasagaran,1,477,0.2,,openalex:https://openalex.org/a5120499333,authorship-covered canonical works,canonical works with usable structured OpenAlex authorship,multiple response; one count per unique author per work,b191e9f77e079eab9ed3,OpenAlex author ID
Author productivity,Canonical work count,Akira Yamamoto,1,477,0.2,,openalex:https://openalex.org/a5062820568,authorship-covered canonical works,canonical works with usable structured OpenAlex authorship,multiple response; one count per unique author per work,8fa1ae6b843e2388520d,OpenAlex author ID
Author productivity,Canonical work count,Akshat Sinha,1,477,0.2,,openalex:https://openalex.org/a5102906174,authorship-covered canonical works,canonical works with usable structured OpenAlex authorship,multiple response; one count per unique author per work,f54e36609097c96e8b6d,OpenAlex author ID
Author productivity,Canonical work count,Alan Whiteman,1,477,0.2,,openalex:https://openalex.org/a5133766162,authorship-covered canonical works,canonical works with usable structured OpenAlex authorship,multiple response; one count per unique author per work,50e4613efeaaadc861f8,OpenAlex author ID
Author productivity,Canonical work count,Albert Hoang,1,477,0.2,,openalex:https://openalex.org/a5020061116,authorship-covered canonical works,canonical works with usable structured OpenAlex authorship,multiple response; one count per unique author per work,7bda59402c9478eda64c,OpenAlex author ID
Author productivity,Canonical work count,Alberta Ajani,1,477,0.2,,openalex:https://openalex.org/a5137325345,authorship-covered canonical works,canonical works with usable structured OpenAlex authorship,multiple response; one count per unique author per work,7442954006aac8fa63fa,OpenAlex author ID
Author productivity,Canonical work count,Alberto Signoroni,1,477,0.2,,openalex:https://openalex.org/a5020236644,authorship-covered canonical works,canonical works with usable structured OpenAlex authorship,multiple response; one count per unique author per work,633dafafd7b2de3e7ad0,OpenAlex author ID
Author productivity,Canonical work count,Alec Isaiah Dayupay,1,477,0.2,,openalex:https://openalex.org/a5117737095,authorship-covered canonical works,canonical works with usable structured OpenAlex authorship,multiple response; one count per unique author per work,7fc0513f51b7c61dad31,OpenAlex author ID
Author productivity,Canonical work count,Aleksandra Kołtuniuk,1,477,0.2,,openalex:https://openalex.org/a5021446649,authorship-covered canonical works,canonical works with usable structured OpenAlex authorship,multiple response; one count per unique author per work,5dd47cd1855294dcfafd,OpenAlex author ID
Author productivity,Canonical work count,Alessandra Perrotta,1,477,0.2,,openalex:https://openalex.org/a5102679747,authorship-covered canonical works,canonical works with usable structured OpenAlex authorship,multiple response; one count per unique author per work,7d5cb710e5a6901bbaaa,OpenAlex author ID
Author productivity,Canonical work count,Alessandro Costa,1,477,0.2,,openalex:https://openalex.org/a5101637561,authorship-covered canonical works,canonical works with usable structured OpenAlex authorship,multiple response; one count per unique author per work,81337a44aeb46520e3ec,OpenAlex author ID
Author productivity,Canonical work count,Alessandro Costa,1,477,0.2,,openalex:https://openalex.org/a5140947389,authorship-covered canonical works,canonical works with usable structured OpenAlex authorship,multiple response; one count per unique author per work,56dc16bbc7cd98ca993a,OpenAlex author ID
Author productivity,Canonical work count,Alex Dalrymple,1,477,0.2,,openalex:https://openalex.org/a5135484375,authorship-covered canonical works,canonical works with usable structured OpenAlex authorship,multiple response; one count per unique author per work,593c7da1de5e9f26b59d,OpenAlex author ID
Author productivity,Canonical work count,Alex J. Goodell,1,477,0.2,,openalex:https://openalex.org/a5030617626,authorship-covered canonical works,canonical works with usable structured OpenAlex authorship,multiple response; one count per unique author per work,3a5aebe14250eec39412,OpenAlex author ID
Author productivity,Canonical work count,Alex Moreira Mélo,1,477,0.2,,openalex:https://openalex.org/a5032065609,authorship-covered canonical works,canonical works with usable structured OpenAlex authorship,multiple response; one count per unique author per work,3aba8ba7976a49acd0ac,OpenAlex author ID
Author productivity,Canonical work count,Alex Pak Lik Tsang,1,477,0.2,,openalex:https://openalex.org/a5013459544,authorship-covered canonical works,canonical works with usable structured OpenAlex authorship,multiple response; one count per unique author per work,3adc77e0b0502fcefcc3,OpenAlex author ID
Author productivity,Canonical work count,Alex Voisey,1,477,0.2,,openalex:https://openalex.org/a5117426904,authorship-covered canonical works,canonical works with usable structured OpenAlex authorship,multiple response; one count per unique author per work,c4f5fe90704c2aa68c75,OpenAlex author ID
Author productivity,Canonical work count,Alexander Borg,1,477,0.2,,openalex:https://openalex.org/a5126874843,authorship-covered canonical works,canonical works with usable structured OpenAlex authorship,multiple response; one count per unique author per work,ed80b78f8297d945224d,OpenAlex author ID
Author productivity,Canonical work count,Alexander Kaserer,1,477,0.2,,openalex:https://openalex.org/a5090475286,authorship-covered canonical works,canonical works with usable structured OpenAlex authorship,multiple response; one count per unique author per work,272439595ff3b96c35f3,OpenAlex author ID
Author productivity,Canonical work count,Alexandra Aster,1,477,0.2,,openalex:https://openalex.org/a5019405964,authorship-covered canonical works,canonical works with usable structured OpenAlex authorship,multiple response; one count per unique author per work,f5e8d39c518465a0d255,OpenAlex author ID
Author productivity,Canonical work count,Alexandra Klein-Rafaeli,1,477,0.2,,openalex:https://openalex.org/a5143626644,authorship-covered canonical works,canonical works with usable structured OpenAlex authorship,multiple response; one count per unique author per work,e4a287ed511b7be9baa5,OpenAlex author ID
Author productivity,Canonical work count,Alexandra Morales,1,477,0.2,,name-only:71a491a468f6c4c71249:cd5c57214007aec1,authorship-covered canonical works,canonical works with usable structured OpenAlex authorship,multiple response; one count per unique author per work,71a491a468f6c4c71249,name-only record; duplicates collapsed within work only; not merged across works
Author productivity,Canonical work count,Alexandre Hudon,1,477,0.2,,openalex:https://openalex.org/a5087484869,authorship-covered canonical works,canonical works with usable structured OpenAlex authorship,multiple response; one count per unique author per work,63c69a200d415bc42d9b,OpenAlex author ID
Author productivity,Canonical work count,Alexis Arturo Laguna-González,1,477,0.2,,openalex:https://openalex.org/a5119941969,authorship-covered canonical works,canonical works with usable structured OpenAlex authorship,multiple response; one count per unique author per work,7f84c902e862e25dbf2c,OpenAlex author ID
Author productivity,Canonical work count,Alfonso Lagares,1,477,0.2,,openalex:https://openalex.org/a5022382568,authorship-covered canonical works,canonical works with usable structured OpenAlex authorship,multiple response; one count per unique author per work,6ab002878664147423a1,OpenAlex author ID
Author productivity,Canonical work count,Ali Canturk,1,477,0.2,,openalex:https://openalex.org/a5124395733,authorship-covered canonical works,canonical works with usable structured OpenAlex authorship,multiple response; one count per unique author per work,ec6081495209898a9c42,OpenAlex author ID
Author productivity,Canonical work count,Alice Lethbridge,1,477,0.2,,openalex:https://openalex.org/a5117426907,authorship-covered canonical works,canonical works with usable structured OpenAlex authorship,multiple response; one count per unique author per work,c4f5fe90704c2aa68c75,OpenAlex author ID
Author productivity,Canonical work count,Alice Monzani,1,477,0.2,,openalex:https://openalex.org/a5038241203,authorship-covered canonical works,canonical works with usable structured OpenAlex authorship,multiple response; one count per unique author per work,81337a44aeb46520e3ec,OpenAlex author ID
Author productivity,Canonical work count,Alice Rueda,1,477,0.2,,openalex:https://openalex.org/a5052922837,authorship-covered canonical works,canonical works with usable structured OpenAlex authorship,multiple response; one count per unique author per work,63c69a200d415bc42d9b,OpenAlex author ID
Author productivity,Canonical work count,Alicia M. Drelick,1,477,0.2,,openalex:https://openalex.org/a5023842222,authorship-covered canonical works,canonical works with usable structured OpenAlex authorship,multiple response; one count per unique author per work,abda3007be07a5153c0c,OpenAlex author ID
Author productivity,Canonical work count,Alifya Mukadam,1,477,0.2,,name-only:14e96fc7b4c3181fd39b:28c5ddb6c3d82662,authorship-covered canonical works,canonical works with usable structured OpenAlex authorship,multiple response; one count per unique author per work,14e96fc7b4c3181fd39b,name-only record; duplicates collapsed within work only; not merged across works
Author productivity,Canonical work count,Alison Noble,1,477,0.2,,openalex:https://openalex.org/a5135371928,authorship-covered canonical works,canonical works with usable structured OpenAlex authorship,multiple response; one count per unique author per work,bed98da775e40e17c44e,OpenAlex author ID
Author productivity,Canonical work count,Alison R. Snyder Valier,1,477,0.2,,openalex:https://openalex.org/a5065982159,authorship-covered canonical works,canonical works with usable structured OpenAlex authorship,multiple response; one count per unique author per work,f917e0b66cef158b9df0,OpenAlex author ID
Author productivity,Canonical work count,Alison Sutton-Ryan,1,477,0.2,,openalex:https://openalex.org/a5091956522,authorship-covered canonical works,canonical works with usable structured OpenAlex authorship,multiple response; one count per unique author per work,907d492e03a26ae110b8,OpenAlex author ID
Author productivity,Canonical work count,Allen Chang,1,477,0.2,,name-only:72c30900482428bf1e49:603a65cd1d5115d3,authorship-covered canonical works,canonical works with usable structured OpenAlex authorship,multiple response; one count per unique author per work,72c30900482428bf1e49,name-only record; duplicates collapsed within work only; not merged across works
Author productivity,Canonical work count,Allen Dao,1,477,0.2,,openalex:https://openalex.org/a5107566365,authorship-covered canonical works,canonical works with usable structured OpenAlex authorship,multiple response; one count per unique author per work,c2a9bbee811cd29891e3,OpenAlex author ID
Author productivity,Canonical work count,Allison Mool,1,477,0.2,,openalex:https://openalex.org/a5096294117,authorship-covered canonical works,canonical works with usable structured OpenAlex authorship,multiple response; one count per unique author per work,8db4130844dc8d367d1f,OpenAlex author ID
Author productivity,Canonical work count,Alonso Vilches‐Flores,1,477,0.2,,openalex:https://openalex.org/a5089049559,authorship-covered canonical works,canonical works with usable structured OpenAlex authorship,multiple response; one count per unique author per work,98c23d01b9fb23bd43c4,OpenAlex author ID
Author productivity,Canonical work count,Altuğ Kanbakan,1,477,0.2,,openalex:https://openalex.org/a5060715133,authorship-covered canonical works,canonical works with usable structured OpenAlex authorship,multiple response; one count per unique author per work,df606ccebb857fa9a592,OpenAlex author ID
Author productivity,Canonical work count,Alun Hughes,1,477,0.2,,openalex:https://openalex.org/a5103828107,authorship-covered canonical works,canonical works with usable structured OpenAlex authorship,multiple response; one count per unique author per work,107a276748b6c98a2e50,OpenAlex author ID
Author productivity,Canonical work count,Alvaro Francisco Lopes de Sousa,1,477,0.2,,openalex:https://openalex.org/a5126479419,authorship-covered canonical works,canonical works with usable structured OpenAlex authorship,multiple response; one count per unique author per work,b924bd45d30abb49831e,OpenAlex author ID
Author productivity,Canonical work count,Aly Valliani,1,477,0.2,,openalex:https://openalex.org/a5026950052,authorship-covered canonical works,canonical works with usable structured OpenAlex authorship,multiple response; one count per unique author per work,50ac103890932b40242c,OpenAlex author ID
Author productivity,Canonical work count,Alyssa Sanchez,1,477,0.2,,openalex:https://openalex.org/a5133106917,authorship-covered canonical works,canonical works with usable structured OpenAlex authorship,multiple response; one count per unique author per work,50e4613efeaaadc861f8,OpenAlex author ID
Author productivity,Canonical work count,Amal Fahim ElQersh,1,477,0.2,,openalex:https://openalex.org/a5094106923,authorship-covered canonical works,canonical works with usable structured OpenAlex authorship,multiple response; one count per unique author per work,a9588de788e2402350be,OpenAlex author ID
Author productivity,Canonical work count,Amanda Ling Jie Yee,1,477,0.2,,openalex:https://openalex.org/a5113185585,authorship-covered canonical works,canonical works with usable structured OpenAlex authorship,multiple response; one count per unique author per work,f54e36609097c96e8b6d,OpenAlex author ID
Author productivity,Canonical work count,Amanda O’Malley,1,477,0.2,,openalex:https://openalex.org/a5103138645,authorship-covered canonical works,canonical works with usable structured OpenAlex authorship,multiple response; one count per unique author per work,107a276748b6c98a2e50,OpenAlex author ID
Author productivity,Canonical work count,Amanda S. Alexander,1,477,0.2,,openalex:https://openalex.org/a5102826169,authorship-covered canonical works,canonical works with usable structured OpenAlex authorship,multiple response; one count per unique author per work,bb3a5362f067d65fc98d,OpenAlex author ID
Author productivity,Canonical work count,Amani M. Ali,1,477,0.2,,openalex:https://openalex.org/a5123759136,authorship-covered canonical works,canonical works with usable structured OpenAlex authorship,multiple response; one count per unique author per work,aa05a5932f8ebb716574,OpenAlex author ID
Author productivity,Canonical work count,Amany El-Zeiny,1,477,0.2,,openalex:https://openalex.org/a5079780059,authorship-covered canonical works,canonical works with usable structured OpenAlex authorship,multiple response; one count per unique author per work,aa05a5932f8ebb716574,OpenAlex author ID
Author productivity,Canonical work count,Ambra Marx,1,477,0.2,,openalex:https://openalex.org/a5023553024,authorship-covered canonical works,canonical works with usable structured OpenAlex authorship,multiple response; one count per unique author per work,f5e8d39c518465a0d255,OpenAlex author ID
Author productivity,Canonical work count,Amin Molahassani,1,477,0.2,,openalex:https://openalex.org/a5126253674,authorship-covered canonical works,canonical works with usable structured OpenAlex authorship,multiple response; one count per unique author per work,437f09a0c472e4ba343e,OpenAlex author ID
Author productivity,Canonical work count,Amir Rahmani,1,477,0.2,,openalex:https://openalex.org/a5122948747,authorship-covered canonical works,canonical works with usable structured OpenAlex authorship,multiple response; one count per unique author per work,235688621e9d66593a40,OpenAlex author ID
Author productivity,Canonical work count,Amit Lakhani,1,477,0.2,,openalex:https://openalex.org/a5111858966,authorship-covered canonical works,canonical works with usable structured OpenAlex authorship,multiple response; one count per unique author per work,5c99d6be17d81210020f,OpenAlex author ID
Author productivity,Canonical work count,Amna C. Mazeh,1,477,0.2,,openalex:https://openalex.org/a5137547283,authorship-covered canonical works,canonical works with usable structured OpenAlex authorship,multiple response; one count per unique author per work,dcce0a8cef5543c4fec4,OpenAlex author ID
Author productivity,Canonical work count,Amna C. Mazeh,1,477,0.2,,openalex:https://openalex.org/a5076818756,authorship-covered canonical works,canonical works with usable structured OpenAlex authorship,multiple response; one count per unique author per work,44d09fb5dabfde2e9e31,OpenAlex author ID
Author productivity,Canonical work count,Amna Sohail,1,477,0.2,,openalex:https://openalex.org/a5108711422,authorship-covered canonical works,canonical works with usable structured OpenAlex authorship,multiple response; one count per unique author per work,593c7da1de5e9f26b59d,OpenAlex author ID
Author productivity,Canonical work count,Amr Alshatnawi,1,477,0.2,,openalex:https://openalex.org/a5120691960,authorship-covered canonical works,canonical works with usable structured OpenAlex authorship,multiple response; one count per unique author per work,de583e684ddd0364a161,OpenAlex author ID
Author productivity,Canonical work count,Amrit Kirpalani,1,477,0.2,,openalex:https://openalex.org/a5031533773,authorship-covered canonical works,canonical works with usable structured OpenAlex authorship,multiple response; one count per unique author per work,caf55d1c5f0358791a96,OpenAlex author ID
Author productivity,Canonical work count,Amy V. Blue,1,477,0.2,,openalex:https://openalex.org/a5090153454,authorship-covered canonical works,canonical works with usable structured OpenAlex authorship,multiple response; one count per unique author per work,894f08a5035b3a1872d5,OpenAlex author ID
Author productivity,Canonical work count,Amy Zack,1,477,0.2,,openalex:https://openalex.org/a5044008323,authorship-covered canonical works,canonical works with usable structured OpenAlex authorship,multiple response; one count per unique author per work,eeb5a3afa4e8b1c2635c,OpenAlex author ID
Author productivity,Canonical work count,Ana Iliesiu,1,477,0.2,,openalex:https://openalex.org/a5120320743,authorship-covered canonical works,canonical works with usable structured OpenAlex authorship,multiple response; one count per unique author per work,c8c9e4c672bea3a6d994,OpenAlex author ID
Author productivity,Canonical work count,Ana M. Denis-Bacelar,1,477,0.2,,openalex:https://openalex.org/a5082242500,authorship-covered canonical works,canonical works with usable structured OpenAlex authorship,multiple response; one count per unique author per work,fc535dce265384650ae6,OpenAlex author ID
Author productivity,Canonical work count,Ana Sanz Cortés,1,477,0.2,,openalex:https://openalex.org/a5075714072,authorship-covered canonical works,canonical works with usable structured OpenAlex authorship,multiple response; one count per unique author per work,f4d7fdee2c3cc083329d,OpenAlex author ID
Author productivity,Canonical work count,Anahí D Briones-Zamora,1,477,0.2,,openalex:https://openalex.org/a5119347097,authorship-covered canonical works,canonical works with usable structured OpenAlex authorship,multiple response; one count per unique author per work,501d19c3bd3160083e8a,OpenAlex author ID
Author productivity,Canonical work count,Anai Kothari,1,477,0.2,,openalex:https://openalex.org/a5122812248,authorship-covered canonical works,canonical works with usable structured OpenAlex authorship,multiple response; one count per unique author per work,8bece1a102e2fe87b74e,OpenAlex author ID
Author productivity,Canonical work count,Anamaria Siriani de Oliveira,1,477,0.2,,openalex:https://openalex.org/a5057470873,authorship-covered canonical works,canonical works with usable structured OpenAlex authorship,multiple response; one count per unique author per work,cc3c546075dc11e58802,OpenAlex author ID
Author productivity,Canonical work count,Anand Sardesai,1,477,0.2,,openalex:https://openalex.org/a5016378510,authorship-covered canonical works,canonical works with usable structured OpenAlex authorship,multiple response; one count per unique author per work,e2a36443154e9a33aff9,OpenAlex author ID
Author productivity,Canonical work count,Anant Deogaonkar,1,477,0.2,,openalex:https://openalex.org/a5119381488,authorship-covered canonical works,canonical works with usable structured OpenAlex authorship,multiple response; one count per unique author per work,70cb1e0a134b7f41b447,OpenAlex author ID
Author productivity,Canonical work count,Anastasia Boutris,1,477,0.2,,openalex:https://openalex.org/a5133703593,authorship-covered canonical works,canonical works with usable structured OpenAlex authorship,multiple response; one count per unique author per work,8bece1a102e2fe87b74e,OpenAlex author ID
Author productivity,Canonical work count,Anaïs Rameau,1,477,0.2,,openalex:https://openalex.org/a5137002610,authorship-covered canonical works,canonical works with usable structured OpenAlex authorship,multiple response; one count per unique author per work,sci_7924be52acf88877d8df,OpenAlex author ID
Author productivity,Canonical work count,Anca-Elena Magui,1,477,0.2,,openalex:https://openalex.org/a5136700252,authorship-covered canonical works,canonical works with usable structured OpenAlex authorship,multiple response; one count per unique author per work,sci_aea73a0d6d3e592a48a0,OpenAlex author ID
Author productivity,Canonical work count,and Bojana Šarkic´,1,477,0.2,,name-only:6457c6be7c6ba150ede6:4ce9ee6380fdcdb9,authorship-covered canonical works,canonical works with usable structured OpenAlex authorship,multiple response; one count per unique author per work,6457c6be7c6ba150ede6,name-only record; duplicates collapsed within work only; not merged across works
Author productivity,Canonical work count,Anderson Maciel,1,477,0.2,,openalex:https://openalex.org/a5029725483,authorship-covered canonical works,canonical works with usable structured OpenAlex authorship,multiple response; one count per unique author per work,1c9542cefba3287a5281,OpenAlex author ID
Author productivity,Canonical work count,Andrea Roletto,1,477,0.2,,openalex:https://openalex.org/a5048517040,authorship-covered canonical works,canonical works with usable structured OpenAlex authorship,multiple response; one count per unique author per work,633dafafd7b2de3e7ad0,OpenAlex author ID
Author productivity,Canonical work count,Andrea Simpson,1,477,0.2,,openalex:https://openalex.org/a5072419063,authorship-covered canonical works,canonical works with usable structured OpenAlex authorship,multiple response; one count per unique author per work,6457c6be7c6ba150ede6,OpenAlex author ID
Author productivity,Canonical work count,Andrea Vaughans,1,477,0.2,,openalex:https://openalex.org/a5092406455,authorship-covered canonical works,canonical works with usable structured OpenAlex authorship,multiple response; one count per unique author per work,76597dc445d9df2ae743,OpenAlex author ID
Author productivity,Canonical work count,Andrea Virág,1,477,0.2,,openalex:https://openalex.org/a5031950385,authorship-covered canonical works,canonical works with usable structured OpenAlex authorship,multiple response; one count per unique author per work,sci_479872e4f60f538cbd03,OpenAlex author ID
Author productivity,Canonical work count,Andrei Torres,1,477,0.2,,openalex:https://openalex.org/a5038246407,authorship-covered canonical works,canonical works with usable structured OpenAlex authorship,multiple response; one count per unique author per work,63c69a200d415bc42d9b,OpenAlex author ID
Author productivity,Canonical work count,Andreia de Almeida,1,477,0.2,,openalex:https://openalex.org/a5090311970,authorship-covered canonical works,canonical works with usable structured OpenAlex authorship,multiple response; one count per unique author per work,c4f5fe90704c2aa68c75,OpenAlex author ID
Author productivity,Canonical work count,Andressa Araújo Bastos,1,477,0.2,,name-only:d46506f34cc784478c88:e19ba54651800fc1,authorship-covered canonical works,canonical works with usable structured OpenAlex authorship,multiple response; one count per unique author per work,d46506f34cc784478c88,name-only record; duplicates collapsed within work only; not merged across works
Author productivity,Canonical work count,Andrew Affleck,1,477,0.2,,openalex:https://openalex.org/a5139434533,authorship-covered canonical works,canonical works with usable structured OpenAlex authorship,multiple response; one count per unique author per work,8094cb5448e9c4e2f371,OpenAlex author ID
Author productivity,Canonical work count,Andrew Gloster,1,477,0.2,,openalex:https://openalex.org/a5102839500,authorship-covered canonical works,canonical works with usable structured OpenAlex authorship,multiple response; one count per unique author per work,20e73ed62a3078e6a9b4,OpenAlex author ID
Author productivity,Canonical work count,Andrew J. Greenshaw,1,477,0.2,,openalex:https://openalex.org/a5067692784,authorship-covered canonical works,canonical works with usable structured OpenAlex authorship,multiple response; one count per unique author per work,63c69a200d415bc42d9b,OpenAlex author ID
Author productivity,Canonical work count,Andrew Lee,1,477,0.2,,openalex:https://openalex.org/a5032545949,authorship-covered canonical works,canonical works with usable structured OpenAlex authorship,multiple response; one count per unique author per work,bc5dd5d7b1ad1b4d21e4,OpenAlex author ID
Author productivity,Canonical work count,Andrew Ma,1,477,0.2,,openalex:https://openalex.org/a5100912369,authorship-covered canonical works,canonical works with usable structured OpenAlex authorship,multiple response; one count per unique author per work,b2f1db675b2599e354ab,OpenAlex author ID
Author productivity,Canonical work count,Andrew Malem,1,477,0.2,,openalex:https://openalex.org/a5034150316,authorship-covered canonical works,canonical works with usable structured OpenAlex authorship,multiple response; one count per unique author per work,2a63460a75ff944e1d44,OpenAlex author ID
Author productivity,Canonical work count,Andrew Nevins,1,477,0.2,,openalex:https://openalex.org/a5006116636,authorship-covered canonical works,canonical works with usable structured OpenAlex authorship,multiple response; one count per unique author per work,cfa4cceea1f21315935e,OpenAlex author ID
Author productivity,Canonical work count,Andrew O’Malley,1,477,0.2,,openalex:https://openalex.org/a5022352111,authorship-covered canonical works,canonical works with usable structured OpenAlex authorship,multiple response; one count per unique author per work,766d498375e7ceff4c70,OpenAlex author ID
Author productivity,Canonical work count,Andrew Southerland,1,477,0.2,,openalex:https://openalex.org/a5124227100,authorship-covered canonical works,canonical works with usable structured OpenAlex authorship,multiple response; one count per unique author per work,593c7da1de5e9f26b59d,OpenAlex author ID
Author productivity,Canonical work count,Andrew Zhu,1,477,0.2,,openalex:https://openalex.org/a5102004945,authorship-covered canonical works,canonical works with usable structured OpenAlex authorship,multiple response; one count per unique author per work,72c30900482428bf1e49,OpenAlex author ID
Author productivity,Canonical work count,Andrey Litvin,1,477,0.2,,openalex:https://openalex.org/a5062849417,authorship-covered canonical works,canonical works with usable structured OpenAlex authorship,multiple response; one count per unique author per work,8a18fabf9cf9be3f8a36,OpenAlex author ID
Author productivity,Canonical work count,Andrzej A. Kononowicz,1,477,0.2,,openalex:https://openalex.org/a5081934604,authorship-covered canonical works,canonical works with usable structured OpenAlex authorship,multiple response; one count per unique author per work,14a6c8b99daf76e8179d,OpenAlex author ID
Author productivity,Canonical work count,André Miguel Seixas Silva,1,477,0.2,,openalex:https://openalex.org/a5139619824,authorship-covered canonical works,canonical works with usable structured OpenAlex authorship,multiple response; one count per unique author per work,1563f87491d1ce4d02fb,OpenAlex author ID
Author productivity,Canonical work count,Andrés Fernando Gomez‐Samper,1,477,0.2,,openalex:https://openalex.org/a5040091888,authorship-covered canonical works,canonical works with usable structured OpenAlex authorship,multiple response; one count per unique author per work,843a6b1f2c79c1bd4273,OpenAlex author ID
Author productivity,Canonical work count,Andrés Martin,1,477,0.2,,openalex:https://openalex.org/a5032126227,authorship-covered canonical works,canonical works with usable structured OpenAlex authorship,multiple response; one count per unique author per work,32b43fcb025a9d77581f,OpenAlex author ID
Author productivity,Canonical work count,Andrés Neyem,1,477,0.2,,openalex:https://openalex.org/a5083484581,authorship-covered canonical works,canonical works with usable structured OpenAlex authorship,multiple response; one count per unique author per work,b53bf33d223a68f17e8c,OpenAlex author ID
Author productivity,Canonical work count,Andy Suy-Huor Ngo,1,477,0.2,,openalex:https://openalex.org/a5119101213,authorship-covered canonical works,canonical works with usable structured OpenAlex authorship,multiple response; one count per unique author per work,18f9eaf414ec69e25aad,OpenAlex author ID
Author productivity,Canonical work count,Angelica Sharma,1,477,0.2,,openalex:https://openalex.org/a5079571781,authorship-covered canonical works,canonical works with usable structured OpenAlex authorship,multiple response; one count per unique author per work,f54e36609097c96e8b6d,OpenAlex author ID
Author productivity,Canonical work count,Angelina Anthamatten,1,477,0.2,,openalex:https://openalex.org/a5055332442,authorship-covered canonical works,canonical works with usable structured OpenAlex authorship,multiple response; one count per unique author per work,7920ebcf271025a5a8ee,OpenAlex author ID
Author productivity,Canonical work count,Angelina Lim,1,477,0.2,,openalex:https://openalex.org/a5137537078,authorship-covered canonical works,canonical works with usable structured OpenAlex authorship,multiple response; one count per unique author per work,dcce0a8cef5543c4fec4,OpenAlex author ID
Author productivity,Canonical work count,Angelina Lim,1,477,0.2,,openalex:https://openalex.org/a5028504214,authorship-covered canonical works,canonical works with usable structured OpenAlex authorship,multiple response; one count per unique author per work,44d09fb5dabfde2e9e31,OpenAlex author ID
Author productivity,Canonical work count,Anis Ahmed,1,477,0.2,,openalex:https://openalex.org/a5043310551,authorship-covered canonical works,canonical works with usable structured OpenAlex authorship,multiple response; one count per unique author per work,b216d2e3bbb753147fd2,OpenAlex author ID
Author productivity,Canonical work count,Anisha B. Dua,1,477,0.2,,openalex:https://openalex.org/a5085028300,authorship-covered canonical works,canonical works with usable structured OpenAlex authorship,multiple response; one count per unique author per work,bb3a5362f067d65fc98d,OpenAlex author ID
Author productivity,Canonical work count,Anitha Ramkumar,1,477,0.2,,openalex:https://openalex.org/a5037038630,authorship-covered canonical works,canonical works with usable structured OpenAlex authorship,multiple response; one count per unique author per work,6e06ede93e94c8f8e15c,OpenAlex author ID
Author productivity,Canonical work count,Anja Mayer,1,477,0.2,,openalex:https://openalex.org/a5023679990,authorship-covered canonical works,canonical works with usable structured OpenAlex authorship,multiple response; one count per unique author per work,14a6c8b99daf76e8179d,OpenAlex author ID
Author productivity,Canonical work count,Anna Bodonhelyi,1,477,0.2,,openalex:https://openalex.org/a5093775196,authorship-covered canonical works,canonical works with usable structured OpenAlex authorship,multiple response; one count per unique author per work,0de698b6ef36192c9365,OpenAlex author ID
Author productivity,Canonical work count,Anna Brown,1,477,0.2,,openalex:https://openalex.org/a5138166886,authorship-covered canonical works,canonical works with usable structured OpenAlex authorship,multiple response; one count per unique author per work,7ab76d429b6539b40243,OpenAlex author ID
Author productivity,Canonical work count,Anna C. Lawson McLean,1,477,0.2,,name-only:5d6128771afb1cccb251:82d2009ff54394b2,authorship-covered canonical works,canonical works with usable structured OpenAlex authorship,multiple response; one count per unique author per work,5d6128771afb1cccb251,name-only record; duplicates collapsed within work only; not merged across works
Author productivity,Canonical work count,Anna Hugelius,1,477,0.2,,openalex:https://openalex.org/a5119338321,authorship-covered canonical works,canonical works with usable structured OpenAlex authorship,multiple response; one count per unique author per work,db6b016a13edb570269a,OpenAlex author ID
Author productivity,Canonical work count,Anna Johansson,1,477,0.2,,openalex:https://openalex.org/a5123468563,authorship-covered canonical works,canonical works with usable structured OpenAlex authorship,multiple response; one count per unique author per work,5aa2066f4c78fde5a50b,OpenAlex author ID
Author productivity,Canonical work count,Anna Junga,1,477,0.2,,openalex:https://openalex.org/a5094182390,authorship-covered canonical works,canonical works with usable structured OpenAlex authorship,multiple response; one count per unique author per work,7442954006aac8fa63fa,OpenAlex author ID
Author productivity,Canonical work count,Anna K. Cresswell,1,477,0.2,,openalex:https://openalex.org/a5045771566,authorship-covered canonical works,canonical works with usable structured OpenAlex authorship,multiple response; one count per unique author per work,c8c9e4c672bea3a6d994,OpenAlex author ID
Author productivity,Canonical work count,Anna Kim,1,477,0.2,,openalex:https://openalex.org/a5101594222,authorship-covered canonical works,canonical works with usable structured OpenAlex authorship,multiple response; one count per unique author per work,4b471ab893f0c3845025,OpenAlex author ID
Author productivity,Canonical work count,Anna Margareta Hugelius,1,477,0.2,,openalex:https://openalex.org/a5121480587,authorship-covered canonical works,canonical works with usable structured OpenAlex authorship,multiple response; one count per unique author per work,ed80b78f8297d945224d,OpenAlex author ID
Author productivity,Canonical work count,Anna T. Cianciolo,1,477,0.2,,openalex:https://openalex.org/a5004166771,authorship-covered canonical works,canonical works with usable structured OpenAlex authorship,multiple response; one count per unique author per work,8db4130844dc8d367d1f,OpenAlex author ID
Author productivity,Canonical work count,Annalisa Schiepatti,1,477,0.2,,openalex:https://openalex.org/a5017886873,authorship-covered canonical works,canonical works with usable structured OpenAlex authorship,multiple response; one count per unique author per work,07d462beafe4d21ba016,OpenAlex author ID
Author productivity,Canonical work count,Annika C. Sweetland,1,477,0.2,,openalex:https://openalex.org/a5036790780,authorship-covered canonical works,canonical works with usable structured OpenAlex authorship,multiple response; one count per unique author per work,e4a287ed511b7be9baa5,OpenAlex author ID
Author productivity,Canonical work count,Annika Philipps,1,477,0.2,,openalex:https://openalex.org/a5120274827,authorship-covered canonical works,canonical works with usable structured OpenAlex authorship,multiple response; one count per unique author per work,282aa7d3820de53059e9,OpenAlex author ID
Author productivity,Canonical work count,Anshul Dahuja,1,477,0.2,,openalex:https://openalex.org/a5053657167,authorship-covered canonical works,canonical works with usable structured OpenAlex authorship,multiple response; one count per unique author per work,5c99d6be17d81210020f,OpenAlex author ID
Author productivity,Canonical work count,Anshul Kumar,1,477,0.2,,openalex:https://openalex.org/a5134976422,authorship-covered canonical works,canonical works with usable structured OpenAlex authorship,multiple response; one count per unique author per work,e359eafa6af6abbb467d,OpenAlex author ID
Author productivity,Canonical work count,Ansuman Mahapatra,1,477,0.2,,openalex:https://openalex.org/a5020901239,authorship-covered canonical works,canonical works with usable structured OpenAlex authorship,multiple response; one count per unique author per work,5b356113a239c62ba5ac,OpenAlex author ID
Author productivity,Canonical work count,Anthea Foong,1,477,0.2,,openalex:https://openalex.org/a5076607379,authorship-covered canonical works,canonical works with usable structured OpenAlex authorship,multiple response; one count per unique author per work,9d44b976cb2c076751e8,OpenAlex author ID
Author productivity,Canonical work count,Anthony Fanelli,1,477,0.2,,openalex:https://openalex.org/a5103182129,authorship-covered canonical works,canonical works with usable structured OpenAlex authorship,multiple response; one count per unique author per work,8db4130844dc8d367d1f,OpenAlex author ID
Author productivity,Canonical work count,Anthony Nepomuceno,1,477,0.2,,openalex:https://openalex.org/a5043536199,authorship-covered canonical works,canonical works with usable structured OpenAlex authorship,multiple response; one count per unique author per work,f9c1bb8b50eb65edbf84,OpenAlex author ID
Author productivity,Canonical work count,Antoine Lanot,1,477,0.2,,openalex:https://openalex.org/a5039628665,authorship-covered canonical works,canonical works with usable structured OpenAlex authorship,multiple response; one count per unique author per work,03345c1deb2aad29820e,OpenAlex author ID
Author productivity,Canonical work count,Antonia Lagos,1,477,0.2,,openalex:https://openalex.org/a5011685918,authorship-covered canonical works,canonical works with usable structured OpenAlex authorship,multiple response; one count per unique author per work,b53bf33d223a68f17e8c,OpenAlex author ID
Author productivity,Canonical work count,Antonia-Teodora Moga,1,477,0.2,,openalex:https://openalex.org/a5136716525,authorship-covered canonical works,canonical works with usable structured OpenAlex authorship,multiple response; one count per unique author per work,sci_aea73a0d6d3e592a48a0,OpenAlex author ID
Author productivity,Canonical work count,Antonin Audion,1,477,0.2,,openalex:https://openalex.org/a5119925303,authorship-covered canonical works,canonical works with usable structured OpenAlex authorship,multiple response; one count per unique author per work,b75fad8b8777d2f878b6,OpenAlex author ID
Author productivity,Canonical work count,Antonio Scalogna,1,477,0.2,,openalex:https://openalex.org/a5012810060,authorship-covered canonical works,canonical works with usable structured OpenAlex authorship,multiple response; one count per unique author per work,81337a44aeb46520e3ec,OpenAlex author ID
Author productivity,Canonical work count,Antonio Valenzuela,1,477,0.2,,openalex:https://openalex.org/a5121846107,authorship-covered canonical works,canonical works with usable structured OpenAlex authorship,multiple response; one count per unique author per work,7f735724143207af94c1,OpenAlex author ID
Author productivity,Canonical work count,Antony Payton,1,477,0.2,,openalex:https://openalex.org/a5030913508,authorship-covered canonical works,canonical works with usable structured OpenAlex authorship,multiple response; one count per unique author per work,437f09a0c472e4ba343e,OpenAlex author ID
Author productivity,Canonical work count,António Oliveira Nzinga René,1,477,0.2,,openalex:https://openalex.org/a5042451439,authorship-covered canonical works,canonical works with usable structured OpenAlex authorship,multiple response; one count per unique author per work,859f96f4eca259cdb9e8,OpenAlex author ID
Author productivity,Canonical work count,Antônio Pazin‐Filho,1,477,0.2,,openalex:https://openalex.org/a5012186389,authorship-covered canonical works,canonical works with usable structured OpenAlex authorship,multiple response; one count per unique author per work,3aba8ba7976a49acd0ac,OpenAlex author ID
Author productivity,Canonical work count,Anuja Dharmaratne,1,477,0.2,,openalex:https://openalex.org/a5007391749,authorship-covered canonical works,canonical works with usable structured OpenAlex authorship,multiple response; one count per unique author per work,d11ce96adb05741aef6d,OpenAlex author ID
Author productivity,Canonical work count,Anye Shi,1,477,0.2,,name-only:d977c356ff57ab060fef:f33b446731b3c6ad,authorship-covered canonical works,canonical works with usable structured OpenAlex authorship,multiple response; one count per unique author per work,d977c356ff57ab060fef,name-only record; duplicates collapsed within work only; not merged across works
Author productivity,Canonical work count,Aqeelah Khatoon,1,477,0.2,,openalex:https://openalex.org/a5109708758,authorship-covered canonical works,canonical works with usable structured OpenAlex authorship,multiple response; one count per unique author per work,f54e36609097c96e8b6d,OpenAlex author ID
Author productivity,Canonical work count,Aram Jeong,1,477,0.2,,name-only:ed072d60d05f5e236143:614610eeda05fc69,authorship-covered canonical works,canonical works with usable structured OpenAlex authorship,multiple response; one count per unique author per work,ed072d60d05f5e236143,name-only record; duplicates collapsed within work only; not merged across works
Author productivity,Canonical work count,Aram Jeong,1,477,0.2,,name-only:15b1e2fee67db58575b7:614610eeda05fc69,authorship-covered canonical works,canonical works with usable structured OpenAlex authorship,multiple response; one count per unique author per work,15b1e2fee67db58575b7,name-only record; duplicates collapsed within work only; not merged across works
Author productivity,Canonical work count,Archana Pradhan,1,477,0.2,,openalex:https://openalex.org/a5063712303,authorship-covered canonical works,canonical works with usable structured OpenAlex authorship,multiple response; one count per unique author per work,425ec6ee2ca714b7434a,OpenAlex author ID
Author productivity,Canonical work count,Areej Al‐Wabil,1,477,0.2,,openalex:https://openalex.org/a5031687637,authorship-covered canonical works,canonical works with usable structured OpenAlex authorship,multiple response; one count per unique author per work,155acc9f21eba7b06b56,OpenAlex author ID
Author productivity,Canonical work count,Areli Marlene Gaytán-Gómez,1,477,0.2,,openalex:https://openalex.org/a5118898354,authorship-covered canonical works,canonical works with usable structured OpenAlex authorship,multiple response; one count per unique author per work,98c23d01b9fb23bd43c4,OpenAlex author ID
Author productivity,Canonical work count,Arend RahrischRahrisch,1,477,0.2,,openalex:https://openalex.org/a5124169773,authorship-covered canonical works,canonical works with usable structured OpenAlex authorship,multiple response; one count per unique author per work,272439595ff3b96c35f3,OpenAlex author ID
Author productivity,Canonical work count,Ariel Jin,1,477,0.2,,name-only:43f6ad0fa6f4597d56fc:0a9dfd4960dd77c4,authorship-covered canonical works,canonical works with usable structured OpenAlex authorship,multiple response; one count per unique author per work,43f6ad0fa6f4597d56fc,name-only record; duplicates collapsed within work only; not merged across works
Author productivity,Canonical work count,Ariel Shensa,1,477,0.2,,openalex:https://openalex.org/a5013874575,authorship-covered canonical works,canonical works with usable structured OpenAlex authorship,multiple response; one count per unique author per work,98459bc57c099322761c,OpenAlex author ID
Author productivity,Canonical work count,Arisa Hayashi,1,477,0.2,,openalex:https://openalex.org/a5016761851,authorship-covered canonical works,canonical works with usable structured OpenAlex authorship,multiple response; one count per unique author per work,4fdab8147c5288a598e6,OpenAlex author ID
Author productivity,Canonical work count,Arlinda Deng,1,477,0.2,,openalex:https://openalex.org/a5000839286,authorship-covered canonical works,canonical works with usable structured OpenAlex authorship,multiple response; one count per unique author per work,593c7da1de5e9f26b59d,OpenAlex author ID
Author productivity,Canonical work count,Arlindo R. Galvão Filho,1,477,0.2,,name-only:d46506f34cc784478c88:e4524ff0168d9733,authorship-covered canonical works,canonical works with usable structured OpenAlex authorship,multiple response; one count per unique author per work,d46506f34cc784478c88,name-only record; duplicates collapsed within work only; not merged across works
Author productivity,Canonical work count,Arne K. Christensen,1,477,0.2,,openalex:https://openalex.org/a5014578419,authorship-covered canonical works,canonical works with usable structured OpenAlex authorship,multiple response; one count per unique author per work,886368e8c3c194de3abd,OpenAlex author ID
Author productivity,Canonical work count,Arom Choi,1,477,0.2,,openalex:https://openalex.org/a5089959394,authorship-covered canonical works,canonical works with usable structured OpenAlex authorship,multiple response; one count per unique author per work,c837d77a482b4e089619,OpenAlex author ID
Author productivity,Canonical work count,Arpita Saggar,1,477,0.2,,openalex:https://openalex.org/a5119912436,authorship-covered canonical works,canonical works with usable structured OpenAlex authorship,multiple response; one count per unique author per work,b4fa4675ffa2674da6e1,OpenAlex author ID
Author productivity,Canonical work count,Arya Rao,1,477,0.2,,openalex:https://openalex.org/a5086003432,authorship-covered canonical works,canonical works with usable structured OpenAlex authorship,multiple response; one count per unique author per work,ba93136b38c9a66d059f,OpenAlex author ID
Author productivity,Canonical work count,Aseelah Alnazawi,1,477,0.2,,openalex:https://openalex.org/a5139240192,authorship-covered canonical works,canonical works with usable structured OpenAlex authorship,multiple response; one count per unique author per work,4301913b143d4dcf67c6,OpenAlex author ID
Author productivity,Canonical work count,Ashley M. Hopkins,1,477,0.2,,openalex:https://openalex.org/a5060370312,authorship-covered canonical works,canonical works with usable structured OpenAlex authorship,multiple response; one count per unique author per work,1a8a9f25ccdf589f88f6,OpenAlex author ID
Author productivity,Canonical work count,Ashley Tomlinson,1,477,0.2,,openalex:https://openalex.org/a5064422168,authorship-covered canonical works,canonical works with usable structured OpenAlex authorship,multiple response; one count per unique author per work,bed98da775e40e17c44e,OpenAlex author ID
Author productivity,Canonical work count,Asjah Johnson,1,477,0.2,,openalex:https://openalex.org/a5107392091,authorship-covered canonical works,canonical works with usable structured OpenAlex authorship,multiple response; one count per unique author per work,76597dc445d9df2ae743,OpenAlex author ID
Author productivity,Canonical work count,Asma Al Yahyaei,1,477,0.2,,openalex:https://openalex.org/a5088920038,authorship-covered canonical works,canonical works with usable structured OpenAlex authorship,multiple response; one count per unique author per work,sci_49f3e83303945c5d95da,OpenAlex author ID
Author productivity,Canonical work count,Atsuo Takanishi,1,477,0.2,,openalex:https://openalex.org/a5075328170,authorship-covered canonical works,canonical works with usable structured OpenAlex authorship,multiple response; one count per unique author per work,7938acbdb4523b82db58,OpenAlex author ID
Author productivity,Canonical work count,Aukse Vaitkute,1,477,0.2,,openalex:https://openalex.org/a5139690276,authorship-covered canonical works,canonical works with usable structured OpenAlex authorship,multiple response; one count per unique author per work,ae74530d7e9fa7f91f65,OpenAlex author ID
Author productivity,Canonical work count,Austin Baird,1,477,0.2,,openalex:https://openalex.org/a5014877456,authorship-covered canonical works,canonical works with usable structured OpenAlex authorship,multiple response; one count per unique author per work,7a9ca4d4d16f4705139f,OpenAlex author ID
Author productivity,Canonical work count,Austin Y. Feng,1,477,0.2,,openalex:https://openalex.org/a5077302645,authorship-covered canonical works,canonical works with usable structured OpenAlex authorship,multiple response; one count per unique author per work,50ac103890932b40242c,OpenAlex author ID
Author productivity,Canonical work count,Avideep Singh Sidhu,1,477,0.2,,openalex:https://openalex.org/a5120381185,authorship-covered canonical works,canonical works with usable structured OpenAlex authorship,multiple response; one count per unique author per work,a44cf2193e8756673fa7,OpenAlex author ID
Author productivity,Canonical work count,Axel Tonatiuh Marroquin-Aguilar,1,477,0.2,,openalex:https://openalex.org/a5119941966,authorship-covered canonical works,canonical works with usable structured OpenAlex authorship,multiple response; one count per unique author per work,7f84c902e862e25dbf2c,OpenAlex author ID
Author productivity,Canonical work count,Ayako Nishimura,1,477,0.2,,openalex:https://openalex.org/a5023238273,authorship-covered canonical works,canonical works with usable structured OpenAlex authorship,multiple response; one count per unique author per work,7713a8c3085fddc6419c,OpenAlex author ID
Author productivity,Canonical work count,Ayame Enomoto,1,477,0.2,,openalex:https://openalex.org/a5064081270,authorship-covered canonical works,canonical works with usable structured OpenAlex authorship,multiple response; one count per unique author per work,fd0c4ec164cda596074b,OpenAlex author ID
Author productivity,Canonical work count,Ayesha Ahmed,1,477,0.2,,openalex:https://openalex.org/a5101409961,authorship-covered canonical works,canonical works with usable structured OpenAlex authorship,multiple response; one count per unique author per work,588316012a3f2d9b790a,OpenAlex author ID
Author productivity,Canonical work count,Aynur Ayşe Karaduman,1,477,0.2,,openalex:https://openalex.org/a5143941946,authorship-covered canonical works,canonical works with usable structured OpenAlex authorship,multiple response; one count per unique author per work,5e70fc602d28beb4158b,OpenAlex author ID
Author productivity,Canonical work count,Ayu Widowati Dwi Hapsari,1,477,0.2,,openalex:https://openalex.org/a5081007934,authorship-covered canonical works,canonical works with usable structured OpenAlex authorship,multiple response; one count per unique author per work,6a18d985481870e99d72,OpenAlex author ID
Author productivity,Canonical work count,Ayça Kumluca Topallı,1,477,0.2,,openalex:https://openalex.org/a5086999780,authorship-covered canonical works,canonical works with usable structured OpenAlex authorship,multiple response; one count per unique author per work,86f76ce0ac18d03915b2,OpenAlex author ID
Author productivity,Canonical work count,Azizah Zafira,1,477,0.2,,openalex:https://openalex.org/a5121503993,authorship-covered canonical works,canonical works with usable structured OpenAlex authorship,multiple response; one count per unique author per work,31f58d5793ca1ef590ea,OpenAlex author ID
Author productivity,Canonical work count,B. Gandhi,1,477,0.2,,openalex:https://openalex.org/a5108501923,authorship-covered canonical works,canonical works with usable structured OpenAlex authorship,multiple response; one count per unique author per work,91738aa3fb8146efb96d,OpenAlex author ID
Author productivity,Canonical work count,B. Quah,1,477,0.2,,openalex:https://openalex.org/a5084969954,authorship-covered canonical works,canonical works with usable structured OpenAlex authorship,multiple response; one count per unique author per work,0aad164402f8e4deea3b,OpenAlex author ID
Author productivity,Canonical work count,Baptiste Balança,1,477,0.2,,openalex:https://openalex.org/a5041297502,authorship-covered canonical works,canonical works with usable structured OpenAlex authorship,multiple response; one count per unique author per work,b75fad8b8777d2f878b6,OpenAlex author ID
Author productivity,Canonical work count,Barbara Bertagni,1,477,0.2,,openalex:https://openalex.org/a5085715060,authorship-covered canonical works,canonical works with usable structured OpenAlex authorship,multiple response; one count per unique author per work,af9edf1f4c2a0c11a5eb,OpenAlex author ID
Author productivity,Canonical work count,Barton E. Anderson,1,477,0.2,,openalex:https://openalex.org/a5015918034,authorship-covered canonical works,canonical works with usable structured OpenAlex authorship,multiple response; one count per unique author per work,f917e0b66cef158b9df0,OpenAlex author ID
Author productivity,Canonical work count,Bastian Grande,1,477,0.2,,openalex:https://openalex.org/a5079233120,authorship-covered canonical works,canonical works with usable structured OpenAlex authorship,multiple response; one count per unique author per work,272439595ff3b96c35f3,OpenAlex author ID
Author productivity,Canonical work count,Bastien Le Guellec,1,477,0.2,,openalex:https://openalex.org/a5064097032,authorship-covered canonical works,canonical works with usable structured OpenAlex authorship,multiple response; one count per unique author per work,03345c1deb2aad29820e,OpenAlex author ID
Author productivity,Canonical work count,Bazen Gashaw Teferra,1,477,0.2,,openalex:https://openalex.org/a5067115403,authorship-covered canonical works,canonical works with usable structured OpenAlex authorship,multiple response; one count per unique author per work,63c69a200d415bc42d9b,OpenAlex author ID
Author productivity,Canonical work count,Becky Leveridge,1,477,0.2,,name-only:c4f5fe90704c2aa68c75:92d6ffb116371f1e,authorship-covered canonical works,canonical works with usable structured OpenAlex authorship,multiple response; one count per unique author per work,c4f5fe90704c2aa68c75,name-only record; duplicates collapsed within work only; not merged across works
Author productivity,Canonical work count,Behdokht Kiafar,1,477,0.2,,openalex:https://openalex.org/a5092391918,authorship-covered canonical works,canonical works with usable structured OpenAlex authorship,multiple response; one count per unique author per work,3cc4d65478e63af8ab6e,OpenAlex author ID
Author productivity,Canonical work count,Belinda Lowe,1,477,0.2,,openalex:https://openalex.org/a5059456419,authorship-covered canonical works,canonical works with usable structured OpenAlex authorship,multiple response; one count per unique author per work,f30eee8f6354bfa06744,OpenAlex author ID
Author productivity,Canonical work count,Benjamin Daniels,1,477,0.2,,openalex:https://openalex.org/a5125274020,authorship-covered canonical works,canonical works with usable structured OpenAlex authorship,multiple response; one count per unique author per work,7571d4d2871565bc5c1c,OpenAlex author ID
Author productivity,Canonical work count,Benjamin Heasman,1,477,0.2,,openalex:https://openalex.org/a5117303679,authorship-covered canonical works,canonical works with usable structured OpenAlex authorship,multiple response; one count per unique author per work,bc52d7f8f145e43beefc,OpenAlex author ID
Author productivity,Canonical work count,Benjamin Lok,1,477,0.2,,openalex:https://openalex.org/a5003177202,authorship-covered canonical works,canonical works with usable structured OpenAlex authorship,multiple response; one count per unique author per work,894f08a5035b3a1872d5,OpenAlex author ID
Author productivity,Canonical work count,Benjamin Meindl,1,477,0.2,,openalex:https://openalex.org/a5115618993,authorship-covered canonical works,canonical works with usable structured OpenAlex authorship,multiple response; one count per unique author per work,594824ec9813877abe34,OpenAlex author ID
Author productivity,Canonical work count,Benjamin Risse,1,477,0.2,,openalex:https://openalex.org/a5137355271,authorship-covered canonical works,canonical works with usable structured OpenAlex authorship,multiple response; one count per unique author per work,7442954006aac8fa63fa,OpenAlex author ID
Author productivity,Canonical work count,Benjamin Williams,1,477,0.2,,openalex:https://openalex.org/a5103717691,authorship-covered canonical works,canonical works with usable structured OpenAlex authorship,multiple response; one count per unique author per work,4f796e0ce90dce8d4da8,OpenAlex author ID
Author productivity,Canonical work count,Benney Yiu Cheong Wong,1,477,0.2,,openalex:https://openalex.org/a5104277260,authorship-covered canonical works,canonical works with usable structured OpenAlex authorship,multiple response; one count per unique author per work,0b1e929029c5b43c5beb,OpenAlex author ID
Author productivity,Canonical work count,Benoît Brilland,1,477,0.2,,openalex:https://openalex.org/a5011909983,authorship-covered canonical works,canonical works with usable structured OpenAlex authorship,multiple response; one count per unique author per work,03345c1deb2aad29820e,OpenAlex author ID
Author productivity,Canonical work count,Benson Mwangi,1,477,0.2,,openalex:https://openalex.org/a5032357963,authorship-covered canonical works,canonical works with usable structured OpenAlex authorship,multiple response; one count per unique author per work,32b43fcb025a9d77581f,OpenAlex author ID
Author productivity,Canonical work count,Benyou Wang,1,477,0.2,,openalex:https://openalex.org/a5057282504,authorship-covered canonical works,canonical works with usable structured OpenAlex authorship,multiple response; one count per unique author per work,fd1a9c7f0b28a609f8af,OpenAlex author ID
Author productivity,Canonical work count,Bernd Harnisch,1,477,0.2,,openalex:https://openalex.org/a5085929159,authorship-covered canonical works,canonical works with usable structured OpenAlex authorship,multiple response; one count per unique author per work,ebc2ea10b1b751d8e58c,OpenAlex author ID
Author productivity,Canonical work count,Bernhard Marschall,1,477,0.2,,openalex:https://openalex.org/a5075555301,authorship-covered canonical works,canonical works with usable structured OpenAlex authorship,multiple response; one count per unique author per work,7442954006aac8fa63fa,OpenAlex author ID
Author productivity,Canonical work count,Bguelly Jean N’guessan-Sánchez,1,477,0.2,,openalex:https://openalex.org/a5139537741,authorship-covered canonical works,canonical works with usable structured OpenAlex authorship,multiple response; one count per unique author per work,59ac00c951a84da39213,OpenAlex author ID
Author productivity,Canonical work count,Bhaskar Kumar Somani,1,477,0.2,,openalex:https://openalex.org/a5138636667,authorship-covered canonical works,canonical works with usable structured OpenAlex authorship,multiple response; one count per unique author per work,166aa3cc368ebd076b91,OpenAlex author ID
Author productivity,Canonical work count,Bianca Brie,1,477,0.2,,openalex:https://openalex.org/a5116446885,authorship-covered canonical works,canonical works with usable structured OpenAlex authorship,multiple response; one count per unique author per work,bc5dd5d7b1ad1b4d21e4,OpenAlex author ID
Author productivity,Canonical work count,Bill Kapralos,1,477,0.2,,openalex:https://openalex.org/a5086060956,authorship-covered canonical works,canonical works with usable structured OpenAlex authorship,multiple response; one count per unique author per work,63c69a200d415bc42d9b,OpenAlex author ID
Author productivity,Canonical work count,Bin Lü,1,477,0.2,,openalex:https://openalex.org/a5053116259,authorship-covered canonical works,canonical works with usable structured OpenAlex authorship,multiple response; one count per unique author per work,fbcfe4a5c41e518e74ba,OpenAlex author ID
Author productivity,Canonical work count,Bin Sheng,1,477,0.2,,openalex:https://openalex.org/a5102765877,authorship-covered canonical works,canonical works with usable structured OpenAlex authorship,multiple response; one count per unique author per work,359e1289e1f098bb36e2,OpenAlex author ID
Author productivity,Canonical work count,Bin Wang,1,477,0.2,,openalex:https://openalex.org/a5052183877,authorship-covered canonical works,canonical works with usable structured OpenAlex authorship,multiple response; one count per unique author per work,a4d746b41f7f88ceb127,OpenAlex author ID
Author productivity,Canonical work count,Bingqing Zhang,1,477,0.2,,openalex:https://openalex.org/a5071286704,authorship-covered canonical works,canonical works with usable structured OpenAlex authorship,multiple response; one count per unique author per work,a4f6e4afd67cbf667f95,OpenAlex author ID
Author productivity,Canonical work count,Bingquan Zhang,1,477,0.2,,openalex:https://openalex.org/a5125107923,authorship-covered canonical works,canonical works with usable structured OpenAlex authorship,multiple response; one count per unique author per work,fd1a9c7f0b28a609f8af,OpenAlex author ID
Author productivity,Canonical work count,Bingrui Jin,1,477,0.2,,openalex:https://openalex.org/a5121393252,authorship-covered canonical works,canonical works with usable structured OpenAlex authorship,multiple response; one count per unique author per work,1d69e819d76b702e955f,OpenAlex author ID
Author productivity,Canonical work count,Bingsheng Wang,1,477,0.2,,openalex:https://openalex.org/a5006756331,authorship-covered canonical works,canonical works with usable structured OpenAlex authorship,multiple response; one count per unique author per work,a4d746b41f7f88ceb127,OpenAlex author ID
Author productivity,Canonical work count,Binita Panchasara,1,477,0.2,,openalex:https://openalex.org/a5074905577,authorship-covered canonical works,canonical works with usable structured OpenAlex authorship,multiple response; one count per unique author per work,2a63460a75ff944e1d44,OpenAlex author ID
Author productivity,Canonical work count,Birpartap S. Thind,1,477,0.2,,openalex:https://openalex.org/a5120241896,authorship-covered canonical works,canonical works with usable structured OpenAlex authorship,multiple response; one count per unique author per work,55c688efa556cdf3a77e,OpenAlex author ID
Author productivity,Canonical work count,Bo Huang,1,477,0.2,,openalex:https://openalex.org/a5125630637,authorship-covered canonical works,canonical works with usable structured OpenAlex authorship,multiple response; one count per unique author per work,81087c9bc5a7366ff084,OpenAlex author ID
Author productivity,Canonical work count,Bo Pei,1,477,0.2,,openalex:https://openalex.org/a5036559833,authorship-covered canonical works,canonical works with usable structured OpenAlex authorship,multiple response; one count per unique author per work,b608f772e32f2dbbff5e,OpenAlex author ID
Author productivity,Canonical work count,Bo Wang,1,477,0.2,,openalex:https://openalex.org/a5030622060,authorship-covered canonical works,canonical works with usable structured OpenAlex authorship,multiple response; one count per unique author per work,d3f99e099b9310de57e3,OpenAlex author ID
Author productivity,Canonical work count,Bomsol Kim,1,477,0.2,,openalex:https://openalex.org/a5076904534,authorship-covered canonical works,canonical works with usable structured OpenAlex authorship,multiple response; one count per unique author per work,1b087547ad0e2e8a3fa3,OpenAlex author ID
Author productivity,Canonical work count,Bonnie LaTourette,1,477,0.2,,openalex:https://openalex.org/a5085942304,authorship-covered canonical works,canonical works with usable structured OpenAlex authorship,multiple response; one count per unique author per work,8bece1a102e2fe87b74e,OpenAlex author ID
Author productivity,Canonical work count,Braden S. Jensen,1,477,0.2,,openalex:https://openalex.org/a5005326500,authorship-covered canonical works,canonical works with usable structured OpenAlex authorship,multiple response; one count per unique author per work,c9defba9bce13454aa5f,OpenAlex author ID
Author productivity,Canonical work count,Brandon Valencia Coronel,1,477,0.2,,openalex:https://openalex.org/a5092096474,authorship-covered canonical works,canonical works with usable structured OpenAlex authorship,multiple response; one count per unique author per work,b53bf33d223a68f17e8c,OpenAlex author ID
Author productivity,Canonical work count,Brandon Watanabe,1,477,0.2,,openalex:https://openalex.org/a5124902465,authorship-covered canonical works,canonical works with usable structured OpenAlex authorship,multiple response; one count per unique author per work,4eabef99b9ccb8ef8fd4,OpenAlex author ID
Author productivity,Canonical work count,Brandy Pate,1,477,0.2,,openalex:https://openalex.org/a5135177258,authorship-covered canonical works,canonical works with usable structured OpenAlex authorship,multiple response; one count per unique author per work,2972cffe675ec25e930c,OpenAlex author ID
Author productivity,Canonical work count,Bree Jones,1,477,0.2,,openalex:https://openalex.org/a5018560806,authorship-covered canonical works,canonical works with usable structured OpenAlex authorship,multiple response; one count per unique author per work,fa24b39d9c9c2f6142d6,OpenAlex author ID
Author productivity,Canonical work count,Brendan Seabold,1,477,0.2,,openalex:https://openalex.org/a5096294118,authorship-covered canonical works,canonical works with usable structured OpenAlex authorship,multiple response; one count per unique author per work,8db4130844dc8d367d1f,OpenAlex author ID
Author productivity,Canonical work count,Brian D. Rankin,1,477,0.2,,openalex:https://openalex.org/a5087302774,authorship-covered canonical works,canonical works with usable structured OpenAlex authorship,multiple response; one count per unique author per work,243562012607f7033171,OpenAlex author ID
Author productivity,Canonical work count,Brian Jaros,1,477,0.2,,openalex:https://openalex.org/a5067322182,authorship-covered canonical works,canonical works with usable structured OpenAlex authorship,multiple response; one count per unique author per work,bb3a5362f067d65fc98d,OpenAlex author ID
Author productivity,Canonical work count,Bridget Murray,1,477,0.2,,openalex:https://openalex.org/a5001816504,authorship-covered canonical works,canonical works with usable structured OpenAlex authorship,multiple response; one count per unique author per work,c13d5a010789f6f44c11,OpenAlex author ID
Author productivity,Canonical work count,Brittany M. Dacier,1,477,0.2,,openalex:https://openalex.org/a5055387512,authorship-covered canonical works,canonical works with usable structured OpenAlex authorship,multiple response; one count per unique author per work,ba93136b38c9a66d059f,OpenAlex author ID
Author productivity,Canonical work count,Brittany Nelson,1,477,0.2,,openalex:https://openalex.org/a5138131409,authorship-covered canonical works,canonical works with usable structured OpenAlex authorship,multiple response; one count per unique author per work,7ab76d429b6539b40243,OpenAlex author ID
Author productivity,Canonical work count,Bryan Ma,1,477,0.2,,openalex:https://openalex.org/a5101994914,authorship-covered canonical works,canonical works with usable structured OpenAlex authorship,multiple response; one count per unique author per work,243562012607f7033171,OpenAlex author ID
Author productivity,Canonical work count,Bryan P. Yan,1,477,0.2,,openalex:https://openalex.org/a5069810420,authorship-covered canonical works,canonical works with usable structured OpenAlex authorship,multiple response; one count per unique author per work,d977c356ff57ab060fef,OpenAlex author ID
Author productivity,Canonical work count,Buğra İlhan,1,477,0.2,,openalex:https://openalex.org/a5077787555,authorship-covered canonical works,canonical works with usable structured OpenAlex authorship,multiple response; one count per unique author per work,df606ccebb857fa9a592,OpenAlex author ID
Author productivity,Canonical work count,By Barbra H. B. Timmer,1,477,0.2,,openalex:https://openalex.org/a5132645644,authorship-covered canonical works,canonical works with usable structured OpenAlex authorship,multiple response; one count per unique author per work,0835d7fde9c090ca963c,OpenAlex author ID
Author productivity,Canonical work count,Byung-Wook Lee,1,477,0.2,,openalex:https://openalex.org/a5103262401,authorship-covered canonical works,canonical works with usable structured OpenAlex authorship,multiple response; one count per unique author per work,e5814fecd144cc3fe016,OpenAlex author ID
Author productivity,Canonical work count,Bénédicte Nobile,1,477,0.2,,openalex:https://openalex.org/a5078242970,authorship-covered canonical works,canonical works with usable structured OpenAlex authorship,multiple response; one count per unique author per work,73f1b1dee9a19c0ea0af,OpenAlex author ID
Author productivity,Canonical work count,C Park,1,477,0.2,,openalex:https://openalex.org/a5076918742,authorship-covered canonical works,canonical works with usable structured OpenAlex authorship,multiple response; one count per unique author per work,c837d77a482b4e089619,OpenAlex author ID
Author productivity,Canonical work count,C. Principato,1,477,0.2,,openalex:https://openalex.org/a5045808765,authorship-covered canonical works,canonical works with usable structured OpenAlex authorship,multiple response; one count per unique author per work,415ba4f99eeb473a50c2,OpenAlex author ID
Author productivity,Canonical work count,C. R. Macchi,1,477,0.2,,openalex:https://openalex.org/a5011871673,authorship-covered canonical works,canonical works with usable structured OpenAlex authorship,multiple response; one count per unique author per work,907d492e03a26ae110b8,OpenAlex author ID
Author productivity,Canonical work count,C. S. Ang,1,477,0.2,,openalex:https://openalex.org/a5123470082,authorship-covered canonical works,canonical works with usable structured OpenAlex authorship,multiple response; one count per unique author per work,d644a8da3cdeae0603e0,OpenAlex author ID
Author productivity,Canonical work count,C. Singh,1,477,0.2,,openalex:https://openalex.org/a5004452624,authorship-covered canonical works,canonical works with usable structured OpenAlex authorship,multiple response; one count per unique author per work,sci_d54eaf2ee85c6160a060,OpenAlex author ID
Author productivity,Canonical work count,C. Y. Teresa Lam,1,477,0.2,,openalex:https://openalex.org/a5070337408,authorship-covered canonical works,canonical works with usable structured OpenAlex authorship,multiple response; one count per unique author per work,7a5ffafc98c031b3684e,OpenAlex author ID
Author productivity,Canonical work count,Caitlin Silvestri,1,477,0.2,,openalex:https://openalex.org/a5072124320,authorship-covered canonical works,canonical works with usable structured OpenAlex authorship,multiple response; one count per unique author per work,79301031755b16db8fe6,OpenAlex author ID
Author productivity,Canonical work count,Caleb Tomlin,1,477,0.2,,openalex:https://openalex.org/a5066170139,authorship-covered canonical works,canonical works with usable structured OpenAlex authorship,multiple response; one count per unique author per work,8bece1a102e2fe87b74e,OpenAlex author ID
Author productivity,Canonical work count,Camilla Sammartino,1,477,0.2,,openalex:https://openalex.org/a5078257325,authorship-covered canonical works,canonical works with usable structured OpenAlex authorship,multiple response; one count per unique author per work,07d462beafe4d21ba016,OpenAlex author ID
Author productivity,Canonical work count,Candy Fung Lo Ping,1,477,0.2,,openalex:https://openalex.org/a5126726237,authorship-covered canonical works,canonical works with usable structured OpenAlex authorship,multiple response; one count per unique author per work,12a5244797e0de4599d0,OpenAlex author ID
Author productivity,Canonical work count,Canhua Jiang,1,477,0.2,,openalex:https://openalex.org/a5070383983,authorship-covered canonical works,canonical works with usable structured OpenAlex authorship,multiple response; one count per unique author per work,0b386fbba1d6908a565d,OpenAlex author ID
Author productivity,Canonical work count,Carla Maria Gramaglia,1,477,0.2,,openalex:https://openalex.org/a5121605044,authorship-covered canonical works,canonical works with usable structured OpenAlex authorship,multiple response; one count per unique author per work,be9dea9f8b093b59c0c4,OpenAlex author ID
Author productivity,Canonical work count,Carlos Canales,1,477,0.2,,openalex:https://openalex.org/a5108623528,authorship-covered canonical works,canonical works with usable structured OpenAlex authorship,multiple response; one count per unique author per work,53e73c84997817856e1f,OpenAlex author ID
Author productivity,Canonical work count,Carlos Ramon Hölzing,1,477,0.2,,openalex:https://openalex.org/a5082560456,authorship-covered canonical works,canonical works with usable structured OpenAlex authorship,multiple response; one count per unique author per work,47160b043b610b447eca,OpenAlex author ID
Author productivity,Canonical work count,Carlos René Durazo Enríquez,1,477,0.2,,openalex:https://openalex.org/a5136255823,authorship-covered canonical works,canonical works with usable structured OpenAlex authorship,multiple response; one count per unique author per work,6d85b580a0562cc121d4,OpenAlex author ID
Author productivity,Canonical work count,Carlotta Crisciotti,1,477,0.2,,openalex:https://openalex.org/a5139280459,authorship-covered canonical works,canonical works with usable structured OpenAlex authorship,multiple response; one count per unique author per work,07d462beafe4d21ba016,OpenAlex author ID
Author productivity,Canonical work count,Carly Leininger,1,477,0.2,,openalex:https://openalex.org/a5092583643,authorship-covered canonical works,canonical works with usable structured OpenAlex authorship,multiple response; one count per unique author per work,415ba4f99eeb473a50c2,OpenAlex author ID
Author productivity,Canonical work count,Carmen Louwerens,1,477,0.2,,openalex:https://openalex.org/a5118138843,authorship-covered canonical works,canonical works with usable structured OpenAlex authorship,multiple response; one count per unique author per work,43f6ad0fa6f4597d56fc,OpenAlex author ID
Author productivity,Canonical work count,Carol Bafaloukos,1,477,0.2,,openalex:https://openalex.org/a5120739317,authorship-covered canonical works,canonical works with usable structured OpenAlex authorship,multiple response; one count per unique author per work,ef046f239f256df5f180,OpenAlex author ID
Author productivity,Canonical work count,Carol Terregino,1,477,0.2,,openalex:https://openalex.org/a5147015302,authorship-covered canonical works,canonical works with usable structured OpenAlex authorship,multiple response; one count per unique author per work,425ec6ee2ca714b7434a,OpenAlex author ID
Author productivity,Canonical work count,Caroline G. L. Cao,1,477,0.2,,openalex:https://openalex.org/a5030764040,authorship-covered canonical works,canonical works with usable structured OpenAlex authorship,multiple response; one count per unique author per work,37a099d4d3aa15cafaa9,OpenAlex author ID
Author productivity,Canonical work count,Carson Ka Shun Hung,1,477,0.2,,name-only:0b1e929029c5b43c5beb:8215d8b23977f09d,authorship-covered canonical works,canonical works with usable structured OpenAlex authorship,multiple response; one count per unique author per work,0b1e929029c5b43c5beb,name-only record; duplicates collapsed within work only; not merged across works
Author productivity,Canonical work count,Carsten Eickhoff,1,477,0.2,,openalex:https://openalex.org/a5014921416,authorship-covered canonical works,canonical works with usable structured OpenAlex authorship,multiple response; one count per unique author per work,01a746b554d461cb998c,OpenAlex author ID
Author productivity,Canonical work count,Carvalho Filho,1,477,0.2,,openalex:https://openalex.org/a5007817591,authorship-covered canonical works,canonical works with usable structured OpenAlex authorship,multiple response; one count per unique author per work,afc8c786ca5b65ba8c74,OpenAlex author ID
Author productivity,Canonical work count,Casey Ducharme,1,477,0.2,,openalex:https://openalex.org/a5119701812,authorship-covered canonical works,canonical works with usable structured OpenAlex authorship,multiple response; one count per unique author per work,bc52d7f8f145e43beefc,OpenAlex author ID
Author productivity,Canonical work count,Casey Woodfield,1,477,0.2,,openalex:https://openalex.org/a5002122143,authorship-covered canonical works,canonical works with usable structured OpenAlex authorship,multiple response; one count per unique author per work,abda3007be07a5153c0c,OpenAlex author ID
Author productivity,Canonical work count,Cathleen McCarrick,1,477,0.2,,openalex:https://openalex.org/a5008046993,authorship-covered canonical works,canonical works with usable structured OpenAlex authorship,multiple response; one count per unique author per work,1c5402a057ba8f451244,OpenAlex author ID
Author productivity,Canonical work count,Celeste M. Schultz,1,477,0.2,,openalex:https://openalex.org/a5062585121,authorship-covered canonical works,canonical works with usable structured OpenAlex authorship,multiple response; one count per unique author per work,f9c1bb8b50eb65edbf84,OpenAlex author ID
Author productivity,Canonical work count,Chad Lairamore,1,477,0.2,,openalex:https://openalex.org/a5135200651,authorship-covered canonical works,canonical works with usable structured OpenAlex authorship,multiple response; one count per unique author per work,2972cffe675ec25e930c,OpenAlex author ID
Author productivity,Canonical work count,Chakib Nejjari,1,477,0.2,,openalex:https://openalex.org/a5025677569,authorship-covered canonical works,canonical works with usable structured OpenAlex authorship,multiple response; one count per unique author per work,adf94a39c16c36a40d45,OpenAlex author ID
Author productivity,Canonical work count,Chandra Shekhar Biyani,1,477,0.2,,openalex:https://openalex.org/a5023440692,authorship-covered canonical works,canonical works with usable structured OpenAlex authorship,multiple response; one count per unique author per work,db80308782a219cbea0e,OpenAlex author ID
Author productivity,Canonical work count,Chanel Watson,1,477,0.2,,openalex:https://openalex.org/a5137404259,authorship-covered canonical works,canonical works with usable structured OpenAlex authorship,multiple response; one count per unique author per work,c13d5a010789f6f44c11,OpenAlex author ID
Author productivity,Canonical work count,Chang Wen,1,477,0.2,,openalex:https://openalex.org/a5082500225,authorship-covered canonical works,canonical works with usable structured OpenAlex authorship,multiple response; one count per unique author per work,ed38fd3a7de3cb77f8a6,OpenAlex author ID
Author productivity,Canonical work count,Changmin Lin,1,477,0.2,,openalex:https://openalex.org/a5045852142,authorship-covered canonical works,canonical works with usable structured OpenAlex authorship,multiple response; one count per unique author per work,6d60da2f964efcc60587,OpenAlex author ID
Author productivity,Canonical work count,Chanhee Hong,1,477,0.2,,openalex:https://openalex.org/a5038459041,authorship-covered canonical works,canonical works with usable structured OpenAlex authorship,multiple response; one count per unique author per work,c837d77a482b4e089619,OpenAlex author ID
Author productivity,Canonical work count,Chanwoong Kim,1,477,0.2,,openalex:https://openalex.org/a5130127217,authorship-covered canonical works,canonical works with usable structured OpenAlex authorship,multiple response; one count per unique author per work,9d0e015a74d4a026b092,OpenAlex author ID
Author productivity,Canonical work count,Chao-Yu Hsu,1,477,0.2,,openalex:https://openalex.org/a5123349991,authorship-covered canonical works,canonical works with usable structured OpenAlex authorship,multiple response; one count per unique author per work,f97eadc969f29dc262e7,OpenAlex author ID
Author productivity,Canonical work count,Chaofeng Zhang,1,477,0.2,,openalex:https://openalex.org/a5100405884,authorship-covered canonical works,canonical works with usable structured OpenAlex authorship,multiple response; one count per unique author per work,614d439112e6f1ccea50,OpenAlex author ID
Author productivity,Canonical work count,Chaoqun Dong,1,477,0.2,,openalex:https://openalex.org/a5078089384,authorship-covered canonical works,canonical works with usable structured OpenAlex authorship,multiple response; one count per unique author per work,a4d746b41f7f88ceb127,OpenAlex author ID
Author productivity,Canonical work count,Charlotte A. Taylor-Drigo,1,477,0.2,,openalex:https://openalex.org/a5116607230,authorship-covered canonical works,canonical works with usable structured OpenAlex authorship,multiple response; one count per unique author per work,aea68236a77645892d74,OpenAlex author ID
Author productivity,Canonical work count,Charlotte Hveem,1,477,0.2,,openalex:https://openalex.org/a5138227292,authorship-covered canonical works,canonical works with usable structured OpenAlex authorship,multiple response; one count per unique author per work,319d5b791f54df181b23,OpenAlex author ID
Author productivity,Canonical work count,Charlotte Meynhardt,1,477,0.2,,openalex:https://openalex.org/a5114820274,authorship-covered canonical works,canonical works with usable structured OpenAlex authorship,multiple response; one count per unique author per work,47160b043b610b447eca,OpenAlex author ID
Author productivity,Canonical work count,Chau Vo,1,477,0.2,,openalex:https://openalex.org/a5121811112,authorship-covered canonical works,canonical works with usable structured OpenAlex authorship,multiple response; one count per unique author per work,539c65e906ee41f3eabf,OpenAlex author ID
Author productivity,Canonical work count,Chaxiang Guan,1,477,0.2,,name-only:0b386fbba1d6908a565d:74b00c38fae58509,authorship-covered canonical works,canonical works with usable structured OpenAlex authorship,multiple response; one count per unique author per work,0b386fbba1d6908a565d,name-only record; duplicates collapsed within work only; not merged across works
Author productivity,Canonical work count,Chelsea Twan,1,477,0.2,,openalex:https://openalex.org/a5095931405,authorship-covered canonical works,canonical works with usable structured OpenAlex authorship,multiple response; one count per unique author per work,1557e783fc8af1e8fdd6,OpenAlex author ID
Author productivity,Canonical work count,Chelsea Webb,1,477,0.2,,openalex:https://openalex.org/a5091226540,authorship-covered canonical works,canonical works with usable structured OpenAlex authorship,multiple response; one count per unique author per work,434224fa76b1280311a5,OpenAlex author ID
Author productivity,Canonical work count,Cheng Zeng,1,477,0.2,,openalex:https://openalex.org/a5108576407,authorship-covered canonical works,canonical works with usable structured OpenAlex authorship,multiple response; one count per unique author per work,0fe5747ae7b23830be21,OpenAlex author ID
Author productivity,Canonical work count,Cheng Zeng,1,477,0.2,,openalex:https://openalex.org/a5111264609,authorship-covered canonical works,canonical works with usable structured OpenAlex authorship,multiple response; one count per unique author per work,04b48ce4dda567febfa2,OpenAlex author ID
Author productivity,Canonical work count,Chenhui Lv,1,477,0.2,,openalex:https://openalex.org/a5136323607,authorship-covered canonical works,canonical works with usable structured OpenAlex authorship,multiple response; one count per unique author per work,eb664530dc232a9e1750,OpenAlex author ID
Author productivity,Canonical work count,Chenxu Wang,1,477,0.2,,openalex:https://openalex.org/a5010390467,authorship-covered canonical works,canonical works with usable structured OpenAlex authorship,multiple response; one count per unique author per work,582bc7c400fa7acf214f,OpenAlex author ID
Author productivity,Canonical work count,Cherry Poussa,1,477,0.2,,openalex:https://openalex.org/a5000236697,authorship-covered canonical works,canonical works with usable structured OpenAlex authorship,multiple response; one count per unique author per work,8a1c6e7038c447a20568,OpenAlex author ID
Author productivity,Canonical work count,Chesley Cranch-Kaniut,1,477,0.2,,openalex:https://openalex.org/a5120739319,authorship-covered canonical works,canonical works with usable structured OpenAlex authorship,multiple response; one count per unique author per work,ef046f239f256df5f180,OpenAlex author ID
Author productivity,Canonical work count,Cheuk Chun Joseph Ho,1,477,0.2,,openalex:https://openalex.org/a5101220949,authorship-covered canonical works,canonical works with usable structured OpenAlex authorship,multiple response; one count per unique author per work,7a5ffafc98c031b3684e,OpenAlex author ID
Author productivity,Canonical work count,Chhaya Akshay Divecha,1,477,0.2,,name-only:9eb3b25f5e4e48cdcb6a:15166e53f0534da4,authorship-covered canonical works,canonical works with usable structured OpenAlex authorship,multiple response; one count per unique author per work,9eb3b25f5e4e48cdcb6a,name-only record; duplicates collapsed within work only; not merged across works
Author productivity,Canonical work count,Chi Zhang,1,477,0.2,,openalex:https://openalex.org/a5146462323,authorship-covered canonical works,canonical works with usable structured OpenAlex authorship,multiple response; one count per unique author per work,ac7ed05801a4bd006e07,OpenAlex author ID
Author productivity,Canonical work count,Chia‐Chin Lin,1,477,0.2,,openalex:https://openalex.org/a5074546268,authorship-covered canonical works,canonical works with usable structured OpenAlex authorship,multiple response; one count per unique author per work,7a5ffafc98c031b3684e,OpenAlex author ID
Author productivity,Canonical work count,Chih-Chung Chien,1,477,0.2,,openalex:https://openalex.org/a5125434452,authorship-covered canonical works,canonical works with usable structured OpenAlex authorship,multiple response; one count per unique author per work,32c1dcd0212f833ee125,OpenAlex author ID
Author productivity,Canonical work count,Ching‐Kit Tsui,1,477,0.2,,openalex:https://openalex.org/a5002146667,authorship-covered canonical works,canonical works with usable structured OpenAlex authorship,multiple response; one count per unique author per work,adc1485c258278b24c4e,OpenAlex author ID
Author productivity,Canonical work count,Ching‐Lin Hsieh,1,477,0.2,,openalex:https://openalex.org/a5102856722,authorship-covered canonical works,canonical works with usable structured OpenAlex authorship,multiple response; one count per unique author per work,f97eadc969f29dc262e7,OpenAlex author ID
Author productivity,Canonical work count,Chinwe Uzoma Ugwu,1,477,0.2,,openalex:https://openalex.org/a5134798503,authorship-covered canonical works,canonical works with usable structured OpenAlex authorship,multiple response; one count per unique author per work,78b358c1b1f53fdbc100,OpenAlex author ID
Author productivity,Canonical work count,Chiu C. Tan,1,477,0.2,,openalex:https://openalex.org/a5146999286,authorship-covered canonical works,canonical works with usable structured OpenAlex authorship,multiple response; one count per unique author per work,f68a92632e9b465b9cd8,OpenAlex author ID
Author productivity,Canonical work count,Choi Fung Lam,1,477,0.2,,openalex:https://openalex.org/a5108945062,authorship-covered canonical works,canonical works with usable structured OpenAlex authorship,multiple response; one count per unique author per work,7a5ffafc98c031b3684e,OpenAlex author ID
Author productivity,Canonical work count,Chong Wei,1,477,0.2,,openalex:https://openalex.org/a5144105452,authorship-covered canonical works,canonical works with usable structured OpenAlex authorship,multiple response; one count per unique author per work,a4f6e4afd67cbf667f95,OpenAlex author ID
Author productivity,Canonical work count,Chris Jacobs,1,477,0.2,,openalex:https://openalex.org/a5102714519,authorship-covered canonical works,canonical works with usable structured OpenAlex authorship,multiple response; one count per unique author per work,14e96fc7b4c3181fd39b,OpenAlex author ID
Author productivity,Canonical work count,Chris Jefferies,1,477,0.2,,openalex:https://openalex.org/a5095858893,authorship-covered canonical works,canonical works with usable structured OpenAlex authorship,multiple response; one count per unique author per work,ff3b7f48f6f586cf90b7,OpenAlex author ID
Author productivity,Canonical work count,Christian Grévisse,1,477,0.2,,openalex:https://openalex.org/a5010554764,authorship-covered canonical works,canonical works with usable structured OpenAlex authorship,multiple response; one count per unique author per work,432422a165ddc6a24c2f,OpenAlex author ID
Author productivity,Canonical work count,Christina E. Jeffrey,1,477,0.2,,openalex:https://openalex.org/a5135180913,authorship-covered canonical works,canonical works with usable structured OpenAlex authorship,multiple response; one count per unique author per work,2972cffe675ec25e930c,OpenAlex author ID
Author productivity,Canonical work count,Christopher A. Aakre,1,477,0.2,,openalex:https://openalex.org/a5001911569,authorship-covered canonical works,canonical works with usable structured OpenAlex authorship,multiple response; one count per unique author per work,2877ad2c6a928639280a,OpenAlex author ID
Author productivity,Canonical work count,Christopher Chi Wai Cheng,1,477,0.2,,openalex:https://openalex.org/a5108925493,authorship-covered canonical works,canonical works with usable structured OpenAlex authorship,multiple response; one count per unique author per work,7a5ffafc98c031b3684e,OpenAlex author ID
Author productivity,Canonical work count,Christopher Plata,1,477,0.2,,openalex:https://openalex.org/a5112465042,authorship-covered canonical works,canonical works with usable structured OpenAlex authorship,multiple response; one count per unique author per work,bad1f4fb855554cb4aba,OpenAlex author ID
Author productivity,Canonical work count,Christopher Runyon,1,477,0.2,,openalex:https://openalex.org/a5011398348,authorship-covered canonical works,canonical works with usable structured OpenAlex authorship,multiple response; one count per unique author per work,d7a2412d7fe5f7bee1e5,OpenAlex author ID
Author productivity,Canonical work count,Christopher S. Lee,1,477,0.2,,openalex:https://openalex.org/a5146131417,authorship-covered canonical works,canonical works with usable structured OpenAlex authorship,multiple response; one count per unique author per work,5dd47cd1855294dcfafd,OpenAlex author ID
Author productivity,Canonical work count,Christopher You,1,477,0.2,,openalex:https://openalex.org/a5069119544,authorship-covered canonical works,canonical works with usable structured OpenAlex authorship,multiple response; one count per unique author per work,894f08a5035b3a1872d5,OpenAlex author ID
Author productivity,Canonical work count,Christy L. Cummings,1,477,0.2,,openalex:https://openalex.org/a5032263722,authorship-covered canonical works,canonical works with usable structured OpenAlex authorship,multiple response; one count per unique author per work,24ffbec5a9dbce04e0fd,OpenAlex author ID
Author productivity,Canonical work count,Chuanlin Jia,1,477,0.2,,openalex:https://openalex.org/a5122399552,authorship-covered canonical works,canonical works with usable structured OpenAlex authorship,multiple response; one count per unique author per work,2befb2019a25a1ea563f,OpenAlex author ID
Author productivity,Canonical work count,Chujun Shi,1,477,0.2,,name-only:240393927e83854aac9b:c14ff9bdb5d92240,authorship-covered canonical works,canonical works with usable structured OpenAlex authorship,multiple response; one count per unique author per work,240393927e83854aac9b,name-only record; duplicates collapsed within work only; not merged across works
Author productivity,Canonical work count,Chujun Shi,1,477,0.2,,openalex:https://openalex.org/a5126730459,authorship-covered canonical works,canonical works with usable structured OpenAlex authorship,multiple response; one count per unique author per work,6d60da2f964efcc60587,OpenAlex author ID
Author productivity,Canonical work count,Chun Gao,1,477,0.2,,openalex:https://openalex.org/a5137097444,authorship-covered canonical works,canonical works with usable structured OpenAlex authorship,multiple response; one count per unique author per work,9717d5f24495686aabe2,OpenAlex author ID
Author productivity,Canonical work count,Chunhui Li,1,477,0.2,,openalex:https://openalex.org/a5126557621,authorship-covered canonical works,canonical works with usable structured OpenAlex authorship,multiple response; one count per unique author per work,bd2cdf16f21f3814f67d,OpenAlex author ID
Author productivity,Canonical work count,Chwee Teck Lim,1,477,0.2,,openalex:https://openalex.org/a5031498697,authorship-covered canonical works,canonical works with usable structured OpenAlex authorship,multiple response; one count per unique author per work,359e1289e1f098bb36e2,OpenAlex author ID
Author productivity,Canonical work count,Ciara Mallon,1,477,0.2,,openalex:https://openalex.org/a5120354541,authorship-covered canonical works,canonical works with usable structured OpenAlex authorship,multiple response; one count per unique author per work,df4adbef2a265890959e,OpenAlex author ID
Author productivity,Canonical work count,Cinthya Vásquez‐Velásquez,1,477,0.2,,openalex:https://openalex.org/a5066645021,authorship-covered canonical works,canonical works with usable structured OpenAlex authorship,multiple response; one count per unique author per work,53e73c84997817856e1f,OpenAlex author ID
Author productivity,Canonical work count,Claire Cardie,1,477,0.2,,openalex:https://openalex.org/a5123661626,authorship-covered canonical works,canonical works with usable structured OpenAlex authorship,multiple response; one count per unique author per work,302dee907e926e18ddba,OpenAlex author ID
Author productivity,Canonical work count,Clara Cabrera Moreno,1,477,0.2,,name-only:7a5ffafc98c031b3684e:7a1ed2ad8672efe0,authorship-covered canonical works,canonical works with usable structured OpenAlex authorship,multiple response; one count per unique author per work,7a5ffafc98c031b3684e,name-only record; duplicates collapsed within work only; not merged across works
Author productivity,Canonical work count,Claudia F. Plappert,1,477,0.2,,openalex:https://openalex.org/a5049523390,authorship-covered canonical works,canonical works with usable structured OpenAlex authorship,multiple response; one count per unique author per work,e2272dd53f2ee764e3a8,OpenAlex author ID
Author productivity,Canonical work count,Claudia Miersch,1,477,0.2,,openalex:https://openalex.org/a5036357722,authorship-covered canonical works,canonical works with usable structured OpenAlex authorship,multiple response; one count per unique author per work,594824ec9813877abe34,OpenAlex author ID
Author productivity,Canonical work count,Claudio Adrián Ramos-Cortés,1,477,0.2,,openalex:https://openalex.org/a5116411401,authorship-covered canonical works,canonical works with usable structured OpenAlex authorship,multiple response; one count per unique author per work,98c23d01b9fb23bd43c4,OpenAlex author ID
Author productivity,Canonical work count,Clifford J. Connell,1,477,0.2,,openalex:https://openalex.org/a5020335184,authorship-covered canonical works,canonical works with usable structured OpenAlex authorship,multiple response; one count per unique author per work,d11ce96adb05741aef6d,OpenAlex author ID
Author productivity,Canonical work count,Colin Gorman,1,477,0.2,,openalex:https://openalex.org/a5048819793,authorship-covered canonical works,canonical works with usable structured OpenAlex authorship,multiple response; one count per unique author per work,df4adbef2a265890959e,OpenAlex author ID
Author productivity,Canonical work count,Colleen Cordes,1,477,0.2,,openalex:https://openalex.org/a5071740643,authorship-covered canonical works,canonical works with usable structured OpenAlex authorship,multiple response; one count per unique author per work,907d492e03a26ae110b8,OpenAlex author ID
Author productivity,Canonical work count,Coralie Barbe,1,477,0.2,,openalex:https://openalex.org/a5044391134,authorship-covered canonical works,canonical works with usable structured OpenAlex authorship,multiple response; one count per unique author per work,4b7753ecc7bff0d54289,OpenAlex author ID
Author productivity,Canonical work count,Cordelia Orillac,1,477,0.2,,openalex:https://openalex.org/a5062226271,authorship-covered canonical works,canonical works with usable structured OpenAlex authorship,multiple response; one count per unique author per work,50ac103890932b40242c,OpenAlex author ID
Author productivity,Canonical work count,Cornelia Schlick,1,477,0.2,,name-only:594824ec9813877abe34:bf35333db4cefe98,authorship-covered canonical works,canonical works with usable structured OpenAlex authorship,multiple response; one count per unique author per work,594824ec9813877abe34,name-only record; duplicates collapsed within work only; not merged across works
Author productivity,Canonical work count,Courtney Lewis,1,477,0.2,,name-only:76597dc445d9df2ae743:290b4c1f616d24b0,authorship-covered canonical works,canonical works with usable structured OpenAlex authorship,multiple response; one count per unique author per work,76597dc445d9df2ae743,name-only record; duplicates collapsed within work only; not merged across works
Author productivity,Canonical work count,Courtney M. Townsend,1,477,0.2,,openalex:https://openalex.org/a5108403163,authorship-covered canonical works,canonical works with usable structured OpenAlex authorship,multiple response; one count per unique author per work,79301031755b16db8fe6,OpenAlex author ID
Author productivity,Canonical work count,Craig Gerrand,1,477,0.2,,openalex:https://openalex.org/a5063848544,authorship-covered canonical works,canonical works with usable structured OpenAlex authorship,multiple response; one count per unique author per work,c98aa2499bea62fd3f2a,OpenAlex author ID
Author productivity,Canonical work count,Craig Nielsen,1,477,0.2,,openalex:https://openalex.org/a5102909023,authorship-covered canonical works,canonical works with usable structured OpenAlex authorship,multiple response; one count per unique author per work,eeb5a3afa4e8b1c2635c,OpenAlex author ID
Author productivity,Canonical work count,Crina Damşa,1,477,0.2,,openalex:https://openalex.org/a5056211096,authorship-covered canonical works,canonical works with usable structured OpenAlex authorship,multiple response; one count per unique author per work,43f6ad0fa6f4597d56fc,OpenAlex author ID
Author productivity,Canonical work count,Cristian Opazo,1,477,0.2,,openalex:https://openalex.org/a5064577302,authorship-covered canonical works,canonical works with usable structured OpenAlex authorship,multiple response; one count per unique author per work,8ad0258644c0c312a7d8,OpenAlex author ID
Author productivity,Canonical work count,Cristina Calvo,1,477,0.2,,openalex:https://openalex.org/a5026532124,authorship-covered canonical works,canonical works with usable structured OpenAlex authorship,multiple response; one count per unique author per work,6ab002878664147423a1,OpenAlex author ID
Author productivity,Canonical work count,Cristián Jarry,1,477,0.2,,openalex:https://openalex.org/a5060863497,authorship-covered canonical works,canonical works with usable structured OpenAlex authorship,multiple response; one count per unique author per work,b53bf33d223a68f17e8c,OpenAlex author ID
Author productivity,Canonical work count,Cullen Jackson,1,477,0.2,,openalex:https://openalex.org/a5137845386,authorship-covered canonical works,canonical works with usable structured OpenAlex authorship,multiple response; one count per unique author per work,5aa2066f4c78fde5a50b,OpenAlex author ID
Author productivity,Canonical work count,"Cullen, Jack",1,477,0.2,,name-only:5e9d52b66e4686a38781:7baa2242cd23ac26,authorship-covered canonical works,canonical works with usable structured OpenAlex authorship,multiple response; one count per unique author per work,5e9d52b66e4686a38781,name-only record; duplicates collapsed within work only; not merged across works
Author productivity,Canonical work count,Cynthia J. Mosher,1,477,0.2,,openalex:https://openalex.org/a5090943063,authorship-covered canonical works,canonical works with usable structured OpenAlex authorship,multiple response; one count per unique author per work,155acc9f21eba7b06b56,OpenAlex author ID
Author productivity,Canonical work count,Cynthia M. Baseman,1,477,0.2,,openalex:https://openalex.org/a5093253964,authorship-covered canonical works,canonical works with usable structured OpenAlex authorship,multiple response; one count per unique author per work,ed23e4c8ee00516d2110,OpenAlex author ID
Author productivity,Canonical work count,Cynthia Milton,1,477,0.2,,openalex:https://openalex.org/a5008773019,authorship-covered canonical works,canonical works with usable structured OpenAlex authorship,multiple response; one count per unique author per work,a2fb845a99fa4f6e080c,OpenAlex author ID
Author productivity,Canonical work count,César A. Soutullo,1,477,0.2,,openalex:https://openalex.org/a5053477956,authorship-covered canonical works,canonical works with usable structured OpenAlex authorship,multiple response; one count per unique author per work,32b43fcb025a9d77581f,OpenAlex author ID
Author productivity,Canonical work count,César Fernández,1,477,0.2,,name-only:71a491a468f6c4c71249:bd9d33c7632e1027,authorship-covered canonical works,canonical works with usable structured OpenAlex authorship,multiple response; one count per unique author per work,71a491a468f6c4c71249,name-only record; duplicates collapsed within work only; not merged across works
Author productivity,Canonical work count,César Javier Sánchez-Ramón,1,477,0.2,,openalex:https://openalex.org/a5139516610,authorship-covered canonical works,canonical works with usable structured OpenAlex authorship,multiple response; one count per unique author per work,59ac00c951a84da39213,OpenAlex author ID
Author productivity,Canonical work count,D M Chandrakeerthy,1,477,0.2,,openalex:https://openalex.org/a5092370419,authorship-covered canonical works,canonical works with usable structured OpenAlex authorship,multiple response; one count per unique author per work,afa9fe102dc8ed9bfaff,OpenAlex author ID
Author productivity,Canonical work count,D. Gamaleldin,1,477,0.2,,openalex:https://openalex.org/a5123472714,authorship-covered canonical works,canonical works with usable structured OpenAlex authorship,multiple response; one count per unique author per work,d644a8da3cdeae0603e0,OpenAlex author ID
Author productivity,Canonical work count,D. Novak,1,477,0.2,,openalex:https://openalex.org/a5144106894,authorship-covered canonical works,canonical works with usable structured OpenAlex authorship,multiple response; one count per unique author per work,ea35181a48e801132195,OpenAlex author ID
Author productivity,Canonical work count,Dafne Montserrat Solis-Galván,1,477,0.2,,openalex:https://openalex.org/a5119941968,authorship-covered canonical works,canonical works with usable structured OpenAlex authorship,multiple response; one count per unique author per work,7f84c902e862e25dbf2c,OpenAlex author ID
Author productivity,Canonical work count,Dahee Kim,1,477,0.2,,openalex:https://openalex.org/a5031921266,authorship-covered canonical works,canonical works with usable structured OpenAlex authorship,multiple response; one count per unique author per work,9b8b66d55c35b17e843c,OpenAlex author ID
Author productivity,Canonical work count,Daiming FAN,1,477,0.2,,name-only:b777355095979479280c:36e2137679f3f51a,authorship-covered canonical works,canonical works with usable structured OpenAlex authorship,multiple response; one count per unique author per work,b777355095979479280c,name-only record; duplicates collapsed within work only; not merged across works
Author productivity,Canonical work count,Dan Li,1,477,0.2,,openalex:https://openalex.org/a5135865401,authorship-covered canonical works,canonical works with usable structured OpenAlex authorship,multiple response; one count per unique author per work,da4715a1835405ea02b7,OpenAlex author ID
Author productivity,Canonical work count,Dan Lu,1,477,0.2,,openalex:https://openalex.org/a5135195932,authorship-covered canonical works,canonical works with usable structured OpenAlex authorship,multiple response; one count per unique author per work,548ca816901c7761f0bf,OpenAlex author ID
Author productivity,Canonical work count,Dan Pu,1,477,0.2,,name-only:582bc7c400fa7acf214f:de1bfefbbe2c006b,authorship-covered canonical works,canonical works with usable structured OpenAlex authorship,multiple response; one count per unique author per work,582bc7c400fa7acf214f,name-only record; duplicates collapsed within work only; not merged across works
Author productivity,Canonical work count,Dan Yang,1,477,0.2,,openalex:https://openalex.org/a5101826852,authorship-covered canonical works,canonical works with usable structured OpenAlex authorship,multiple response; one count per unique author per work,0394426a6c4e7afe938e,OpenAlex author ID
Author productivity,Canonical work count,Daniel Alexander Alber,1,477,0.2,,openalex:https://openalex.org/a5092572054,authorship-covered canonical works,canonical works with usable structured OpenAlex authorship,multiple response; one count per unique author per work,50ac103890932b40242c,OpenAlex author ID
Author productivity,Canonical work count,Daniel Alexandre Relvas Rodrigues,1,477,0.2,,name-only:5b995fc6546cbe610568:5ca02958080cdc4a,authorship-covered canonical works,canonical works with usable structured OpenAlex authorship,multiple response; one count per unique author per work,5b995fc6546cbe610568,name-only record; duplicates collapsed within work only; not merged across works
Author productivity,Canonical work count,Daniel B. Jones,1,477,0.2,,openalex:https://openalex.org/a5103552008,authorship-covered canonical works,canonical works with usable structured OpenAlex authorship,multiple response; one count per unique author per work,5aa2066f4c78fde5a50b,OpenAlex author ID
Author productivity,Canonical work count,Daniel García-Torres,1,477,0.2,,name-only:71a491a468f6c4c71249:4285e2cce427e48c,authorship-covered canonical works,canonical works with usable structured OpenAlex authorship,multiple response; one count per unique author per work,71a491a468f6c4c71249,name-only record; duplicates collapsed within work only; not merged across works
Author productivity,Canonical work count,Daniel Laurence,1,477,0.2,,openalex:https://openalex.org/a5075754588,authorship-covered canonical works,canonical works with usable structured OpenAlex authorship,multiple response; one count per unique author per work,33fa7a94d105663796d8,OpenAlex author ID
Author productivity,Canonical work count,Daniel Lee,1,477,0.2,,openalex:https://openalex.org/a5100392995,authorship-covered canonical works,canonical works with usable structured OpenAlex authorship,multiple response; one count per unique author per work,f74b171e97e291bab8d3,OpenAlex author ID
Author productivity,Canonical work count,Daniel Reichenpfader,1,477,0.2,,openalex:https://openalex.org/a5086130468,authorship-covered canonical works,canonical works with usable structured OpenAlex authorship,multiple response; one count per unique author per work,18f9eaf414ec69e25aad,OpenAlex author ID
Author productivity,Canonical work count,Daniel Rodrigues,1,477,0.2,,openalex:https://openalex.org/a5030821567,authorship-covered canonical works,canonical works with usable structured OpenAlex authorship,multiple response; one count per unique author per work,69f44a30a1f5c09b5e41,OpenAlex author ID
Author productivity,Canonical work count,Daniel Shin,1,477,0.2,,openalex:https://openalex.org/a5120722405,authorship-covered canonical works,canonical works with usable structured OpenAlex authorship,multiple response; one count per unique author per work,e4987ba5c8f46735e9ff,OpenAlex author ID
Author productivity,Canonical work count,Daniel Sánchez,1,477,0.2,,openalex:https://openalex.org/a5041220362,authorship-covered canonical works,canonical works with usable structured OpenAlex authorship,multiple response; one count per unique author per work,43f6ad0fa6f4597d56fc,OpenAlex author ID
Author productivity,Canonical work count,Daniel Vollmer,1,477,0.2,,openalex:https://openalex.org/a5083130202,authorship-covered canonical works,canonical works with usable structured OpenAlex authorship,multiple response; one count per unique author per work,8db4130844dc8d367d1f,OpenAlex author ID
Author productivity,Canonical work count,Danielle S. Bitterman,1,477,0.2,,openalex:https://openalex.org/a5039369605,authorship-covered canonical works,canonical works with usable structured OpenAlex authorship,multiple response; one count per unique author per work,d977c356ff57ab060fef,OpenAlex author ID
Author productivity,Canonical work count,Danting Tan,1,477,0.2,,openalex:https://openalex.org/a5134546973,authorship-covered canonical works,canonical works with usable structured OpenAlex authorship,multiple response; one count per unique author per work,9053eb63f4358c343310,OpenAlex author ID
Author productivity,Canonical work count,Danush Rajasekaran,1,477,0.2,,openalex:https://openalex.org/a5092391916,authorship-covered canonical works,canonical works with usable structured OpenAlex authorship,multiple response; one count per unique author per work,3cc4d65478e63af8ab6e,OpenAlex author ID
Author productivity,Canonical work count,Danyang Xu,1,477,0.2,,openalex:https://openalex.org/a5135167830,authorship-covered canonical works,canonical works with usable structured OpenAlex authorship,multiple response; one count per unique author per work,da920e8320da57a1954a,OpenAlex author ID
Author productivity,Canonical work count,Daor Hayu,1,477,0.2,,openalex:https://openalex.org/a5119567100,authorship-covered canonical works,canonical works with usable structured OpenAlex authorship,multiple response; one count per unique author per work,6ad5ba253eb6dea25a47,OpenAlex author ID
Author productivity,Canonical work count,Daphne Sze Ki Cheung,1,477,0.2,,openalex:https://openalex.org/a5087421914,authorship-covered canonical works,canonical works with usable structured OpenAlex authorship,multiple response; one count per unique author per work,0b1e929029c5b43c5beb,OpenAlex author ID
Author productivity,Canonical work count,Darian Hoagland,1,477,0.2,,openalex:https://openalex.org/a5123462481,authorship-covered canonical works,canonical works with usable structured OpenAlex authorship,multiple response; one count per unique author per work,5aa2066f4c78fde5a50b,OpenAlex author ID
Author productivity,Canonical work count,Daryoush Javidi,1,477,0.2,,openalex:https://openalex.org/a5136452158,authorship-covered canonical works,canonical works with usable structured OpenAlex authorship,multiple response; one count per unique author per work,55c688efa556cdf3a77e,OpenAlex author ID
Author productivity,Canonical work count,Dasol Choi,1,477,0.2,,openalex:https://openalex.org/a5113405439,authorship-covered canonical works,canonical works with usable structured OpenAlex authorship,multiple response; one count per unique author per work,581dc0790951c1557bba,OpenAlex author ID
Author productivity,Canonical work count,David B. Kurland,1,477,0.2,,openalex:https://openalex.org/a5077057828,authorship-covered canonical works,canonical works with usable structured OpenAlex authorship,multiple response; one count per unique author per work,50ac103890932b40242c,OpenAlex author ID
Author productivity,Canonical work count,David Cunningham,1,477,0.2,,openalex:https://openalex.org/a5136656531,authorship-covered canonical works,canonical works with usable structured OpenAlex authorship,multiple response; one count per unique author per work,11f31f18ad70545cab85,OpenAlex author ID
Author productivity,Canonical work count,David Duong,1,477,0.2,,openalex:https://openalex.org/a5103036292,authorship-covered canonical works,canonical works with usable structured OpenAlex authorship,multiple response; one count per unique author per work,7571d4d2871565bc5c1c,OpenAlex author ID
Author productivity,Canonical work count,David Fernando Duque-Ropero,1,477,0.2,,openalex:https://openalex.org/a5140395795,authorship-covered canonical works,canonical works with usable structured OpenAlex authorship,multiple response; one count per unique author per work,843a6b1f2c79c1bd4273,OpenAlex author ID
Author productivity,Canonical work count,David Fleiszer,1,477,0.2,,openalex:https://openalex.org/a5082118442,authorship-covered canonical works,canonical works with usable structured OpenAlex authorship,multiple response; one count per unique author per work,7791c8951d81b4aa0b71,OpenAlex author ID
Author productivity,Canonical work count,David Hogg,1,477,0.2,,openalex:https://openalex.org/a5016844699,authorship-covered canonical works,canonical works with usable structured OpenAlex authorship,multiple response; one count per unique author per work,b4fa4675ffa2674da6e1,OpenAlex author ID
Author productivity,Canonical work count,David Liebovitz,1,477,0.2,,openalex:https://openalex.org/a5120593001,authorship-covered canonical works,canonical works with usable structured OpenAlex authorship,multiple response; one count per unique author per work,de583e684ddd0364a161,OpenAlex author ID
Author productivity,Canonical work count,David Mann,1,477,0.2,,openalex:https://openalex.org/a5007631989,authorship-covered canonical works,canonical works with usable structured OpenAlex authorship,multiple response; one count per unique author per work,1557e783fc8af1e8fdd6,OpenAlex author ID
Author productivity,Canonical work count,David W. Tscholl,1,477,0.2,,openalex:https://openalex.org/a5013366440,authorship-covered canonical works,canonical works with usable structured OpenAlex authorship,multiple response; one count per unique author per work,272439595ff3b96c35f3,OpenAlex author ID
Author productivity,Canonical work count,Davide Luordo,1,477,0.2,,openalex:https://openalex.org/a5055831223,authorship-covered canonical works,canonical works with usable structured OpenAlex authorship,multiple response; one count per unique author per work,6ab002878664147423a1,OpenAlex author ID
Author productivity,Canonical work count,Dawne Stefanik,1,477,0.2,,openalex:https://openalex.org/a5005468388,authorship-covered canonical works,canonical works with usable structured OpenAlex authorship,multiple response; one count per unique author per work,ba402925b430558ae1e0,OpenAlex author ID
Author productivity,Canonical work count,Declan Patton,1,477,0.2,,openalex:https://openalex.org/a5081679346,authorship-covered canonical works,canonical works with usable structured OpenAlex authorship,multiple response; one count per unique author per work,c13d5a010789f6f44c11,OpenAlex author ID
Author productivity,Canonical work count,Denis Angoulvant,1,477,0.2,,openalex:https://openalex.org/a5051306204,authorship-covered canonical works,canonical works with usable structured OpenAlex authorship,multiple response; one count per unique author per work,5aeb6b891099b95aa832,OpenAlex author ID
Author productivity,Canonical work count,Denis Souto Valente,1,477,0.2,,name-only:sci_6840c15b05b568f05153:a45eaa4230a833be,authorship-covered canonical works,canonical works with usable structured OpenAlex authorship,multiple response; one count per unique author per work,sci_6840c15b05b568f05153,name-only record; duplicates collapsed within work only; not merged across works
Author productivity,Canonical work count,Denise C. Nelson-Hurwitz,1,477,0.2,,openalex:https://openalex.org/a5075053206,authorship-covered canonical works,canonical works with usable structured OpenAlex authorship,multiple response; one count per unique author per work,25591cbc3c2b21cbfbdf,OpenAlex author ID
Author productivity,Canonical work count,Devin Lavender,1,477,0.2,,openalex:https://openalex.org/a5145958902,authorship-covered canonical works,canonical works with usable structured OpenAlex authorship,multiple response; one count per unique author per work,e4987ba5c8f46735e9ff,OpenAlex author ID
Author productivity,Canonical work count,Devindra Gurdayal,1,477,0.2,,openalex:https://openalex.org/a5116859703,authorship-covered canonical works,canonical works with usable structured OpenAlex authorship,multiple response; one count per unique author per work,197361cc9246160f71a5,OpenAlex author ID
Author productivity,Canonical work count,Dhrumil Mehta,1,477,0.2,,openalex:https://openalex.org/a5026643217,authorship-covered canonical works,canonical works with usable structured OpenAlex authorship,multiple response; one count per unique author per work,593c7da1de5e9f26b59d,OpenAlex author ID
Author productivity,Canonical work count,Di Liu,1,477,0.2,,openalex:https://openalex.org/a5057589678,authorship-covered canonical works,canonical works with usable structured OpenAlex authorship,multiple response; one count per unique author per work,582bc7c400fa7acf214f,OpenAlex author ID
Author productivity,Canonical work count,Dian Zeng,1,477,0.2,,openalex:https://openalex.org/a5030625653,authorship-covered canonical works,canonical works with usable structured OpenAlex authorship,multiple response; one count per unique author per work,359e1289e1f098bb36e2,OpenAlex author ID
Author productivity,Canonical work count,Diego Alberto Martínez-Islas,1,477,0.2,,openalex:https://openalex.org/a5119941965,authorship-covered canonical works,canonical works with usable structured OpenAlex authorship,multiple response; one count per unique author per work,7f84c902e862e25dbf2c,OpenAlex author ID
Author productivity,Canonical work count,Diego Catania,1,477,0.2,,openalex:https://openalex.org/a5011807079,authorship-covered canonical works,canonical works with usable structured OpenAlex authorship,multiple response; one count per unique author per work,633dafafd7b2de3e7ad0,OpenAlex author ID
Author productivity,Canonical work count,Dingqiao Wang,1,477,0.2,,openalex:https://openalex.org/a5051535301,authorship-covered canonical works,canonical works with usable structured OpenAlex authorship,multiple response; one count per unique author per work,7a269bae27b9f603ddda,OpenAlex author ID
Author productivity,Canonical work count,Dinh Khanh Dang,1,477,0.2,,openalex:https://openalex.org/a5052167635,authorship-covered canonical works,canonical works with usable structured OpenAlex authorship,multiple response; one count per unique author per work,44d09fb5dabfde2e9e31,OpenAlex author ID
Author productivity,Canonical work count,Divya Sharma,1,477,0.2,,openalex:https://openalex.org/a5141295547,authorship-covered canonical works,canonical works with usable structured OpenAlex authorship,multiple response; one count per unique author per work,63c69a200d415bc42d9b,OpenAlex author ID
Author productivity,Canonical work count,Diya Karwa,1,477,0.2,,openalex:https://openalex.org/a5117426906,authorship-covered canonical works,canonical works with usable structured OpenAlex authorship,multiple response; one count per unique author per work,c4f5fe90704c2aa68c75,OpenAlex author ID
Author productivity,Canonical work count,Dmytro Predchyshyn,1,477,0.2,,openalex:https://openalex.org/a5120042075,authorship-covered canonical works,canonical works with usable structured OpenAlex authorship,multiple response; one count per unique author per work,11f31f18ad70545cab85,OpenAlex author ID
Author productivity,Canonical work count,Do Hoon Kim,1,477,0.2,,openalex:https://openalex.org/a5129864934,authorship-covered canonical works,canonical works with usable structured OpenAlex authorship,multiple response; one count per unique author per work,9d0e015a74d4a026b092,OpenAlex author ID
Author productivity,Canonical work count,Doga Demirel,1,477,0.2,,openalex:https://openalex.org/a5068304771,authorship-covered canonical works,canonical works with usable structured OpenAlex authorship,multiple response; one count per unique author per work,5aa2066f4c78fde5a50b,OpenAlex author ID
Author productivity,Canonical work count,Dogus Darici,1,477,0.2,,openalex:https://openalex.org/a5011438885,authorship-covered canonical works,canonical works with usable structured OpenAlex authorship,multiple response; one count per unique author per work,0a56637c161743569cf5,OpenAlex author ID
Author productivity,Canonical work count,Dominika Żukowiecka-Sęga,1,477,0.2,,name-only:4ff984fed8d71f9ad381:4405e6d11d84df73,authorship-covered canonical works,canonical works with usable structured OpenAlex authorship,multiple response; one count per unique author per work,4ff984fed8d71f9ad381,name-only record; duplicates collapsed within work only; not merged across works
Author productivity,Canonical work count,Dominique Guerrot,1,477,0.2,,openalex:https://openalex.org/a5057753461,authorship-covered canonical works,canonical works with usable structured OpenAlex authorship,multiple response; one count per unique author per work,4b7753ecc7bff0d54289,OpenAlex author ID
Author productivity,Canonical work count,Dong Ang,1,477,0.2,,openalex:https://openalex.org/a5012151011,authorship-covered canonical works,canonical works with usable structured OpenAlex authorship,multiple response; one count per unique author per work,b2f1db675b2599e354ab,OpenAlex author ID
Author productivity,Canonical work count,Dongliang Li,1,477,0.2,,name-only:038dc9e15385ce662149:b94d144b364cbebe,authorship-covered canonical works,canonical works with usable structured OpenAlex authorship,multiple response; one count per unique author per work,038dc9e15385ce662149,name-only record; duplicates collapsed within work only; not merged across works
Author productivity,Canonical work count,Dongliang Li,1,477,0.2,,openalex:https://openalex.org/a5123218888,authorship-covered canonical works,canonical works with usable structured OpenAlex authorship,multiple response; one count per unique author per work,36878122d89a1f0ba51c,OpenAlex author ID
Author productivity,Canonical work count,Dongyijie Primo Pan,1,477,0.2,,openalex:https://openalex.org/a5119809234,authorship-covered canonical works,canonical works with usable structured OpenAlex authorship,multiple response; one count per unique author per work,fd1a9c7f0b28a609f8af,OpenAlex author ID
Author productivity,Canonical work count,Dorina Markovics,1,477,0.2,,openalex:https://openalex.org/a5115558505,authorship-covered canonical works,canonical works with usable structured OpenAlex authorship,multiple response; one count per unique author per work,sci_479872e4f60f538cbd03,OpenAlex author ID
Author productivity,Canonical work count,Douglas Kondziolka,1,477,0.2,,openalex:https://openalex.org/a5020032572,authorship-covered canonical works,canonical works with usable structured OpenAlex authorship,multiple response; one count per unique author per work,50ac103890932b40242c,OpenAlex author ID
Author productivity,Canonical work count,Douglas Titze,1,477,0.2,,openalex:https://openalex.org/a5095382570,authorship-covered canonical works,canonical works with usable structured OpenAlex authorship,multiple response; one count per unique author per work,80e9a9d9f964aea305e9,OpenAlex author ID
Author productivity,Canonical work count,Dragan Gasevic,1,477,0.2,,openalex:https://openalex.org/a5128652877,authorship-covered canonical works,canonical works with usable structured OpenAlex authorship,multiple response; one count per unique author per work,6d60da2f964efcc60587,OpenAlex author ID
Author productivity,Canonical work count,Duan-Liang Wang,1,477,0.2,,openalex:https://openalex.org/a5020683081,authorship-covered canonical works,canonical works with usable structured OpenAlex authorship,multiple response; one count per unique author per work,0835d7fde9c090ca963c,OpenAlex author ID
Author productivity,Canonical work count,Duo Wang,1,477,0.2,,openalex:https://openalex.org/a5122888376,authorship-covered canonical works,canonical works with usable structured OpenAlex authorship,multiple response; one count per unique author per work,37a099d4d3aa15cafaa9,OpenAlex author ID
Author productivity,Canonical work count,Duoru Lin,1,477,0.2,,openalex:https://openalex.org/a5011575206,authorship-covered canonical works,canonical works with usable structured OpenAlex authorship,multiple response; one count per unique author per work,adc1485c258278b24c4e,OpenAlex author ID
Author productivity,Canonical work count,Dure Saman,1,477,0.2,,openalex:https://openalex.org/a5117504716,authorship-covered canonical works,canonical works with usable structured OpenAlex authorship,multiple response; one count per unique author per work,6fb769efa53620e383b7,OpenAlex author ID
Author productivity,Canonical work count,Duy Nguyen,1,477,0.2,,openalex:https://openalex.org/a5121775923,authorship-covered canonical works,canonical works with usable structured OpenAlex authorship,multiple response; one count per unique author per work,539c65e906ee41f3eabf,OpenAlex author ID
Author productivity,Canonical work count,Duygu Mine Alataş,1,477,0.2,,openalex:https://openalex.org/a5092544276,authorship-covered canonical works,canonical works with usable structured OpenAlex authorship,multiple response; one count per unique author per work,5e70fc602d28beb4158b,OpenAlex author ID
Author productivity,Canonical work count,Duygu Sarikaya,1,477,0.2,,openalex:https://openalex.org/a5103025202,authorship-covered canonical works,canonical works with usable structured OpenAlex authorship,multiple response; one count per unique author per work,b4fa4675ffa2674da6e1,OpenAlex author ID
Author productivity,Canonical work count,E Mugila.,1,477,0.2,,openalex:https://openalex.org/a5116424353,authorship-covered canonical works,canonical works with usable structured OpenAlex authorship,multiple response; one count per unique author per work,416753b67d9e900455c8,OpenAlex author ID
Author productivity,Canonical work count,E. Bartolotta,1,477,0.2,,openalex:https://openalex.org/a5061061265,authorship-covered canonical works,canonical works with usable structured OpenAlex authorship,multiple response; one count per unique author per work,07d462beafe4d21ba016,OpenAlex author ID
Author productivity,Canonical work count,Edda Johansen,1,477,0.2,,openalex:https://openalex.org/a5073476691,authorship-covered canonical works,canonical works with usable structured OpenAlex authorship,multiple response; one count per unique author per work,43f6ad0fa6f4597d56fc,OpenAlex author ID
Author productivity,Canonical work count,Eddabbah Mohamed,1,477,0.2,,openalex:https://openalex.org/a5139883574,authorship-covered canonical works,canonical works with usable structured OpenAlex authorship,multiple response; one count per unique author per work,49a3c3f5df637d33e854,OpenAlex author ID
Author productivity,Canonical work count,Edel Ennis,1,477,0.2,,openalex:https://openalex.org/a5089270376,authorship-covered canonical works,canonical works with usable structured OpenAlex authorship,multiple response; one count per unique author per work,df4adbef2a265890959e,OpenAlex author ID
Author productivity,Canonical work count,Edith Simona Ianoși,1,477,0.2,,openalex:https://openalex.org/a5065129562,authorship-covered canonical works,canonical works with usable structured OpenAlex authorship,multiple response; one count per unique author per work,c2d6c7abc598aacc0368,OpenAlex author ID
Author productivity,Canonical work count,Edoardo Moro,1,477,0.2,,openalex:https://openalex.org/a5140762387,authorship-covered canonical works,canonical works with usable structured OpenAlex authorship,multiple response; one count per unique author per work,56dc16bbc7cd98ca993a,OpenAlex author ID
Author productivity,Canonical work count,Eduardo Minaya-Pérez,1,477,0.2,,openalex:https://openalex.org/a5119941964,authorship-covered canonical works,canonical works with usable structured OpenAlex authorship,multiple response; one count per unique author per work,7f84c902e862e25dbf2c,OpenAlex author ID
Author productivity,Canonical work count,Edward Rattner,1,477,0.2,,openalex:https://openalex.org/a5013524506,authorship-covered canonical works,canonical works with usable structured OpenAlex authorship,multiple response; one count per unique author per work,7f735724143207af94c1,OpenAlex author ID
Author productivity,Canonical work count,Eglė Butkevičiūtė,1,477,0.2,,openalex:https://openalex.org/a5029406032,authorship-covered canonical works,canonical works with usable structured OpenAlex authorship,multiple response; one count per unique author per work,e9d6ceded269a04cde99,OpenAlex author ID
Author productivity,Canonical work count,Ehsan Nabovati,1,477,0.2,,openalex:https://openalex.org/a5052574357,authorship-covered canonical works,canonical works with usable structured OpenAlex authorship,multiple response; one count per unique author per work,035291e867ecf965f467,OpenAlex author ID
Author productivity,Canonical work count,Eileen McGivney,1,477,0.2,,openalex:https://openalex.org/a5035743644,authorship-covered canonical works,canonical works with usable structured OpenAlex authorship,multiple response; one count per unique author per work,5b529e4bc562ac2c093e,OpenAlex author ID
Author productivity,Canonical work count,Elahe Radmanesh,1,477,0.2,,openalex:https://openalex.org/a5011039387,authorship-covered canonical works,canonical works with usable structured OpenAlex authorship,multiple response; one count per unique author per work,2f08c4b2b3acc1eaa9d5,OpenAlex author ID
Author productivity,Canonical work count,Elaine Shuk Ping Cheung,1,477,0.2,,openalex:https://openalex.org/a5141120931,authorship-covered canonical works,canonical works with usable structured OpenAlex authorship,multiple response; one count per unique author per work,3adc77e0b0502fcefcc3,OpenAlex author ID
Author productivity,Canonical work count,Eleanor Anne Falahee,1,477,0.2,,openalex:https://openalex.org/a5119701813,authorship-covered canonical works,canonical works with usable structured OpenAlex authorship,multiple response; one count per unique author per work,bc52d7f8f145e43beefc,OpenAlex author ID
Author productivity,Canonical work count,Eleanor Latz,1,477,0.2,,openalex:https://openalex.org/a5088479912,authorship-covered canonical works,canonical works with usable structured OpenAlex authorship,multiple response; one count per unique author per work,e4caff2128dfb4f4ac0c,OpenAlex author ID
Author productivity,Canonical work count,Elia Gourguechonbuot,1,477,0.2,,openalex:https://openalex.org/a5139829434,authorship-covered canonical works,canonical works with usable structured OpenAlex authorship,multiple response; one count per unique author per work,73f1b1dee9a19c0ea0af,OpenAlex author ID
Author productivity,Canonical work count,Elin C. Lehnbom,1,477,0.2,,openalex:https://openalex.org/a5005459807,authorship-covered canonical works,canonical works with usable structured OpenAlex authorship,multiple response; one count per unique author per work,afc8c786ca5b65ba8c74,OpenAlex author ID
Author productivity,Canonical work count,Elina Rintamäki,1,477,0.2,,openalex:https://openalex.org/a5138630490,authorship-covered canonical works,canonical works with usable structured OpenAlex authorship,multiple response; one count per unique author per work,ab784e3f29bfc7622997,OpenAlex author ID
Author productivity,Canonical work count,Elio Arruzza,1,477,0.2,,openalex:https://openalex.org/a5073173506,authorship-covered canonical works,canonical works with usable structured OpenAlex authorship,multiple response; one count per unique author per work,sci_d54eaf2ee85c6160a060,OpenAlex author ID
Author productivity,Canonical work count,Eliran Cohen,1,477,0.2,,openalex:https://openalex.org/a5111235430,authorship-covered canonical works,canonical works with usable structured OpenAlex authorship,multiple response; one count per unique author per work,76597dc445d9df2ae743,OpenAlex author ID
Author productivity,Canonical work count,Elissa Dabkowski,1,477,0.2,,openalex:https://openalex.org/a5084511814,authorship-covered canonical works,canonical works with usable structured OpenAlex authorship,multiple response; one count per unique author per work,434224fa76b1280311a5,OpenAlex author ID
Author productivity,Canonical work count,Ellen Wesenberg Larsen,1,477,0.2,,openalex:https://openalex.org/a5037199866,authorship-covered canonical works,canonical works with usable structured OpenAlex authorship,multiple response; one count per unique author per work,43f6ad0fa6f4597d56fc,OpenAlex author ID
Author productivity,Canonical work count,Elmadani Saad,1,477,0.2,,openalex:https://openalex.org/a5005220728,authorship-covered canonical works,canonical works with usable structured OpenAlex authorship,multiple response; one count per unique author per work,adf94a39c16c36a40d45,OpenAlex author ID
Author productivity,Canonical work count,Elona Covietz,1,477,0.2,,openalex:https://openalex.org/a5119341514,authorship-covered canonical works,canonical works with usable structured OpenAlex authorship,multiple response; one count per unique author per work,8ad0258644c0c312a7d8,OpenAlex author ID
Author productivity,Canonical work count,Emel Altıntaş,1,477,0.2,,openalex:https://openalex.org/a5011907705,authorship-covered canonical works,canonical works with usable structured OpenAlex authorship,multiple response; one count per unique author per work,df606ccebb857fa9a592,OpenAlex author ID
Author productivity,Canonical work count,Emilia Brügge,1,477,0.2,,openalex:https://openalex.org/a5114851768,authorship-covered canonical works,canonical works with usable structured OpenAlex authorship,multiple response; one count per unique author per work,0a56637c161743569cf5,OpenAlex author ID
Author productivity,Canonical work count,Emilie Olie,1,477,0.2,,openalex:https://openalex.org/a5139812833,authorship-covered canonical works,canonical works with usable structured OpenAlex authorship,multiple response; one count per unique author per work,73f1b1dee9a19c0ea0af,OpenAlex author ID
Author productivity,Canonical work count,Emily A. Balczewski,1,477,0.2,,openalex:https://openalex.org/a5051724671,authorship-covered canonical works,canonical works with usable structured OpenAlex authorship,multiple response; one count per unique author per work,bb3a5362f067d65fc98d,OpenAlex author ID
Author productivity,Canonical work count,Emily Johnstone,1,477,0.2,,openalex:https://openalex.org/a5079967331,authorship-covered canonical works,canonical works with usable structured OpenAlex authorship,multiple response; one count per unique author per work,437f09a0c472e4ba343e,OpenAlex author ID
Author productivity,Canonical work count,Emma Fenner,1,477,0.2,,openalex:https://openalex.org/a5047309210,authorship-covered canonical works,canonical works with usable structured OpenAlex authorship,multiple response; one count per unique author per work,8db4130844dc8d367d1f,OpenAlex author ID
Author productivity,Canonical work count,Emmanuel Guenou,1,477,0.2,,openalex:https://openalex.org/a5116774827,authorship-covered canonical works,canonical works with usable structured OpenAlex authorship,multiple response; one count per unique author per work,4b7753ecc7bff0d54289,OpenAlex author ID
Author productivity,Canonical work count,Eng Tat Khoo,1,477,0.2,,openalex:https://openalex.org/a5056377621,authorship-covered canonical works,canonical works with usable structured OpenAlex authorship,multiple response; one count per unique author per work,e5e611fc18a4d66128d9,OpenAlex author ID
Author productivity,Canonical work count,Enhua Wu,1,477,0.2,,openalex:https://openalex.org/a5103466668,authorship-covered canonical works,canonical works with usable structured OpenAlex authorship,multiple response; one count per unique author per work,359e1289e1f098bb36e2,OpenAlex author ID
Author productivity,Canonical work count,Enkelejda Kasneci,1,477,0.2,,openalex:https://openalex.org/a5008809634,authorship-covered canonical works,canonical works with usable structured OpenAlex authorship,multiple response; one count per unique author per work,0de698b6ef36192c9365,OpenAlex author ID
Author productivity,Canonical work count,Eran E. Alon,1,477,0.2,,openalex:https://openalex.org/a5056241421,authorship-covered canonical works,canonical works with usable structured OpenAlex authorship,multiple response; one count per unique author per work,6ad5ba253eb6dea25a47,OpenAlex author ID
Author productivity,Canonical work count,Eran Glikson,1,477,0.2,,openalex:https://openalex.org/a5079100433,authorship-covered canonical works,canonical works with usable structured OpenAlex authorship,multiple response; one count per unique author per work,6ad5ba253eb6dea25a47,OpenAlex author ID
Author productivity,Canonical work count,Eric Cesar E. Vidal,1,477,0.2,,openalex:https://openalex.org/a5010796189,authorship-covered canonical works,canonical works with usable structured OpenAlex authorship,multiple response; one count per unique author per work,7fc0513f51b7c61dad31,OpenAlex author ID
Author productivity,Canonical work count,Eric Elftmann,1,477,0.2,,openalex:https://openalex.org/a5133675068,authorship-covered canonical works,canonical works with usable structured OpenAlex authorship,multiple response; one count per unique author per work,8bece1a102e2fe87b74e,OpenAlex author ID
Author productivity,Canonical work count,Eric Fang,1,477,0.2,,openalex:https://openalex.org/a5140316299,authorship-covered canonical works,canonical works with usable structured OpenAlex authorship,multiple response; one count per unique author per work,3592795dfee0e066000a,OpenAlex author ID
Author productivity,Canonical work count,Eric Hall,1,477,0.2,,openalex:https://openalex.org/a5104534506,authorship-covered canonical works,canonical works with usable structured OpenAlex authorship,multiple response; one count per unique author per work,7ab76d429b6539b40243,OpenAlex author ID
Author productivity,Canonical work count,Eric K. Oermann,1,477,0.2,,openalex:https://openalex.org/a5060570681,authorship-covered canonical works,canonical works with usable structured OpenAlex authorship,multiple response; one count per unique author per work,50ac103890932b40242c,OpenAlex author ID
Author productivity,Canonical work count,Eric Remer,1,477,0.2,,openalex:https://openalex.org/a5078979024,authorship-covered canonical works,canonical works with usable structured OpenAlex authorship,multiple response; one count per unique author per work,6ad5ba253eb6dea25a47,OpenAlex author ID
Author productivity,Canonical work count,Eric Yang,1,477,0.2,,openalex:https://openalex.org/a5069988471,authorship-covered canonical works,canonical works with usable structured OpenAlex authorship,multiple response; one count per unique author per work,5116aab375eedc896bfd,OpenAlex author ID
Author productivity,Canonical work count,Erica Allen,1,477,0.2,,openalex:https://openalex.org/a5146788815,authorship-covered canonical works,canonical works with usable structured OpenAlex authorship,multiple response; one count per unique author per work,7f735724143207af94c1,OpenAlex author ID
Author productivity,Canonical work count,Erich Widemark,1,477,0.2,,openalex:https://openalex.org/a5120739316,authorship-covered canonical works,canonical works with usable structured OpenAlex authorship,multiple response; one count per unique author per work,ef046f239f256df5f180,OpenAlex author ID
Author productivity,Canonical work count,Erika L. Kleppinger,1,477,0.2,,openalex:https://openalex.org/a5081349902,authorship-covered canonical works,canonical works with usable structured OpenAlex authorship,multiple response; one count per unique author per work,03e1a6632b830e0512c9,OpenAlex author ID
Author productivity,Canonical work count,Ernani Luis Rhoden,1,477,0.2,,openalex:https://openalex.org/a5116455900,authorship-covered canonical works,canonical works with usable structured OpenAlex authorship,multiple response; one count per unique author per work,sci_6840c15b05b568f05153,OpenAlex author ID
Author productivity,Canonical work count,Erno M.P. Lehtonen-Smeds,1,477,0.2,,openalex:https://openalex.org/a5000012000,authorship-covered canonical works,canonical works with usable structured OpenAlex authorship,multiple response; one count per unique author per work,088f42aecd2674d3dbe5,OpenAlex author ID
Author productivity,Canonical work count,Erwin Gerard,1,477,0.2,,openalex:https://openalex.org/a5027588241,authorship-covered canonical works,canonical works with usable structured OpenAlex authorship,multiple response; one count per unique author per work,03345c1deb2aad29820e,OpenAlex author ID
Author productivity,Canonical work count,Erzsébet Horváthné Kónya,1,477,0.2,,openalex:https://openalex.org/a5115714804,authorship-covered canonical works,canonical works with usable structured OpenAlex authorship,multiple response; one count per unique author per work,sci_479872e4f60f538cbd03,OpenAlex author ID
Author productivity,Canonical work count,Esther Hehsun Kim,1,477,0.2,,openalex:https://openalex.org/a5071136639,authorship-covered canonical works,canonical works with usable structured OpenAlex authorship,multiple response; one count per unique author per work,9b8b66d55c35b17e843c,OpenAlex author ID
Author productivity,Canonical work count,Eswaravaka Kusuma,1,477,0.2,,openalex:https://openalex.org/a5126598259,authorship-covered canonical works,canonical works with usable structured OpenAlex authorship,multiple response; one count per unique author per work,5b356113a239c62ba5ac,OpenAlex author ID
Author productivity,Canonical work count,Ethan Bott,1,477,0.2,,openalex:https://openalex.org/a5119066039,authorship-covered canonical works,canonical works with usable structured OpenAlex authorship,multiple response; one count per unique author per work,ba93136b38c9a66d059f,OpenAlex author ID
Author productivity,Canonical work count,Ethan Kreutzer,1,477,0.2,,openalex:https://openalex.org/a5099585838,authorship-covered canonical works,canonical works with usable structured OpenAlex authorship,multiple response; one count per unique author per work,dcce0a8cef5543c4fec4,OpenAlex author ID
Author productivity,Canonical work count,Eugenia-Corina Budin,1,477,0.2,,openalex:https://openalex.org/a5136401433,authorship-covered canonical works,canonical works with usable structured OpenAlex authorship,multiple response; one count per unique author per work,c2d6c7abc598aacc0368,OpenAlex author ID
Author productivity,Canonical work count,Eun-mee Kim,1,477,0.2,,openalex:https://openalex.org/a5011311758,authorship-covered canonical works,canonical works with usable structured OpenAlex authorship,multiple response; one count per unique author per work,9b8b66d55c35b17e843c,OpenAlex author ID
Author productivity,Canonical work count,Eunyoung E. Suh,1,477,0.2,,openalex:https://openalex.org/a5021559487,authorship-covered canonical works,canonical works with usable structured OpenAlex authorship,multiple response; one count per unique author per work,9b8b66d55c35b17e843c,OpenAlex author ID
Author productivity,Canonical work count,Eva García-Carpintero,1,477,0.2,,name-only:f4d7fdee2c3cc083329d:e49170dcf8ccdad3,authorship-covered canonical works,canonical works with usable structured OpenAlex authorship,multiple response; one count per unique author per work,f4d7fdee2c3cc083329d,name-only record; duplicates collapsed within work only; not merged across works
Author productivity,Canonical work count,Evangeline Tejada Sabado,1,477,0.2,,openalex:https://openalex.org/a5120739318,authorship-covered canonical works,canonical works with usable structured OpenAlex authorship,multiple response; one count per unique author per work,ef046f239f256df5f180,OpenAlex author ID
Author productivity,Canonical work count,Eveliina Heikkala,1,477,0.2,,openalex:https://openalex.org/a5035408589,authorship-covered canonical works,canonical works with usable structured OpenAlex authorship,multiple response; one count per unique author per work,ab784e3f29bfc7622997,OpenAlex author ID
Author productivity,Canonical work count,Evelyn Paulina Nepomuceno Guadalupe,1,477,0.2,,openalex:https://openalex.org/a5122081026,authorship-covered canonical works,canonical works with usable structured OpenAlex authorship,multiple response; one count per unique author per work,d0ead936020ec24f78a7,OpenAlex author ID
Author productivity,Canonical work count,Evgeni Stanchev,1,477,0.2,,openalex:https://openalex.org/a5133239049,authorship-covered canonical works,canonical works with usable structured OpenAlex authorship,multiple response; one count per unique author per work,d290e5bf22b00e731795,OpenAlex author ID
Author productivity,Canonical work count,Evonne Jones,1,477,0.2,,name-only:b608f772e32f2dbbff5e:32cd76f3fef81aca,authorship-covered canonical works,canonical works with usable structured OpenAlex authorship,multiple response; one count per unique author per work,b608f772e32f2dbbff5e,name-only record; duplicates collapsed within work only; not merged across works
Author productivity,Canonical work count,Ewa Molka,1,477,0.2,,openalex:https://openalex.org/a5133631132,authorship-covered canonical works,canonical works with usable structured OpenAlex authorship,multiple response; one count per unique author per work,5dd47cd1855294dcfafd,OpenAlex author ID
Author productivity,Canonical work count,Eyad Musallam,1,477,0.2,,openalex:https://openalex.org/a5064072323,authorship-covered canonical works,canonical works with usable structured OpenAlex authorship,multiple response; one count per unique author per work,4bae43896a7e20da2e4b,OpenAlex author ID
Author productivity,Canonical work count,Ezequiel Gleichgerrcht,1,477,0.2,,openalex:https://openalex.org/a5040928549,authorship-covered canonical works,canonical works with usable structured OpenAlex authorship,multiple response; one count per unique author per work,e5b4ed028b3c0ea2eeec,OpenAlex author ID
Author productivity,Canonical work count,Ezequiel Valdez Castillo,1,477,0.2,,openalex:https://openalex.org/a5136241532,authorship-covered canonical works,canonical works with usable structured OpenAlex authorship,multiple response; one count per unique author per work,6d85b580a0562cc121d4,OpenAlex author ID
Author productivity,Canonical work count,F N A Ismail,1,477,0.2,,openalex:https://openalex.org/a5001047883,authorship-covered canonical works,canonical works with usable structured OpenAlex authorship,multiple response; one count per unique author per work,9287cf74b213e44a489d,OpenAlex author ID
Author productivity,Canonical work count,F. Barra,1,477,0.2,,openalex:https://openalex.org/a5108670475,authorship-covered canonical works,canonical works with usable structured OpenAlex authorship,multiple response; one count per unique author per work,81337a44aeb46520e3ec,OpenAlex author ID
Author productivity,Canonical work count,F. Biagi,1,477,0.2,,openalex:https://openalex.org/a5111886967,authorship-covered canonical works,canonical works with usable structured OpenAlex authorship,multiple response; one count per unique author per work,07d462beafe4d21ba016,OpenAlex author ID
Author productivity,Canonical work count,F. Bodnár,1,477,0.2,,openalex:https://openalex.org/a5144134861,authorship-covered canonical works,canonical works with usable structured OpenAlex authorship,multiple response; one count per unique author per work,ea35181a48e801132195,OpenAlex author ID
Author productivity,Canonical work count,Fabio Giovanni Abbate,1,477,0.2,,openalex:https://openalex.org/a5117797565,authorship-covered canonical works,canonical works with usable structured OpenAlex authorship,multiple response; one count per unique author per work,7d5cb710e5a6901bbaaa,OpenAlex author ID
Author productivity,Canonical work count,Faezeh Ghaffari,1,477,0.2,,openalex:https://openalex.org/a5066347198,authorship-covered canonical works,canonical works with usable structured OpenAlex authorship,multiple response; one count per unique author per work,035291e867ecf965f467,OpenAlex author ID
Author productivity,Canonical work count,Fahad BaHammam,1,477,0.2,,openalex:https://openalex.org/a5136503805,authorship-covered canonical works,canonical works with usable structured OpenAlex authorship,multiple response; one count per unique author per work,5da1c6c1e35204ff7f9d,OpenAlex author ID
Author productivity,Canonical work count,Faisal Dubash,1,477,0.2,,openalex:https://openalex.org/a5065743238,authorship-covered canonical works,canonical works with usable structured OpenAlex authorship,multiple response; one count per unique author per work,8094cb5448e9c4e2f371,OpenAlex author ID
Author productivity,Canonical work count,Faisal Ismail,1,477,0.2,,openalex:https://openalex.org/a5133558274,authorship-covered canonical works,canonical works with usable structured OpenAlex authorship,multiple response; one count per unique author per work,588316012a3f2d9b790a,OpenAlex author ID
Author productivity,Canonical work count,Fan Zhang,1,477,0.2,,openalex:https://openalex.org/a5134537816,authorship-covered canonical works,canonical works with usable structured OpenAlex authorship,multiple response; one count per unique author per work,9053eb63f4358c343310,OpenAlex author ID
Author productivity,Canonical work count,Fang Wang,1,477,0.2,,openalex:https://openalex.org/a5100321452,authorship-covered canonical works,canonical works with usable structured OpenAlex authorship,multiple response; one count per unique author per work,0b386fbba1d6908a565d,OpenAlex author ID
Author productivity,Canonical work count,Fangyuan Ye,1,477,0.2,,openalex:https://openalex.org/a5042927317,authorship-covered canonical works,canonical works with usable structured OpenAlex authorship,multiple response; one count per unique author per work,6cf6dbf3648bde45720a,OpenAlex author ID
Author productivity,Canonical work count,Farnaz Nouraei,1,477,0.2,,openalex:https://openalex.org/a5097633215,authorship-covered canonical works,canonical works with usable structured OpenAlex authorship,multiple response; one count per unique author per work,sci_93a452609f10d60e9d33,OpenAlex author ID
Author productivity,Canonical work count,Farrukh N. Jafri,1,477,0.2,,openalex:https://openalex.org/a5076103971,authorship-covered canonical works,canonical works with usable structured OpenAlex authorship,multiple response; one count per unique author per work,e359eafa6af6abbb467d,OpenAlex author ID
Author productivity,Canonical work count,Fatih Doğanay,1,477,0.2,,openalex:https://openalex.org/a5054438409,authorship-covered canonical works,canonical works with usable structured OpenAlex authorship,multiple response; one count per unique author per work,df606ccebb857fa9a592,OpenAlex author ID
Author productivity,Canonical work count,Fatima Zahra Kaghat,1,477,0.2,,openalex:https://openalex.org/a5121806552,authorship-covered canonical works,canonical works with usable structured OpenAlex authorship,multiple response; one count per unique author per work,72f2fcd3a833c8b6e39e,OpenAlex author ID
Author productivity,Canonical work count,Fatima-Ezzahra Boubakri,1,477,0.2,,name-only:sci_0f0b074ee785f63a5645:891355e10e00c4a9,authorship-covered canonical works,canonical works with usable structured OpenAlex authorship,multiple response; one count per unique author per work,sci_0f0b074ee785f63a5645,name-only record; duplicates collapsed within work only; not merged across works
Author productivity,Canonical work count,Fatima-Ezzahra Boubakri,1,477,0.2,,openalex:https://openalex.org/a5076036673,authorship-covered canonical works,canonical works with usable structured OpenAlex authorship,multiple response; one count per unique author per work,72f2fcd3a833c8b6e39e,OpenAlex author ID
Author productivity,Canonical work count,Fatma Betül Güreş,1,477,0.2,,openalex:https://openalex.org/a5060817490,authorship-covered canonical works,canonical works with usable structured OpenAlex authorship,multiple response; one count per unique author per work,sci_b852c26f48dfbf482b84,OpenAlex author ID
Author productivity,Canonical work count,Federico Lorenzo Barra,1,477,0.2,,openalex:https://openalex.org/a5140887471,authorship-covered canonical works,canonical works with usable structured OpenAlex authorship,multiple response; one count per unique author per work,56dc16bbc7cd98ca993a,OpenAlex author ID
Author productivity,Canonical work count,Fei Fang,1,477,0.2,,openalex:https://openalex.org/a5083290670,authorship-covered canonical works,canonical works with usable structured OpenAlex authorship,multiple response; one count per unique author per work,sci_637ee1f73b6fd5027d1c,OpenAlex author ID
Author productivity,Canonical work count,Fei Yao,1,477,0.2,,openalex:https://openalex.org/a5134404052,authorship-covered canonical works,canonical works with usable structured OpenAlex authorship,multiple response; one count per unique author per work,9717d5f24495686aabe2,OpenAlex author ID
Author productivity,Canonical work count,Feihong Ye,1,477,0.2,,openalex:https://openalex.org/a5031453306,authorship-covered canonical works,canonical works with usable structured OpenAlex authorship,multiple response; one count per unique author per work,sci_454fe3ad37947557e9a6,OpenAlex author ID
Author productivity,Canonical work count,Feng Zhen,1,477,0.2,,openalex:https://openalex.org/a5100753872,authorship-covered canonical works,canonical works with usable structured OpenAlex authorship,multiple response; one count per unique author per work,902be756a877af6118c0,OpenAlex author ID
Author productivity,Canonical work count,Fengmei Qin,1,477,0.2,,name-only:d2f64f874b70a189b145:1576620389fea59d,authorship-covered canonical works,canonical works with usable structured OpenAlex authorship,multiple response; one count per unique author per work,d2f64f874b70a189b145,name-only record; duplicates collapsed within work only; not merged across works
Author productivity,Canonical work count,Fernanda Avelino-Vivas,1,477,0.2,,openalex:https://openalex.org/a5119941967,authorship-covered canonical works,canonical works with usable structured OpenAlex authorship,multiple response; one count per unique author per work,7f84c902e862e25dbf2c,OpenAlex author ID
Author productivity,Canonical work count,Fernando Salvetti,1,477,0.2,,openalex:https://openalex.org/a5059996471,authorship-covered canonical works,canonical works with usable structured OpenAlex authorship,multiple response; one count per unique author per work,af9edf1f4c2a0c11a5eb,OpenAlex author ID
Author productivity,Canonical work count,Firas Raheman,1,477,0.2,,openalex:https://openalex.org/a5047118163,authorship-covered canonical works,canonical works with usable structured OpenAlex authorship,multiple response; one count per unique author per work,c98aa2499bea62fd3f2a,OpenAlex author ID
Author productivity,Canonical work count,Florin Stoica-Buracinschi,1,477,0.2,,openalex:https://openalex.org/a5119680092,authorship-covered canonical works,canonical works with usable structured OpenAlex authorship,multiple response; one count per unique author per work,c2d6c7abc598aacc0368,OpenAlex author ID
Author productivity,Canonical work count,Francesca Färber,1,477,0.2,,openalex:https://openalex.org/a5058765942,authorship-covered canonical works,canonical works with usable structured OpenAlex authorship,multiple response; one count per unique author per work,d46506f34cc784478c88,OpenAlex author ID
Author productivity,Canonical work count,Francesco Della Corte,1,477,0.2,,openalex:https://openalex.org/a5105406083,authorship-covered canonical works,canonical works with usable structured OpenAlex authorship,multiple response; one count per unique author per work,81337a44aeb46520e3ec,OpenAlex author ID
Author productivity,Canonical work count,Francisco Javier García-Sánchez,1,477,0.2,,openalex:https://openalex.org/a5060738644,authorship-covered canonical works,canonical works with usable structured OpenAlex authorship,multiple response; one count per unique author per work,6ab002878664147423a1,OpenAlex author ID
Author productivity,Canonical work count,Francisco Rocabado,1,477,0.2,,openalex:https://openalex.org/a5078524485,authorship-covered canonical works,canonical works with usable structured OpenAlex authorship,multiple response; one count per unique author per work,f4d7fdee2c3cc083329d,OpenAlex author ID
Author productivity,Canonical work count,Frank Fischer,1,477,0.2,,openalex:https://openalex.org/a5005995116,authorship-covered canonical works,canonical works with usable structured OpenAlex authorship,multiple response; one count per unique author per work,43f6ad0fa6f4597d56fc,OpenAlex author ID
Author productivity,Canonical work count,François Glowacki,1,477,0.2,,openalex:https://openalex.org/a5101598030,authorship-covered canonical works,canonical works with usable structured OpenAlex authorship,multiple response; one count per unique author per work,03345c1deb2aad29820e,OpenAlex author ID
Author productivity,Canonical work count,Fukuka Ito,1,477,0.2,,name-only:fcd1902a5e565b2d2fcc:6226de3d8926e574,authorship-covered canonical works,canonical works with usable structured OpenAlex authorship,multiple response; one count per unique author per work,fcd1902a5e565b2d2fcc,name-only record; duplicates collapsed within work only; not merged across works
Author productivity,Canonical work count,Fulya Torun,1,477,0.2,,openalex:https://openalex.org/a5084567196,authorship-covered canonical works,canonical works with usable structured OpenAlex authorship,multiple response; one count per unique author per work,f41f37dbb22b9ed8ae7c,OpenAlex author ID
Author productivity,Canonical work count,Fumio Otsuka,1,477,0.2,,openalex:https://openalex.org/a5041765648,authorship-covered canonical works,canonical works with usable structured OpenAlex authorship,multiple response; one count per unique author per work,8fa1ae6b843e2388520d,OpenAlex author ID
Author productivity,Canonical work count,Furkan Bulut,1,477,0.2,,openalex:https://openalex.org/a5128847472,authorship-covered canonical works,canonical works with usable structured OpenAlex authorship,multiple response; one count per unique author per work,73cb9769cd2180a04bb0,OpenAlex author ID
Author productivity,Canonical work count,G. Mantica,1,477,0.2,,openalex:https://openalex.org/a5112734204,authorship-covered canonical works,canonical works with usable structured OpenAlex authorship,multiple response; one count per unique author per work,07d462beafe4d21ba016,OpenAlex author ID
Author productivity,Canonical work count,Gabriel Escalona,1,477,0.2,,openalex:https://openalex.org/a5076863818,authorship-covered canonical works,canonical works with usable structured OpenAlex authorship,multiple response; one count per unique author per work,b53bf33d223a68f17e8c,OpenAlex author ID
Author productivity,Canonical work count,Gabriella Smith,1,477,0.2,,openalex:https://openalex.org/a5022526119,authorship-covered canonical works,canonical works with usable structured OpenAlex authorship,multiple response; one count per unique author per work,894f08a5035b3a1872d5,OpenAlex author ID
Author productivity,Canonical work count,Gabriyel Mado,1,477,0.2,,openalex:https://openalex.org/a5137368504,authorship-covered canonical works,canonical works with usable structured OpenAlex authorship,multiple response; one count per unique author per work,7442954006aac8fa63fa,OpenAlex author ID
Author productivity,Canonical work count,Gail C. Furman,1,477,0.2,,openalex:https://openalex.org/a5088788590,authorship-covered canonical works,canonical works with usable structured OpenAlex authorship,multiple response; one count per unique author per work,e4caff2128dfb4f4ac0c,OpenAlex author ID
Author productivity,Canonical work count,Gavin Caulfield,1,477,0.2,,openalex:https://openalex.org/a5092391917,authorship-covered canonical works,canonical works with usable structured OpenAlex authorship,multiple response; one count per unique author per work,3cc4d65478e63af8ab6e,OpenAlex author ID
Author productivity,Canonical work count,Genlei Zhang,1,477,0.2,,openalex:https://openalex.org/a5125913560,authorship-covered canonical works,canonical works with usable structured OpenAlex authorship,multiple response; one count per unique author per work,94bb63aeb68eddb59442,OpenAlex author ID
Author productivity,Canonical work count,Germán Gabriel Solís Salas,1,477,0.2,,openalex:https://openalex.org/a5126123525,authorship-covered canonical works,canonical works with usable structured OpenAlex authorship,multiple response; one count per unique author per work,501d19c3bd3160083e8a,OpenAlex author ID
Author productivity,Canonical work count,Gerry Palaganas,1,477,0.2,,openalex:https://openalex.org/a5116088934,authorship-covered canonical works,canonical works with usable structured OpenAlex authorship,multiple response; one count per unique author per work,eb8b75c75edacbfa547b,OpenAlex author ID
Author productivity,Canonical work count,Gezzer Ortega,1,477,0.2,,openalex:https://openalex.org/a5071386311,authorship-covered canonical works,canonical works with usable structured OpenAlex authorship,multiple response; one count per unique author per work,ba93136b38c9a66d059f,OpenAlex author ID
Author productivity,Canonical work count,Gianluca Mondillo,1,477,0.2,,openalex:https://openalex.org/a5001391300,authorship-covered canonical works,canonical works with usable structured OpenAlex authorship,multiple response; one count per unique author per work,7d5cb710e5a6901bbaaa,OpenAlex author ID
Author productivity,Canonical work count,Gianluca Pucciarelli,1,477,0.2,,openalex:https://openalex.org/a5079070234,authorship-covered canonical works,canonical works with usable structured OpenAlex authorship,multiple response; one count per unique author per work,5dd47cd1855294dcfafd,OpenAlex author ID
Author productivity,Canonical work count,Gianmarco Tedino,1,477,0.2,,openalex:https://openalex.org/a5139261015,authorship-covered canonical works,canonical works with usable structured OpenAlex authorship,multiple response; one count per unique author per work,07d462beafe4d21ba016,OpenAlex author ID
Author productivity,Canonical work count,Gill Higgins,1,477,0.2,,openalex:https://openalex.org/a5011414918,authorship-covered canonical works,canonical works with usable structured OpenAlex authorship,multiple response; one count per unique author per work,sci_d54eaf2ee85c6160a060,OpenAlex author ID
Author productivity,Canonical work count,Gina Marie Geis,1,477,0.2,,openalex:https://openalex.org/a5056713505,authorship-covered canonical works,canonical works with usable structured OpenAlex authorship,multiple response; one count per unique author per work,24ffbec5a9dbce04e0fd,OpenAlex author ID
Author productivity,Canonical work count,Giovani B Peres,1,477,0.2,,name-only:19e84bd61f0782eec51c:f8afc4f1a44eb552,authorship-covered canonical works,canonical works with usable structured OpenAlex authorship,multiple response; one count per unique author per work,19e84bd61f0782eec51c,name-only record; duplicates collapsed within work only; not merged across works
Author productivity,Canonical work count,Giovanna Rodella,1,477,0.2,,openalex:https://openalex.org/a5114879489,authorship-covered canonical works,canonical works with usable structured OpenAlex authorship,multiple response; one count per unique author per work,81337a44aeb46520e3ec,OpenAlex author ID
Author productivity,Canonical work count,Giovanna Rodella,1,477,0.2,,openalex:https://openalex.org/a5140910626,authorship-covered canonical works,canonical works with usable structured OpenAlex authorship,multiple response; one count per unique author per work,56dc16bbc7cd98ca993a,OpenAlex author ID
Author productivity,Canonical work count,Giulio Massetti,1,477,0.2,,openalex:https://openalex.org/a5116346051,authorship-covered canonical works,canonical works with usable structured OpenAlex authorship,multiple response; one count per unique author per work,07d462beafe4d21ba016,OpenAlex author ID
Author productivity,Canonical work count,Giuseppe Roberto Bonfitto,1,477,0.2,,openalex:https://openalex.org/a5061023098,authorship-covered canonical works,canonical works with usable structured OpenAlex authorship,multiple response; one count per unique author per work,633dafafd7b2de3e7ad0,OpenAlex author ID
Author productivity,Canonical work count,Giusi Aurora Memoli,1,477,0.2,,openalex:https://openalex.org/a5120556090,authorship-covered canonical works,canonical works with usable structured OpenAlex authorship,multiple response; one count per unique author per work,07d462beafe4d21ba016,OpenAlex author ID
Author productivity,Canonical work count,Gloria Milena Fernandez-Nieto,1,477,0.2,,openalex:https://openalex.org/a5087538977,authorship-covered canonical works,canonical works with usable structured OpenAlex authorship,multiple response; one count per unique author per work,26de74e3debea64ac297,OpenAlex author ID
Author productivity,Canonical work count,Gokul Suresh Revathy,1,477,0.2,,openalex:https://openalex.org/a5045584508,authorship-covered canonical works,canonical works with usable structured OpenAlex authorship,multiple response; one count per unique author per work,d6b29e9cea0c868cc28e,OpenAlex author ID
Author productivity,Canonical work count,Gonzalo Armando Navarro Armendariz,1,477,0.2,,openalex:https://openalex.org/a5107819840,authorship-covered canonical works,canonical works with usable structured OpenAlex authorship,multiple response; one count per unique author per work,a2883a095e505041a802,OpenAlex author ID
Author productivity,Canonical work count,Gonçalo N. P. Oliveira,1,477,0.2,,openalex:https://openalex.org/a5047286778,authorship-covered canonical works,canonical works with usable structured OpenAlex authorship,multiple response; one count per unique author per work,19e84bd61f0782eec51c,OpenAlex author ID
Author productivity,Canonical work count,Graciela Valdés-Hernández,1,477,0.2,,openalex:https://openalex.org/a5118898349,authorship-covered canonical works,canonical works with usable structured OpenAlex authorship,multiple response; one count per unique author per work,98c23d01b9fb23bd43c4,OpenAlex author ID
Author productivity,Canonical work count,Gregory Ryslik,1,477,0.2,,openalex:https://openalex.org/a5085478686,authorship-covered canonical works,canonical works with usable structured OpenAlex authorship,multiple response; one count per unique author per work,415ba4f99eeb473a50c2,OpenAlex author ID
Author productivity,Canonical work count,Gregory Schuit,1,477,0.2,,openalex:https://openalex.org/a5032841781,authorship-covered canonical works,canonical works with usable structured OpenAlex authorship,multiple response; one count per unique author per work,b53bf33d223a68f17e8c,OpenAlex author ID
Author productivity,Canonical work count,Guang Chen,1,477,0.2,,openalex:https://openalex.org/a5101684449,authorship-covered canonical works,canonical works with usable structured OpenAlex authorship,multiple response; one count per unique author per work,d977c356ff57ab060fef,OpenAlex author ID
Author productivity,Canonical work count,Guangwu Qian,1,477,0.2,,openalex:https://openalex.org/a5007016042,authorship-covered canonical works,canonical works with usable structured OpenAlex authorship,multiple response; one count per unique author per work,582bc7c400fa7acf214f,OpenAlex author ID
Author productivity,Canonical work count,Guangyan Zhang,1,477,0.2,,openalex:https://openalex.org/a5023734392,authorship-covered canonical works,canonical works with usable structured OpenAlex authorship,multiple response; one count per unique author per work,34ab5ecef79b768723f6,OpenAlex author ID
Author productivity,Canonical work count,Guilherme Del Fiol,1,477,0.2,,openalex:https://openalex.org/a5052456187,authorship-covered canonical works,canonical works with usable structured OpenAlex authorship,multiple response; one count per unique author per work,2877ad2c6a928639280a,OpenAlex author ID
Author productivity,Canonical work count,Guillaume Dumas,1,477,0.2,,openalex:https://openalex.org/a5141252799,authorship-covered canonical works,canonical works with usable structured OpenAlex authorship,multiple response; one count per unique author per work,63c69a200d415bc42d9b,OpenAlex author ID
Author productivity,Canonical work count,Gulbahor Kholdorova,1,477,0.2,,openalex:https://openalex.org/a5115615770,authorship-covered canonical works,canonical works with usable structured OpenAlex authorship,multiple response; one count per unique author per work,eb6afac746ee34d7a37f,OpenAlex author ID
Author productivity,Canonical work count,Gulchexrabonu Isamova,1,477,0.2,,openalex:https://openalex.org/a5125608184,authorship-covered canonical works,canonical works with usable structured OpenAlex authorship,multiple response; one count per unique author per work,eb6afac746ee34d7a37f,OpenAlex author ID
Author productivity,Canonical work count,Gulzar Malik,1,477,0.2,,openalex:https://openalex.org/a5084431996,authorship-covered canonical works,canonical works with usable structured OpenAlex authorship,multiple response; one count per unique author per work,7a5ffafc98c031b3684e,OpenAlex author ID
Author productivity,Canonical work count,Guo Zhu,1,477,0.2,,openalex:https://openalex.org/a5125132919,authorship-covered canonical works,canonical works with usable structured OpenAlex authorship,multiple response; one count per unique author per work,fd1a9c7f0b28a609f8af,OpenAlex author ID
Author productivity,Canonical work count,Guodong Wang,1,477,0.2,,openalex:https://openalex.org/a5126490509,authorship-covered canonical works,canonical works with usable structured OpenAlex authorship,multiple response; one count per unique author per work,2c33e3b00e199776ba05,OpenAlex author ID
Author productivity,Canonical work count,Guofang Zhang,1,477,0.2,,openalex:https://openalex.org/a5100612320,authorship-covered canonical works,canonical works with usable structured OpenAlex authorship,multiple response; one count per unique author per work,94bb63aeb68eddb59442,OpenAlex author ID
Author productivity,Canonical work count,Guowei Jiang,1,477,0.2,,openalex:https://openalex.org/a5108619448,authorship-covered canonical works,canonical works with usable structured OpenAlex authorship,multiple response; one count per unique author per work,a4d746b41f7f88ceb127,OpenAlex author ID
Author productivity,Canonical work count,Guozheng Qiu,1,477,0.2,,openalex:https://openalex.org/a5036267889,authorship-covered canonical works,canonical works with usable structured OpenAlex authorship,multiple response; one count per unique author per work,061a5c17950367156401,OpenAlex author ID
Author productivity,Canonical work count,Gustavo F. Gonzáles,1,477,0.2,,openalex:https://openalex.org/a5032368064,authorship-covered canonical works,canonical works with usable structured OpenAlex authorship,multiple response; one count per unique author per work,53e73c84997817856e1f,OpenAlex author ID
Author productivity,Canonical work count,Gustavo Webster,1,477,0.2,,name-only:d46506f34cc784478c88:8cd083a6016bbdf0,authorship-covered canonical works,canonical works with usable structured OpenAlex authorship,multiple response; one count per unique author per work,d46506f34cc784478c88,name-only record; duplicates collapsed within work only; not merged across works
Author productivity,Canonical work count,Guy M. Goodwin,1,477,0.2,,openalex:https://openalex.org/a5037628078,authorship-covered canonical works,canonical works with usable structured OpenAlex authorship,multiple response; one count per unique author per work,415ba4f99eeb473a50c2,OpenAlex author ID
Author productivity,Canonical work count,Gwihyun Kim,1,477,0.2,,name-only:4c10642623772d392b58:6c1a79210f63f48f,authorship-covered canonical works,canonical works with usable structured OpenAlex authorship,multiple response; one count per unique author per work,4c10642623772d392b58,name-only record; duplicates collapsed within work only; not merged across works
Author productivity,Canonical work count,Göksu Bozdereli Berikol,1,477,0.2,,openalex:https://openalex.org/a5074663621,authorship-covered canonical works,canonical works with usable structured OpenAlex authorship,multiple response; one count per unique author per work,df606ccebb857fa9a592,OpenAlex author ID
Author productivity,Canonical work count,Güneş Korkmaz,1,477,0.2,,openalex:https://openalex.org/a5074150428,authorship-covered canonical works,canonical works with usable structured OpenAlex authorship,multiple response; one count per unique author per work,94dc4442e5bc1f047433,OpenAlex author ID
Author productivity,Canonical work count,H Morita,1,477,0.2,,openalex:https://openalex.org/a5125110042,authorship-covered canonical works,canonical works with usable structured OpenAlex authorship,multiple response; one count per unique author per work,81e99943a71c35f1b5e2,OpenAlex author ID
Author productivity,Canonical work count,H S Dai,1,477,0.2,,openalex:https://openalex.org/a5127903088,authorship-covered canonical works,canonical works with usable structured OpenAlex authorship,multiple response; one count per unique author per work,81087c9bc5a7366ff084,OpenAlex author ID
Author productivity,Canonical work count,H V Hanumesh,1,477,0.2,,openalex:https://openalex.org/a5092370420,authorship-covered canonical works,canonical works with usable structured OpenAlex authorship,multiple response; one count per unique author per work,afa9fe102dc8ed9bfaff,OpenAlex author ID
Author productivity,Canonical work count,H. Gong,1,477,0.2,,openalex:https://openalex.org/a5057928648,authorship-covered canonical works,canonical works with usable structured OpenAlex authorship,multiple response; one count per unique author per work,437f09a0c472e4ba343e,OpenAlex author ID
Author productivity,Canonical work count,H. J. Wang,1,477,0.2,,openalex:https://openalex.org/a5088001332,authorship-covered canonical works,canonical works with usable structured OpenAlex authorship,multiple response; one count per unique author per work,272439595ff3b96c35f3,OpenAlex author ID
Author productivity,Canonical work count,H. Qiu,1,477,0.2,,openalex:https://openalex.org/a5107887542,authorship-covered canonical works,canonical works with usable structured OpenAlex authorship,multiple response; one count per unique author per work,f2454b259920b1b1d032,OpenAlex author ID
Author productivity,Canonical work count,H.W. Ng,1,477,0.2,,openalex:https://openalex.org/a5085421028,authorship-covered canonical works,canonical works with usable structured OpenAlex authorship,multiple response; one count per unique author per work,9d44b976cb2c076751e8,OpenAlex author ID
Author productivity,Canonical work count,Hafizs Nasirun,1,477,0.2,,openalex:https://openalex.org/a5133606022,authorship-covered canonical works,canonical works with usable structured OpenAlex authorship,multiple response; one count per unique author per work,6a18d985481870e99d72,OpenAlex author ID
Author productivity,Canonical work count,Haidan Chen,1,477,0.2,,openalex:https://openalex.org/a5101415741,authorship-covered canonical works,canonical works with usable structured OpenAlex authorship,multiple response; one count per unique author per work,fbcfe4a5c41e518e74ba,OpenAlex author ID
Author productivity,Canonical work count,Haitao Zhang,1,477,0.2,,openalex:https://openalex.org/a5100454575,authorship-covered canonical works,canonical works with usable structured OpenAlex authorship,multiple response; one count per unique author per work,da920e8320da57a1954a,OpenAlex author ID
Author productivity,Canonical work count,Haiyi Zhu,1,477,0.2,,openalex:https://openalex.org/a5051842323,authorship-covered canonical works,canonical works with usable structured OpenAlex authorship,multiple response; one count per unique author per work,9b8b66d55c35b17e843c,OpenAlex author ID
Author productivity,Canonical work count,Haiying SUI,1,477,0.2,,openalex:https://openalex.org/a5121380909,authorship-covered canonical works,canonical works with usable structured OpenAlex authorship,multiple response; one count per unique author per work,987d3b654bc3d24dc464,OpenAlex author ID
Author productivity,Canonical work count,Haiyun Luo,1,477,0.2,,openalex:https://openalex.org/a5103187659,authorship-covered canonical works,canonical works with usable structured OpenAlex authorship,multiple response; one count per unique author per work,sci_454fe3ad37947557e9a6,OpenAlex author ID
Author productivity,Canonical work count,Haizhu Tan,1,477,0.2,,openalex:https://openalex.org/a5101988765,authorship-covered canonical works,canonical works with usable structured OpenAlex authorship,multiple response; one count per unique author per work,240393927e83854aac9b,OpenAlex author ID
Author productivity,Canonical work count,Hajin Lim,1,477,0.2,,openalex:https://openalex.org/a5038740945,authorship-covered canonical works,canonical works with usable structured OpenAlex authorship,multiple response; one count per unique author per work,9b8b66d55c35b17e843c,OpenAlex author ID
Author productivity,Canonical work count,Halim Hussain,1,477,0.2,,openalex:https://openalex.org/a5135048530,authorship-covered canonical works,canonical works with usable structured OpenAlex authorship,multiple response; one count per unique author per work,8094cb5448e9c4e2f371,OpenAlex author ID
Author productivity,Canonical work count,Hamid Tairi,1,477,0.2,,openalex:https://openalex.org/a5121813223,authorship-covered canonical works,canonical works with usable structured OpenAlex authorship,multiple response; one count per unique author per work,72f2fcd3a833c8b6e39e,OpenAlex author ID
Author productivity,Canonical work count,Hammad A. Khan,1,477,0.2,,openalex:https://openalex.org/a5101672035,authorship-covered canonical works,canonical works with usable structured OpenAlex authorship,multiple response; one count per unique author per work,50ac103890932b40242c,OpenAlex author ID
Author productivity,Canonical work count,Hammza Jabbar Abdl Sattar Hamoudi,1,477,0.2,,openalex:https://openalex.org/a5120005789,authorship-covered canonical works,canonical works with usable structured OpenAlex authorship,multiple response; one count per unique author per work,32b43fcb025a9d77581f,OpenAlex author ID
Author productivity,Canonical work count,Hanna Schwendemann,1,477,0.2,,openalex:https://openalex.org/a5039586034,authorship-covered canonical works,canonical works with usable structured OpenAlex authorship,multiple response; one count per unique author per work,594824ec9813877abe34,OpenAlex author ID
Author productivity,Canonical work count,Hanna Yoon,1,477,0.2,,openalex:https://openalex.org/a5103116255,authorship-covered canonical works,canonical works with usable structured OpenAlex authorship,multiple response; one count per unique author per work,c837d77a482b4e089619,OpenAlex author ID
Author productivity,Canonical work count,Hannah Cole McGrew,1,477,0.2,,openalex:https://openalex.org/a5058802946,authorship-covered canonical works,canonical works with usable structured OpenAlex authorship,multiple response; one count per unique author per work,766fde2e997ea8140bd0,OpenAlex author ID
Author productivity,Canonical work count,Hannah Feldt,1,477,0.2,,openalex:https://openalex.org/a5122897091,authorship-covered canonical works,canonical works with usable structured OpenAlex authorship,multiple response; one count per unique author per work,8db4130844dc8d367d1f,OpenAlex author ID
Author productivity,Canonical work count,Hannah Haven,1,477,0.2,,openalex:https://openalex.org/a5136647243,authorship-covered canonical works,canonical works with usable structured OpenAlex authorship,multiple response; one count per unique author per work,bad1f4fb855554cb4aba,OpenAlex author ID
Author productivity,Canonical work count,Hannah Mishkin,1,477,0.2,,openalex:https://openalex.org/a5026930369,authorship-covered canonical works,canonical works with usable structured OpenAlex authorship,multiple response; one count per unique author per work,039798e4f1498c17cf82,OpenAlex author ID
Author productivity,Canonical work count,Hannah Shaw,1,477,0.2,,openalex:https://openalex.org/a5062105581,authorship-covered canonical works,canonical works with usable structured OpenAlex authorship,multiple response; one count per unique author per work,c4f5fe90704c2aa68c75,OpenAlex author ID
Author productivity,Canonical work count,Hannah Weiss,1,477,0.2,,openalex:https://openalex.org/a5012090900,authorship-covered canonical works,canonical works with usable structured OpenAlex authorship,multiple response; one count per unique author per work,50ac103890932b40242c,OpenAlex author ID
Author productivity,Canonical work count,Hannelie Edgar,1,477,0.2,,openalex:https://openalex.org/a5121173364,authorship-covered canonical works,canonical works with usable structured OpenAlex authorship,multiple response; one count per unique author per work,b3a8d73bf08119c4ce68,OpenAlex author ID
Author productivity,Canonical work count,Hanon Cecile,1,477,0.2,,openalex:https://openalex.org/a5122284168,authorship-covered canonical works,canonical works with usable structured OpenAlex authorship,multiple response; one count per unique author per work,be9dea9f8b093b59c0c4,OpenAlex author ID
Author productivity,Canonical work count,Hans Johnson,1,477,0.2,,openalex:https://openalex.org/a5045216949,authorship-covered canonical works,canonical works with usable structured OpenAlex authorship,multiple response; one count per unique author per work,d90096afc3b383fbecb7,OpenAlex author ID
Author productivity,Canonical work count,Hans Lemberg,1,477,0.2,,openalex:https://openalex.org/a5138489273,authorship-covered canonical works,canonical works with usable structured OpenAlex authorship,multiple response; one count per unique author per work,37bb0c4c182653ebb8f9,OpenAlex author ID
Author productivity,Canonical work count,Hao Chong He,1,477,0.2,,openalex:https://openalex.org/a5141118115,authorship-covered canonical works,canonical works with usable structured OpenAlex authorship,multiple response; one count per unique author per work,3adc77e0b0502fcefcc3,OpenAlex author ID
Author productivity,Canonical work count,Hao He,1,477,0.2,,openalex:https://openalex.org/a5130680186,authorship-covered canonical works,canonical works with usable structured OpenAlex authorship,multiple response; one count per unique author per work,sci_829c4bcf5b773dba44a2,OpenAlex author ID
Author productivity,Canonical work count,Hao He,1,477,0.2,,openalex:https://openalex.org/a5130894882,authorship-covered canonical works,canonical works with usable structured OpenAlex authorship,multiple response; one count per unique author per work,906c1e2afc9ab8dc6794,OpenAlex author ID
Author productivity,Canonical work count,Hao Ming,1,477,0.2,,openalex:https://openalex.org/a5082730098,authorship-covered canonical works,canonical works with usable structured OpenAlex authorship,multiple response; one count per unique author per work,da920e8320da57a1954a,OpenAlex author ID
Author productivity,Canonical work count,Haochao Ying,1,477,0.2,,openalex:https://openalex.org/a5007571956,authorship-covered canonical works,canonical works with usable structured OpenAlex authorship,multiple response; one count per unique author per work,sci_3d6777cb059403330506,OpenAlex author ID
Author productivity,Canonical work count,Haolei Cai,1,477,0.2,,openalex:https://openalex.org/a5034730045,authorship-covered canonical works,canonical works with usable structured OpenAlex authorship,multiple response; one count per unique author per work,sci_3d6777cb059403330506,OpenAlex author ID
Author productivity,Canonical work count,Haoming Tang,1,477,0.2,,openalex:https://openalex.org/a5051666139,authorship-covered canonical works,canonical works with usable structured OpenAlex authorship,multiple response; one count per unique author per work,fd1a9c7f0b28a609f8af,OpenAlex author ID
Author productivity,Canonical work count,Haotian Lin,1,477,0.2,,openalex:https://openalex.org/a5110733845,authorship-covered canonical works,canonical works with usable structured OpenAlex authorship,multiple response; one count per unique author per work,adc1485c258278b24c4e,OpenAlex author ID
Author productivity,Canonical work count,Haoxuan Li,1,477,0.2,,openalex:https://openalex.org/a5100629470,authorship-covered canonical works,canonical works with usable structured OpenAlex authorship,multiple response; one count per unique author per work,359e1289e1f098bb36e2,OpenAlex author ID
Author productivity,Canonical work count,Haoyuan Che,1,477,0.2,,openalex:https://openalex.org/a5097713661,authorship-covered canonical works,canonical works with usable structured OpenAlex authorship,multiple response; one count per unique author per work,6cf6dbf3648bde45720a,OpenAlex author ID
Author productivity,Canonical work count,Harika Rayala,1,477,0.2,,openalex:https://openalex.org/a5093896947,authorship-covered canonical works,canonical works with usable structured OpenAlex authorship,multiple response; one count per unique author per work,593c7da1de5e9f26b59d,OpenAlex author ID
Author productivity,Canonical work count,Harikrishna Yamjala,1,477,0.2,,openalex:https://openalex.org/a5092370418,authorship-covered canonical works,canonical works with usable structured OpenAlex authorship,multiple response; one count per unique author per work,afa9fe102dc8ed9bfaff,OpenAlex author ID
Author productivity,Canonical work count,Harinee Shanmuganathan,1,477,0.2,,openalex:https://openalex.org/a5030181370,authorship-covered canonical works,canonical works with usable structured OpenAlex authorship,multiple response; one count per unique author per work,416753b67d9e900455c8,OpenAlex author ID
Author productivity,Canonical work count,Harri Ketamo,1,477,0.2,,openalex:https://openalex.org/a5073782861,authorship-covered canonical works,canonical works with usable structured OpenAlex authorship,multiple response; one count per unique author per work,4cac4c9f22b3d59d56dd,OpenAlex author ID
Author productivity,Canonical work count,Harry Burke,1,477,0.2,,openalex:https://openalex.org/a5028377164,authorship-covered canonical works,canonical works with usable structured OpenAlex authorship,multiple response; one count per unique author per work,7bda59402c9478eda64c,OpenAlex author ID
Author productivity,Canonical work count,Harry Rogers,1,477,0.2,,openalex:https://openalex.org/a5102903276,authorship-covered canonical works,canonical works with usable structured OpenAlex authorship,multiple response; one count per unique author per work,bed98da775e40e17c44e,OpenAlex author ID
Author productivity,Canonical work count,Heba Aldossary,1,477,0.2,,openalex:https://openalex.org/a5031908363,authorship-covered canonical works,canonical works with usable structured OpenAlex authorship,multiple response; one count per unique author per work,5dd47cd1855294dcfafd,OpenAlex author ID
Author productivity,Canonical work count,Heeyoung Kim,1,477,0.2,,openalex:https://openalex.org/a5100716626,authorship-covered canonical works,canonical works with usable structured OpenAlex authorship,multiple response; one count per unique author per work,38da855b4155bb083590,OpenAlex author ID
Author productivity,Canonical work count,Heidi B. King,1,477,0.2,,openalex:https://openalex.org/a5113791042,authorship-covered canonical works,canonical works with usable structured OpenAlex authorship,multiple response; one count per unique author per work,7bda59402c9478eda64c,OpenAlex author ID
Author productivity,Canonical work count,Heidi Cheerman,1,477,0.2,,openalex:https://openalex.org/a5095708342,authorship-covered canonical works,canonical works with usable structured OpenAlex authorship,multiple response; one count per unique author per work,5b529e4bc562ac2c093e,OpenAlex author ID
Author productivity,Canonical work count,Helen Heneghan,1,477,0.2,,openalex:https://openalex.org/a5037950266,authorship-covered canonical works,canonical works with usable structured OpenAlex authorship,multiple response; one count per unique author per work,1c5402a057ba8f451244,OpenAlex author ID
Author productivity,Canonical work count,Helen Higham,1,477,0.2,,openalex:https://openalex.org/a5135402130,authorship-covered canonical works,canonical works with usable structured OpenAlex authorship,multiple response; one count per unique author per work,bed98da775e40e17c44e,OpenAlex author ID
Author productivity,Canonical work count,Helen Ruth Patterson,1,477,0.2,,openalex:https://openalex.org/a5010188126,authorship-covered canonical works,canonical works with usable structured OpenAlex authorship,multiple response; one count per unique author per work,33fa7a94d105663796d8,OpenAlex author ID
Author productivity,Canonical work count,Helena Baur,1,477,0.2,,openalex:https://openalex.org/a5137358203,authorship-covered canonical works,canonical works with usable structured OpenAlex authorship,multiple response; one count per unique author per work,7442954006aac8fa63fa,OpenAlex author ID
Author productivity,Canonical work count,Helmut Schrom-Feiertag,1,477,0.2,,openalex:https://openalex.org/a5012366487,authorship-covered canonical works,canonical works with usable structured OpenAlex authorship,multiple response; one count per unique author per work,64a85483f87115653128,OpenAlex author ID
Author productivity,Canonical work count,Helmy A. Cook,1,477,0.2,,openalex:https://openalex.org/a5051551911,authorship-covered canonical works,canonical works with usable structured OpenAlex authorship,multiple response; one count per unique author per work,00dc13a955ae4496d4ca,OpenAlex author ID
Author productivity,Canonical work count,Hendri Hardi Wiradinata,1,477,0.2,,openalex:https://openalex.org/a5135094151,authorship-covered canonical works,canonical works with usable structured OpenAlex authorship,multiple response; one count per unique author per work,6a18d985481870e99d72,OpenAlex author ID
Author productivity,Canonical work count,Heng Wang,1,477,0.2,,openalex:https://openalex.org/a5135861715,authorship-covered canonical works,canonical works with usable structured OpenAlex authorship,multiple response; one count per unique author per work,da4715a1835405ea02b7,OpenAlex author ID
Author productivity,Canonical work count,Heng Wei,1,477,0.2,,openalex:https://openalex.org/a5029599303,authorship-covered canonical works,canonical works with usable structured OpenAlex authorship,multiple response; one count per unique author per work,4fed0ae03cd7415c40f4,OpenAlex author ID
Author productivity,Canonical work count,Henrik Voigt,1,477,0.2,,openalex:https://openalex.org/a5083133119,authorship-covered canonical works,canonical works with usable structured OpenAlex authorship,multiple response; one count per unique author per work,7938acbdb4523b82db58,OpenAlex author ID
Author productivity,Canonical work count,Hicham Nassik,1,477,0.2,,openalex:https://openalex.org/a5014025872,authorship-covered canonical works,canonical works with usable structured OpenAlex authorship,multiple response; one count per unique author per work,1b913a0ed3ab13c6f644,OpenAlex author ID
Author productivity,Canonical work count,Hideo Ino,1,477,0.2,,openalex:https://openalex.org/a5087925586,authorship-covered canonical works,canonical works with usable structured OpenAlex authorship,multiple response; one count per unique author per work,8fa1ae6b843e2388520d,OpenAlex author ID
Author productivity,Canonical work count,Hilal Hatice Ülkü,1,477,0.2,,openalex:https://openalex.org/a5019205889,authorship-covered canonical works,canonical works with usable structured OpenAlex authorship,multiple response; one count per unique author per work,f41f37dbb22b9ed8ae7c,OpenAlex author ID
Author productivity,Canonical work count,Hilde Eide,1,477,0.2,,openalex:https://openalex.org/a5057309117,authorship-covered canonical works,canonical works with usable structured OpenAlex authorship,multiple response; one count per unique author per work,43f6ad0fa6f4597d56fc,OpenAlex author ID
Author productivity,Canonical work count,Hiroko Ogawa,1,477,0.2,,openalex:https://openalex.org/a5102104325,authorship-covered canonical works,canonical works with usable structured OpenAlex authorship,multiple response; one count per unique author per work,8fa1ae6b843e2388520d,OpenAlex author ID
Author productivity,Canonical work count,Hiroshi Hashimoto,1,477,0.2,,openalex:https://openalex.org/a5129786638,authorship-covered canonical works,canonical works with usable structured OpenAlex authorship,multiple response; one count per unique author per work,614d439112e6f1ccea50,OpenAlex author ID
Author productivity,Canonical work count,Hita Kambhamettu,1,477,0.2,,openalex:https://openalex.org/a5001493932,authorship-covered canonical works,canonical works with usable structured OpenAlex authorship,multiple response; one count per unique author per work,72c30900482428bf1e49,OpenAlex author ID
Author productivity,Canonical work count,Hoang Nguyen,1,477,0.2,,openalex:https://openalex.org/a5128063448,authorship-covered canonical works,canonical works with usable structured OpenAlex authorship,multiple response; one count per unique author per work,7571d4d2871565bc5c1c,OpenAlex author ID
Author productivity,Canonical work count,Hoi Man Chan,1,477,0.2,,openalex:https://openalex.org/a5046842210,authorship-covered canonical works,canonical works with usable structured OpenAlex authorship,multiple response; one count per unique author per work,891bdc5ee1f3d07f820a,OpenAlex author ID
Author productivity,Canonical work count,Hong Huang,1,477,0.2,,openalex:https://openalex.org/a5134507568,authorship-covered canonical works,canonical works with usable structured OpenAlex authorship,multiple response; one count per unique author per work,81087c9bc5a7366ff084,OpenAlex author ID
Author productivity,Canonical work count,Hong-xiang Yao,1,477,0.2,,openalex:https://openalex.org/a5139004238,authorship-covered canonical works,canonical works with usable structured OpenAlex authorship,multiple response; one count per unique author per work,64caff9ef7b3adaafe2d,OpenAlex author ID
Author productivity,Canonical work count,Honghui Xu,1,477,0.2,,openalex:https://openalex.org/a5122919135,authorship-covered canonical works,canonical works with usable structured OpenAlex authorship,multiple response; one count per unique author per work,235688621e9d66593a40,OpenAlex author ID
Author productivity,Canonical work count,Hongik Kim,1,477,0.2,,openalex:https://openalex.org/a5126366521,authorship-covered canonical works,canonical works with usable structured OpenAlex authorship,multiple response; one count per unique author per work,0a2c09d04e10e0478041,OpenAlex author ID
Author productivity,Canonical work count,Hongtao Liu,1,477,0.2,,openalex:https://openalex.org/a5134516136,authorship-covered canonical works,canonical works with usable structured OpenAlex authorship,multiple response; one count per unique author per work,9053eb63f4358c343310,OpenAlex author ID
Author productivity,Canonical work count,Hongxia Mei,1,477,0.2,,openalex:https://openalex.org/a5086772025,authorship-covered canonical works,canonical works with usable structured OpenAlex authorship,multiple response; one count per unique author per work,64caff9ef7b3adaafe2d,OpenAlex author ID
Author productivity,Canonical work count,Hongzhan Jiang,1,477,0.2,,openalex:https://openalex.org/a5054198977,authorship-covered canonical works,canonical works with usable structured OpenAlex authorship,multiple response; one count per unique author per work,0394426a6c4e7afe938e,OpenAlex author ID
Author productivity,Canonical work count,Howard A. Riina,1,477,0.2,,openalex:https://openalex.org/a5056646847,authorship-covered canonical works,canonical works with usable structured OpenAlex authorship,multiple response; one count per unique author per work,50ac103890932b40242c,OpenAlex author ID
Author productivity,Canonical work count,Hsi-Wei Ho,1,477,0.2,,openalex:https://openalex.org/a5113648909,authorship-covered canonical works,canonical works with usable structured OpenAlex authorship,multiple response; one count per unique author per work,1a1d7801effe1e2b850a,OpenAlex author ID
Author productivity,Canonical work count,HU Hankun,1,477,0.2,,name-only:3e6c586541bbab277f12:911c6952c874e40d,authorship-covered canonical works,canonical works with usable structured OpenAlex authorship,multiple response; one count per unique author per work,3e6c586541bbab277f12,name-only record; duplicates collapsed within work only; not merged across works
Author productivity,Canonical work count,Huai Yong Cheng,1,477,0.2,,openalex:https://openalex.org/a5110342719,authorship-covered canonical works,canonical works with usable structured OpenAlex authorship,multiple response; one count per unique author per work,7f735724143207af94c1,OpenAlex author ID
Author productivity,Canonical work count,Huanmei Wu,1,477,0.2,,openalex:https://openalex.org/a5011747432,authorship-covered canonical works,canonical works with usable structured OpenAlex authorship,multiple response; one count per unique author per work,f68a92632e9b465b9cd8,OpenAlex author ID
Author productivity,Canonical work count,Huarui Luo,1,477,0.2,,openalex:https://openalex.org/a5125250862,authorship-covered canonical works,canonical works with usable structured OpenAlex authorship,multiple response; one count per unique author per work,fd1a9c7f0b28a609f8af,OpenAlex author ID
Author productivity,Canonical work count,Huating Li,1,477,0.2,,openalex:https://openalex.org/a5017862417,authorship-covered canonical works,canonical works with usable structured OpenAlex authorship,multiple response; one count per unique author per work,359e1289e1f098bb36e2,OpenAlex author ID
Author productivity,Canonical work count,Hubert Heckel,1,477,0.2,,openalex:https://openalex.org/a5084864618,authorship-covered canonical works,canonical works with usable structured OpenAlex authorship,multiple response; one count per unique author per work,272439595ff3b96c35f3,OpenAlex author ID
Author productivity,Canonical work count,Huda F Al-Shamali,1,477,0.2,,openalex:https://openalex.org/a5141300893,authorship-covered canonical works,canonical works with usable structured OpenAlex authorship,multiple response; one count per unique author per work,63c69a200d415bc42d9b,OpenAlex author ID
Author productivity,Canonical work count,Huei-Tse Hou,1,477,0.2,,openalex:https://openalex.org/a5125467920,authorship-covered canonical works,canonical works with usable structured OpenAlex authorship,multiple response; one count per unique author per work,32c1dcd0212f833ee125,OpenAlex author ID
Author productivity,Canonical work count,Hugh Alexander von Arnim,1,477,0.2,,openalex:https://openalex.org/a5099130194,authorship-covered canonical works,canonical works with usable structured OpenAlex authorship,multiple response; one count per unique author per work,43f6ad0fa6f4597d56fc,OpenAlex author ID
Author productivity,Canonical work count,Hui Pan,1,477,0.2,,openalex:https://openalex.org/a5085187324,authorship-covered canonical works,canonical works with usable structured OpenAlex authorship,multiple response; one count per unique author per work,1158803af3fb0ab9c072,OpenAlex author ID
Author productivity,Canonical work count,Hui Xu,1,477,0.2,,openalex:https://openalex.org/a5138979523,authorship-covered canonical works,canonical works with usable structured OpenAlex authorship,multiple response; one count per unique author per work,73a1f91733c91359d5f0,OpenAlex author ID
Author productivity,Canonical work count,Huihui Cheng,1,477,0.2,,openalex:https://openalex.org/a5134478875,authorship-covered canonical works,canonical works with usable structured OpenAlex authorship,multiple response; one count per unique author per work,9053eb63f4358c343310,OpenAlex author ID
Author productivity,Canonical work count,Huiju Yang,1,477,0.2,,openalex:https://openalex.org/a5112909788,authorship-covered canonical works,canonical works with usable structured OpenAlex authorship,multiple response; one count per unique author per work,34ab5ecef79b768723f6,OpenAlex author ID
Author productivity,Canonical work count,Huiting Liu,1,477,0.2,,openalex:https://openalex.org/a5101715014,authorship-covered canonical works,canonical works with usable structured OpenAlex authorship,multiple response; one count per unique author per work,a4f6e4afd67cbf667f95,OpenAlex author ID
Author productivity,Canonical work count,Huizi Yu,1,477,0.2,,openalex:https://openalex.org/a5005046138,authorship-covered canonical works,canonical works with usable structured OpenAlex authorship,multiple response; one count per unique author per work,d977c356ff57ab060fef,OpenAlex author ID
Author productivity,Canonical work count,Huy Hoang Bao Le,1,477,0.2,,openalex:https://openalex.org/a5126251452,authorship-covered canonical works,canonical works with usable structured OpenAlex authorship,multiple response; one count per unique author per work,9b778c91d64124298579,OpenAlex author ID
Author productivity,Canonical work count,Hwi Gon Jeon,1,477,0.2,,openalex:https://openalex.org/a5126925882,authorship-covered canonical works,canonical works with usable structured OpenAlex authorship,multiple response; one count per unique author per work,sci_f2cc5417df9af41a5165,OpenAlex author ID
Author productivity,Canonical work count,Hye Won Jeong,1,477,0.2,,openalex:https://openalex.org/a5126940349,authorship-covered canonical works,canonical works with usable structured OpenAlex authorship,multiple response; one count per unique author per work,sci_f2cc5417df9af41a5165,OpenAlex author ID
Author productivity,Canonical work count,Hyeonmi Hong,1,477,0.2,,openalex:https://openalex.org/a5036982277,authorship-covered canonical works,canonical works with usable structured OpenAlex authorship,multiple response; one count per unique author per work,1b087547ad0e2e8a3fa3,OpenAlex author ID
Author productivity,Canonical work count,Hyewon Cho,1,477,0.2,,openalex:https://openalex.org/a5001125586,authorship-covered canonical works,canonical works with usable structured OpenAlex authorship,multiple response; one count per unique author per work,9b8b66d55c35b17e843c,OpenAlex author ID
Author productivity,Canonical work count,Hyoun‐Joong Kong,1,477,0.2,,openalex:https://openalex.org/a5028196173,authorship-covered canonical works,canonical works with usable structured OpenAlex authorship,multiple response; one count per unique author per work,9d0e015a74d4a026b092,OpenAlex author ID
Author productivity,Canonical work count,Hyun Jung Jung,1,477,0.2,,openalex:https://openalex.org/a5010241011,authorship-covered canonical works,canonical works with usable structured OpenAlex authorship,multiple response; one count per unique author per work,f6df2d018d41c258414a,OpenAlex author ID
Author productivity,Canonical work count,Hyung-Jeong Yang,1,477,0.2,,openalex:https://openalex.org/a5087619194,authorship-covered canonical works,canonical works with usable structured OpenAlex authorship,multiple response; one count per unique author per work,1df5cdc0b4ba5e34b2ba,OpenAlex author ID
Author productivity,Canonical work count,Hyunseokdara Oh,1,477,0.2,,openalex:https://openalex.org/a5080775701,authorship-covered canonical works,canonical works with usable structured OpenAlex authorship,multiple response; one count per unique author per work,581dc0790951c1557bba,OpenAlex author ID
Author productivity,Canonical work count,Hyunyong Hwang,1,477,0.2,,openalex:https://openalex.org/a5091691047,authorship-covered canonical works,canonical works with usable structured OpenAlex authorship,multiple response; one count per unique author per work,38da855b4155bb083590,OpenAlex author ID
Author productivity,Canonical work count,Hérica Emília Félix de Carvalho,1,477,0.2,,openalex:https://openalex.org/a5059890645,authorship-covered canonical works,canonical works with usable structured OpenAlex authorship,multiple response; one count per unique author per work,b924bd45d30abb49831e,OpenAlex author ID
Author productivity,Canonical work count,I Govindharaj,1,477,0.2,,openalex:https://openalex.org/a5106330622,authorship-covered canonical works,canonical works with usable structured OpenAlex authorship,multiple response; one count per unique author per work,416753b67d9e900455c8,OpenAlex author ID
Author productivity,Canonical work count,I. O. Chukwukwe,1,477,0.2,,openalex:https://openalex.org/a5136936689,authorship-covered canonical works,canonical works with usable structured OpenAlex authorship,multiple response; one count per unique author per work,681bba8e632d1614f426,OpenAlex author ID
Author productivity,Canonical work count,Iago Alves Brito,1,477,0.2,,openalex:https://openalex.org/a5113408390,authorship-covered canonical works,canonical works with usable structured OpenAlex authorship,multiple response; one count per unique author per work,d46506f34cc784478c88,OpenAlex author ID
Author productivity,Canonical work count,Ian Steenstra,1,477,0.2,,openalex:https://openalex.org/a5040270827,authorship-covered canonical works,canonical works with usable structured OpenAlex authorship,multiple response; one count per unique author per work,sci_93a452609f10d60e9d33,OpenAlex author ID
Author productivity,Canonical work count,Ibraaheem Khan,1,477,0.2,,openalex:https://openalex.org/a5040911102,authorship-covered canonical works,canonical works with usable structured OpenAlex authorship,multiple response; one count per unique author per work,f30eee8f6354bfa06744,OpenAlex author ID
Author productivity,Canonical work count,Ibtissam Youlyouz‐Marfak,1,477,0.2,,openalex:https://openalex.org/a5010461857,authorship-covered canonical works,canonical works with usable structured OpenAlex authorship,multiple response; one count per unique author per work,adf94a39c16c36a40d45,OpenAlex author ID
Author productivity,Canonical work count,Ignacio Villagrán,1,477,0.2,,openalex:https://openalex.org/a5003074639,authorship-covered canonical works,canonical works with usable structured OpenAlex authorship,multiple response; one count per unique author per work,b53bf33d223a68f17e8c,OpenAlex author ID
Author productivity,Canonical work count,Ihor Semianiv,1,477,0.2,,openalex:https://openalex.org/a5059560038,authorship-covered canonical works,canonical works with usable structured OpenAlex authorship,multiple response; one count per unique author per work,096c409373966ea99821,OpenAlex author ID
Author productivity,Canonical work count,Iltifotxon Abdinazarova,1,477,0.2,,openalex:https://openalex.org/a5121962939,authorship-covered canonical works,canonical works with usable structured OpenAlex authorship,multiple response; one count per unique author per work,eb6afac746ee34d7a37f,OpenAlex author ID
Author productivity,Canonical work count,Imad Chakri,1,477,0.2,,openalex:https://openalex.org/a5089838878,authorship-covered canonical works,canonical works with usable structured OpenAlex authorship,multiple response; one count per unique author per work,1b913a0ed3ab13c6f644,OpenAlex author ID
Author productivity,Canonical work count,Imdad Ali Shah,1,477,0.2,,openalex:https://openalex.org/a5101434462,authorship-covered canonical works,canonical works with usable structured OpenAlex authorship,multiple response; one count per unique author per work,5966d1a884499670acf2,OpenAlex author ID
Author productivity,Canonical work count,Imeth Illamperuma,1,477,0.2,,openalex:https://openalex.org/a5120581309,authorship-covered canonical works,canonical works with usable structured OpenAlex authorship,multiple response; one count per unique author per work,91738aa3fb8146efb96d,OpenAlex author ID
Author productivity,Canonical work count,In Hwa Jeong,1,477,0.2,,openalex:https://openalex.org/a5045633517,authorship-covered canonical works,canonical works with usable structured OpenAlex authorship,multiple response; one count per unique author per work,38da855b4155bb083590,OpenAlex author ID
Author productivity,Canonical work count,Inari Dahlqvist,1,477,0.2,,openalex:https://openalex.org/a5120086454,authorship-covered canonical works,canonical works with usable structured OpenAlex authorship,multiple response; one count per unique author per work,4cac4c9f22b3d59d56dd,OpenAlex author ID
Author productivity,Canonical work count,Inas Mohamed,1,477,0.2,,openalex:https://openalex.org/a5015319684,authorship-covered canonical works,canonical works with usable structured OpenAlex authorship,multiple response; one count per unique author per work,e5304eeb960c6393b03a,OpenAlex author ID
Author productivity,Canonical work count,Inbar Levkovich,1,477,0.2,,openalex:https://openalex.org/a5028105545,authorship-covered canonical works,canonical works with usable structured OpenAlex authorship,multiple response; one count per unique author per work,bd0527af9d9859ca54bb,OpenAlex author ID
Author productivity,Canonical work count,Inbar Levkovich,1,477,0.2,,openalex:https://openalex.org/a5109687292,authorship-covered canonical works,canonical works with usable structured OpenAlex authorship,multiple response; one count per unique author per work,be9dea9f8b093b59c0c4,OpenAlex author ID
Author productivity,Canonical work count,Inbar Levkovitch,1,477,0.2,,openalex:https://openalex.org/a5114920875,authorship-covered canonical works,canonical works with usable structured OpenAlex authorship,multiple response; one count per unique author per work,d06c6ad96bb08eb739dc,OpenAlex author ID
Author productivity,Canonical work count,"Independent Researcher Georgetown, TX, USA",1,477,0.2,,openalex:https://openalex.org/a5125596768,authorship-covered canonical works,canonical works with usable structured OpenAlex authorship,multiple response; one count per unique author per work,6af91184365b35a93de5,OpenAlex author ID
Author productivity,Canonical work count,Inga Hege,1,477,0.2,,openalex:https://openalex.org/a5001406991,authorship-covered canonical works,canonical works with usable structured OpenAlex authorship,multiple response; one count per unique author per work,14a6c8b99daf76e8179d,OpenAlex author ID
Author productivity,Canonical work count,Intekhab Islam,1,477,0.2,,openalex:https://openalex.org/a5003941595,authorship-covered canonical works,canonical works with usable structured OpenAlex authorship,multiple response; one count per unique author per work,0aad164402f8e4deea3b,OpenAlex author ID
Author productivity,Canonical work count,Ioulia Chatzistamou,1,477,0.2,,openalex:https://openalex.org/a5033125510,authorship-covered canonical works,canonical works with usable structured OpenAlex authorship,multiple response; one count per unique author per work,e5b4ed028b3c0ea2eeec,OpenAlex author ID
Author productivity,Canonical work count,Irene Simonda,1,477,0.2,,openalex:https://openalex.org/a5096858296,authorship-covered canonical works,canonical works with usable structured OpenAlex authorship,multiple response; one count per unique author per work,0038624c09ec9fe46395,OpenAlex author ID
Author productivity,Canonical work count,Isabel Iguacel,1,477,0.2,,openalex:https://openalex.org/a5023877303,authorship-covered canonical works,canonical works with usable structured OpenAlex authorship,multiple response; one count per unique author per work,14a6c8b99daf76e8179d,OpenAlex author ID
Author productivity,Canonical work count,Isaure Breteau,1,477,0.2,,openalex:https://openalex.org/a5137083175,authorship-covered canonical works,canonical works with usable structured OpenAlex authorship,multiple response; one count per unique author per work,5aeb6b891099b95aa832,OpenAlex author ID
Author productivity,Canonical work count,Ishith Seth,1,477,0.2,,openalex:https://openalex.org/a5073400441,authorship-covered canonical works,canonical works with usable structured OpenAlex authorship,multiple response; one count per unique author per work,5116aab375eedc896bfd,OpenAlex author ID
Author productivity,Canonical work count,Isis Villafuerte-Tunaal,1,477,0.2,,openalex:https://openalex.org/a5139529238,authorship-covered canonical works,canonical works with usable structured OpenAlex authorship,multiple response; one count per unique author per work,59ac00c951a84da39213,OpenAlex author ID
Author productivity,Canonical work count,Ismael Martínez-Bonilla,1,477,0.2,,openalex:https://openalex.org/a5120850041,authorship-covered canonical works,canonical works with usable structured OpenAlex authorship,multiple response; one count per unique author per work,7f84c902e862e25dbf2c,OpenAlex author ID
Author productivity,Canonical work count,Ismail Abaakil,1,477,0.2,,openalex:https://openalex.org/a5119692351,authorship-covered canonical works,canonical works with usable structured OpenAlex authorship,multiple response; one count per unique author per work,b75fad8b8777d2f878b6,OpenAlex author ID
Author productivity,Canonical work count,Ivanna N. Ferrín Yépez,1,477,0.2,,openalex:https://openalex.org/a5126087848,authorship-covered canonical works,canonical works with usable structured OpenAlex authorship,multiple response; one count per unique author per work,501d19c3bd3160083e8a,OpenAlex author ID
Author productivity,Canonical work count,Izabella Uchmanowicz,1,477,0.2,,openalex:https://openalex.org/a5055471760,authorship-covered canonical works,canonical works with usable structured OpenAlex authorship,multiple response; one count per unique author per work,5dd47cd1855294dcfafd,OpenAlex author ID
Author productivity,Canonical work count,İbrahim Uysal,1,477,0.2,,openalex:https://openalex.org/a5077280033,authorship-covered canonical works,canonical works with usable structured OpenAlex authorship,multiple response; one count per unique author per work,94dc4442e5bc1f047433,OpenAlex author ID
Author productivity,Canonical work count,I‐Chieh Mao,1,477,0.2,,openalex:https://openalex.org/a5090875818,authorship-covered canonical works,canonical works with usable structured OpenAlex authorship,multiple response; one count per unique author per work,32c1dcd0212f833ee125,OpenAlex author ID
Author productivity,Canonical work count,J. Dianne Brinson,1,477,0.2,,openalex:https://openalex.org/a5015191553,authorship-covered canonical works,canonical works with usable structured OpenAlex authorship,multiple response; one count per unique author per work,b608f772e32f2dbbff5e,OpenAlex author ID
Author productivity,Canonical work count,J. Harry Isaacson,1,477,0.2,,openalex:https://openalex.org/a5027731372,authorship-covered canonical works,canonical works with usable structured OpenAlex authorship,multiple response; one count per unique author per work,eeb5a3afa4e8b1c2635c,OpenAlex author ID
Author productivity,Canonical work count,J. Vevera,1,477,0.2,,openalex:https://openalex.org/a5043495479,authorship-covered canonical works,canonical works with usable structured OpenAlex authorship,multiple response; one count per unique author per work,ea35181a48e801132195,OpenAlex author ID
Author productivity,Canonical work count,Jaana‐Maija Koivisto,1,477,0.2,,openalex:https://openalex.org/a5083520679,authorship-covered canonical works,canonical works with usable structured OpenAlex authorship,multiple response; one count per unique author per work,4cac4c9f22b3d59d56dd,OpenAlex author ID
Author productivity,Canonical work count,Jack Gallifant,1,477,0.2,,openalex:https://openalex.org/a5036224905,authorship-covered canonical works,canonical works with usable structured OpenAlex authorship,multiple response; one count per unique author per work,d977c356ff57ab060fef,OpenAlex author ID
Author productivity,Canonical work count,Jack Potter,1,477,0.2,,name-only:sci_a90d053bc1db526acda9:d517ba49c51d2d38,authorship-covered canonical works,canonical works with usable structured OpenAlex authorship,multiple response; one count per unique author per work,sci_a90d053bc1db526acda9,name-only record; duplicates collapsed within work only; not merged across works
Author productivity,Canonical work count,Jacob Barker,1,477,0.2,,openalex:https://openalex.org/a5137836632,authorship-covered canonical works,canonical works with usable structured OpenAlex authorship,multiple response; one count per unique author per work,5aa2066f4c78fde5a50b,OpenAlex author ID
Author productivity,Canonical work count,Jacob Schmid,1,477,0.2,,openalex:https://openalex.org/a5075024986,authorship-covered canonical works,canonical works with usable structured OpenAlex authorship,multiple response; one count per unique author per work,8db4130844dc8d367d1f,OpenAlex author ID
Author productivity,Canonical work count,Jacon E Karni,1,477,0.2,,openalex:https://openalex.org/a5134852603,authorship-covered canonical works,canonical works with usable structured OpenAlex authorship,multiple response; one count per unique author per work,6ad5ba253eb6dea25a47,OpenAlex author ID
Author productivity,Canonical work count,Jacqueline Maria Dias,1,477,0.2,,openalex:https://openalex.org/a5033834658,authorship-covered canonical works,canonical works with usable structured OpenAlex authorship,multiple response; one count per unique author per work,891bdc5ee1f3d07f820a,OpenAlex author ID
Author productivity,Canonical work count,Jaden Stryker,1,477,0.2,,openalex:https://openalex.org/a5114285297,authorship-covered canonical works,canonical works with usable structured OpenAlex authorship,multiple response; one count per unique author per work,50ac103890932b40242c,OpenAlex author ID
Author productivity,Canonical work count,JaeEun Kwon,1,477,0.2,,name-only:1557e783fc8af1e8fdd6:4c771e138371e09e,authorship-covered canonical works,canonical works with usable structured OpenAlex authorship,multiple response; one count per unique author per work,1557e783fc8af1e8fdd6,name-only record; duplicates collapsed within work only; not merged across works
Author productivity,Canonical work count,Jaehyun Byun,1,477,0.2,,openalex:https://openalex.org/a5126403567,authorship-covered canonical works,canonical works with usable structured OpenAlex authorship,multiple response; one count per unique author per work,0a2c09d04e10e0478041,OpenAlex author ID
Author productivity,Canonical work count,Jagoda Węgrzyn,1,477,0.2,,name-only:4ff984fed8d71f9ad381:4c12ea760277f8e8,authorship-covered canonical works,canonical works with usable structured OpenAlex authorship,multiple response; one count per unique author per work,4ff984fed8d71f9ad381,name-only record; duplicates collapsed within work only; not merged across works
Author productivity,Canonical work count,Jaideep S. Talwalkar,1,477,0.2,,openalex:https://openalex.org/a5045799526,authorship-covered canonical works,canonical works with usable structured OpenAlex authorship,multiple response; one count per unique author per work,302dee907e926e18ddba,OpenAlex author ID
Author productivity,Canonical work count,Jair C. Soares,1,477,0.2,,openalex:https://openalex.org/a5082192669,authorship-covered canonical works,canonical works with usable structured OpenAlex authorship,multiple response; one count per unique author per work,32b43fcb025a9d77581f,OpenAlex author ID
Author productivity,Canonical work count,Jakob Carl Uhl,1,477,0.2,,openalex:https://openalex.org/a5012030553,authorship-covered canonical works,canonical works with usable structured OpenAlex authorship,multiple response; one count per unique author per work,64a85483f87115653128,OpenAlex author ID
Author productivity,Canonical work count,Jakob Schmidt,1,477,0.2,,openalex:https://openalex.org/a5140079101,authorship-covered canonical works,canonical works with usable structured OpenAlex authorship,multiple response; one count per unique author per work,af881e87f70fad542887,OpenAlex author ID
Author productivity,Canonical work count,James Alvir Maclin V. Alaan,1,477,0.2,,openalex:https://openalex.org/a5117737093,authorship-covered canonical works,canonical works with usable structured OpenAlex authorship,multiple response; one count per unique author per work,7fc0513f51b7c61dad31,OpenAlex author ID
Author productivity,Canonical work count,James Anibal,1,477,0.2,,openalex:https://openalex.org/a5110649338,authorship-covered canonical works,canonical works with usable structured OpenAlex authorship,multiple response; one count per unique author per work,d02cfb250e397dd52db5,OpenAlex author ID
Author productivity,Canonical work count,James Aylward,1,477,0.2,,openalex:https://openalex.org/a5143419412,authorship-covered canonical works,canonical works with usable structured OpenAlex authorship,multiple response; one count per unique author per work,bed98da775e40e17c44e,OpenAlex author ID
Author productivity,Canonical work count,James B Stoco,1,477,0.2,,openalex:https://openalex.org/a5120491527,authorship-covered canonical works,canonical works with usable structured OpenAlex authorship,multiple response; one count per unique author per work,19e84bd61f0782eec51c,OpenAlex author ID
Author productivity,Canonical work count,James Gorman,1,477,0.2,,name-only:df4adbef2a265890959e:2179d68957972f76,authorship-covered canonical works,canonical works with usable structured OpenAlex authorship,multiple response; one count per unique author per work,df4adbef2a265890959e,name-only record; duplicates collapsed within work only; not merged across works
Author productivity,Canonical work count,James S. Ryoo,1,477,0.2,,openalex:https://openalex.org/a5084752175,authorship-covered canonical works,canonical works with usable structured OpenAlex authorship,multiple response; one count per unique author per work,50ac103890932b40242c,OpenAlex author ID
Author productivity,Canonical work count,James S. Wolffsohn,1,477,0.2,,openalex:https://openalex.org/a5082920224,authorship-covered canonical works,canonical works with usable structured OpenAlex authorship,multiple response; one count per unique author per work,54972cda535948a803e8,OpenAlex author ID
Author productivity,Canonical work count,James Thomas,1,477,0.2,,openalex:https://openalex.org/a5090183643,authorship-covered canonical works,canonical works with usable structured OpenAlex authorship,multiple response; one count per unique author per work,bed98da775e40e17c44e,OpenAlex author ID
Author productivity,Canonical work count,James W. Pennebaker,1,477,0.2,,openalex:https://openalex.org/a5062276512,authorship-covered canonical works,canonical works with usable structured OpenAlex authorship,multiple response; one count per unique author per work,bc5dd5d7b1ad1b4d21e4,OpenAlex author ID
Author productivity,Canonical work count,James Waymack,1,477,0.2,,openalex:https://openalex.org/a5044678035,authorship-covered canonical works,canonical works with usable structured OpenAlex authorship,multiple response; one count per unique author per work,4ef0a8247384321e8b47,OpenAlex author ID
Author productivity,Canonical work count,Jamie C. Chiu,1,477,0.2,,openalex:https://openalex.org/a5076523021,authorship-covered canonical works,canonical works with usable structured OpenAlex authorship,multiple response; one count per unique author per work,sci_637ee1f73b6fd5027d1c,OpenAlex author ID
Author productivity,Canonical work count,Jamie Toole,1,477,0.2,,openalex:https://openalex.org/a5069006194,authorship-covered canonical works,canonical works with usable structured OpenAlex authorship,multiple response; one count per unique author per work,b3a8d73bf08119c4ce68,OpenAlex author ID
Author productivity,Canonical work count,Jan Griewatz,1,477,0.2,,openalex:https://openalex.org/a5042104204,authorship-covered canonical works,canonical works with usable structured OpenAlex authorship,multiple response; one count per unique author per work,cfa4cceea1f21315935e,OpenAlex author ID
Author productivity,Canonical work count,Jan Siebenbrock,1,477,0.2,,openalex:https://openalex.org/a5137342823,authorship-covered canonical works,canonical works with usable structured OpenAlex authorship,multiple response; one count per unique author per work,7442954006aac8fa63fa,OpenAlex author ID
Author productivity,Canonical work count,Jan Zöllick,1,477,0.2,,openalex:https://openalex.org/a5049087706,authorship-covered canonical works,canonical works with usable structured OpenAlex authorship,multiple response; one count per unique author per work,37bb0c4c182653ebb8f9,OpenAlex author ID
Author productivity,Canonical work count,Janet Reed,1,477,0.2,,openalex:https://openalex.org/a5011781898,authorship-covered canonical works,canonical works with usable structured OpenAlex authorship,multiple response; one count per unique author per work,4252b0b43599d37a154a,OpenAlex author ID
Author productivity,Canonical work count,Janet Yuen Ha Wong,1,477,0.2,,openalex:https://openalex.org/a5019140124,authorship-covered canonical works,canonical works with usable structured OpenAlex authorship,multiple response; one count per unique author per work,592d3957693502aad933,OpenAlex author ID
Author productivity,Canonical work count,Janllyn Avanthika,1,477,0.2,,openalex:https://openalex.org/a5126662988,authorship-covered canonical works,canonical works with usable structured OpenAlex authorship,multiple response; one count per unique author per work,3e3d7476a0d0198a12a3,OpenAlex author ID
Author productivity,Canonical work count,Jannyse Tapp,1,477,0.2,,openalex:https://openalex.org/a5061432640,authorship-covered canonical works,canonical works with usable structured OpenAlex authorship,multiple response; one count per unique author per work,766fde2e997ea8140bd0,OpenAlex author ID
Author productivity,Canonical work count,Jardel Francisco Mazzi‐Chaves,1,477,0.2,,openalex:https://openalex.org/a5022606635,authorship-covered canonical works,canonical works with usable structured OpenAlex authorship,multiple response; one count per unique author per work,3aba8ba7976a49acd0ac,OpenAlex author ID
Author productivity,Canonical work count,Jaro Karppinen,1,477,0.2,,openalex:https://openalex.org/a5032813108,authorship-covered canonical works,canonical works with usable structured OpenAlex authorship,multiple response; one count per unique author per work,ab784e3f29bfc7622997,OpenAlex author ID
Author productivity,Canonical work count,Jarod Parrish,1,477,0.2,,openalex:https://openalex.org/a5073464413,authorship-covered canonical works,canonical works with usable structured OpenAlex authorship,multiple response; one count per unique author per work,03e1a6632b830e0512c9,OpenAlex author ID
Author productivity,Canonical work count,Jasmine James,1,477,0.2,,openalex:https://openalex.org/a5004129481,authorship-covered canonical works,canonical works with usable structured OpenAlex authorship,multiple response; one count per unique author per work,7a9ca4d4d16f4705139f,OpenAlex author ID
Author productivity,Canonical work count,Jason F. Hall,1,477,0.2,,openalex:https://openalex.org/a5109907920,authorship-covered canonical works,canonical works with usable structured OpenAlex authorship,multiple response; one count per unique author per work,437f09a0c472e4ba343e,OpenAlex author ID
Author productivity,Canonical work count,Jason Kolfenbach,1,477,0.2,,openalex:https://openalex.org/a5068333083,authorship-covered canonical works,canonical works with usable structured OpenAlex authorship,multiple response; one count per unique author per work,bb3a5362f067d65fc98d,OpenAlex author ID
Author productivity,Canonical work count,Jay Naik,1,477,0.2,,openalex:https://openalex.org/a5147053519,authorship-covered canonical works,canonical works with usable structured OpenAlex authorship,multiple response; one count per unique author per work,425ec6ee2ca714b7434a,OpenAlex author ID
Author productivity,Canonical work count,Jean Pierre,1,477,0.2,,openalex:https://openalex.org/a5130884239,authorship-covered canonical works,canonical works with usable structured OpenAlex authorship,multiple response; one count per unique author per work,50e4613efeaaadc861f8,OpenAlex author ID
Author productivity,Canonical work count,Jeanne Krick,1,477,0.2,,openalex:https://openalex.org/a5054045702,authorship-covered canonical works,canonical works with usable structured OpenAlex authorship,multiple response; one count per unique author per work,7a9ca4d4d16f4705139f,OpenAlex author ID
Author productivity,Canonical work count,Jeannet Carla Larrea Eyzaguirre,1,477,0.2,,name-only:78868accc1f86fb42dce:546da7ae486b297a,authorship-covered canonical works,canonical works with usable structured OpenAlex authorship,multiple response; one count per unique author per work,78868accc1f86fb42dce,name-only record; duplicates collapsed within work only; not merged across works
Author productivity,Canonical work count,Jean‐Christophe Cejka,1,477,0.2,,openalex:https://openalex.org/a5112637652,authorship-covered canonical works,canonical works with usable structured OpenAlex authorship,multiple response; one count per unique author per work,b75fad8b8777d2f878b6,OpenAlex author ID
Author productivity,Canonical work count,Jeb T. Helms,1,477,0.2,,openalex:https://openalex.org/a5037473717,authorship-covered canonical works,canonical works with usable structured OpenAlex authorship,multiple response; one count per unique author per work,df5127c0b752274d452e,OpenAlex author ID
Author productivity,Canonical work count,Jeff Zhang,1,477,0.2,,openalex:https://openalex.org/a5111360127,authorship-covered canonical works,canonical works with usable structured OpenAlex authorship,multiple response; one count per unique author per work,50ac103890932b40242c,OpenAlex author ID
Author productivity,Canonical work count,Jeffrey McCarthy,1,477,0.2,,name-only:58483951ebaed609e26a:852b80edba505ecc,authorship-covered canonical works,canonical works with usable structured OpenAlex authorship,multiple response; one count per unique author per work,58483951ebaed609e26a,name-only record; duplicates collapsed within work only; not merged across works
Author productivity,Canonical work count,Jeffrey R. Jones,1,477,0.2,,openalex:https://openalex.org/a5133628883,authorship-covered canonical works,canonical works with usable structured OpenAlex authorship,multiple response; one count per unique author per work,cb97375c66ea36d11d94,OpenAlex author ID
Author productivity,Canonical work count,Jeffrey S. Upperman,1,477,0.2,,openalex:https://openalex.org/a5034337845,authorship-covered canonical works,canonical works with usable structured OpenAlex authorship,multiple response; one count per unique author per work,6d3fca2519e927f795b8,OpenAlex author ID
Author productivity,Canonical work count,Jeng‐Cheng Wu,1,477,0.2,,openalex:https://openalex.org/a5047804842,authorship-covered canonical works,canonical works with usable structured OpenAlex authorship,multiple response; one count per unique author per work,f97eadc969f29dc262e7,OpenAlex author ID
Author productivity,Canonical work count,Jennifer Dabel,1,477,0.2,,openalex:https://openalex.org/a5114036553,authorship-covered canonical works,canonical works with usable structured OpenAlex authorship,multiple response; one count per unique author per work,7442954006aac8fa63fa,OpenAlex author ID
Author productivity,Canonical work count,Jennifer Eaton,1,477,0.2,,openalex:https://openalex.org/a5125713307,authorship-covered canonical works,canonical works with usable structured OpenAlex authorship,multiple response; one count per unique author per work,e5b4ed028b3c0ea2eeec,OpenAlex author ID
Author productivity,Canonical work count,Jennifer Gunberg Ross,1,477,0.2,,openalex:https://openalex.org/a5036186309,authorship-covered canonical works,canonical works with usable structured OpenAlex authorship,multiple response; one count per unique author per work,e4caff2128dfb4f4ac0c,OpenAlex author ID
Author productivity,Canonical work count,Jennifer Ridgway,1,477,0.2,,openalex:https://openalex.org/a5000369102,authorship-covered canonical works,canonical works with usable structured OpenAlex authorship,multiple response; one count per unique author per work,7ab76d429b6539b40243,OpenAlex author ID
Author productivity,Canonical work count,Jennifer Schutz,1,477,0.2,,openalex:https://openalex.org/a5121865955,authorship-covered canonical works,canonical works with usable structured OpenAlex authorship,multiple response; one count per unique author per work,7f735724143207af94c1,OpenAlex author ID
Author productivity,Canonical work count,Jenny Rudolph,1,477,0.2,,openalex:https://openalex.org/a5135348395,authorship-covered canonical works,canonical works with usable structured OpenAlex authorship,multiple response; one count per unique author per work,af9edf1f4c2a0c11a5eb,OpenAlex author ID
Author productivity,Canonical work count,Jenny Unterkofler,1,477,0.2,,openalex:https://openalex.org/a5011257862,authorship-covered canonical works,canonical works with usable structured OpenAlex authorship,multiple response; one count per unique author per work,bad1f4fb855554cb4aba,OpenAlex author ID
Author productivity,Canonical work count,Jens Grubert,1,477,0.2,,openalex:https://openalex.org/a5082656307,authorship-covered canonical works,canonical works with usable structured OpenAlex authorship,multiple response; one count per unique author per work,7b19776512fecc94e643,OpenAlex author ID
Author productivity,Canonical work count,Jens Van Nooten,1,477,0.2,,openalex:https://openalex.org/a5090129146,authorship-covered canonical works,canonical works with usable structured OpenAlex authorship,multiple response; one count per unique author per work,4823a4ac11c66c68a7d4,OpenAlex author ID
Author productivity,Canonical work count,Jeremiah Kaplan,1,477,0.2,,openalex:https://openalex.org/a5055847118,authorship-covered canonical works,canonical works with usable structured OpenAlex authorship,multiple response; one count per unique author per work,907d492e03a26ae110b8,OpenAlex author ID
Author productivity,Canonical work count,Jeremy C. Hagler,1,477,0.2,,openalex:https://openalex.org/a5014667612,authorship-covered canonical works,canonical works with usable structured OpenAlex authorship,multiple response; one count per unique author per work,7f98755e27ed54f044ae,OpenAlex author ID
Author productivity,Canonical work count,Jeremy J. Webb,1,477,0.2,,openalex:https://openalex.org/a5078165186,authorship-covered canonical works,canonical works with usable structured OpenAlex authorship,multiple response; one count per unique author per work,0a25081e59bfa2406a89,OpenAlex author ID
Author productivity,Canonical work count,Jeremy Ong,1,477,0.2,,openalex:https://openalex.org/a5076011556,authorship-covered canonical works,canonical works with usable structured OpenAlex authorship,multiple response; one count per unique author per work,9d44b976cb2c076751e8,OpenAlex author ID
Author productivity,Canonical work count,Jerry Jacob,1,477,0.2,,openalex:https://openalex.org/a5101484111,authorship-covered canonical works,canonical works with usable structured OpenAlex authorship,multiple response; one count per unique author per work,afa9fe102dc8ed9bfaff,OpenAlex author ID
Author productivity,Canonical work count,Jess Kropczynski,1,477,0.2,,openalex:https://openalex.org/a5055173784,authorship-covered canonical works,canonical works with usable structured OpenAlex authorship,multiple response; one count per unique author per work,d885762caf8919afe125,OpenAlex author ID
Author productivity,Canonical work count,Jessica H. Ochs,1,477,0.2,,openalex:https://openalex.org/a5013164653,authorship-covered canonical works,canonical works with usable structured OpenAlex authorship,multiple response; one count per unique author per work,60653c070afcf8848788,OpenAlex author ID
Author productivity,Canonical work count,Jessica Sims,1,477,0.2,,openalex:https://openalex.org/a5014285994,authorship-covered canonical works,canonical works with usable structured OpenAlex authorship,multiple response; one count per unique author per work,6d3fca2519e927f795b8,OpenAlex author ID
Author productivity,Canonical work count,Ji Hoon Kim,1,477,0.2,,openalex:https://openalex.org/a5126838475,authorship-covered canonical works,canonical works with usable structured OpenAlex authorship,multiple response; one count per unique author per work,c837d77a482b4e089619,OpenAlex author ID
Author productivity,Canonical work count,Ji Woo Song,1,477,0.2,,openalex:https://openalex.org/a5046035652,authorship-covered canonical works,canonical works with usable structured OpenAlex authorship,multiple response; one count per unique author per work,c837d77a482b4e089619,OpenAlex author ID
Author productivity,Canonical work count,Jia Zhang,1,477,0.2,,openalex:https://openalex.org/a5137687276,authorship-covered canonical works,canonical works with usable structured OpenAlex authorship,multiple response; one count per unique author per work,d3f99e099b9310de57e3,OpenAlex author ID
Author productivity,Canonical work count,Jiahuan Pei,1,477,0.2,,openalex:https://openalex.org/a5061075100,authorship-covered canonical works,canonical works with usable structured OpenAlex authorship,multiple response; one count per unique author per work,fd1a9c7f0b28a609f8af,OpenAlex author ID
Author productivity,Canonical work count,Jialong Yu,1,477,0.2,,openalex:https://openalex.org/a5054547056,authorship-covered canonical works,canonical works with usable structured OpenAlex authorship,multiple response; one count per unique author per work,2c33e3b00e199776ba05,OpenAlex author ID
Author productivity,Canonical work count,Jialun Zhong,1,477,0.2,,openalex:https://openalex.org/a5113185510,authorship-covered canonical works,canonical works with usable structured OpenAlex authorship,multiple response; one count per unique author per work,04b48ce4dda567febfa2,OpenAlex author ID
Author productivity,Canonical work count,Jiameng Wei,1,477,0.2,,openalex:https://openalex.org/a5134608041,authorship-covered canonical works,canonical works with usable structured OpenAlex authorship,multiple response; one count per unique author per work,44d09fb5dabfde2e9e31,OpenAlex author ID
Author productivity,Canonical work count,Jianbo Xu,1,477,0.2,,openalex:https://openalex.org/a5135123135,authorship-covered canonical works,canonical works with usable structured OpenAlex authorship,multiple response; one count per unique author per work,548ca816901c7761f0bf,OpenAlex author ID
Author productivity,Canonical work count,Jiang Wu,1,477,0.2,,openalex:https://openalex.org/a5122954705,authorship-covered canonical works,canonical works with usable structured OpenAlex authorship,multiple response; one count per unique author per work,235688621e9d66593a40,OpenAlex author ID
Author productivity,Canonical work count,Jiang Zhong,1,477,0.2,,openalex:https://openalex.org/a5101896229,authorship-covered canonical works,canonical works with usable structured OpenAlex authorship,multiple response; one count per unique author per work,f2454b259920b1b1d032,OpenAlex author ID
Author productivity,Canonical work count,Jiangli Han,1,477,0.2,,openalex:https://openalex.org/a5114164990,authorship-covered canonical works,canonical works with usable structured OpenAlex authorship,multiple response; one count per unique author per work,da4715a1835405ea02b7,OpenAlex author ID
Author productivity,Canonical work count,Jiani Yao,1,477,0.2,,openalex:https://openalex.org/a5051738936,authorship-covered canonical works,canonical works with usable structured OpenAlex authorship,multiple response; one count per unique author per work,a4d746b41f7f88ceb127,OpenAlex author ID
Author productivity,Canonical work count,Jianwei Ni,1,477,0.2,,openalex:https://openalex.org/a5130717912,authorship-covered canonical works,canonical works with usable structured OpenAlex authorship,multiple response; one count per unique author per work,37a099d4d3aa15cafaa9,OpenAlex author ID
Author productivity,Canonical work count,Jianxing Qin,1,477,0.2,,openalex:https://openalex.org/a5126499907,authorship-covered canonical works,canonical works with usable structured OpenAlex authorship,multiple response; one count per unique author per work,2c33e3b00e199776ba05,OpenAlex author ID
Author productivity,Canonical work count,Jianyu Pang,1,477,0.2,,openalex:https://openalex.org/a5062178104,authorship-covered canonical works,canonical works with usable structured OpenAlex authorship,multiple response; one count per unique author per work,adc1485c258278b24c4e,OpenAlex author ID
Author productivity,Canonical work count,Jian‐Lin Wu,1,477,0.2,,openalex:https://openalex.org/a5073800642,authorship-covered canonical works,canonical works with usable structured OpenAlex authorship,multiple response; one count per unique author per work,sci_3d6777cb059403330506,OpenAlex author ID
Author productivity,Canonical work count,Jiao Li,1,477,0.2,,openalex:https://openalex.org/a5137890596,authorship-covered canonical works,canonical works with usable structured OpenAlex authorship,multiple response; one count per unique author per work,3a2d4841832fea8715fe,OpenAlex author ID
Author productivity,Canonical work count,Jiayan Zhou,1,477,0.2,,openalex:https://openalex.org/a5007096095,authorship-covered canonical works,canonical works with usable structured OpenAlex authorship,multiple response; one count per unique author per work,d977c356ff57ab060fef,OpenAlex author ID
Author productivity,Canonical work count,Jiayin Zhi,1,477,0.2,,openalex:https://openalex.org/a5096910141,authorship-covered canonical works,canonical works with usable structured OpenAlex authorship,multiple response; one count per unique author per work,sci_637ee1f73b6fd5027d1c,OpenAlex author ID
Author productivity,Canonical work count,Jicheng Li,1,477,0.2,,openalex:https://openalex.org/a5100653942,authorship-covered canonical works,canonical works with usable structured OpenAlex authorship,multiple response; one count per unique author per work,3cc4d65478e63af8ab6e,OpenAlex author ID
Author productivity,Canonical work count,Jie Li,1,477,0.2,,openalex:https://openalex.org/a5100428272,authorship-covered canonical works,canonical works with usable structured OpenAlex authorship,multiple response; one count per unique author per work,fd1a9c7f0b28a609f8af,OpenAlex author ID
Author productivity,Canonical work count,Jie Lu,1,477,0.2,,openalex:https://openalex.org/a5051855397,authorship-covered canonical works,canonical works with usable structured OpenAlex authorship,multiple response; one count per unique author per work,b608f772e32f2dbbff5e,OpenAlex author ID
Author productivity,Canonical work count,Jie Sun,1,477,0.2,,openalex:https://openalex.org/a5039408794,authorship-covered canonical works,canonical works with usable structured OpenAlex authorship,multiple response; one count per unique author per work,d977c356ff57ab060fef,OpenAlex author ID
Author productivity,Canonical work count,Jie Zhou,1,477,0.2,,openalex:https://openalex.org/a5100770464,authorship-covered canonical works,canonical works with usable structured OpenAlex authorship,multiple response; one count per unique author per work,0fe5747ae7b23830be21,OpenAlex author ID
Author productivity,Canonical work count,Jieyu He,1,477,0.2,,openalex:https://openalex.org/a5100960006,authorship-covered canonical works,canonical works with usable structured OpenAlex authorship,multiple response; one count per unique author per work,0b386fbba1d6908a565d,OpenAlex author ID
Author productivity,Canonical work count,Jihan Lim,1,477,0.2,,openalex:https://openalex.org/a5126393193,authorship-covered canonical works,canonical works with usable structured OpenAlex authorship,multiple response; one count per unique author per work,0a2c09d04e10e0478041,OpenAlex author ID
Author productivity,Canonical work count,Jihyun Ahn,1,477,0.2,,openalex:https://openalex.org/a5038420508,authorship-covered canonical works,canonical works with usable structured OpenAlex authorship,multiple response; one count per unique author per work,654de90417901825feeb,OpenAlex author ID
Author productivity,Canonical work count,Jiming Zhu,1,477,0.2,,openalex:https://openalex.org/a5005684319,authorship-covered canonical works,canonical works with usable structured OpenAlex authorship,multiple response; one count per unique author per work,1158803af3fb0ab9c072,OpenAlex author ID
Author productivity,Canonical work count,Jin Vivian Lee,1,477,0.2,,openalex:https://openalex.org/a5146899079,authorship-covered canonical works,canonical works with usable structured OpenAlex authorship,multiple response; one count per unique author per work,50ac103890932b40242c,OpenAlex author ID
Author productivity,Canonical work count,Jin Yang Ho,1,477,0.2,,openalex:https://openalex.org/a5101249628,authorship-covered canonical works,canonical works with usable structured OpenAlex authorship,multiple response; one count per unique author per work,3592795dfee0e066000a,OpenAlex author ID
Author productivity,Canonical work count,Jinbin Zheng,1,477,0.2,,openalex:https://openalex.org/a5100843736,authorship-covered canonical works,canonical works with usable structured OpenAlex authorship,multiple response; one count per unique author per work,6d60da2f964efcc60587,OpenAlex author ID
Author productivity,Canonical work count,Jinchao Zhang,1,477,0.2,,openalex:https://openalex.org/a5101924370,authorship-covered canonical works,canonical works with usable structured OpenAlex authorship,multiple response; one count per unique author per work,0fe5747ae7b23830be21,OpenAlex author ID
Author productivity,Canonical work count,Jing Zhang,1,477,0.2,,openalex:https://openalex.org/a5135233746,authorship-covered canonical works,canonical works with usable structured OpenAlex authorship,multiple response; one count per unique author per work,da920e8320da57a1954a,OpenAlex author ID
Author productivity,Canonical work count,Jingbang Liu,1,477,0.2,,openalex:https://openalex.org/a5070371283,authorship-covered canonical works,canonical works with usable structured OpenAlex authorship,multiple response; one count per unique author per work,2610ebe5f560db94c888,OpenAlex author ID
Author productivity,Canonical work count,Jingjing Chen,1,477,0.2,,openalex:https://openalex.org/a5058061332,authorship-covered canonical works,canonical works with usable structured OpenAlex authorship,multiple response; one count per unique author per work,adc1485c258278b24c4e,OpenAlex author ID
Author productivity,Canonical work count,Jingxian He,1,477,0.2,,openalex:https://openalex.org/a5054392745,authorship-covered canonical works,canonical works with usable structured OpenAlex authorship,multiple response; one count per unique author per work,d977c356ff57ab060fef,OpenAlex author ID
Author productivity,Canonical work count,Jingxin Wang,1,477,0.2,,openalex:https://openalex.org/a5028609124,authorship-covered canonical works,canonical works with usable structured OpenAlex authorship,multiple response; one count per unique author per work,f2454b259920b1b1d032,OpenAlex author ID
Author productivity,Canonical work count,Jinho Kim,1,477,0.2,,openalex:https://openalex.org/a5100366808,authorship-covered canonical works,canonical works with usable structured OpenAlex authorship,multiple response; one count per unique author per work,45e7ea1fbbde53125fd7,OpenAlex author ID
Author productivity,Canonical work count,Jinlin Wu,1,477,0.2,,openalex:https://openalex.org/a5101884820,authorship-covered canonical works,canonical works with usable structured OpenAlex authorship,multiple response; one count per unique author per work,8616afb3ca85007ec9d7,OpenAlex author ID
Author productivity,Canonical work count,Jinrui Fang,1,477,0.2,,openalex:https://openalex.org/a5146577962,authorship-covered canonical works,canonical works with usable structured OpenAlex authorship,multiple response; one count per unique author per work,ac7ed05801a4bd006e07,OpenAlex author ID
Author productivity,Canonical work count,Jinsu Eun,1,477,0.2,,openalex:https://openalex.org/a5076983205,authorship-covered canonical works,canonical works with usable structured OpenAlex authorship,multiple response; one count per unique author per work,9b8b66d55c35b17e843c,OpenAlex author ID
Author productivity,Canonical work count,Jinwoo Myung,1,477,0.2,,openalex:https://openalex.org/a5010556477,authorship-covered canonical works,canonical works with usable structured OpenAlex authorship,multiple response; one count per unique author per work,c837d77a482b4e089619,OpenAlex author ID
Author productivity,Canonical work count,Jinyu Zhou,1,477,0.2,,openalex:https://openalex.org/a5130033336,authorship-covered canonical works,canonical works with usable structured OpenAlex authorship,multiple response; one count per unique author per work,1c073acedd6171c3394d,OpenAlex author ID
Author productivity,Canonical work count,Jithin Joseph,1,477,0.2,,openalex:https://openalex.org/a5141248977,authorship-covered canonical works,canonical works with usable structured OpenAlex authorship,multiple response; one count per unique author per work,63c69a200d415bc42d9b,OpenAlex author ID
Author productivity,Canonical work count,Jiyeong Won,1,477,0.2,,openalex:https://openalex.org/a5119510043,authorship-covered canonical works,canonical works with usable structured OpenAlex authorship,multiple response; one count per unique author per work,sci_9353c3c154cbf1cd3c54,OpenAlex author ID
Author productivity,Canonical work count,Jiyoung Kim,1,477,0.2,,openalex:https://openalex.org/a5100384053,authorship-covered canonical works,canonical works with usable structured OpenAlex authorship,multiple response; one count per unique author per work,sci_9353c3c154cbf1cd3c54,OpenAlex author ID
Author productivity,Canonical work count,Jiří Travěnec,1,477,0.2,,openalex:https://openalex.org/a5140825234,authorship-covered canonical works,canonical works with usable structured OpenAlex authorship,multiple response; one count per unique author per work,56dc16bbc7cd98ca993a,OpenAlex author ID
Author productivity,Canonical work count,Ji‐Hyun Seo,1,477,0.2,,openalex:https://openalex.org/a5012847663,authorship-covered canonical works,canonical works with usable structured OpenAlex authorship,multiple response; one count per unique author per work,4c10642623772d392b58,OpenAlex author ID
Author productivity,Canonical work count,Ji‐Jiang Yang,1,477,0.2,,openalex:https://openalex.org/a5050950280,authorship-covered canonical works,canonical works with usable structured OpenAlex authorship,multiple response; one count per unique author per work,1158803af3fb0ab9c072,OpenAlex author ID
Author productivity,Canonical work count,Joanna Fąferek,1,477,0.2,,openalex:https://openalex.org/a5085844678,authorship-covered canonical works,canonical works with usable structured OpenAlex authorship,multiple response; one count per unique author per work,14a6c8b99daf76e8179d,OpenAlex author ID
Author productivity,Canonical work count,Joanne Choi,1,477,0.2,,openalex:https://openalex.org/a5053208314,authorship-covered canonical works,canonical works with usable structured OpenAlex authorship,multiple response; one count per unique author per work,50ac103890932b40242c,OpenAlex author ID
Author productivity,Canonical work count,Job Oyebisi,1,477,0.2,,openalex:https://openalex.org/a5099018203,authorship-covered canonical works,canonical works with usable structured OpenAlex authorship,multiple response; one count per unique author per work,401238697481e3dbe32e,OpenAlex author ID
Author productivity,Canonical work count,Joel David Moore,1,477,0.2,,openalex:https://openalex.org/a5000198774,authorship-covered canonical works,canonical works with usable structured OpenAlex authorship,multiple response; one count per unique author per work,00dc13a955ae4496d4ca,OpenAlex author ID
Author productivity,Canonical work count,Joemmaicca Augustta anak Joggery,1,477,0.2,,openalex:https://openalex.org/a5116129519,authorship-covered canonical works,canonical works with usable structured OpenAlex authorship,multiple response; one count per unique author per work,643ef34d4dd326d5b164,OpenAlex author ID
Author productivity,Canonical work count,John Mitchell,1,477,0.2,,openalex:https://openalex.org/a5020753076,authorship-covered canonical works,canonical works with usable structured OpenAlex authorship,multiple response; one count per unique author per work,5aa2066f4c78fde5a50b,OpenAlex author ID
Author productivity,Canonical work count,John Petrilli,1,477,0.2,,openalex:https://openalex.org/a5008050814,authorship-covered canonical works,canonical works with usable structured OpenAlex authorship,multiple response; one count per unique author per work,d02cfb250e397dd52db5,OpenAlex author ID
Author productivity,Canonical work count,John S. Shallat,1,477,0.2,,openalex:https://openalex.org/a5098977090,authorship-covered canonical works,canonical works with usable structured OpenAlex authorship,multiple response; one count per unique author per work,f9c1bb8b50eb65edbf84,OpenAlex author ID
Author productivity,Canonical work count,Joko Gunawan,1,477,0.2,,openalex:https://openalex.org/a5034180367,authorship-covered canonical works,canonical works with usable structured OpenAlex authorship,multiple response; one count per unique author per work,e5e611fc18a4d66128d9,OpenAlex author ID
Author productivity,Canonical work count,Jomin George,1,477,0.2,,openalex:https://openalex.org/a5014492627,authorship-covered canonical works,canonical works with usable structured OpenAlex authorship,multiple response; one count per unique author per work,c13d5a010789f6f44c11,OpenAlex author ID
Author productivity,Canonical work count,Jon Turvey,1,477,0.2,,openalex:https://openalex.org/a5109603108,authorship-covered canonical works,canonical works with usable structured OpenAlex authorship,multiple response; one count per unique author per work,4f796e0ce90dce8d4da8,OpenAlex author ID
Author productivity,Canonical work count,Jonas Bienzeisler,1,477,0.2,,openalex:https://openalex.org/a5136641523,authorship-covered canonical works,canonical works with usable structured OpenAlex authorship,multiple response; one count per unique author per work,bad1f4fb855554cb4aba,OpenAlex author ID
Author productivity,Canonical work count,Jonathan C. Darling,1,477,0.2,,openalex:https://openalex.org/a5067598872,authorship-covered canonical works,canonical works with usable structured OpenAlex authorship,multiple response; one count per unique author per work,b4fa4675ffa2674da6e1,OpenAlex author ID
Author productivity,Canonical work count,Jonathan Cortés-Rodríguez,1,477,0.2,,openalex:https://openalex.org/a5118898355,authorship-covered canonical works,canonical works with usable structured OpenAlex authorship,multiple response; one count per unique author per work,98c23d01b9fb23bd43c4,OpenAlex author ID
Author productivity,Canonical work count,Jonathan Kambire,1,477,0.2,,openalex:https://openalex.org/a5093109908,authorship-covered canonical works,canonical works with usable structured OpenAlex authorship,multiple response; one count per unique author per work,5245cf325337d81e78ff,OpenAlex author ID
Author productivity,Canonical work count,Jonathan Martín,1,477,0.2,,openalex:https://openalex.org/a5101476634,authorship-covered canonical works,canonical works with usable structured OpenAlex authorship,multiple response; one count per unique author per work,e2a36443154e9a33aff9,OpenAlex author ID
Author productivity,Canonical work count,Joon Sung Shin,1,477,0.2,,openalex:https://openalex.org/a5074216018,authorship-covered canonical works,canonical works with usable structured OpenAlex authorship,multiple response; one count per unique author per work,9d0e015a74d4a026b092,OpenAlex author ID
Author productivity,Canonical work count,Joon-Young Kim,1,477,0.2,,openalex:https://openalex.org/a5100739355,authorship-covered canonical works,canonical works with usable structured OpenAlex authorship,multiple response; one count per unique author per work,581dc0790951c1557bba,OpenAlex author ID
Author productivity,Canonical work count,Joona Gustafsson,1,477,0.2,,openalex:https://openalex.org/a5129729612,authorship-covered canonical works,canonical works with usable structured OpenAlex authorship,multiple response; one count per unique author per work,088f42aecd2674d3dbe5,OpenAlex author ID
Author productivity,Canonical work count,Joong-Il Shin,1,477,0.2,,openalex:https://openalex.org/a5102482307,authorship-covered canonical works,canonical works with usable structured OpenAlex authorship,multiple response; one count per unique author per work,eee52e824f1559f7759a,OpenAlex author ID
Author productivity,Canonical work count,Jordan O'Brien,1,477,0.2,,name-only:6d3fca2519e927f795b8:6d959af72f641cd8,authorship-covered canonical works,canonical works with usable structured OpenAlex authorship,multiple response; one count per unique author per work,6d3fca2519e927f795b8,name-only record; duplicates collapsed within work only; not merged across works
Author productivity,Canonical work count,Jordan Risher,1,477,0.2,,openalex:https://openalex.org/a5121870982,authorship-covered canonical works,canonical works with usable structured OpenAlex authorship,multiple response; one count per unique author per work,7f735724143207af94c1,OpenAlex author ID
Author productivity,Canonical work count,Jordi Garcia,1,477,0.2,,openalex:https://openalex.org/a5139837611,authorship-covered canonical works,canonical works with usable structured OpenAlex authorship,multiple response; one count per unique author per work,73f1b1dee9a19c0ea0af,OpenAlex author ID
Author productivity,Canonical work count,Jorge Galindo Samperio,1,477,0.2,,openalex:https://openalex.org/a5122176925,authorship-covered canonical works,canonical works with usable structured OpenAlex authorship,multiple response; one count per unique author per work,d0ead936020ec24f78a7,OpenAlex author ID
Author productivity,Canonical work count,Jorge López Castroman,1,477,0.2,,openalex:https://openalex.org/a5122263082,authorship-covered canonical works,canonical works with usable structured OpenAlex authorship,multiple response; one count per unique author per work,be9dea9f8b093b59c0c4,OpenAlex author ID
Author productivity,Canonical work count,Joseph C. L’Huillier,1,477,0.2,,openalex:https://openalex.org/a5019191082,authorship-covered canonical works,canonical works with usable structured OpenAlex authorship,multiple response; one count per unique author per work,79301031755b16db8fe6,OpenAlex author ID
Author productivity,Canonical work count,Joseph Cross,1,477,0.2,,openalex:https://openalex.org/a5016941952,authorship-covered canonical works,canonical works with usable structured OpenAlex authorship,multiple response; one count per unique author per work,76597dc445d9df2ae743,OpenAlex author ID
Author productivity,Canonical work count,Joseph Jillwin,1,477,0.2,,openalex:https://openalex.org/a5083535991,authorship-covered canonical works,canonical works with usable structured OpenAlex authorship,multiple response; one count per unique author per work,76597dc445d9df2ae743,OpenAlex author ID
Author productivity,Canonical work count,Joseph Lopreiato,1,477,0.2,,openalex:https://openalex.org/a5009421361,authorship-covered canonical works,canonical works with usable structured OpenAlex authorship,multiple response; one count per unique author per work,7bda59402c9478eda64c,OpenAlex author ID
Author productivity,Canonical work count,Joseph Walter,1,477,0.2,,openalex:https://openalex.org/a5077027108,authorship-covered canonical works,canonical works with usable structured OpenAlex authorship,multiple response; one count per unique author per work,03e1a6632b830e0512c9,OpenAlex author ID
Author productivity,Canonical work count,Josephine Tighe,1,477,0.2,,openalex:https://openalex.org/a5009757363,authorship-covered canonical works,canonical works with usable structured OpenAlex authorship,multiple response; one count per unique author per work,0038624c09ec9fe46395,OpenAlex author ID
Author productivity,Canonical work count,Joshua Overgaard,1,477,0.2,,openalex:https://openalex.org/a5073261971,authorship-covered canonical works,canonical works with usable structured OpenAlex authorship,multiple response; one count per unique author per work,2877ad2c6a928639280a,OpenAlex author ID
Author productivity,Canonical work count,Joshua Roshal,1,477,0.2,,openalex:https://openalex.org/a5095738044,authorship-covered canonical works,canonical works with usable structured OpenAlex authorship,multiple response; one count per unique author per work,79301031755b16db8fe6,OpenAlex author ID
Author productivity,Canonical work count,Josselin Guyodo,1,477,0.2,,openalex:https://openalex.org/a5135393092,authorship-covered canonical works,canonical works with usable structured OpenAlex authorship,multiple response; one count per unique author per work,73f1b1dee9a19c0ea0af,OpenAlex author ID
Author productivity,Canonical work count,José Joaquín Mira,1,477,0.2,,name-only:71a491a468f6c4c71249:1b9eb6b8e87d423c,authorship-covered canonical works,canonical works with usable structured OpenAlex authorship,multiple response; one count per unique author per work,71a491a468f6c4c71249,name-only record; duplicates collapsed within work only; not merged across works
Author productivity,Canonical work count,José Luís Tapia,1,477,0.2,,openalex:https://openalex.org/a5029593732,authorship-covered canonical works,canonical works with usable structured OpenAlex authorship,multiple response; one count per unique author per work,f4d7fdee2c3cc083329d,OpenAlex author ID
Author productivity,Canonical work count,Joy Davis,1,477,0.2,,openalex:https://openalex.org/a5103072582,authorship-covered canonical works,canonical works with usable structured OpenAlex authorship,multiple response; one count per unique author per work,d11ce96adb05741aef6d,OpenAlex author ID
Author productivity,Canonical work count,João Daniel Mendonça de Moura,1,477,0.2,,openalex:https://openalex.org/a5026877922,authorship-covered canonical works,canonical works with usable structured OpenAlex authorship,multiple response; one count per unique author per work,1131dfab50144331e92a,OpenAlex author ID
Author productivity,Canonical work count,Jo�ão Araújo,1,477,0.2,,openalex:https://openalex.org/a5002631628,authorship-covered canonical works,canonical works with usable structured OpenAlex authorship,multiple response; one count per unique author per work,19e84bd61f0782eec51c,OpenAlex author ID
Author productivity,Canonical work count,Ju Whi Kim,1,477,0.2,,openalex:https://openalex.org/a5074680518,authorship-covered canonical works,canonical works with usable structured OpenAlex authorship,multiple response; one count per unique author per work,9d0e015a74d4a026b092,OpenAlex author ID
Author productivity,Canonical work count,Ju-Yeon Park,1,477,0.2,,openalex:https://openalex.org/a5121750449,authorship-covered canonical works,canonical works with usable structured OpenAlex authorship,multiple response; one count per unique author per work,eee52e824f1559f7759a,OpenAlex author ID
Author productivity,Canonical work count,Juan Antonio Medina Aguirre,1,477,0.2,,openalex:https://openalex.org/a5111356688,authorship-covered canonical works,canonical works with usable structured OpenAlex authorship,multiple response; one count per unique author per work,a2883a095e505041a802,OpenAlex author ID
Author productivity,Canonical work count,Juan F. Delgado,1,477,0.2,,openalex:https://openalex.org/a5078517845,authorship-covered canonical works,canonical works with usable structured OpenAlex authorship,multiple response; one count per unique author per work,6ab002878664147423a1,OpenAlex author ID
Author productivity,Canonical work count,Juan José Granizo Martínez,1,477,0.2,,name-only:6ab002878664147423a1:52769c1712aa1642,authorship-covered canonical works,canonical works with usable structured OpenAlex authorship,multiple response; one count per unique author per work,6ab002878664147423a1,name-only record; duplicates collapsed within work only; not merged across works
Author productivity,Canonical work count,Juan Li,1,477,0.2,,openalex:https://openalex.org/a5100421045,authorship-covered canonical works,canonical works with usable structured OpenAlex authorship,multiple response; one count per unique author per work,902be756a877af6118c0,OpenAlex author ID
Author productivity,Canonical work count,Juan Li,1,477,0.2,,openalex:https://openalex.org/a5126522327,authorship-covered canonical works,canonical works with usable structured OpenAlex authorship,multiple response; one count per unique author per work,2c33e3b00e199776ba05,OpenAlex author ID
Author productivity,Canonical work count,Judith A. Linden,1,477,0.2,,openalex:https://openalex.org/a5021773799,authorship-covered canonical works,canonical works with usable structured OpenAlex authorship,multiple response; one count per unique author per work,039798e4f1498c17cf82,OpenAlex author ID
Author productivity,Canonical work count,Juhani Määttä,1,477,0.2,,openalex:https://openalex.org/a5016698262,authorship-covered canonical works,canonical works with usable structured OpenAlex authorship,multiple response; one count per unique author per work,ab784e3f29bfc7622997,OpenAlex author ID
Author productivity,Canonical work count,Julia C. Phillippi,1,477,0.2,,openalex:https://openalex.org/a5057373281,authorship-covered canonical works,canonical works with usable structured OpenAlex authorship,multiple response; one count per unique author per work,766fde2e997ea8140bd0,OpenAlex author ID
Author productivity,Canonical work count,Julia George,1,477,0.2,,openalex:https://openalex.org/a5110913832,authorship-covered canonical works,canonical works with usable structured OpenAlex authorship,multiple response; one count per unique author per work,76597dc445d9df2ae743,OpenAlex author ID
Author productivity,Canonical work count,Julia Seelandt,1,477,0.2,,openalex:https://openalex.org/a5044100357,authorship-covered canonical works,canonical works with usable structured OpenAlex authorship,multiple response; one count per unique author per work,272439595ff3b96c35f3,OpenAlex author ID
Author productivity,Canonical work count,Julia Soares Dollis,1,477,0.2,,openalex:https://openalex.org/a5118233909,authorship-covered canonical works,canonical works with usable structured OpenAlex authorship,multiple response; one count per unique author per work,d46506f34cc784478c88,OpenAlex author ID
Author productivity,Canonical work count,Julia Steed,1,477,0.2,,openalex:https://openalex.org/a5080311546,authorship-covered canonical works,canonical works with usable structured OpenAlex authorship,multiple response; one count per unique author per work,766fde2e997ea8140bd0,OpenAlex author ID
Author productivity,Canonical work count,Julia-Astrid Moldt,1,477,0.2,,openalex:https://openalex.org/a5006995640,authorship-covered canonical works,canonical works with usable structured OpenAlex authorship,multiple response; one count per unique author per work,cfa4cceea1f21315935e,OpenAlex author ID
Author productivity,Canonical work count,JULIAN VARAS,1,477,0.2,,name-only:b53bf33d223a68f17e8c:d96bd89a53869264,authorship-covered canonical works,canonical works with usable structured OpenAlex authorship,multiple response; one count per unique author per work,b53bf33d223a68f17e8c,name-only record; duplicates collapsed within work only; not merged across works
Author productivity,Canonical work count,Juliana Samson,1,477,0.2,,openalex:https://openalex.org/a5038304200,authorship-covered canonical works,canonical works with usable structured OpenAlex authorship,multiple response; one count per unique author per work,30b04ea7e17c283383c8,OpenAlex author ID
Author productivity,Canonical work count,Julianna C. Kostas,1,477,0.2,,openalex:https://openalex.org/a5026783423,authorship-covered canonical works,canonical works with usable structured OpenAlex authorship,multiple response; one count per unique author per work,sci_7924be52acf88877d8df,OpenAlex author ID
Author productivity,Canonical work count,Julie Shaw,1,477,0.2,,openalex:https://openalex.org/a5019965773,authorship-covered canonical works,canonical works with usable structured OpenAlex authorship,multiple response; one count per unique author per work,0038624c09ec9fe46395,OpenAlex author ID
Author productivity,Canonical work count,Julien Lejeune,1,477,0.2,,openalex:https://openalex.org/a5037073564,authorship-covered canonical works,canonical works with usable structured OpenAlex authorship,multiple response; one count per unique author per work,5aeb6b891099b95aa832,OpenAlex author ID
Author productivity,Canonical work count,Julien Nait-Kaci,1,477,0.2,,openalex:https://openalex.org/a5145925712,authorship-covered canonical works,canonical works with usable structured OpenAlex authorship,multiple response; one count per unique author per work,5aeb6b891099b95aa832,OpenAlex author ID
Author productivity,Canonical work count,Juming Jiang,1,477,0.2,,openalex:https://openalex.org/a5011306516,authorship-covered canonical works,canonical works with usable structured OpenAlex authorship,multiple response; one count per unique author per work,592d3957693502aad933,OpenAlex author ID
Author productivity,Canonical work count,Jumpee Granger,1,477,0.2,,openalex:https://openalex.org/a5058012305,authorship-covered canonical works,canonical works with usable structured OpenAlex authorship,multiple response; one count per unique author per work,7a5ffafc98c031b3684e,OpenAlex author ID
Author productivity,Canonical work count,Jun Feng,1,477,0.2,,openalex:https://openalex.org/a5139002585,authorship-covered canonical works,canonical works with usable structured OpenAlex authorship,multiple response; one count per unique author per work,73a1f91733c91359d5f0,OpenAlex author ID
Author productivity,Canonical work count,Jun MAO,1,477,0.2,,openalex:https://openalex.org/a5146544473,authorship-covered canonical works,canonical works with usable structured OpenAlex authorship,multiple response; one count per unique author per work,7a269bae27b9f603ddda,OpenAlex author ID
Author productivity,Canonical work count,Jun WANG,1,477,0.2,,name-only:b777355095979479280c:c8ff827320706fd2,authorship-covered canonical works,canonical works with usable structured OpenAlex authorship,multiple response; one count per unique author per work,b777355095979479280c,name-only record; duplicates collapsed within work only; not merged across works
Author productivity,Canonical work count,Junaid Qadir,1,477,0.2,,openalex:https://openalex.org/a5037574053,authorship-covered canonical works,canonical works with usable structured OpenAlex authorship,multiple response; one count per unique author per work,e3ee954b5290b4f74f0b,OpenAlex author ID
Author productivity,Canonical work count,Jung Eun Kim,1,477,0.2,,openalex:https://openalex.org/a5100320421,authorship-covered canonical works,canonical works with usable structured OpenAlex authorship,multiple response; one count per unique author per work,49bb4b3f2e5c7a1a3f92,OpenAlex author ID
Author productivity,Canonical work count,Jung Min Yoon,1,477,0.2,,openalex:https://openalex.org/a5017072031,authorship-covered canonical works,canonical works with usable structured OpenAlex authorship,multiple response; one count per unique author per work,7a5ffafc98c031b3684e,OpenAlex author ID
Author productivity,Canonical work count,Junho Cho,1,477,0.2,,openalex:https://openalex.org/a5126830314,authorship-covered canonical works,canonical works with usable structured OpenAlex authorship,multiple response; one count per unique author per work,c837d77a482b4e089619,OpenAlex author ID
Author productivity,Canonical work count,Junhyuk Seo,1,477,0.2,,name-only:581dc0790951c1557bba:629be55e901162e4,authorship-covered canonical works,canonical works with usable structured OpenAlex authorship,multiple response; one count per unique author per work,581dc0790951c1557bba,name-only record; duplicates collapsed within work only; not merged across works
Author productivity,Canonical work count,Junseok Kang,1,477,0.2,,openalex:https://openalex.org/a5113770211,authorship-covered canonical works,canonical works with usable structured OpenAlex authorship,multiple response; one count per unique author per work,654de90417901825feeb,OpenAlex author ID
Author productivity,Canonical work count,Junyeong Choi,1,477,0.2,,openalex:https://openalex.org/a5126382923,authorship-covered canonical works,canonical works with usable structured OpenAlex authorship,multiple response; one count per unique author per work,0a2c09d04e10e0478041,OpenAlex author ID
Author productivity,Canonical work count,Justin E. Freedman,1,477,0.2,,openalex:https://openalex.org/a5079165656,authorship-covered canonical works,canonical works with usable structured OpenAlex authorship,multiple response; one count per unique author per work,abda3007be07a5153c0c,OpenAlex author ID
Author productivity,Canonical work count,Justina Yat Wa Liu,1,477,0.2,,openalex:https://openalex.org/a5078464599,authorship-covered canonical works,canonical works with usable structured OpenAlex authorship,multiple response; one count per unique author per work,3adc77e0b0502fcefcc3,OpenAlex author ID
Author productivity,Canonical work count,Jutta Piipponen,1,477,0.2,,openalex:https://openalex.org/a5120086455,authorship-covered canonical works,canonical works with usable structured OpenAlex authorship,multiple response; one count per unique author per work,4cac4c9f22b3d59d56dd,OpenAlex author ID
Author productivity,Canonical work count,K. Chikezie,1,477,0.2,,openalex:https://openalex.org/a5052818074,authorship-covered canonical works,canonical works with usable structured OpenAlex authorship,multiple response; one count per unique author per work,681bba8e632d1614f426,OpenAlex author ID
Author productivity,Canonical work count,K. Zhang,1,477,0.2,,openalex:https://openalex.org/a5049011759,authorship-covered canonical works,canonical works with usable structured OpenAlex authorship,multiple response; one count per unique author per work,sci_6140618886946efd3455,OpenAlex author ID
Author productivity,Canonical work count,Kahyen Shin,1,477,0.2,,openalex:https://openalex.org/a5012353934,authorship-covered canonical works,canonical works with usable structured OpenAlex authorship,multiple response; one count per unique author per work,sci_6140618886946efd3455,OpenAlex author ID
Author productivity,Canonical work count,Kahyen Shin,1,477,0.2,,name-only:4dcbdf4bf0f5a9a6c8c8:6f56476854b4b353,authorship-covered canonical works,canonical works with usable structured OpenAlex authorship,multiple response; one count per unique author per work,4dcbdf4bf0f5a9a6c8c8,name-only record; duplicates collapsed within work only; not merged across works
Author productivity,Canonical work count,Kai Lawonn,1,477,0.2,,openalex:https://openalex.org/a5005017697,authorship-covered canonical works,canonical works with usable structured OpenAlex authorship,multiple response; one count per unique author per work,7938acbdb4523b82db58,OpenAlex author ID
Author productivity,Canonical work count,Kai O. Hensel,1,477,0.2,,openalex:https://openalex.org/a5136716160,authorship-covered canonical works,canonical works with usable structured OpenAlex authorship,multiple response; one count per unique author per work,bad1f4fb855554cb4aba,OpenAlex author ID
Author productivity,Canonical work count,Kaisu Luiro,1,477,0.2,,openalex:https://openalex.org/a5068062411,authorship-covered canonical works,canonical works with usable structured OpenAlex authorship,multiple response; one count per unique author per work,4cac4c9f22b3d59d56dd,OpenAlex author ID
Author productivity,Canonical work count,Kaitlyn Nimmer,1,477,0.2,,openalex:https://openalex.org/a5133641377,authorship-covered canonical works,canonical works with usable structured OpenAlex authorship,multiple response; one count per unique author per work,8bece1a102e2fe87b74e,OpenAlex author ID
Author productivity,Canonical work count,Kaiwen Wei,1,477,0.2,,openalex:https://openalex.org/a5068039769,authorship-covered canonical works,canonical works with usable structured OpenAlex authorship,multiple response; one count per unique author per work,f2454b259920b1b1d032,OpenAlex author ID
Author productivity,Canonical work count,Kaixun Yang,1,477,0.2,,openalex:https://openalex.org/a5114139331,authorship-covered canonical works,canonical works with usable structured OpenAlex authorship,multiple response; one count per unique author per work,44d09fb5dabfde2e9e31,OpenAlex author ID
Author productivity,Canonical work count,Kalyaani Persad,1,477,0.2,,openalex:https://openalex.org/a5043767921,authorship-covered canonical works,canonical works with usable structured OpenAlex authorship,multiple response; one count per unique author per work,f54e36609097c96e8b6d,OpenAlex author ID
Author productivity,Canonical work count,Kam Hung Lai,1,477,0.2,,openalex:https://openalex.org/a5141121565,authorship-covered canonical works,canonical works with usable structured OpenAlex authorship,multiple response; one count per unique author per work,3adc77e0b0502fcefcc3,OpenAlex author ID
Author productivity,Canonical work count,Kamal Takhdat,1,477,0.2,,openalex:https://openalex.org/a5051766361,authorship-covered canonical works,canonical works with usable structured OpenAlex authorship,multiple response; one count per unique author per work,49a3c3f5df637d33e854,OpenAlex author ID
Author productivity,Canonical work count,Kamile Akarsu,1,477,0.2,,openalex:https://openalex.org/a5091671230,authorship-covered canonical works,canonical works with usable structured OpenAlex authorship,multiple response; one count per unique author per work,5e70fc602d28beb4158b,OpenAlex author ID
Author productivity,Canonical work count,Kana Yokoyama,1,477,0.2,,openalex:https://openalex.org/a5103725955,authorship-covered canonical works,canonical works with usable structured OpenAlex authorship,multiple response; one count per unique author per work,fcd1902a5e565b2d2fcc,OpenAlex author ID
Author productivity,Canonical work count,Kang Li,1,477,0.2,,openalex:https://openalex.org/a5100456986,authorship-covered canonical works,canonical works with usable structured OpenAlex authorship,multiple response; one count per unique author per work,582bc7c400fa7acf214f,OpenAlex author ID
Author productivity,Canonical work count,Kang Xu,1,477,0.2,,openalex:https://openalex.org/a5100440745,authorship-covered canonical works,canonical works with usable structured OpenAlex authorship,multiple response; one count per unique author per work,adc1485c258278b24c4e,OpenAlex author ID
Author productivity,Canonical work count,Karan Wadhwa,1,477,0.2,,openalex:https://openalex.org/a5034068871,authorship-covered canonical works,canonical works with usable structured OpenAlex authorship,multiple response; one count per unique author per work,db80308782a219cbea0e,OpenAlex author ID
Author productivity,Canonical work count,Karen Hall,1,477,0.2,,openalex:https://openalex.org/a5002215329,authorship-covered canonical works,canonical works with usable structured OpenAlex authorship,multiple response; one count per unique author per work,0038624c09ec9fe46395,OpenAlex author ID
Author productivity,Canonical work count,Karen Reed,1,477,0.2,,openalex:https://openalex.org/a5108394024,authorship-covered canonical works,canonical works with usable structured OpenAlex authorship,multiple response; one count per unique author per work,c4f5fe90704c2aa68c75,OpenAlex author ID
Author productivity,Canonical work count,Karen Theobald,1,477,0.2,,openalex:https://openalex.org/a5090245252,authorship-covered canonical works,canonical works with usable structured OpenAlex authorship,multiple response; one count per unique author per work,sci_a90d053bc1db526acda9,OpenAlex author ID
Author productivity,Canonical work count,Kari Sinivuori,1,477,0.2,,openalex:https://openalex.org/a5049228453,authorship-covered canonical works,canonical works with usable structured OpenAlex authorship,multiple response; one count per unique author per work,ab784e3f29bfc7622997,OpenAlex author ID
Author productivity,Canonical work count,Karim Hanna,1,477,0.2,,openalex:https://openalex.org/a5056294911,authorship-covered canonical works,canonical works with usable structured OpenAlex authorship,multiple response; one count per unique author per work,d02cfb250e397dd52db5,OpenAlex author ID
Author productivity,Canonical work count,Karin Svensberg,1,477,0.2,,openalex:https://openalex.org/a5043459404,authorship-covered canonical works,canonical works with usable structured OpenAlex authorship,multiple response; one count per unique author per work,afc8c786ca5b65ba8c74,OpenAlex author ID
Author productivity,Canonical work count,Karl L. Sangwon,1,477,0.2,,openalex:https://openalex.org/a5047079851,authorship-covered canonical works,canonical works with usable structured OpenAlex authorship,multiple response; one count per unique author per work,50ac103890932b40242c,OpenAlex author ID
Author productivity,Canonical work count,"Karunaratne, Nilushi S.",1,477,0.2,,name-only:5e9d52b66e4686a38781:9da1b18d2ee20521,authorship-covered canonical works,canonical works with usable structured OpenAlex authorship,multiple response; one count per unique author per work,5e9d52b66e4686a38781,name-only record; duplicates collapsed within work only; not merged across works
Author productivity,Canonical work count,Kasie Roark,1,477,0.2,,openalex:https://openalex.org/a5125697801,authorship-covered canonical works,canonical works with usable structured OpenAlex authorship,multiple response; one count per unique author per work,e5b4ed028b3c0ea2eeec,OpenAlex author ID
Author productivity,Canonical work count,Kate Hardy,1,477,0.2,,openalex:https://openalex.org/a5021204457,authorship-covered canonical works,canonical works with usable structured OpenAlex authorship,multiple response; one count per unique author per work,sci_637ee1f73b6fd5027d1c,OpenAlex author ID
Author productivity,Canonical work count,Katerina Andreadis,1,477,0.2,,openalex:https://openalex.org/a5057953305,authorship-covered canonical works,canonical works with usable structured OpenAlex authorship,multiple response; one count per unique author per work,1557e783fc8af1e8fdd6,OpenAlex author ID
Author productivity,Canonical work count,Katharina Rädel-Ablass,1,477,0.2,,openalex:https://openalex.org/a5010337645,authorship-covered canonical works,canonical works with usable structured OpenAlex authorship,multiple response; one count per unique author per work,594824ec9813877abe34,OpenAlex author ID
Author productivity,Canonical work count,Katherine Rotker,1,477,0.2,,openalex:https://openalex.org/a5079181748,authorship-covered canonical works,canonical works with usable structured OpenAlex authorship,multiple response; one count per unique author per work,ebc2ea10b1b751d8e58c,OpenAlex author ID
Author productivity,Canonical work count,Katie Smith,1,477,0.2,,openalex:https://openalex.org/a5145997784,authorship-covered canonical works,canonical works with usable structured OpenAlex authorship,multiple response; one count per unique author per work,e4987ba5c8f46735e9ff,OpenAlex author ID
Author productivity,Canonical work count,Katja Fraedrich,1,477,0.2,,openalex:https://openalex.org/a5134398178,authorship-covered canonical works,canonical works with usable structured OpenAlex authorship,multiple response; one count per unique author per work,sci_a09f51bed9668b4f7e21,OpenAlex author ID
Author productivity,Canonical work count,Kavin Khatri,1,477,0.2,,openalex:https://openalex.org/a5062054094,authorship-covered canonical works,canonical works with usable structured OpenAlex authorship,multiple response; one count per unique author per work,5c99d6be17d81210020f,OpenAlex author ID
Author productivity,Canonical work count,Kay Brooks,1,477,0.2,,openalex:https://openalex.org/a5146032379,authorship-covered canonical works,canonical works with usable structured OpenAlex authorship,multiple response; one count per unique author per work,e4987ba5c8f46735e9ff,OpenAlex author ID
Author productivity,Canonical work count,Kaylee Yaxuan Li,1,477,0.2,,openalex:https://openalex.org/a5091682809,authorship-covered canonical works,canonical works with usable structured OpenAlex authorship,multiple response; one count per unique author per work,bc52d7f8f145e43beefc,OpenAlex author ID
Author productivity,Canonical work count,Kazi Shaharair Sharif,1,477,0.2,,openalex:https://openalex.org/a5113324561,authorship-covered canonical works,canonical works with usable structured OpenAlex authorship,multiple response; one count per unique author per work,235688621e9d66593a40,OpenAlex author ID
Author productivity,Canonical work count,Kazumi Kubota,1,477,0.2,,openalex:https://openalex.org/a5128889336,authorship-covered canonical works,canonical works with usable structured OpenAlex authorship,multiple response; one count per unique author per work,7713a8c3085fddc6419c,OpenAlex author ID
Author productivity,Canonical work count,Kazuya Tsubokura,1,477,0.2,,openalex:https://openalex.org/a5026886839,authorship-covered canonical works,canonical works with usable structured OpenAlex authorship,multiple response; one count per unique author per work,fcd1902a5e565b2d2fcc,OpenAlex author ID
Author productivity,Canonical work count,Ke Ma,1,477,0.2,,openalex:https://openalex.org/a5056684346,authorship-covered canonical works,canonical works with usable structured OpenAlex authorship,multiple response; one count per unique author per work,afc8c786ca5b65ba8c74,OpenAlex author ID
Author productivity,Canonical work count,Kehua Zhu,1,477,0.2,,openalex:https://openalex.org/a5123349692,authorship-covered canonical works,canonical works with usable structured OpenAlex authorship,multiple response; one count per unique author per work,8fce68134f06065fdd4a,OpenAlex author ID
Author productivity,Canonical work count,Keith Hart,1,477,0.2,,openalex:https://openalex.org/a5069182122,authorship-covered canonical works,canonical works with usable structured OpenAlex authorship,multiple response; one count per unique author per work,c4f5fe90704c2aa68c75,OpenAlex author ID
Author productivity,Canonical work count,Kellen Vo Vu,1,477,0.2,,openalex:https://openalex.org/a5006733548,authorship-covered canonical works,canonical works with usable structured OpenAlex authorship,multiple response; one count per unique author per work,302dee907e926e18ddba,OpenAlex author ID
Author productivity,Canonical work count,Kelly Cohen,1,477,0.2,,openalex:https://openalex.org/a5126277610,authorship-covered canonical works,canonical works with usable structured OpenAlex authorship,multiple response; one count per unique author per work,9b778c91d64124298579,OpenAlex author ID
Author productivity,Canonical work count,Kelly Ledbetter,1,477,0.2,,openalex:https://openalex.org/a5086654936,authorship-covered canonical works,canonical works with usable structured OpenAlex authorship,multiple response; one count per unique author per work,c9defba9bce13454aa5f,OpenAlex author ID
Author productivity,Canonical work count,Kelvin Ka Chun Cheuk,1,477,0.2,,openalex:https://openalex.org/a5120153944,authorship-covered canonical works,canonical works with usable structured OpenAlex authorship,multiple response; one count per unique author per work,0b1e929029c5b43c5beb,OpenAlex author ID
Author productivity,Canonical work count,Kendra Faucett,1,477,0.2,,openalex:https://openalex.org/a5003351632,authorship-covered canonical works,canonical works with usable structured OpenAlex authorship,multiple response; one count per unique author per work,766fde2e997ea8140bd0,OpenAlex author ID
Author productivity,Canonical work count,Kenneth K. Lee,1,477,0.2,,openalex:https://openalex.org/a5101781151,authorship-covered canonical works,canonical works with usable structured OpenAlex authorship,multiple response; one count per unique author per work,sci_1b84a9e2391f6779175c,OpenAlex author ID
Author productivity,Canonical work count,Kenneth Spearpoint,1,477,0.2,,openalex:https://openalex.org/a5041081976,authorship-covered canonical works,canonical works with usable structured OpenAlex authorship,multiple response; one count per unique author per work,db80308782a219cbea0e,OpenAlex author ID
Author productivity,Canonical work count,Kensuke Suzuki,1,477,0.2,,name-only:5a18de075da6eacf874c:d987db303eb4f7a3,authorship-covered canonical works,canonical works with usable structured OpenAlex authorship,multiple response; one count per unique author per work,5a18de075da6eacf874c,name-only record; duplicates collapsed within work only; not merged across works
Author productivity,Canonical work count,Kenta Kawamitsu,1,477,0.2,,openalex:https://openalex.org/a5012943699,authorship-covered canonical works,canonical works with usable structured OpenAlex authorship,multiple response; one count per unique author per work,00b1591b551023fc549f,OpenAlex author ID
Author productivity,Canonical work count,Kepha Barasa,1,477,0.2,,openalex:https://openalex.org/a5107786374,authorship-covered canonical works,canonical works with usable structured OpenAlex authorship,multiple response; one count per unique author per work,ba1df7c86ec2eeb0e945,OpenAlex author ID
Author productivity,Canonical work count,Kevin Guevara,1,477,0.2,,openalex:https://openalex.org/a5133639640,authorship-covered canonical works,canonical works with usable structured OpenAlex authorship,multiple response; one count per unique author per work,cb97375c66ea36d11d94,OpenAlex author ID
Author productivity,Canonical work count,Kevin Lu,1,477,0.2,,name-only:8db4130844dc8d367d1f:28581e895c50cd92,authorship-covered canonical works,canonical works with usable structured OpenAlex authorship,multiple response; one count per unique author per work,8db4130844dc8d367d1f,name-only record; duplicates collapsed within work only; not merged across works
Author productivity,Canonical work count,Kewalin Ruengwattanachot,1,477,0.2,,openalex:https://openalex.org/a5125440140,authorship-covered canonical works,canonical works with usable structured OpenAlex authorship,multiple response; one count per unique author per work,594d7ce86781a2e8398f,OpenAlex author ID
Author productivity,Canonical work count,Khalid Abu Alsaud,1,477,0.2,,openalex:https://openalex.org/a5119281826,authorship-covered canonical works,canonical works with usable structured OpenAlex authorship,multiple response; one count per unique author per work,155acc9f21eba7b06b56,OpenAlex author ID
Author productivity,Canonical work count,Khalid Alaoui Zidani,1,477,0.2,,name-only:sci_0f0b074ee785f63a5645:a81875d7d119ca9e,authorship-covered canonical works,canonical works with usable structured OpenAlex authorship,multiple response; one count per unique author per work,sci_0f0b074ee785f63a5645,name-only record; duplicates collapsed within work only; not merged across works
Author productivity,Canonical work count,Khalid H. Malki,1,477,0.2,,openalex:https://openalex.org/a5024429419,authorship-covered canonical works,canonical works with usable structured OpenAlex authorship,multiple response; one count per unique author per work,7acd89712f3fc0bb4cb7,OpenAlex author ID
Author productivity,Canonical work count,Khurram Naushad,1,477,0.2,,openalex:https://openalex.org/a5104603621,authorship-covered canonical works,canonical works with usable structured OpenAlex authorship,multiple response; one count per unique author per work,6fb769efa53620e383b7,OpenAlex author ID
Author productivity,Canonical work count,Killen H Briones-Zamora,1,477,0.2,,openalex:https://openalex.org/a5113246060,authorship-covered canonical works,canonical works with usable structured OpenAlex authorship,multiple response; one count per unique author per work,501d19c3bd3160083e8a,OpenAlex author ID
Author productivity,Canonical work count,Killen H. Briones‐Claudett,1,477,0.2,,openalex:https://openalex.org/a5010292549,authorship-covered canonical works,canonical works with usable structured OpenAlex authorship,multiple response; one count per unique author per work,501d19c3bd3160083e8a,OpenAlex author ID
Author productivity,Canonical work count,Killian Walsh,1,477,0.2,,openalex:https://openalex.org/a5137413694,authorship-covered canonical works,canonical works with usable structured OpenAlex authorship,multiple response; one count per unique author per work,c13d5a010789f6f44c11,OpenAlex author ID
Author productivity,Canonical work count,Kim Allison,1,477,0.2,,openalex:https://openalex.org/a5027992904,authorship-covered canonical works,canonical works with usable structured OpenAlex authorship,multiple response; one count per unique author per work,a32c2fb665f05ef6086f,OpenAlex author ID
Author productivity,Canonical work count,Kimberly Dawn Belcik,1,477,0.2,,openalex:https://openalex.org/a5030177083,authorship-covered canonical works,canonical works with usable structured OpenAlex authorship,multiple response; one count per unique author per work,c301ce506b01b01e6207,OpenAlex author ID
Author productivity,Canonical work count,Kimberly Heckmann,1,477,0.2,,openalex:https://openalex.org/a5121881716,authorship-covered canonical works,canonical works with usable structured OpenAlex authorship,multiple response; one count per unique author per work,7f735724143207af94c1,OpenAlex author ID
Author productivity,Canonical work count,Kin Cheung,1,477,0.2,,openalex:https://openalex.org/a5068215519,authorship-covered canonical works,canonical works with usable structured OpenAlex authorship,multiple response; one count per unique author per work,3adc77e0b0502fcefcc3,OpenAlex author ID
Author productivity,Canonical work count,Kin Fung Chan,1,477,0.2,,name-only:0b1e929029c5b43c5beb:3595ce89779b60fb,authorship-covered canonical works,canonical works with usable structured OpenAlex authorship,multiple response; one count per unique author per work,0b1e929029c5b43c5beb,name-only record; duplicates collapsed within work only; not merged across works
Author productivity,Canonical work count,Kinga Marciniak,1,477,0.2,,name-only:4ff984fed8d71f9ad381:7f480472c1744039,authorship-covered canonical works,canonical works with usable structured OpenAlex authorship,multiple response; one count per unique author per work,4ff984fed8d71f9ad381,name-only record; duplicates collapsed within work only; not merged across works
Author productivity,Canonical work count,Kinjal Sethuraman,1,477,0.2,,openalex:https://openalex.org/a5049747327,authorship-covered canonical works,canonical works with usable structured OpenAlex authorship,multiple response; one count per unique author per work,039798e4f1498c17cf82,OpenAlex author ID
Author productivity,Canonical work count,Kirsty Brownlie,1,477,0.2,,openalex:https://openalex.org/a5088272772,authorship-covered canonical works,canonical works with usable structured OpenAlex authorship,multiple response; one count per unique author per work,d90096afc3b383fbecb7,OpenAlex author ID
Author productivity,Canonical work count,Kirstyn Thomas,1,477,0.2,,openalex:https://openalex.org/a5011635614,authorship-covered canonical works,canonical works with usable structured OpenAlex authorship,multiple response; one count per unique author per work,d02cfb250e397dd52db5,OpenAlex author ID
Author productivity,Canonical work count,Kirti Dayal Shani Shani,1,477,0.2,,openalex:https://openalex.org/a5115529682,authorship-covered canonical works,canonical works with usable structured OpenAlex authorship,multiple response; one count per unique author per work,6ab002878664147423a1,OpenAlex author ID
Author productivity,Canonical work count,Kitty Chan,1,477,0.2,,openalex:https://openalex.org/a5041684081,authorship-covered canonical works,canonical works with usable structured OpenAlex authorship,multiple response; one count per unique author per work,3adc77e0b0502fcefcc3,OpenAlex author ID
Author productivity,Canonical work count,Kiyoshige Garcés,1,477,0.2,,openalex:https://openalex.org/a5003942416,authorship-covered canonical works,canonical works with usable structured OpenAlex authorship,multiple response; one count per unique author per work,26de74e3debea64ac297,OpenAlex author ID
Author productivity,Canonical work count,Klas Karlgren,1,477,0.2,,openalex:https://openalex.org/a5071131327,authorship-covered canonical works,canonical works with usable structured OpenAlex authorship,multiple response; one count per unique author per work,43f6ad0fa6f4597d56fc,OpenAlex author ID
Author productivity,Canonical work count,Klaus Schliz,1,477,0.2,,openalex:https://openalex.org/a5114380738,authorship-covered canonical works,canonical works with usable structured OpenAlex authorship,multiple response; one count per unique author per work,594824ec9813877abe34,OpenAlex author ID
Author productivity,Canonical work count,Klára Gadó,1,477,0.2,,openalex:https://openalex.org/a5081693272,authorship-covered canonical works,canonical works with usable structured OpenAlex authorship,multiple response; one count per unique author per work,sci_479872e4f60f538cbd03,OpenAlex author ID
Author productivity,Canonical work count,Kodi J. Smith McCoy,1,477,0.2,,openalex:https://openalex.org/a5122901092,authorship-covered canonical works,canonical works with usable structured OpenAlex authorship,multiple response; one count per unique author per work,8db4130844dc8d367d1f,OpenAlex author ID
Author productivity,Canonical work count,Komal Awan,1,477,0.2,,openalex:https://openalex.org/a5146882960,authorship-covered canonical works,canonical works with usable structured OpenAlex authorship,multiple response; one count per unique author per work,e5304eeb960c6393b03a,OpenAlex author ID
Author productivity,Canonical work count,Komila Umarova,1,477,0.2,,openalex:https://openalex.org/a5138501243,authorship-covered canonical works,canonical works with usable structured OpenAlex authorship,multiple response; one count per unique author per work,eb6afac746ee34d7a37f,OpenAlex author ID
Author productivity,Canonical work count,Korea Safety Culture Society,1,477,0.2,,openalex:https://openalex.org/a5126372173,authorship-covered canonical works,canonical works with usable structured OpenAlex authorship,multiple response; one count per unique author per work,f6df2d018d41c258414a,OpenAlex author ID
Author productivity,Canonical work count,Kridipaka Sindhvananda,1,477,0.2,,openalex:https://openalex.org/a5125467818,authorship-covered canonical works,canonical works with usable structured OpenAlex authorship,multiple response; one count per unique author per work,594d7ce86781a2e8398f,OpenAlex author ID
Author productivity,Canonical work count,Kristen Joseph-Delaffon,1,477,0.2,,openalex:https://openalex.org/a5100086938,authorship-covered canonical works,canonical works with usable structured OpenAlex authorship,multiple response; one count per unique author per work,5aeb6b891099b95aa832,OpenAlex author ID
Author productivity,Canonical work count,Kristiana Kalibat,1,477,0.2,,openalex:https://openalex.org/a5119341515,authorship-covered canonical works,canonical works with usable structured OpenAlex authorship,multiple response; one count per unique author per work,8ad0258644c0c312a7d8,OpenAlex author ID
Author productivity,Canonical work count,Kristin Waldenlind,1,477,0.2,,openalex:https://openalex.org/a5002580701,authorship-covered canonical works,canonical works with usable structured OpenAlex authorship,multiple response; one count per unique author per work,aedb9561df16d70a7ef8,OpenAlex author ID
Author productivity,Canonical work count,Kristina Mikkonen,1,477,0.2,,openalex:https://openalex.org/a5034066047,authorship-covered canonical works,canonical works with usable structured OpenAlex authorship,multiple response; one count per unique author per work,e9d6ceded269a04cde99,OpenAlex author ID
Author productivity,Canonical work count,Kuangzhe Xu,1,477,0.2,,openalex:https://openalex.org/a5049309544,authorship-covered canonical works,canonical works with usable structured OpenAlex authorship,multiple response; one count per unique author per work,859f96f4eca259cdb9e8,OpenAlex author ID
Author productivity,Canonical work count,Kun Xiong,1,477,0.2,,openalex:https://openalex.org/a5000631538,authorship-covered canonical works,canonical works with usable structured OpenAlex authorship,multiple response; one count per unique author per work,902be756a877af6118c0,OpenAlex author ID
Author productivity,Canonical work count,Kunal Modi,1,477,0.2,,openalex:https://openalex.org/a5116489893,authorship-covered canonical works,canonical works with usable structured OpenAlex authorship,multiple response; one count per unique author per work,9ba2ceb3ea808e2794a1,OpenAlex author ID
Author productivity,Canonical work count,Kunyao Lan,1,477,0.2,,openalex:https://openalex.org/a5138240510,authorship-covered canonical works,canonical works with usable structured OpenAlex authorship,multiple response; one count per unique author per work,1d69e819d76b702e955f,OpenAlex author ID
Author productivity,Canonical work count,Kurtis Haut,1,477,0.2,,openalex:https://openalex.org/a5018901891,authorship-covered canonical works,canonical works with usable structured OpenAlex authorship,multiple response; one count per unique author per work,76a6c8049ee4223224f6,OpenAlex author ID
Author productivity,Canonical work count,Kylee Fort,1,477,0.2,,openalex:https://openalex.org/a5093481609,authorship-covered canonical works,canonical works with usable structured OpenAlex authorship,multiple response; one count per unique author per work,f1b256cdccd6208d0cc8,OpenAlex author ID
Author productivity,Canonical work count,Kyong‐Jee Kim,1,477,0.2,,openalex:https://openalex.org/a5031111475,authorship-covered canonical works,canonical works with usable structured OpenAlex authorship,multiple response; one count per unique author per work,713e417da7d85579b2d1,OpenAlex author ID
Author productivity,Canonical work count,Kévin Yauy,1,477,0.2,,openalex:https://openalex.org/a5089576173,authorship-covered canonical works,canonical works with usable structured OpenAlex authorship,multiple response; one count per unique author per work,4b7753ecc7bff0d54289,OpenAlex author ID
Author productivity,Canonical work count,L M Wang,1,477,0.2,,openalex:https://openalex.org/a5048556817,authorship-covered canonical works,canonical works with usable structured OpenAlex authorship,multiple response; one count per unique author per work,73a1f91733c91359d5f0,OpenAlex author ID
Author productivity,Canonical work count,L Malleswara Rao,1,477,0.2,,openalex:https://openalex.org/a5113412024,authorship-covered canonical works,canonical works with usable structured OpenAlex authorship,multiple response; one count per unique author per work,5116aab375eedc896bfd,OpenAlex author ID
Author productivity,Canonical work count,L.D. Todoriko,1,477,0.2,,openalex:https://openalex.org/a5026374735,authorship-covered canonical works,canonical works with usable structured OpenAlex authorship,multiple response; one count per unique author per work,096c409373966ea99821,OpenAlex author ID
Author productivity,Canonical work count,Lacey Feigl‐Lenzen,1,477,0.2,,openalex:https://openalex.org/a5057785323,authorship-covered canonical works,canonical works with usable structured OpenAlex authorship,multiple response; one count per unique author per work,bb3a5362f067d65fc98d,OpenAlex author ID
Author productivity,Canonical work count,Lachlan Dick,1,477,0.2,,openalex:https://openalex.org/a5067893085,authorship-covered canonical works,canonical works with usable structured OpenAlex authorship,multiple response; one count per unique author per work,db80308782a219cbea0e,OpenAlex author ID
Author productivity,Canonical work count,Laila Lahlou,1,477,0.2,,openalex:https://openalex.org/a5042512659,authorship-covered canonical works,canonical works with usable structured OpenAlex authorship,multiple response; one count per unique author per work,1b913a0ed3ab13c6f644,OpenAlex author ID
Author productivity,Canonical work count,Lana Cvijic,1,477,0.2,,openalex:https://openalex.org/a5118602054,authorship-covered canonical works,canonical works with usable structured OpenAlex authorship,multiple response; one count per unique author per work,0b1b0febb2293831bcc0,OpenAlex author ID
Author productivity,Canonical work count,Lana Halaseh,1,477,0.2,,openalex:https://openalex.org/a5108674095,authorship-covered canonical works,canonical works with usable structured OpenAlex authorship,multiple response; one count per unique author per work,2dd7865e84af395616af,OpenAlex author ID
Author productivity,Canonical work count,Lanqin Zhao,1,477,0.2,,openalex:https://openalex.org/a5068392991,authorship-covered canonical works,canonical works with usable structured OpenAlex authorship,multiple response; one count per unique author per work,adc1485c258278b24c4e,OpenAlex author ID
Author productivity,Canonical work count,Laszlo Barna Iantovics,1,477,0.2,,openalex:https://openalex.org/a5136449078,authorship-covered canonical works,canonical works with usable structured OpenAlex authorship,multiple response; one count per unique author per work,c2d6c7abc598aacc0368,OpenAlex author ID
Author productivity,Canonical work count,Laura A. Szalacha,1,477,0.2,,openalex:https://openalex.org/a5054405956,authorship-covered canonical works,canonical works with usable structured OpenAlex authorship,multiple response; one count per unique author per work,d02cfb250e397dd52db5,OpenAlex author ID
Author productivity,Canonical work count,Laura Biester,1,477,0.2,,openalex:https://openalex.org/a5076796876,authorship-covered canonical works,canonical works with usable structured OpenAlex authorship,multiple response; one count per unique author per work,bc5dd5d7b1ad1b4d21e4,OpenAlex author ID
Author productivity,Canonical work count,Laura E. Knockel,1,477,0.2,,openalex:https://openalex.org/a5009749369,authorship-covered canonical works,canonical works with usable structured OpenAlex authorship,multiple response; one count per unique author per work,03e1a6632b830e0512c9,OpenAlex author ID
Author productivity,Canonical work count,Laura E. Walker,1,477,0.2,,openalex:https://openalex.org/a5129745891,authorship-covered canonical works,canonical works with usable structured OpenAlex authorship,multiple response; one count per unique author per work,039798e4f1498c17cf82,OpenAlex author ID
Author productivity,Canonical work count,Laura Varnier,1,477,0.2,,openalex:https://openalex.org/a5120237372,authorship-covered canonical works,canonical works with usable structured OpenAlex authorship,multiple response; one count per unique author per work,7920ebcf271025a5a8ee,OpenAlex author ID
Author productivity,Canonical work count,Lauren Blayney,1,477,0.2,,openalex:https://openalex.org/a5012420125,authorship-covered canonical works,canonical works with usable structured OpenAlex authorship,multiple response; one count per unique author per work,c8c9e4c672bea3a6d994,OpenAlex author ID
Author productivity,Canonical work count,Lauren Thai,1,477,0.2,,openalex:https://openalex.org/a5018465193,authorship-covered canonical works,canonical works with usable structured OpenAlex authorship,multiple response; one count per unique author per work,b052274076e5e7cc16db,OpenAlex author ID
Author productivity,Canonical work count,Laís Valencise Magri,1,477,0.2,,openalex:https://openalex.org/a5004113338,authorship-covered canonical works,canonical works with usable structured OpenAlex authorship,multiple response; one count per unique author per work,3aba8ba7976a49acd0ac,OpenAlex author ID
Author productivity,Canonical work count,Leandro de Freitas Spinelli,1,477,0.2,,openalex:https://openalex.org/a5068930022,authorship-covered canonical works,canonical works with usable structured OpenAlex authorship,multiple response; one count per unique author per work,sci_6840c15b05b568f05153,OpenAlex author ID
Author productivity,Canonical work count,Leanne Chukoskie,1,477,0.2,,openalex:https://openalex.org/a5081829595,authorship-covered canonical works,canonical works with usable structured OpenAlex authorship,multiple response; one count per unique author per work,5b529e4bc562ac2c093e,OpenAlex author ID
Author productivity,Canonical work count,Lee Bayliss,1,477,0.2,,openalex:https://openalex.org/a5059893933,authorship-covered canonical works,canonical works with usable structured OpenAlex authorship,multiple response; one count per unique author per work,c98aa2499bea62fd3f2a,OpenAlex author ID
Author productivity,Canonical work count,Lee Farrell,1,477,0.2,,openalex:https://openalex.org/a5119927416,authorship-covered canonical works,canonical works with usable structured OpenAlex authorship,multiple response; one count per unique author per work,b6f4bfb66f82ba008b32,OpenAlex author ID
Author productivity,Canonical work count,"Lee, Keyeun",1,477,0.2,,name-only:9b8b66d55c35b17e843c:1a1b063fff92be38,authorship-covered canonical works,canonical works with usable structured OpenAlex authorship,multiple response; one count per unique author per work,9b8b66d55c35b17e843c,name-only record; duplicates collapsed within work only; not merged across works
Author productivity,Canonical work count,Lei Shi,1,477,0.2,,name-only:061a5c17950367156401:31ae03cccd9ce4c7,authorship-covered canonical works,canonical works with usable structured OpenAlex authorship,multiple response; one count per unique author per work,061a5c17950367156401,name-only record; duplicates collapsed within work only; not merged across works
Author productivity,Canonical work count,Leila Bouazzi,1,477,0.2,,openalex:https://openalex.org/a5026079548,authorship-covered canonical works,canonical works with usable structured OpenAlex authorship,multiple response; one count per unique author per work,4b7753ecc7bff0d54289,OpenAlex author ID
Author productivity,Canonical work count,Lena Günterberg Heyn,1,477,0.2,,openalex:https://openalex.org/a5049898008,authorship-covered canonical works,canonical works with usable structured OpenAlex authorship,multiple response; one count per unique author per work,43f6ad0fa6f4597d56fc,OpenAlex author ID
Author productivity,Canonical work count,Lenora Young,1,477,0.2,,openalex:https://openalex.org/a5111260856,authorship-covered canonical works,canonical works with usable structured OpenAlex authorship,multiple response; one count per unique author per work,9b5ff9099d241db5f86a,OpenAlex author ID
Author productivity,Canonical work count,Leo Morjaria,1,477,0.2,,openalex:https://openalex.org/a5092958639,authorship-covered canonical works,canonical works with usable structured OpenAlex authorship,multiple response; one count per unique author per work,91738aa3fb8146efb96d,OpenAlex author ID
Author productivity,Canonical work count,Leodoro J. Labrague,1,477,0.2,,openalex:https://openalex.org/a5063666042,authorship-covered canonical works,canonical works with usable structured OpenAlex authorship,multiple response; one count per unique author per work,sci_49f3e83303945c5d95da,OpenAlex author ID
Author productivity,Canonical work count,Leon Pielage,1,477,0.2,,openalex:https://openalex.org/a5094182391,authorship-covered canonical works,canonical works with usable structured OpenAlex authorship,multiple response; one count per unique author per work,7442954006aac8fa63fa,OpenAlex author ID
Author productivity,Canonical work count,Leonardo Bonilha,1,477,0.2,,openalex:https://openalex.org/a5051033644,authorship-covered canonical works,canonical works with usable structured OpenAlex authorship,multiple response; one count per unique author per work,e5b4ed028b3c0ea2eeec,OpenAlex author ID
Author productivity,Canonical work count,Lesley Manson,1,477,0.2,,openalex:https://openalex.org/a5077651299,authorship-covered canonical works,canonical works with usable structured OpenAlex authorship,multiple response; one count per unique author per work,907d492e03a26ae110b8,OpenAlex author ID
Author productivity,Canonical work count,Leslie V. Simon,1,477,0.2,,openalex:https://openalex.org/a5012769254,authorship-covered canonical works,canonical works with usable structured OpenAlex authorship,multiple response; one count per unique author per work,e3ee954b5290b4f74f0b,OpenAlex author ID
Author productivity,Canonical work count,Levi René Valenzuela Dominguez,1,477,0.2,,openalex:https://openalex.org/a5136192523,authorship-covered canonical works,canonical works with usable structured OpenAlex authorship,multiple response; one count per unique author per work,6d85b580a0562cc121d4,OpenAlex author ID
Author productivity,Canonical work count,Levkovich,1,477,0.2,,openalex:https://openalex.org/a5035560213,authorship-covered canonical works,canonical works with usable structured OpenAlex authorship,multiple response; one count per unique author per work,73f1b1dee9a19c0ea0af,OpenAlex author ID
Author productivity,Canonical work count,Lewis Potter,1,477,0.2,,openalex:https://openalex.org/a5113240419,authorship-covered canonical works,canonical works with usable structured OpenAlex authorship,multiple response; one count per unique author per work,ff3b7f48f6f586cf90b7,OpenAlex author ID
Author productivity,Canonical work count,Lexi Han Zhi Tan,1,477,0.2,,openalex:https://openalex.org/a5113271895,authorship-covered canonical works,canonical works with usable structured OpenAlex authorship,multiple response; one count per unique author per work,3adc77e0b0502fcefcc3,OpenAlex author ID
Author productivity,Canonical work count,Leyna Huynh,1,477,0.2,,openalex:https://openalex.org/a5120270592,authorship-covered canonical works,canonical works with usable structured OpenAlex authorship,multiple response; one count per unique author per work,894f08a5035b3a1872d5,OpenAlex author ID
Author productivity,Canonical work count,Li Liu,1,477,0.2,,openalex:https://openalex.org/a5100418869,authorship-covered canonical works,canonical works with usable structured OpenAlex authorship,multiple response; one count per unique author per work,7713a8c3085fddc6419c,OpenAlex author ID
Author productivity,Canonical work count,Li X,1,477,0.2,,openalex:https://openalex.org/a5041607266,authorship-covered canonical works,canonical works with usable structured OpenAlex authorship,multiple response; one count per unique author per work,f2454b259920b1b1d032,OpenAlex author ID
Author productivity,Canonical work count,Li Zhang,1,477,0.2,,openalex:https://openalex.org/a5144154134,authorship-covered canonical works,canonical works with usable structured OpenAlex authorship,multiple response; one count per unique author per work,a4f6e4afd67cbf667f95,OpenAlex author ID
Author productivity,Canonical work count,Li Zhang,1,477,0.2,,openalex:https://openalex.org/a5135253254,authorship-covered canonical works,canonical works with usable structured OpenAlex authorship,multiple response; one count per unique author per work,548ca816901c7761f0bf,OpenAlex author ID
Author productivity,Canonical work count,Lian Duan,1,477,0.2,,openalex:https://openalex.org/a5137821981,authorship-covered canonical works,canonical works with usable structured OpenAlex authorship,multiple response; one count per unique author per work,73a1f91733c91359d5f0,OpenAlex author ID
Author productivity,Canonical work count,Lihong Wang,1,477,0.2,,openalex:https://openalex.org/a5135108684,authorship-covered canonical works,canonical works with usable structured OpenAlex authorship,multiple response; one count per unique author per work,da920e8320da57a1954a,OpenAlex author ID
Author productivity,Canonical work count,Lili Wu,1,477,0.2,,openalex:https://openalex.org/a5014801174,authorship-covered canonical works,canonical works with usable structured OpenAlex authorship,multiple response; one count per unique author per work,2610ebe5f560db94c888,OpenAlex author ID
Author productivity,Canonical work count,Lili Yang,1,477,0.2,,name-only:902be756a877af6118c0:8529f31afdfb1e90,authorship-covered canonical works,canonical works with usable structured OpenAlex authorship,multiple response; one count per unique author per work,902be756a877af6118c0,name-only record; duplicates collapsed within work only; not merged across works
Author productivity,Canonical work count,Lilia Isabel Ramírez García,1,477,0.2,,openalex:https://openalex.org/a5005750533,authorship-covered canonical works,canonical works with usable structured OpenAlex authorship,multiple response; one count per unique author per work,d0ead936020ec24f78a7,OpenAlex author ID
Author productivity,Canonical work count,"Lim, Angelina S.",1,477,0.2,,name-only:5e9d52b66e4686a38781:5b9b31f9d4fd908b,authorship-covered canonical works,canonical works with usable structured OpenAlex authorship,multiple response; one count per unique author per work,5e9d52b66e4686a38781,name-only record; duplicates collapsed within work only; not merged across works
Author productivity,Canonical work count,Lin Lü,1,477,0.2,,openalex:https://openalex.org/a5072086960,authorship-covered canonical works,canonical works with usable structured OpenAlex authorship,multiple response; one count per unique author per work,d977c356ff57ab060fef,OpenAlex author ID
Author productivity,Canonical work count,Lina Schur,1,477,0.2,,openalex:https://openalex.org/a5114851770,authorship-covered canonical works,canonical works with usable structured OpenAlex authorship,multiple response; one count per unique author per work,0a56637c161743569cf5,OpenAlex author ID
Author productivity,Canonical work count,Lina Spirgienė,1,477,0.2,,openalex:https://openalex.org/a5133720890,authorship-covered canonical works,canonical works with usable structured OpenAlex authorship,multiple response; one count per unique author per work,e9d6ceded269a04cde99,OpenAlex author ID
Author productivity,Canonical work count,Lina Yi,1,477,0.2,,openalex:https://openalex.org/a5101973135,authorship-covered canonical works,canonical works with usable structured OpenAlex authorship,multiple response; one count per unique author per work,758d651bc8d5020199f1,OpenAlex author ID
Author productivity,Canonical work count,Linda Nugent,1,477,0.2,,openalex:https://openalex.org/a5137419274,authorship-covered canonical works,canonical works with usable structured OpenAlex authorship,multiple response; one count per unique author per work,c13d5a010789f6f44c11,OpenAlex author ID
Author productivity,Canonical work count,Ling Jin,1,477,0.2,,openalex:https://openalex.org/a5114021526,authorship-covered canonical works,canonical works with usable structured OpenAlex authorship,multiple response; one count per unique author per work,adc1485c258278b24c4e,OpenAlex author ID
Author productivity,Canonical work count,Ling-Yun Ma,1,477,0.2,,openalex:https://openalex.org/a5133527501,authorship-covered canonical works,canonical works with usable structured OpenAlex authorship,multiple response; one count per unique author per work,03dcc8a1b078476d19e0,OpenAlex author ID
Author productivity,Canonical work count,Lingling Gao,1,477,0.2,,openalex:https://openalex.org/a5135240749,authorship-covered canonical works,canonical works with usable structured OpenAlex authorship,multiple response; one count per unique author per work,548ca816901c7761f0bf,OpenAlex author ID
Author productivity,Canonical work count,Lingyao Li,1,477,0.2,,openalex:https://openalex.org/a5031522503,authorship-covered canonical works,canonical works with usable structured OpenAlex authorship,multiple response; one count per unique author per work,d977c356ff57ab060fef,OpenAlex author ID
Author productivity,Canonical work count,Linjing Shu,1,477,0.2,,openalex:https://openalex.org/a5134539639,authorship-covered canonical works,canonical works with usable structured OpenAlex authorship,multiple response; one count per unique author per work,81087c9bc5a7366ff084,OpenAlex author ID
Author productivity,Canonical work count,Linnea M. Axman,1,477,0.2,,openalex:https://openalex.org/a5120760319,authorship-covered canonical works,canonical works with usable structured OpenAlex authorship,multiple response; one count per unique author per work,ef046f239f256df5f180,OpenAlex author ID
Author productivity,Canonical work count,Lionel Muskwe,1,477,0.2,,openalex:https://openalex.org/a5147055015,authorship-covered canonical works,canonical works with usable structured OpenAlex authorship,multiple response; one count per unique author per work,4f06f0d72a1de087b5c5,OpenAlex author ID
Author productivity,Canonical work count,Lior Naamati-Schneider,1,477,0.2,,openalex:https://openalex.org/a5086638949,authorship-covered canonical works,canonical works with usable structured OpenAlex authorship,multiple response; one count per unique author per work,b4ed643f7430dbf0ccb9,OpenAlex author ID
Author productivity,Canonical work count,Liping Jiang,1,477,0.2,,openalex:https://openalex.org/a5103228908,authorship-covered canonical works,canonical works with usable structured OpenAlex authorship,multiple response; one count per unique author per work,6f1527fb10827ca1da01,OpenAlex author ID
Author productivity,Canonical work count,Liping Wu,1,477,0.2,,openalex:https://openalex.org/a5108747374,authorship-covered canonical works,canonical works with usable structured OpenAlex authorship,multiple response; one count per unique author per work,240393927e83854aac9b,OpenAlex author ID
Author productivity,Canonical work count,Liqin Yuan,1,477,0.2,,openalex:https://openalex.org/a5130035392,authorship-covered canonical works,canonical works with usable structured OpenAlex authorship,multiple response; one count per unique author per work,1c073acedd6171c3394d,OpenAlex author ID
Author productivity,Canonical work count,Lisa A. Barker,1,477,0.2,,openalex:https://openalex.org/a5024020478,authorship-covered canonical works,canonical works with usable structured OpenAlex authorship,multiple response; one count per unique author per work,00dc13a955ae4496d4ca,OpenAlex author ID
Author productivity,Canonical work count,Lisa Burback,1,477,0.2,,openalex:https://openalex.org/a5026871690,authorship-covered canonical works,canonical works with usable structured OpenAlex authorship,multiple response; one count per unique author per work,63c69a200d415bc42d9b,OpenAlex author ID
Author productivity,Canonical work count,Lisa M. Schwartz,1,477,0.2,,openalex:https://openalex.org/a5109203608,authorship-covered canonical works,canonical works with usable structured OpenAlex authorship,multiple response; one count per unique author per work,55c688efa556cdf3a77e,OpenAlex author ID
Author productivity,Canonical work count,Lisa Zickuhr,1,477,0.2,,openalex:https://openalex.org/a5019795645,authorship-covered canonical works,canonical works with usable structured OpenAlex authorship,multiple response; one count per unique author per work,bb3a5362f067d65fc98d,OpenAlex author ID
Author productivity,Canonical work count,LIU Jiacheng,1,477,0.2,,name-only:3e6c586541bbab277f12:ad9d02fe2bab2d0f,authorship-covered canonical works,canonical works with usable structured OpenAlex authorship,multiple response; one count per unique author per work,3e6c586541bbab277f12,name-only record; duplicates collapsed within work only; not merged across works
Author productivity,Canonical work count,Liu Yang,1,477,0.2,,openalex:https://openalex.org/a5100746055,authorship-covered canonical works,canonical works with usable structured OpenAlex authorship,multiple response; one count per unique author per work,fbcfe4a5c41e518e74ba,OpenAlex author ID
Author productivity,Canonical work count,"Liu, Danny",1,477,0.2,,name-only:5e9d52b66e4686a38781:ba8f3f37ccdd4ce5,authorship-covered canonical works,canonical works with usable structured OpenAlex authorship,multiple response; one count per unique author per work,5e9d52b66e4686a38781,name-only record; duplicates collapsed within work only; not merged across works
Author productivity,Canonical work count,"Liu, Xiaoxiao",1,477,0.2,,name-only:df6dd96b9ea594a121ce:4956d504bb8ea5bb,authorship-covered canonical works,canonical works with usable structured OpenAlex authorship,multiple response; one count per unique author per work,df6dd96b9ea594a121ce,name-only record; duplicates collapsed within work only; not merged across works
Author productivity,Canonical work count,Liwen Lyu,1,477,0.2,,openalex:https://openalex.org/a5102564320,authorship-covered canonical works,canonical works with usable structured OpenAlex authorship,multiple response; one count per unique author per work,061a5c17950367156401,OpenAlex author ID
Author productivity,Canonical work count,Lixiang Yan,1,477,0.2,,openalex:https://openalex.org/a5041301106,authorship-covered canonical works,canonical works with usable structured OpenAlex authorship,multiple response; one count per unique author per work,43f6ad0fa6f4597d56fc,OpenAlex author ID
Author productivity,Canonical work count,Lixue Liu,1,477,0.2,,openalex:https://openalex.org/a5101486597,authorship-covered canonical works,canonical works with usable structured OpenAlex authorship,multiple response; one count per unique author per work,adc1485c258278b24c4e,OpenAlex author ID
Author productivity,Canonical work count,Lizhou Fan,1,477,0.2,,openalex:https://openalex.org/a5070395413,authorship-covered canonical works,canonical works with usable structured OpenAlex authorship,multiple response; one count per unique author per work,d977c356ff57ab060fef,OpenAlex author ID
Author productivity,Canonical work count,Li‐Ling Yeap,1,477,0.2,,openalex:https://openalex.org/a5022317419,authorship-covered canonical works,canonical works with usable structured OpenAlex authorship,multiple response; one count per unique author per work,dcce0a8cef5543c4fec4,OpenAlex author ID
Author productivity,Canonical work count,Logan D Pasquariello,1,477,0.2,,openalex:https://openalex.org/a5119343660,authorship-covered canonical works,canonical works with usable structured OpenAlex authorship,multiple response; one count per unique author per work,6d3fca2519e927f795b8,OpenAlex author ID
Author productivity,Canonical work count,Logan Schmillen,1,477,0.2,,openalex:https://openalex.org/a5096365284,authorship-covered canonical works,canonical works with usable structured OpenAlex authorship,multiple response; one count per unique author per work,8db4130844dc8d367d1f,OpenAlex author ID
Author productivity,Canonical work count,Lohith Srikanth Pentapalli,1,477,0.2,,openalex:https://openalex.org/a5120532779,authorship-covered canonical works,canonical works with usable structured OpenAlex authorship,multiple response; one count per unique author per work,9b778c91d64124298579,OpenAlex author ID
Author productivity,Canonical work count,Lok Yi Mak,1,477,0.2,,openalex:https://openalex.org/a5117411465,authorship-covered canonical works,canonical works with usable structured OpenAlex authorship,multiple response; one count per unique author per work,7a5ffafc98c031b3684e,OpenAlex author ID
Author productivity,Canonical work count,Lora Wyss,1,477,0.2,,openalex:https://openalex.org/a5056125215,authorship-covered canonical works,canonical works with usable structured OpenAlex authorship,multiple response; one count per unique author per work,3bb7eee2436c25920c9e,OpenAlex author ID
Author productivity,Canonical work count,Lorena M. Pedrajas,1,477,0.2,,openalex:https://openalex.org/a5118455561,authorship-covered canonical works,canonical works with usable structured OpenAlex authorship,multiple response; one count per unique author per work,f4d7fdee2c3cc083329d,OpenAlex author ID
Author productivity,Canonical work count,Lorena Paul,1,477,0.2,,openalex:https://openalex.org/a5091430886,authorship-covered canonical works,canonical works with usable structured OpenAlex authorship,multiple response; one count per unique author per work,9eabda9ff317373c18d3,OpenAlex author ID
Author productivity,Canonical work count,Luc Morin,1,477,0.2,,openalex:https://openalex.org/a5018849810,authorship-covered canonical works,canonical works with usable structured OpenAlex authorship,multiple response; one count per unique author per work,14a6c8b99daf76e8179d,OpenAlex author ID
Author productivity,Canonical work count,Luca Carenzo,1,477,0.2,,openalex:https://openalex.org/a5077371077,authorship-covered canonical works,canonical works with usable structured OpenAlex authorship,multiple response; one count per unique author per work,81337a44aeb46520e3ec,OpenAlex author ID
Author productivity,Canonical work count,Luca Carenzo,1,477,0.2,,openalex:https://openalex.org/a5140844334,authorship-covered canonical works,canonical works with usable structured OpenAlex authorship,multiple response; one count per unique author per work,56dc16bbc7cd98ca993a,OpenAlex author ID
Author productivity,Canonical work count,Lucas Gaspar Ribeiro,1,477,0.2,,openalex:https://openalex.org/a5028677204,authorship-covered canonical works,canonical works with usable structured OpenAlex authorship,multiple response; one count per unique author per work,3aba8ba7976a49acd0ac,OpenAlex author ID
Author productivity,Canonical work count,Luciana Nedel,1,477,0.2,,openalex:https://openalex.org/a5020976385,authorship-covered canonical works,canonical works with usable structured OpenAlex authorship,multiple response; one count per unique author per work,1c9542cefba3287a5281,OpenAlex author ID
Author productivity,Canonical work count,Lucile Figueres,1,477,0.2,,openalex:https://openalex.org/a5069484604,authorship-covered canonical works,canonical works with usable structured OpenAlex authorship,multiple response; one count per unique author per work,4b7753ecc7bff0d54289,OpenAlex author ID
Author productivity,Canonical work count,Lucio Volino,1,477,0.2,,openalex:https://openalex.org/a5137359078,authorship-covered canonical works,canonical works with usable structured OpenAlex authorship,multiple response; one count per unique author per work,03e1a6632b830e0512c9,OpenAlex author ID
Author productivity,Canonical work count,Lucy Morris,1,477,0.2,,openalex:https://openalex.org/a5063552711,authorship-covered canonical works,canonical works with usable structured OpenAlex authorship,multiple response; one count per unique author per work,4f796e0ce90dce8d4da8,OpenAlex author ID
Author productivity,Canonical work count,Lucy Stocks,1,477,0.2,,openalex:https://openalex.org/a5114845637,authorship-covered canonical works,canonical works with usable structured OpenAlex authorship,multiple response; one count per unique author per work,f30eee8f6354bfa06744,OpenAlex author ID
Author productivity,Canonical work count,Luis Cruz,1,477,0.2,,openalex:https://openalex.org/a5065876616,authorship-covered canonical works,canonical works with usable structured OpenAlex authorship,multiple response; one count per unique author per work,6ab002878664147423a1,OpenAlex author ID
Author productivity,Canonical work count,Luis Josino Brasil,1,477,0.2,,openalex:https://openalex.org/a5116455898,authorship-covered canonical works,canonical works with usable structured OpenAlex authorship,multiple response; one count per unique author per work,sci_6840c15b05b568f05153,OpenAlex author ID
Author productivity,Canonical work count,Luis Llerena,1,477,0.2,,openalex:https://openalex.org/a5085784938,authorship-covered canonical works,canonical works with usable structured OpenAlex authorship,multiple response; one count per unique author per work,80e9a9d9f964aea305e9,OpenAlex author ID
Author productivity,Canonical work count,LujieZheng LujieZheng,1,477,0.2,,openalex:https://openalex.org/a5119204442,authorship-covered canonical works,canonical works with usable structured OpenAlex authorship,multiple response; one count per unique author per work,sci_3d6777cb059403330506,OpenAlex author ID
Author productivity,Canonical work count,Lulu Qi,1,477,0.2,,openalex:https://openalex.org/a5143608199,authorship-covered canonical works,canonical works with usable structured OpenAlex authorship,multiple response; one count per unique author per work,2befb2019a25a1ea563f,OpenAlex author ID
Author productivity,Canonical work count,Lulu Sherif Mahmood,1,477,0.2,,openalex:https://openalex.org/a5008197372,authorship-covered canonical works,canonical works with usable structured OpenAlex authorship,multiple response; one count per unique author per work,6e06ede93e94c8f8e15c,OpenAlex author ID
Author productivity,Canonical work count,Luna De Bruyne,1,477,0.2,,openalex:https://openalex.org/a5022634644,authorship-covered canonical works,canonical works with usable structured OpenAlex authorship,multiple response; one count per unique author per work,4823a4ac11c66c68a7d4,OpenAlex author ID
Author productivity,Canonical work count,Luzhen Tang,1,477,0.2,,openalex:https://openalex.org/a5114190756,authorship-covered canonical works,canonical works with usable structured OpenAlex authorship,multiple response; one count per unique author per work,6d60da2f964efcc60587,OpenAlex author ID
Author productivity,Canonical work count,Lyle Ungar,1,477,0.2,,openalex:https://openalex.org/a5044944954,authorship-covered canonical works,canonical works with usable structured OpenAlex authorship,multiple response; one count per unique author per work,72c30900482428bf1e49,OpenAlex author ID
Author productivity,Canonical work count,Lynn Xu,1,477,0.2,,openalex:https://openalex.org/a5013001709,authorship-covered canonical works,canonical works with usable structured OpenAlex authorship,multiple response; one count per unique author per work,1557e783fc8af1e8fdd6,OpenAlex author ID
Author productivity,Canonical work count,M Patterson,1,477,0.2,,openalex:https://openalex.org/a5108534105,authorship-covered canonical works,canonical works with usable structured OpenAlex authorship,multiple response; one count per unique author per work,ef046f239f256df5f180,OpenAlex author ID
Author productivity,Canonical work count,M T Wu,1,477,0.2,,openalex:https://openalex.org/a5104010109,authorship-covered canonical works,canonical works with usable structured OpenAlex authorship,multiple response; one count per unique author per work,412046e11296d150c70a,OpenAlex author ID
Author productivity,Canonical work count,M Vilela,1,477,0.2,,openalex:https://openalex.org/a5049813952,authorship-covered canonical works,canonical works with usable structured OpenAlex authorship,multiple response; one count per unique author per work,sci_6840c15b05b568f05153,OpenAlex author ID
Author productivity,Canonical work count,M. B. Sannathimmappa,1,477,0.2,,name-only:9eb3b25f5e4e48cdcb6a:832a6b99eb7ec5d4,authorship-covered canonical works,canonical works with usable structured OpenAlex authorship,multiple response; one count per unique author per work,9eb3b25f5e4e48cdcb6a,name-only record; duplicates collapsed within work only; not merged across works
Author productivity,Canonical work count,M. Kim Oh,1,477,0.2,,openalex:https://openalex.org/a5109777326,authorship-covered canonical works,canonical works with usable structured OpenAlex authorship,multiple response; one count per unique author per work,e82a026a5524b0d4f0d3,OpenAlex author ID
Author productivity,Canonical work count,Ma Victoria Villena Garrido,1,477,0.2,,openalex:https://openalex.org/a5112421899,authorship-covered canonical works,canonical works with usable structured OpenAlex authorship,multiple response; one count per unique author per work,6ab002878664147423a1,OpenAlex author ID
Author productivity,Canonical work count,Ma. Mercedes T. Rodrigo,1,477,0.2,,openalex:https://openalex.org/a5047233489,authorship-covered canonical works,canonical works with usable structured OpenAlex authorship,multiple response; one count per unique author per work,7fc0513f51b7c61dad31,OpenAlex author ID
Author productivity,Canonical work count,Maciej Gancarczyk,1,477,0.2,,name-only:4ff984fed8d71f9ad381:3982f60f430fbb6b,authorship-covered canonical works,canonical works with usable structured OpenAlex authorship,multiple response; one count per unique author per work,4ff984fed8d71f9ad381,name-only record; duplicates collapsed within work only; not merged across works
Author productivity,Canonical work count,Mackenzi Preston,1,477,0.2,,openalex:https://openalex.org/a5123718179,authorship-covered canonical works,canonical works with usable structured OpenAlex authorship,multiple response; one count per unique author per work,302dee907e926e18ddba,OpenAlex author ID
Author productivity,Canonical work count,Maddalena De Maria,1,477,0.2,,openalex:https://openalex.org/a5045937930,authorship-covered canonical works,canonical works with usable structured OpenAlex authorship,multiple response; one count per unique author per work,5dd47cd1855294dcfafd,OpenAlex author ID
Author productivity,Canonical work count,Mafalda Silva,1,477,0.2,,openalex:https://openalex.org/a5057439397,authorship-covered canonical works,canonical works with usable structured OpenAlex authorship,multiple response; one count per unique author per work,1563f87491d1ce4d02fb,OpenAlex author ID
Author productivity,Canonical work count,Maggie Mee Kie Chan,1,477,0.2,,openalex:https://openalex.org/a5045984042,authorship-covered canonical works,canonical works with usable structured OpenAlex authorship,multiple response; one count per unique author per work,0b1e929029c5b43c5beb,OpenAlex author ID
Author productivity,Canonical work count,Mahdieh Sabery,1,477,0.2,,openalex:https://openalex.org/a5074371553,authorship-covered canonical works,canonical works with usable structured OpenAlex authorship,multiple response; one count per unique author per work,035291e867ecf965f467,OpenAlex author ID
Author productivity,Canonical work count,Mahmoud Omar,1,477,0.2,,openalex:https://openalex.org/a5128868329,authorship-covered canonical works,canonical works with usable structured OpenAlex authorship,multiple response; one count per unique author per work,e5304eeb960c6393b03a,OpenAlex author ID
Author productivity,Canonical work count,Mahmudul Hassan,1,477,0.2,,name-only:b36e071a220a2c96e7c2:c0047af672d84f94,authorship-covered canonical works,canonical works with usable structured OpenAlex authorship,multiple response; one count per unique author per work,b36e071a220a2c96e7c2,name-only record; duplicates collapsed within work only; not merged across works
Author productivity,Canonical work count,Mai Ishikawa,1,477,0.2,,name-only:fcd1902a5e565b2d2fcc:15e143294b2d24a9,authorship-covered canonical works,canonical works with usable structured OpenAlex authorship,multiple response; one count per unique author per work,fcd1902a5e565b2d2fcc,name-only record; duplicates collapsed within work only; not merged across works
Author productivity,Canonical work count,Mai Khanh Ha Huynh,1,477,0.2,,openalex:https://openalex.org/a5126010867,authorship-covered canonical works,canonical works with usable structured OpenAlex authorship,multiple response; one count per unique author per work,0aad164402f8e4deea3b,OpenAlex author ID
Author productivity,Canonical work count,Maidha Jadoon,1,477,0.2,,openalex:https://openalex.org/a5034170507,authorship-covered canonical works,canonical works with usable structured OpenAlex authorship,multiple response; one count per unique author per work,6fb769efa53620e383b7,OpenAlex author ID
Author productivity,Canonical work count,Maija Paukkunen,1,477,0.2,,openalex:https://openalex.org/a5016095618,authorship-covered canonical works,canonical works with usable structured OpenAlex authorship,multiple response; one count per unique author per work,ab784e3f29bfc7622997,OpenAlex author ID
Author productivity,Canonical work count,Makoto Fujimoto,1,477,0.2,,openalex:https://openalex.org/a5028656365,authorship-covered canonical works,canonical works with usable structured OpenAlex authorship,multiple response; one count per unique author per work,859f96f4eca259cdb9e8,OpenAlex author ID
Author productivity,Canonical work count,Malin Arenbeck,1,477,0.2,,openalex:https://openalex.org/a5114851769,authorship-covered canonical works,canonical works with usable structured OpenAlex authorship,multiple response; one count per unique author per work,0a56637c161743569cf5,OpenAlex author ID
Author productivity,Canonical work count,Mamiko Eto,1,477,0.2,,openalex:https://openalex.org/a5101348747,authorship-covered canonical works,canonical works with usable structured OpenAlex authorship,multiple response; one count per unique author per work,25f6a5df250f3ed0360b,OpenAlex author ID
Author productivity,Canonical work count,Mamoun Hamid Elmamoun,1,477,0.2,,openalex:https://openalex.org/a5043932615,authorship-covered canonical works,canonical works with usable structured OpenAlex authorship,multiple response; one count per unique author per work,db80308782a219cbea0e,OpenAlex author ID
Author productivity,Canonical work count,Man Hei Patrick Kwok,1,477,0.2,,openalex:https://openalex.org/a5034970158,authorship-covered canonical works,canonical works with usable structured OpenAlex authorship,multiple response; one count per unique author per work,7a5ffafc98c031b3684e,OpenAlex author ID
Author productivity,Canonical work count,Man Hin Lai,1,477,0.2,,openalex:https://openalex.org/a5039546623,authorship-covered canonical works,canonical works with usable structured OpenAlex authorship,multiple response; one count per unique author per work,7a5ffafc98c031b3684e,OpenAlex author ID
Author productivity,Canonical work count,Manfred Tscheligi,1,477,0.2,,openalex:https://openalex.org/a5070249475,authorship-covered canonical works,canonical works with usable structured OpenAlex authorship,multiple response; one count per unique author per work,64a85483f87115653128,OpenAlex author ID
Author productivity,Canonical work count,Manik Sharma,1,477,0.2,,openalex:https://openalex.org/a5083552052,authorship-covered canonical works,canonical works with usable structured OpenAlex authorship,multiple response; one count per unique author per work,58a5647e55ff3ae5746e,OpenAlex author ID
Author productivity,Canonical work count,Manoj Kumal,1,477,0.2,,openalex:https://openalex.org/a5146545452,authorship-covered canonical works,canonical works with usable structured OpenAlex authorship,multiple response; one count per unique author per work,ba1df7c86ec2eeb0e945,OpenAlex author ID
Author productivity,Canonical work count,Marc D. Succi,1,477,0.2,,openalex:https://openalex.org/a5065678103,authorship-covered canonical works,canonical works with usable structured OpenAlex authorship,multiple response; one count per unique author per work,ba93136b38c9a66d059f,OpenAlex author ID
Author productivity,Canonical work count,Marc Hazzan,1,477,0.2,,openalex:https://openalex.org/a5066032158,authorship-covered canonical works,canonical works with usable structured OpenAlex authorship,multiple response; one count per unique author per work,03345c1deb2aad29820e,OpenAlex author ID
Author productivity,Canonical work count,Marc Lilot,1,477,0.2,,openalex:https://openalex.org/a5052748294,authorship-covered canonical works,canonical works with usable structured OpenAlex authorship,multiple response; one count per unique author per work,b75fad8b8777d2f878b6,OpenAlex author ID
Author productivity,Canonical work count,Marc Place,1,477,0.2,,openalex:https://openalex.org/a5104117648,authorship-covered canonical works,canonical works with usable structured OpenAlex authorship,multiple response; one count per unique author per work,f30eee8f6354bfa06744,OpenAlex author ID
Author productivity,Canonical work count,Marc; id_orcid 0000-0002-6213-2960 Edwards,1,477,0.2,,openalex:https://openalex.org/a5129299569,authorship-covered canonical works,canonical works with usable structured OpenAlex authorship,multiple response; one count per unique author per work,b3a8d73bf08119c4ce68,OpenAlex author ID
Author productivity,Canonical work count,Marcelo Low,1,477,0.2,,openalex:https://openalex.org/a5111752933,authorship-covered canonical works,canonical works with usable structured OpenAlex authorship,multiple response; one count per unique author per work,3592795dfee0e066000a,OpenAlex author ID
Author productivity,Canonical work count,Marcial Ramin Sierra Cervantes,1,477,0.2,,openalex:https://openalex.org/a5113422458,authorship-covered canonical works,canonical works with usable structured OpenAlex authorship,multiple response; one count per unique author per work,a2883a095e505041a802,OpenAlex author ID
Author productivity,Canonical work count,Marcus J. Coffey,1,477,0.2,,openalex:https://openalex.org/a5019747742,authorship-covered canonical works,canonical works with usable structured OpenAlex authorship,multiple response; one count per unique author per work,c4f5fe90704c2aa68c75,OpenAlex author ID
Author productivity,Canonical work count,Margret Lo,1,477,0.2,,openalex:https://openalex.org/a5087664012,authorship-covered canonical works,canonical works with usable structured OpenAlex authorship,multiple response; one count per unique author per work,58483951ebaed609e26a,OpenAlex author ID
Author productivity,Canonical work count,Maria Amália Pereira Dias‐Calças,1,477,0.2,,openalex:https://openalex.org/a5120447555,authorship-covered canonical works,canonical works with usable structured OpenAlex authorship,multiple response; one count per unique author per work,3aba8ba7976a49acd0ac,OpenAlex author ID
Author productivity,Canonical work count,Maria Bajwa,1,477,0.2,,openalex:https://openalex.org/a5044153807,authorship-covered canonical works,canonical works with usable structured OpenAlex authorship,multiple response; one count per unique author per work,eb8b75c75edacbfa547b,OpenAlex author ID
Author productivity,Canonical work count,Maria Eduarda Leite Pinto Ghirotti,1,477,0.2,,openalex:https://openalex.org/a5092960301,authorship-covered canonical works,canonical works with usable structured OpenAlex authorship,multiple response; one count per unique author per work,b924bd45d30abb49831e,OpenAlex author ID
Author productivity,Canonical work count,Maria Feliciana Galindo-Parra,1,477,0.2,,openalex:https://openalex.org/a5118196698,authorship-covered canonical works,canonical works with usable structured OpenAlex authorship,multiple response; one count per unique author per work,45e7ea1fbbde53125fd7,OpenAlex author ID
Author productivity,Canonical work count,Maria Jędrzejczyk,1,477,0.2,,openalex:https://openalex.org/a5085074526,authorship-covered canonical works,canonical works with usable structured OpenAlex authorship,multiple response; one count per unique author per work,5dd47cd1855294dcfafd,OpenAlex author ID
Author productivity,Canonical work count,Maria-Mădălina Mera,1,477,0.2,,openalex:https://openalex.org/a5136666084,authorship-covered canonical works,canonical works with usable structured OpenAlex authorship,multiple response; one count per unique author per work,sci_aea73a0d6d3e592a48a0,OpenAlex author ID
Author productivity,Canonical work count,Mariachiara Figura,1,477,0.2,,openalex:https://openalex.org/a5050181361,authorship-covered canonical works,canonical works with usable structured OpenAlex authorship,multiple response; one count per unique author per work,5dd47cd1855294dcfafd,OpenAlex author ID
Author productivity,Canonical work count,Mariapia Masino,1,477,0.2,,openalex:https://openalex.org/a5107671470,authorship-covered canonical works,canonical works with usable structured OpenAlex authorship,multiple response; one count per unique author per work,7d5cb710e5a6901bbaaa,OpenAlex author ID
Author productivity,Canonical work count,Marie Therese Ettlen,1,477,0.2,,openalex:https://openalex.org/a5128648932,authorship-covered canonical works,canonical works with usable structured OpenAlex authorship,multiple response; one count per unique author per work,e2272dd53f2ee764e3a8,OpenAlex author ID
Author productivity,Canonical work count,Marie-Luce Bourguet,1,477,0.2,,openalex:https://openalex.org/a5069623478,authorship-covered canonical works,canonical works with usable structured OpenAlex authorship,multiple response; one count per unique author per work,401238697481e3dbe32e,OpenAlex author ID
Author productivity,Canonical work count,Mariette Sourial,1,477,0.2,,openalex:https://openalex.org/a5038580213,authorship-covered canonical works,canonical works with usable structured OpenAlex authorship,multiple response; one count per unique author per work,7f98755e27ed54f044ae,OpenAlex author ID
Author productivity,Canonical work count,Marina Landau,1,477,0.2,,openalex:https://openalex.org/a5083656193,authorship-covered canonical works,canonical works with usable structured OpenAlex authorship,multiple response; one count per unique author per work,598901438bbefd691625,OpenAlex author ID
Author productivity,Canonical work count,Mario Shafiei,1,477,0.2,,name-only:415ba4f99eeb473a50c2:d7cfbfbce76f3e64,authorship-covered canonical works,canonical works with usable structured OpenAlex authorship,multiple response; one count per unique author per work,415ba4f99eeb473a50c2,name-only record; duplicates collapsed within work only; not merged across works
Author productivity,Canonical work count,Marion Roddewig,1,477,0.2,,openalex:https://openalex.org/a5114380737,authorship-covered canonical works,canonical works with usable structured OpenAlex authorship,multiple response; one count per unique author per work,594824ec9813877abe34,OpenAlex author ID
Author productivity,Canonical work count,Maritza Dominguez,1,477,0.2,,openalex:https://openalex.org/a5135131294,authorship-covered canonical works,canonical works with usable structured OpenAlex authorship,multiple response; one count per unique author per work,2972cffe675ec25e930c,OpenAlex author ID
Author productivity,Canonical work count,Marius Niklas Keller,1,477,0.2,,name-only:0a56637c161743569cf5:3eed22a697f71b06,authorship-covered canonical works,canonical works with usable structured OpenAlex authorship,multiple response; one count per unique author per work,0a56637c161743569cf5,name-only record; duplicates collapsed within work only; not merged across works
Author productivity,Canonical work count,Marius-Ștefan Mărușteri,1,477,0.2,,openalex:https://openalex.org/a5136378966,authorship-covered canonical works,canonical works with usable structured OpenAlex authorship,multiple response; one count per unique author per work,c2d6c7abc598aacc0368,OpenAlex author ID
Author productivity,Canonical work count,Mark Merolli,1,477,0.2,,openalex:https://openalex.org/a5075585997,authorship-covered canonical works,canonical works with usable structured OpenAlex authorship,multiple response; one count per unique author per work,a32c2fb665f05ef6086f,OpenAlex author ID
Author productivity,Canonical work count,Mark Rochester,1,477,0.2,,openalex:https://openalex.org/a5044763406,authorship-covered canonical works,canonical works with usable structured OpenAlex authorship,multiple response; one count per unique author per work,db80308782a219cbea0e,OpenAlex author ID
Author productivity,Canonical work count,Markus Holling,1,477,0.2,,openalex:https://openalex.org/a5086900382,authorship-covered canonical works,canonical works with usable structured OpenAlex authorship,multiple response; one count per unique author per work,0a56637c161743569cf5,OpenAlex author ID
Author productivity,Canonical work count,Marta Torres-Arrese,1,477,0.2,,openalex:https://openalex.org/a5014769214,authorship-covered canonical works,canonical works with usable structured OpenAlex authorship,multiple response; one count per unique author per work,6ab002878664147423a1,OpenAlex author ID
Author productivity,Canonical work count,Martin Kassir,1,477,0.2,,openalex:https://openalex.org/a5006001668,authorship-covered canonical works,canonical works with usable structured OpenAlex authorship,multiple response; one count per unique author per work,598901438bbefd691625,OpenAlex author ID
Author productivity,Canonical work count,Marton Szep,1,477,0.2,,openalex:https://openalex.org/a5120609510,authorship-covered canonical works,canonical works with usable structured OpenAlex authorship,multiple response; one count per unique author per work,0de698b6ef36192c9365,OpenAlex author ID
Author productivity,Canonical work count,Mary Moser,1,477,0.2,,openalex:https://openalex.org/a5085741355,authorship-covered canonical works,canonical works with usable structured OpenAlex authorship,multiple response; one count per unique author per work,sci_a09f51bed9668b4f7e21,OpenAlex author ID
Author productivity,Canonical work count,María Asunción Vicente,1,477,0.2,,name-only:71a491a468f6c4c71249:4bcec7c7fe79c7f1,authorship-covered canonical works,canonical works with usable structured OpenAlex authorship,multiple response; one count per unique author per work,71a491a468f6c4c71249,name-only record; duplicates collapsed within work only; not merged across works
Author productivity,Canonical work count,María Fernanda Romero-Guevara,1,477,0.2,,openalex:https://openalex.org/a5139512140,authorship-covered canonical works,canonical works with usable structured OpenAlex authorship,multiple response; one count per unique author per work,59ac00c951a84da39213,OpenAlex author ID
Author productivity,Canonical work count,María Guadalupe Gutiérrez-López,1,477,0.2,,openalex:https://openalex.org/a5051088090,authorship-covered canonical works,canonical works with usable structured OpenAlex authorship,multiple response; one count per unique author per work,59ac00c951a84da39213,OpenAlex author ID
Author productivity,Canonical work count,María José Ferreira Díaz,1,477,0.2,,openalex:https://openalex.org/a5123307397,authorship-covered canonical works,canonical works with usable structured OpenAlex authorship,multiple response; one count per unique author per work,94ed3a0dbe4657397dc4,OpenAlex author ID
Author productivity,Canonical work count,Marília Duarte Valim,1,477,0.2,,openalex:https://openalex.org/a5030370673,authorship-covered canonical works,canonical works with usable structured OpenAlex authorship,multiple response; one count per unique author per work,b924bd45d30abb49831e,OpenAlex author ID
Author productivity,Canonical work count,Masahide Koda,1,477,0.2,,openalex:https://openalex.org/a5016650889,authorship-covered canonical works,canonical works with usable structured OpenAlex authorship,multiple response; one count per unique author per work,8fa1ae6b843e2388520d,OpenAlex author ID
Author productivity,Canonical work count,Masanori Yamada,1,477,0.2,,openalex:https://openalex.org/a5037036505,authorship-covered canonical works,canonical works with usable structured OpenAlex authorship,multiple response; one count per unique author per work,25f6a5df250f3ed0360b,OpenAlex author ID
Author productivity,Canonical work count,Masato Mitsuhashi,1,477,0.2,,openalex:https://openalex.org/a5109155104,authorship-covered canonical works,canonical works with usable structured OpenAlex authorship,multiple response; one count per unique author per work,5a18de075da6eacf874c,OpenAlex author ID
Author productivity,Canonical work count,Masayoshi Takashima,1,477,0.2,,openalex:https://openalex.org/a5134858363,authorship-covered canonical works,canonical works with usable structured OpenAlex authorship,multiple response; one count per unique author per work,6ad5ba253eb6dea25a47,OpenAlex author ID
Author productivity,Canonical work count,Masum Hasan,1,477,0.2,,openalex:https://openalex.org/a5081274538,authorship-covered canonical works,canonical works with usable structured OpenAlex authorship,multiple response; one count per unique author per work,ed23e4c8ee00516d2110,OpenAlex author ID
Author productivity,Canonical work count,Masum Hasan,1,477,0.2,,openalex:https://openalex.org/a5102148965,authorship-covered canonical works,canonical works with usable structured OpenAlex authorship,multiple response; one count per unique author per work,76a6c8049ee4223224f6,OpenAlex author ID
Author productivity,Canonical work count,Matheus D. Negrão,1,477,0.2,,openalex:https://openalex.org/a5058242338,authorship-covered canonical works,canonical works with usable structured OpenAlex authorship,multiple response; one count per unique author per work,1c9542cefba3287a5281,OpenAlex author ID
Author productivity,Canonical work count,Mathew Tang,1,477,0.2,,openalex:https://openalex.org/a5130914688,authorship-covered canonical works,canonical works with usable structured OpenAlex authorship,multiple response; one count per unique author per work,ffe994fbb4a27b100f16,OpenAlex author ID
Author productivity,Canonical work count,Mathieu Henkeme,1,477,0.2,,openalex:https://openalex.org/a5119925304,authorship-covered canonical works,canonical works with usable structured OpenAlex authorship,multiple response; one count per unique author per work,b75fad8b8777d2f878b6,OpenAlex author ID
Author productivity,Canonical work count,Matthew Sullivan,1,477,0.2,,openalex:https://openalex.org/a5045752384,authorship-covered canonical works,canonical works with usable structured OpenAlex authorship,multiple response; one count per unique author per work,bb3a5362f067d65fc98d,OpenAlex author ID
Author productivity,Canonical work count,Mattia Savardi,1,477,0.2,,openalex:https://openalex.org/a5052086841,authorship-covered canonical works,canonical works with usable structured OpenAlex authorship,multiple response; one count per unique author per work,633dafafd7b2de3e7ad0,OpenAlex author ID
Author productivity,Canonical work count,Maureen A. Mathews,1,477,0.2,,openalex:https://openalex.org/a5073084589,authorship-covered canonical works,canonical works with usable structured OpenAlex authorship,multiple response; one count per unique author per work,f9c1bb8b50eb65edbf84,OpenAlex author ID
Author productivity,Canonical work count,Maurice Lamb,1,477,0.2,,openalex:https://openalex.org/a5027727392,authorship-covered canonical works,canonical works with usable structured OpenAlex authorship,multiple response; one count per unique author per work,319d5b791f54df181b23,OpenAlex author ID
Author productivity,Canonical work count,Maurice Mulvenna,1,477,0.2,,openalex:https://openalex.org/a5038610271,authorship-covered canonical works,canonical works with usable structured OpenAlex authorship,multiple response; one count per unique author per work,df4adbef2a265890959e,OpenAlex author ID
Author productivity,Canonical work count,Mauro Sérgio Almeida Alves,1,477,0.2,,openalex:https://openalex.org/a5031062559,authorship-covered canonical works,canonical works with usable structured OpenAlex authorship,multiple response; one count per unique author per work,1131dfab50144331e92a,OpenAlex author ID
Author productivity,Canonical work count,Max Ebensperger,1,477,0.2,,openalex:https://openalex.org/a5094361659,authorship-covered canonical works,canonical works with usable structured OpenAlex authorship,multiple response; one count per unique author per work,272439595ff3b96c35f3,OpenAlex author ID
Author productivity,Canonical work count,Max Hao Lu,1,477,0.2,,openalex:https://openalex.org/a5043257766,authorship-covered canonical works,canonical works with usable structured OpenAlex authorship,multiple response; one count per unique author per work,0a56637c161743569cf5,OpenAlex author ID
Author productivity,Canonical work count,Max Liu,1,477,0.2,,openalex:https://openalex.org/a5103127114,authorship-covered canonical works,canonical works with usable structured OpenAlex authorship,multiple response; one count per unique author per work,b2f1db675b2599e354ab,OpenAlex author ID
Author productivity,Canonical work count,Max Thomasius,1,477,0.2,,openalex:https://openalex.org/a5061372647,authorship-covered canonical works,canonical works with usable structured OpenAlex authorship,multiple response; one count per unique author per work,272439595ff3b96c35f3,OpenAlex author ID
Author productivity,Canonical work count,Maxime Desgrouas,1,477,0.2,,openalex:https://openalex.org/a5082789684,authorship-covered canonical works,canonical works with usable structured OpenAlex authorship,multiple response; one count per unique author per work,5aeb6b891099b95aa832,OpenAlex author ID
Author productivity,Canonical work count,Małgorzata Sudacka,1,477,0.2,,openalex:https://openalex.org/a5058299868,authorship-covered canonical works,canonical works with usable structured OpenAlex authorship,multiple response; one count per unique author per work,14a6c8b99daf76e8179d,OpenAlex author ID
Author productivity,Canonical work count,Md Saifuddin Khalid,1,477,0.2,,openalex:https://openalex.org/a5101001680,authorship-covered canonical works,canonical works with usable structured OpenAlex authorship,multiple response; one count per unique author per work,107a276748b6c98a2e50,OpenAlex author ID
Author productivity,Canonical work count,Megan Hodgson,1,477,0.2,,name-only:c4f5fe90704c2aa68c75:d81efed87ecc76ec,authorship-covered canonical works,canonical works with usable structured OpenAlex authorship,multiple response; one count per unique author per work,c4f5fe90704c2aa68c75,name-only record; duplicates collapsed within work only; not merged across works
Author productivity,Canonical work count,Megan Lee,1,477,0.2,,openalex:https://openalex.org/a5101882765,authorship-covered canonical works,canonical works with usable structured OpenAlex authorship,multiple response; one count per unique author per work,2366390c9f679e2c90b7,OpenAlex author ID
Author productivity,Canonical work count,Megan M. Gray,1,477,0.2,,openalex:https://openalex.org/a5064681409,authorship-covered canonical works,canonical works with usable structured OpenAlex authorship,multiple response; one count per unique author per work,7a9ca4d4d16f4705139f,OpenAlex author ID
Author productivity,Canonical work count,Megan Zichen Ye,1,477,0.2,,openalex:https://openalex.org/a5078005602,authorship-covered canonical works,canonical works with usable structured OpenAlex authorship,multiple response; one count per unique author per work,592d3957693502aad933,OpenAlex author ID
Author productivity,Canonical work count,Megha Patel,1,477,0.2,,openalex:https://openalex.org/a5101464587,authorship-covered canonical works,canonical works with usable structured OpenAlex authorship,multiple response; one count per unique author per work,3cc4d65478e63af8ab6e,OpenAlex author ID
Author productivity,Canonical work count,Meghal Shah,1,477,0.2,,openalex:https://openalex.org/a5038272821,authorship-covered canonical works,canonical works with usable structured OpenAlex authorship,multiple response; one count per unique author per work,79301031755b16db8fe6,OpenAlex author ID
Author productivity,Canonical work count,Mehdi Maanaoui,1,477,0.2,,openalex:https://openalex.org/a5088555865,authorship-covered canonical works,canonical works with usable structured OpenAlex authorship,multiple response; one count per unique author per work,03345c1deb2aad29820e,OpenAlex author ID
Author productivity,Canonical work count,Mehmet Nurullah Akkurt,1,477,0.2,,openalex:https://openalex.org/a5054084142,authorship-covered canonical works,canonical works with usable structured OpenAlex authorship,multiple response; one count per unique author per work,sci_a8f02e0b2a448efff5e6,OpenAlex author ID
Author productivity,Canonical work count,Mehul Gupta,1,477,0.2,,name-only:243562012607f7033171:607a4912885fae06,authorship-covered canonical works,canonical works with usable structured OpenAlex authorship,multiple response; one count per unique author per work,243562012607f7033171,name-only record; duplicates collapsed within work only; not merged across works
Author productivity,Canonical work count,Mei-Ju Su,1,477,0.2,,openalex:https://openalex.org/a5109849453,authorship-covered canonical works,canonical works with usable structured OpenAlex authorship,multiple response; one count per unique author per work,4fed0ae03cd7415c40f4,OpenAlex author ID
Author productivity,Canonical work count,Meiqi Meng,1,477,0.2,,openalex:https://openalex.org/a5007288254,authorship-covered canonical works,canonical works with usable structured OpenAlex authorship,multiple response; one count per unique author per work,0394426a6c4e7afe938e,OpenAlex author ID
Author productivity,Canonical work count,Meiwen Tian,1,477,0.2,,openalex:https://openalex.org/a5011616600,authorship-covered canonical works,canonical works with usable structured OpenAlex authorship,multiple response; one count per unique author per work,6f1527fb10827ca1da01,OpenAlex author ID
Author productivity,Canonical work count,Melissa de Oliveira Melchior,1,477,0.2,,openalex:https://openalex.org/a5027676862,authorship-covered canonical works,canonical works with usable structured OpenAlex authorship,multiple response; one count per unique author per work,3aba8ba7976a49acd0ac,OpenAlex author ID
Author productivity,Canonical work count,Melissa Platt,1,477,0.2,,openalex:https://openalex.org/a5029732332,authorship-covered canonical works,canonical works with usable structured OpenAlex authorship,multiple response; one count per unique author per work,039798e4f1498c17cf82,OpenAlex author ID
Author productivity,Canonical work count,Melissa Terada,1,477,0.2,,name-only:25591cbc3c2b21cbfbdf:50e2bd6db9d03b51,authorship-covered canonical works,canonical works with usable structured OpenAlex authorship,multiple response; one count per unique author per work,25591cbc3c2b21cbfbdf,name-only record; duplicates collapsed within work only; not merged across works
Author productivity,Canonical work count,Meltem Akoyak-Yildiz,1,477,0.2,,openalex:https://openalex.org/a5118423953,authorship-covered canonical works,canonical works with usable structured OpenAlex authorship,multiple response; one count per unique author per work,43f6ad0fa6f4597d56fc,OpenAlex author ID
Author productivity,Canonical work count,Menghan Zhang,1,477,0.2,,openalex:https://openalex.org/a5122209071,authorship-covered canonical works,canonical works with usable structured OpenAlex authorship,multiple response; one count per unique author per work,412046e11296d150c70a,OpenAlex author ID
Author productivity,Canonical work count,Mengli Li,1,477,0.2,,openalex:https://openalex.org/a5101681186,authorship-covered canonical works,canonical works with usable structured OpenAlex authorship,multiple response; one count per unique author per work,668b98624eeda1089d99,OpenAlex author ID
Author productivity,Canonical work count,Mengna Jiang,1,477,0.2,,openalex:https://openalex.org/a5065410422,authorship-covered canonical works,canonical works with usable structured OpenAlex authorship,multiple response; one count per unique author per work,da920e8320da57a1954a,OpenAlex author ID
Author productivity,Canonical work count,Mengsha Yan,1,477,0.2,,openalex:https://openalex.org/a5019649430,authorship-covered canonical works,canonical works with usable structured OpenAlex authorship,multiple response; one count per unique author per work,1158803af3fb0ab9c072,OpenAlex author ID
Author productivity,Canonical work count,Mengya Zhang,1,477,0.2,,openalex:https://openalex.org/a5101724326,authorship-covered canonical works,canonical works with usable structured OpenAlex authorship,multiple response; one count per unique author per work,94bb63aeb68eddb59442,OpenAlex author ID
Author productivity,Canonical work count,Mengyu Xia,1,477,0.2,,openalex:https://openalex.org/a5128672851,authorship-covered canonical works,canonical works with usable structured OpenAlex authorship,multiple response; one count per unique author per work,6d60da2f964efcc60587,OpenAlex author ID
Author productivity,Canonical work count,Mengyu Zhang,1,477,0.2,,openalex:https://openalex.org/a5100675054,authorship-covered canonical works,canonical works with usable structured OpenAlex authorship,multiple response; one count per unique author per work,a4f6e4afd67cbf667f95,OpenAlex author ID
Author productivity,Canonical work count,Mengyue Wu,1,477,0.2,,openalex:https://openalex.org/a5138267160,authorship-covered canonical works,canonical works with usable structured OpenAlex authorship,multiple response; one count per unique author per work,1d69e819d76b702e955f,OpenAlex author ID
Author productivity,Canonical work count,Mercedes Pérez Carreras,1,477,0.2,,openalex:https://openalex.org/a5112911040,authorship-covered canonical works,canonical works with usable structured OpenAlex authorship,multiple response; one count per unique author per work,6ab002878664147423a1,OpenAlex author ID
Author productivity,Canonical work count,Mevlüt Karadağ,1,477,0.2,,openalex:https://openalex.org/a5034518476,authorship-covered canonical works,canonical works with usable structured OpenAlex authorship,multiple response; one count per unique author per work,5e70fc602d28beb4158b,OpenAlex author ID
Author productivity,Canonical work count,Mi Ok Song,1,477,0.2,,openalex:https://openalex.org/a5078844792,authorship-covered canonical works,canonical works with usable structured OpenAlex authorship,multiple response; one count per unique author per work,e82a026a5524b0d4f0d3,OpenAlex author ID
Author productivity,Canonical work count,Micah Buller,1,477,0.2,,name-only:9ba2ceb3ea808e2794a1:cce17c2523f256ec,authorship-covered canonical works,canonical works with usable structured OpenAlex authorship,multiple response; one count per unique author per work,9ba2ceb3ea808e2794a1,name-only record; duplicates collapsed within work only; not merged across works
Author productivity,Canonical work count,Mich Thornton,1,477,0.2,,name-only:6457c6be7c6ba150ede6:246a031cda8c9926,authorship-covered canonical works,canonical works with usable structured OpenAlex authorship,multiple response; one count per unique author per work,6457c6be7c6ba150ede6,name-only record; duplicates collapsed within work only; not merged across works
Author productivity,Canonical work count,Michael Coriasco,1,477,0.2,,openalex:https://openalex.org/a5133682103,authorship-covered canonical works,canonical works with usable structured OpenAlex authorship,multiple response; one count per unique author per work,cb97375c66ea36d11d94,OpenAlex author ID
Author productivity,Canonical work count,Michael Langer,1,477,0.2,,openalex:https://openalex.org/a5136664975,authorship-covered canonical works,canonical works with usable structured OpenAlex authorship,multiple response; one count per unique author per work,bad1f4fb855554cb4aba,OpenAlex author ID
Author productivity,Canonical work count,Michael McTear,1,477,0.2,,openalex:https://openalex.org/a5042568554,authorship-covered canonical works,canonical works with usable structured OpenAlex authorship,multiple response; one count per unique author per work,df4adbef2a265890959e,OpenAlex author ID
Author productivity,Canonical work count,Michael Montgomery,1,477,0.2,,openalex:https://openalex.org/a5045045802,authorship-covered canonical works,canonical works with usable structured OpenAlex authorship,multiple response; one count per unique author per work,7bda59402c9478eda64c,OpenAlex author ID
Author productivity,Canonical work count,Michaela Kolbe,1,477,0.2,,openalex:https://openalex.org/a5068006761,authorship-covered canonical works,canonical works with usable structured OpenAlex authorship,multiple response; one count per unique author per work,272439595ff3b96c35f3,OpenAlex author ID
Author productivity,Canonical work count,Michal Mankowski,1,477,0.2,,openalex:https://openalex.org/a5007618059,authorship-covered canonical works,canonical works with usable structured OpenAlex authorship,multiple response; one count per unique author per work,50ac103890932b40242c,OpenAlex author ID
Author productivity,Canonical work count,Michelle Bartlett,1,477,0.2,,openalex:https://openalex.org/a5102773113,authorship-covered canonical works,canonical works with usable structured OpenAlex authorship,multiple response; one count per unique author per work,7a9ca4d4d16f4705139f,OpenAlex author ID
Author productivity,Canonical work count,Michelle Castleberry,1,477,0.2,,openalex:https://openalex.org/a5119727123,authorship-covered canonical works,canonical works with usable structured OpenAlex authorship,multiple response; one count per unique author per work,30b04ea7e17c283383c8,OpenAlex author ID
Author productivity,Canonical work count,Michelle Elsener,1,477,0.2,,openalex:https://openalex.org/a5093224296,authorship-covered canonical works,canonical works with usable structured OpenAlex authorship,multiple response; one count per unique author per work,e359eafa6af6abbb467d,OpenAlex author ID
Author productivity,Canonical work count,Mickaël Bobot,1,477,0.2,,openalex:https://openalex.org/a5048525538,authorship-covered canonical works,canonical works with usable structured OpenAlex authorship,multiple response; one count per unique author per work,03345c1deb2aad29820e,OpenAlex author ID
Author productivity,Canonical work count,Mihir Godbole,1,477,0.2,,openalex:https://openalex.org/a5047558204,authorship-covered canonical works,canonical works with usable structured OpenAlex authorship,multiple response; one count per unique author per work,b052274076e5e7cc16db,OpenAlex author ID
Author productivity,Canonical work count,Miji Lee,1,477,0.2,,openalex:https://openalex.org/a5128334889,authorship-covered canonical works,canonical works with usable structured OpenAlex authorship,multiple response; one count per unique author per work,3d4ea70252a23ce4cd2f,OpenAlex author ID
Author productivity,Canonical work count,Mikaela Milesi,1,477,0.2,,openalex:https://openalex.org/a5094066155,authorship-covered canonical works,canonical works with usable structured OpenAlex authorship,multiple response; one count per unique author per work,43f6ad0fa6f4597d56fc,OpenAlex author ID
Author productivity,Canonical work count,Mike Casey,1,477,0.2,,openalex:https://openalex.org/a5135277880,authorship-covered canonical works,canonical works with usable structured OpenAlex authorship,multiple response; one count per unique author per work,2972cffe675ec25e930c,OpenAlex author ID
Author productivity,Canonical work count,Mike Moser,1,477,0.2,,openalex:https://openalex.org/a5044855081,authorship-covered canonical works,canonical works with usable structured OpenAlex authorship,multiple response; one count per unique author per work,7791c8951d81b4aa0b71,OpenAlex author ID
Author productivity,Canonical work count,Mike Yao,1,477,0.2,,openalex:https://openalex.org/a5035243243,authorship-covered canonical works,canonical works with usable structured OpenAlex authorship,multiple response; one count per unique author per work,37a099d4d3aa15cafaa9,OpenAlex author ID
Author productivity,Canonical work count,Milly Heys,1,477,0.2,,name-only:c8c9e4c672bea3a6d994:e1475db12727e371,authorship-covered canonical works,canonical works with usable structured OpenAlex authorship,multiple response; one count per unique author per work,c8c9e4c672bea3a6d994,name-only record; duplicates collapsed within work only; not merged across works
Author productivity,Canonical work count,Milton L. Wainberg,1,477,0.2,,openalex:https://openalex.org/a5130255811,authorship-covered canonical works,canonical works with usable structured OpenAlex authorship,multiple response; one count per unique author per work,e4a287ed511b7be9baa5,OpenAlex author ID
Author productivity,Canonical work count,Min Kyu Kim,1,477,0.2,,openalex:https://openalex.org/a5100773730,authorship-covered canonical works,canonical works with usable structured OpenAlex authorship,multiple response; one count per unique author per work,45e7ea1fbbde53125fd7,OpenAlex author ID
Author productivity,Canonical work count,Min Wu,1,477,0.2,,openalex:https://openalex.org/a5135204505,authorship-covered canonical works,canonical works with usable structured OpenAlex authorship,multiple response; one count per unique author per work,548ca816901c7761f0bf,OpenAlex author ID
Author productivity,Canonical work count,Mingjie Luo,1,477,0.2,,openalex:https://openalex.org/a5103239966,authorship-covered canonical works,canonical works with usable structured OpenAlex authorship,multiple response; one count per unique author per work,adc1485c258278b24c4e,OpenAlex author ID
Author productivity,Canonical work count,MingYan Shen,1,477,0.2,,openalex:https://openalex.org/a5113237886,authorship-covered canonical works,canonical works with usable structured OpenAlex authorship,multiple response; one count per unique author per work,sci_333316fb42bc0b910010,OpenAlex author ID
Author productivity,Canonical work count,Mingying Lai,1,477,0.2,,openalex:https://openalex.org/a5109461494,authorship-covered canonical works,canonical works with usable structured OpenAlex authorship,multiple response; one count per unique author per work,6f1527fb10827ca1da01,OpenAlex author ID
Author productivity,Canonical work count,Mingyu Jin,1,477,0.2,,openalex:https://openalex.org/a5075202019,authorship-covered canonical works,canonical works with usable structured OpenAlex authorship,multiple response; one count per unique author per work,d977c356ff57ab060fef,OpenAlex author ID
Author productivity,Canonical work count,Mingyu Pei,1,477,0.2,,openalex:https://openalex.org/a5022439281,authorship-covered canonical works,canonical works with usable structured OpenAlex authorship,multiple response; one count per unique author per work,061a5c17950367156401,OpenAlex author ID
Author productivity,Canonical work count,Ming‐Li Chen,1,477,0.2,,openalex:https://openalex.org/a5100713812,authorship-covered canonical works,canonical works with usable structured OpenAlex authorship,multiple response; one count per unique author per work,d977c356ff57ab060fef,OpenAlex author ID
Author productivity,Canonical work count,Minh Chau,1,477,0.2,,openalex:https://openalex.org/a5061368980,authorship-covered canonical works,canonical works with usable structured OpenAlex authorship,multiple response; one count per unique author per work,sci_d54eaf2ee85c6160a060,OpenAlex author ID
Author productivity,Canonical work count,Minhao Zhang,1,477,0.2,,openalex:https://openalex.org/a5087964061,authorship-covered canonical works,canonical works with usable structured OpenAlex authorship,multiple response; one count per unique author per work,04b48ce4dda567febfa2,OpenAlex author ID
Author productivity,Canonical work count,Minkang Zhan,1,477,0.2,,openalex:https://openalex.org/a5016674595,authorship-covered canonical works,canonical works with usable structured OpenAlex authorship,multiple response; one count per unique author per work,sci_454fe3ad37947557e9a6,OpenAlex author ID
Author productivity,Canonical work count,Minseong Kim,1,477,0.2,,openalex:https://openalex.org/a5126780210,authorship-covered canonical works,canonical works with usable structured OpenAlex authorship,multiple response; one count per unique author per work,c837d77a482b4e089619,OpenAlex author ID
Author productivity,Canonical work count,Minxin Cheng,1,477,0.2,,openalex:https://openalex.org/a5070554434,authorship-covered canonical works,canonical works with usable structured OpenAlex authorship,multiple response; one count per unique author per work,5b529e4bc562ac2c093e,OpenAlex author ID
Author productivity,Canonical work count,Miraç Barış Usta,1,477,0.2,,openalex:https://openalex.org/a5128879208,authorship-covered canonical works,canonical works with usable structured OpenAlex authorship,multiple response; one count per unique author per work,73cb9769cd2180a04bb0,OpenAlex author ID
Author productivity,Canonical work count,Miriam Archana Simon,1,477,0.2,,name-only:9eb3b25f5e4e48cdcb6a:9f95e100dff0993a,authorship-covered canonical works,canonical works with usable structured OpenAlex authorship,multiple response; one count per unique author per work,9eb3b25f5e4e48cdcb6a,name-only record; duplicates collapsed within work only; not merged across works
Author productivity,Canonical work count,Miriam Hertwig,1,477,0.2,,openalex:https://openalex.org/a5136712354,authorship-covered canonical works,canonical works with usable structured OpenAlex authorship,multiple response; one count per unique author per work,bad1f4fb855554cb4aba,OpenAlex author ID
Author productivity,Canonical work count,Miriam Veenhuizen,1,477,0.2,,openalex:https://openalex.org/a5013267824,authorship-covered canonical works,canonical works with usable structured OpenAlex authorship,multiple response; one count per unique author per work,766d498375e7ceff4c70,OpenAlex author ID
Author productivity,Canonical work count,Mirjana Prpa,1,477,0.2,,openalex:https://openalex.org/a5021809186,authorship-covered canonical works,canonical works with usable structured OpenAlex authorship,multiple response; one count per unique author per work,4eabef99b9ccb8ef8fd4,OpenAlex author ID
Author productivity,Canonical work count,Misato Saitou,1,477,0.2,,openalex:https://openalex.org/a5120536093,authorship-covered canonical works,canonical works with usable structured OpenAlex authorship,multiple response; one count per unique author per work,5a18de075da6eacf874c,OpenAlex author ID
Author productivity,Canonical work count,Mitja D. Back,1,477,0.2,,openalex:https://openalex.org/a5137325948,authorship-covered canonical works,canonical works with usable structured OpenAlex authorship,multiple response; one count per unique author per work,7442954006aac8fa63fa,OpenAlex author ID
Author productivity,Canonical work count,Mohamad Goldust,1,477,0.2,,openalex:https://openalex.org/a5093911196,authorship-covered canonical works,canonical works with usable structured OpenAlex authorship,multiple response; one count per unique author per work,598901438bbefd691625,OpenAlex author ID
Author productivity,Canonical work count,Mohamad-Hani Temsah,1,477,0.2,,openalex:https://openalex.org/a5111178315,authorship-covered canonical works,canonical works with usable structured OpenAlex authorship,multiple response; one count per unique author per work,7acd89712f3fc0bb4cb7,OpenAlex author ID
Author productivity,Canonical work count,Mohamed Alhaskir,1,477,0.2,,openalex:https://openalex.org/a5091979775,authorship-covered canonical works,canonical works with usable structured OpenAlex authorship,multiple response; one count per unique author per work,bad1f4fb855554cb4aba,OpenAlex author ID
Author productivity,Canonical work count,Mohamed H. Taha,1,477,0.2,,openalex:https://openalex.org/a5018241756,authorship-covered canonical works,canonical works with usable structured OpenAlex authorship,multiple response; one count per unique author per work,eb6ba637fab26b824344,OpenAlex author ID
Author productivity,Canonical work count,Mohammad Adel Moufti,1,477,0.2,,openalex:https://openalex.org/a5048275153,authorship-covered canonical works,canonical works with usable structured OpenAlex authorship,multiple response; one count per unique author per work,eb6ba637fab26b824344,OpenAlex author ID
Author productivity,Canonical work count,Mohammad Almansour,1,477,0.2,,openalex:https://openalex.org/a5072853470,authorship-covered canonical works,canonical works with usable structured OpenAlex authorship,multiple response; one count per unique author per work,7acd89712f3fc0bb4cb7,OpenAlex author ID
Author productivity,Canonical work count,Mohammad Amin Kamaleddin,1,477,0.2,,openalex:https://openalex.org/a5052965602,authorship-covered canonical works,canonical works with usable structured OpenAlex authorship,multiple response; one count per unique author per work,63c69a200d415bc42d9b,OpenAlex author ID
Author productivity,Canonical work count,Mohammad Reza Nayeri,1,477,0.2,,openalex:https://openalex.org/a5068117933,authorship-covered canonical works,canonical works with usable structured OpenAlex authorship,multiple response; one count per unique author per work,2f08c4b2b3acc1eaa9d5,OpenAlex author ID
Author productivity,Canonical work count,Mohammad Soleymannejad,1,477,0.2,,openalex:https://openalex.org/a5050523141,authorship-covered canonical works,canonical works with usable structured OpenAlex authorship,multiple response; one count per unique author per work,f2be4ac5256845407914,OpenAlex author ID
Author productivity,Canonical work count,Mohammed Alkhafaji,1,477,0.2,,openalex:https://openalex.org/a5097357320,authorship-covered canonical works,canonical works with usable structured OpenAlex authorship,multiple response; one count per unique author per work,4bae43896a7e20da2e4b,OpenAlex author ID
Author productivity,Canonical work count,Mohammed Almarhabi,1,477,0.2,,openalex:https://openalex.org/a5133232631,authorship-covered canonical works,canonical works with usable structured OpenAlex authorship,multiple response; one count per unique author per work,4301913b143d4dcf67c6,OpenAlex author ID
Author productivity,Canonical work count,Mohammed Almashal,1,477,0.2,,openalex:https://openalex.org/a5119281825,authorship-covered canonical works,canonical works with usable structured OpenAlex authorship,multiple response; one count per unique author per work,155acc9f21eba7b06b56,OpenAlex author ID
Author productivity,Canonical work count,Mohammed Almeflehi,1,477,0.2,,openalex:https://openalex.org/a5130846548,authorship-covered canonical works,canonical works with usable structured OpenAlex authorship,multiple response; one count per unique author per work,c9defba9bce13454aa5f,OpenAlex author ID
Author productivity,Canonical work count,Mohammed As'ad,1,477,0.2,,openalex:https://openalex.org/a5108987079,authorship-covered canonical works,canonical works with usable structured OpenAlex authorship,multiple response; one count per unique author per work,4c580842a4d610a72e9d,OpenAlex author ID
Author productivity,Canonical work count,Mohammed Kadri,1,477,0.2,,name-only:sci_0f0b074ee785f63a5645:e6b5fca70afe5b81,authorship-covered canonical works,canonical works with usable structured OpenAlex authorship,multiple response; one count per unique author per work,sci_0f0b074ee785f63a5645,name-only record; duplicates collapsed within work only; not merged across works
Author productivity,Canonical work count,Mohammed Kadri,1,477,0.2,,openalex:https://openalex.org/a5081052608,authorship-covered canonical works,canonical works with usable structured OpenAlex authorship,multiple response; one count per unique author per work,72f2fcd3a833c8b6e39e,OpenAlex author ID
Author productivity,Canonical work count,Mokhira Kuvvatova,1,477,0.2,,openalex:https://openalex.org/a5138511113,authorship-covered canonical works,canonical works with usable structured OpenAlex authorship,multiple response; one count per unique author per work,eb6afac746ee34d7a37f,OpenAlex author ID
Author productivity,Canonical work count,Mona Soliman,1,477,0.2,,openalex:https://openalex.org/a5100856584,authorship-covered canonical works,canonical works with usable structured OpenAlex authorship,multiple response; one count per unique author per work,7acd89712f3fc0bb4cb7,OpenAlex author ID
Author productivity,Canonical work count,Monika Nanda,1,477,0.2,,openalex:https://openalex.org/a5041101451,authorship-covered canonical works,canonical works with usable structured OpenAlex authorship,multiple response; one count per unique author per work,48a55d4cf5cff922481f,OpenAlex author ID
Author productivity,Canonical work count,Mon‐Ju Wu,1,477,0.2,,openalex:https://openalex.org/a5006756404,authorship-covered canonical works,canonical works with usable structured OpenAlex authorship,multiple response; one count per unique author per work,32b43fcb025a9d77581f,OpenAlex author ID
Author productivity,Canonical work count,Mostafa Langarizadeh,1,477,0.2,,openalex:https://openalex.org/a5081108422,authorship-covered canonical works,canonical works with usable structured OpenAlex authorship,multiple response; one count per unique author per work,035291e867ecf965f467,OpenAlex author ID
Author productivity,Canonical work count,Muhammad Munshi,1,477,0.2,,openalex:https://openalex.org/a5048749044,authorship-covered canonical works,canonical works with usable structured OpenAlex authorship,multiple response; one count per unique author per work,197361cc9246160f71a5,OpenAlex author ID
Author productivity,Canonical work count,Muhammad Zahid Iqbal,1,477,0.2,,name-only:b36e071a220a2c96e7c2:82d4bc73965f7061,authorship-covered canonical works,canonical works with usable structured OpenAlex authorship,multiple response; one count per unique author per work,b36e071a220a2c96e7c2,name-only record; duplicates collapsed within work only; not merged across works
Author productivity,Canonical work count,Muhammad Zulfiqah Sadikan,1,477,0.2,,openalex:https://openalex.org/a5033678579,authorship-covered canonical works,canonical works with usable structured OpenAlex authorship,multiple response; one count per unique author per work,87dd3b9b5e7ef2d3f457,OpenAlex author ID
Author productivity,Canonical work count,Murat Tekïn,1,477,0.2,,openalex:https://openalex.org/a5016182821,authorship-covered canonical works,canonical works with usable structured OpenAlex authorship,multiple response; one count per unique author per work,94dc4442e5bc1f047433,OpenAlex author ID
Author productivity,Canonical work count,Murat Özer,1,477,0.2,,openalex:https://openalex.org/a5053076513,authorship-covered canonical works,canonical works with usable structured OpenAlex authorship,multiple response; one count per unique author per work,d885762caf8919afe125,OpenAlex author ID
Author productivity,Canonical work count,Muskaan Sachdeva,1,477,0.2,,openalex:https://openalex.org/a5052586811,authorship-covered canonical works,canonical works with usable structured OpenAlex authorship,multiple response; one count per unique author per work,243562012607f7033171,OpenAlex author ID
Author productivity,Canonical work count,Mustafa A. Al Ibrahim,1,477,0.2,,openalex:https://openalex.org/a5009963240,authorship-covered canonical works,canonical works with usable structured OpenAlex authorship,multiple response; one count per unique author per work,197361cc9246160f71a5,OpenAlex author ID
Author productivity,Canonical work count,Mustafa Demir,1,477,0.2,,openalex:https://openalex.org/a5124413301,authorship-covered canonical works,canonical works with usable structured OpenAlex authorship,multiple response; one count per unique author per work,ec6081495209898a9c42,OpenAlex author ID
Author productivity,Canonical work count,Mustafa Onur Yurdal,1,477,0.2,,openalex:https://openalex.org/a5064493975,authorship-covered canonical works,canonical works with usable structured OpenAlex authorship,multiple response; one count per unique author per work,94dc4442e5bc1f047433,OpenAlex author ID
Author productivity,Canonical work count,Mustika Ratu,1,477,0.2,,openalex:https://openalex.org/a5135090643,authorship-covered canonical works,canonical works with usable structured OpenAlex authorship,multiple response; one count per unique author per work,6a18d985481870e99d72,OpenAlex author ID
Author productivity,Canonical work count,Myles Ojabo,1,477,0.2,,openalex:https://openalex.org/a5120867177,authorship-covered canonical works,canonical works with usable structured OpenAlex authorship,multiple response; one count per unique author per work,0038624c09ec9fe46395,OpenAlex author ID
Author productivity,Canonical work count,Myungeun Lee,1,477,0.2,,openalex:https://openalex.org/a5081718018,authorship-covered canonical works,canonical works with usable structured OpenAlex authorship,multiple response; one count per unique author per work,1df5cdc0b4ba5e34b2ba,OpenAlex author ID
Author productivity,Canonical work count,N. A. Leohenkii,1,477,0.2,,openalex:https://openalex.org/a5144849228,authorship-covered canonical works,canonical works with usable structured OpenAlex authorship,multiple response; one count per unique author per work,8a18fabf9cf9be3f8a36,OpenAlex author ID
Author productivity,Canonical work count,N. Chen,1,477,0.2,,openalex:https://openalex.org/a5088092856,authorship-covered canonical works,canonical works with usable structured OpenAlex authorship,multiple response; one count per unique author per work,6d60da2f964efcc60587,OpenAlex author ID
Author productivity,Canonical work count,N. D. Pavlyukovich,1,477,0.2,,openalex:https://openalex.org/a5041176422,authorship-covered canonical works,canonical works with usable structured OpenAlex authorship,multiple response; one count per unique author per work,14a6c8b99daf76e8179d,OpenAlex author ID
Author productivity,Canonical work count,N. Z. Jhanjhi,1,477,0.2,,openalex:https://openalex.org/a5029582839,authorship-covered canonical works,canonical works with usable structured OpenAlex authorship,multiple response; one count per unique author per work,5966d1a884499670acf2,OpenAlex author ID
Author productivity,Canonical work count,N.H. Kapadia,1,477,0.2,,openalex:https://openalex.org/a5018895746,authorship-covered canonical works,canonical works with usable structured OpenAlex authorship,multiple response; one count per unique author per work,f9c1bb8b50eb65edbf84,OpenAlex author ID
Author productivity,Canonical work count,Nadine Wodwaski,1,477,0.2,,openalex:https://openalex.org/a5018860151,authorship-covered canonical works,canonical works with usable structured OpenAlex authorship,multiple response; one count per unique author per work,4781da10664bc6a33ebc,OpenAlex author ID
Author productivity,Canonical work count,Namkee Oh,1,477,0.2,,openalex:https://openalex.org/a5043814482,authorship-covered canonical works,canonical works with usable structured OpenAlex authorship,multiple response; one count per unique author per work,581dc0790951c1557bba,OpenAlex author ID
Author productivity,Canonical work count,Nan Meng,1,477,0.2,,openalex:https://openalex.org/a5019509284,authorship-covered canonical works,canonical works with usable structured OpenAlex authorship,multiple response; one count per unique author per work,ead3628c23fe3e244e24,OpenAlex author ID
Author productivity,Canonical work count,Nancy Posel,1,477,0.2,,openalex:https://openalex.org/a5069111816,authorship-covered canonical works,canonical works with usable structured OpenAlex authorship,multiple response; one count per unique author per work,7791c8951d81b4aa0b71,OpenAlex author ID
Author productivity,Canonical work count,Nans Florens,1,477,0.2,,openalex:https://openalex.org/a5048677486,authorship-covered canonical works,canonical works with usable structured OpenAlex authorship,multiple response; one count per unique author per work,03345c1deb2aad29820e,OpenAlex author ID
Author productivity,Canonical work count,Nao Takegawa,1,477,0.2,,openalex:https://openalex.org/a5114957139,authorship-covered canonical works,canonical works with usable structured OpenAlex authorship,multiple response; one count per unique author per work,fcd1902a5e565b2d2fcc,OpenAlex author ID
Author productivity,Canonical work count,Narae Yoon,1,477,0.2,,openalex:https://openalex.org/a5128774648,authorship-covered canonical works,canonical works with usable structured OpenAlex authorship,multiple response; one count per unique author per work,9d0e015a74d4a026b092,OpenAlex author ID
Author productivity,Canonical work count,Nataliia Bogutska,1,477,0.2,,openalex:https://openalex.org/a5048559986,authorship-covered canonical works,canonical works with usable structured OpenAlex authorship,multiple response; one count per unique author per work,14a6c8b99daf76e8179d,OpenAlex author ID
Author productivity,Canonical work count,Natasha McClure,1,477,0.2,,openalex:https://openalex.org/a5007623305,authorship-covered canonical works,canonical works with usable structured OpenAlex authorship,multiple response; one count per unique author per work,7ab76d429b6539b40243,OpenAlex author ID
Author productivity,Canonical work count,Natasha Taylor,1,477,0.2,,openalex:https://openalex.org/a5090207873,authorship-covered canonical works,canonical works with usable structured OpenAlex authorship,multiple response; one count per unique author per work,30b04ea7e17c283383c8,OpenAlex author ID
Author productivity,Canonical work count,Natasha Tey,1,477,0.2,,openalex:https://openalex.org/a5143811219,authorship-covered canonical works,canonical works with usable structured OpenAlex authorship,multiple response; one count per unique author per work,3592795dfee0e066000a,OpenAlex author ID
Author productivity,Canonical work count,Nathan Gauge,1,477,0.2,,openalex:https://openalex.org/a5143400835,authorship-covered canonical works,canonical works with usable structured OpenAlex authorship,multiple response; one count per unique author per work,bed98da775e40e17c44e,OpenAlex author ID
Author productivity,Canonical work count,Nathan Wolfrath,1,477,0.2,,openalex:https://openalex.org/a5043946088,authorship-covered canonical works,canonical works with usable structured OpenAlex authorship,multiple response; one count per unique author per work,8bece1a102e2fe87b74e,OpenAlex author ID
Author productivity,Canonical work count,Nathaniel B. Verhagen,1,477,0.2,,openalex:https://openalex.org/a5060369057,authorship-covered canonical works,canonical works with usable structured OpenAlex authorship,multiple response; one count per unique author per work,8bece1a102e2fe87b74e,OpenAlex author ID
Author productivity,Canonical work count,Nathaniel Swinger,1,477,0.2,,openalex:https://openalex.org/a5059342404,authorship-covered canonical works,canonical works with usable structured OpenAlex authorship,multiple response; one count per unique author per work,ed23e4c8ee00516d2110,OpenAlex author ID
Author productivity,Canonical work count,Natsuno Arii,1,477,0.2,,openalex:https://openalex.org/a5118495462,authorship-covered canonical works,canonical works with usable structured OpenAlex authorship,multiple response; one count per unique author per work,862592293f46ff109fb6,OpenAlex author ID
Author productivity,Canonical work count,Natsuyo Shinohara,1,477,0.2,,openalex:https://openalex.org/a5103900228,authorship-covered canonical works,canonical works with usable structured OpenAlex authorship,multiple response; one count per unique author per work,862592293f46ff109fb6,OpenAlex author ID
Author productivity,Canonical work count,Naveena Yanamala,1,477,0.2,,openalex:https://openalex.org/a5138448663,authorship-covered canonical works,canonical works with usable structured OpenAlex authorship,multiple response; one count per unique author per work,425ec6ee2ca714b7434a,OpenAlex author ID
Author productivity,Canonical work count,Navjeet Baath,1,477,0.2,,openalex:https://openalex.org/a5107585747,authorship-covered canonical works,canonical works with usable structured OpenAlex authorship,multiple response; one count per unique author per work,58483951ebaed609e26a,OpenAlex author ID
Author productivity,Canonical work count,Neha P. Raukar,1,477,0.2,,openalex:https://openalex.org/a5021960275,authorship-covered canonical works,canonical works with usable structured OpenAlex authorship,multiple response; one count per unique author per work,039798e4f1498c17cf82,OpenAlex author ID
Author productivity,Canonical work count,Neil K. R. Sehgal,1,477,0.2,,openalex:https://openalex.org/a5059893601,authorship-covered canonical works,canonical works with usable structured OpenAlex authorship,multiple response; one count per unique author per work,72c30900482428bf1e49,OpenAlex author ID
Author productivity,Canonical work count,Neil Mehta,1,477,0.2,,openalex:https://openalex.org/a5036938507,authorship-covered canonical works,canonical works with usable structured OpenAlex authorship,multiple response; one count per unique author per work,eeb5a3afa4e8b1c2635c,OpenAlex author ID
Author productivity,Canonical work count,Neil Sardesai,1,477,0.2,,openalex:https://openalex.org/a5013578102,authorship-covered canonical works,canonical works with usable structured OpenAlex authorship,multiple response; one count per unique author per work,e2a36443154e9a33aff9,OpenAlex author ID
Author productivity,Canonical work count,Nev Jones,1,477,0.2,,openalex:https://openalex.org/a5090436832,authorship-covered canonical works,canonical works with usable structured OpenAlex authorship,multiple response; one count per unique author per work,sci_637ee1f73b6fd5027d1c,OpenAlex author ID
Author productivity,Canonical work count,Nevil C. Philip,1,477,0.2,,openalex:https://openalex.org/a5034339455,authorship-covered canonical works,canonical works with usable structured OpenAlex authorship,multiple response; one count per unique author per work,f54e36609097c96e8b6d,OpenAlex author ID
Author productivity,Canonical work count,"Nguyen, Tri",1,477,0.2,,name-only:d885762caf8919afe125:e645cda1f75392dc,authorship-covered canonical works,canonical works with usable structured OpenAlex authorship,multiple response; one count per unique author per work,d885762caf8919afe125,name-only record; duplicates collapsed within work only; not merged across works
Author productivity,Canonical work count,Nicholas D. Kortan,1,477,0.2,,openalex:https://openalex.org/a5021549725,authorship-covered canonical works,canonical works with usable structured OpenAlex authorship,multiple response; one count per unique author per work,bb3a5362f067d65fc98d,OpenAlex author ID
Author productivity,Canonical work count,Nicholas Pantelakis,1,477,0.2,,openalex:https://openalex.org/a5134806585,authorship-covered canonical works,canonical works with usable structured OpenAlex authorship,multiple response; one count per unique author per work,caf55d1c5f0358791a96,OpenAlex author ID
Author productivity,Canonical work count,Nicholas Wee Siong Neo,1,477,0.2,,openalex:https://openalex.org/a5068224293,authorship-covered canonical works,canonical works with usable structured OpenAlex authorship,multiple response; one count per unique author per work,e5e611fc18a4d66128d9,OpenAlex author ID
Author productivity,Canonical work count,Nicola Straiton,1,477,0.2,,openalex:https://openalex.org/a5002619294,authorship-covered canonical works,canonical works with usable structured OpenAlex authorship,multiple response; one count per unique author per work,5dd47cd1855294dcfafd,OpenAlex author ID
Author productivity,Canonical work count,Nicolas Laverde,1,477,0.2,,openalex:https://openalex.org/a5117728080,authorship-covered canonical works,canonical works with usable structured OpenAlex authorship,multiple response; one count per unique author per work,432422a165ddc6a24c2f,OpenAlex author ID
Author productivity,Canonical work count,Nicolas Vallet,1,477,0.2,,openalex:https://openalex.org/a5059853582,authorship-covered canonical works,canonical works with usable structured OpenAlex authorship,multiple response; one count per unique author per work,5aeb6b891099b95aa832,OpenAlex author ID
Author productivity,Canonical work count,Nicole Kroll,1,477,0.2,,openalex:https://openalex.org/a5117770189,authorship-covered canonical works,canonical works with usable structured OpenAlex authorship,multiple response; one count per unique author per work,b052274076e5e7cc16db,OpenAlex author ID
Author productivity,Canonical work count,Nicole Last,1,477,0.2,,openalex:https://openalex.org/a5018353565,authorship-covered canonical works,canonical works with usable structured OpenAlex authorship,multiple response; one count per unique author per work,58483951ebaed609e26a,OpenAlex author ID
Author productivity,Canonical work count,Nicole Peters Kroll,1,477,0.2,,openalex:https://openalex.org/a5015702663,authorship-covered canonical works,canonical works with usable structured OpenAlex authorship,multiple response; one count per unique author per work,c301ce506b01b01e6207,OpenAlex author ID
Author productivity,Canonical work count,Nicole Wan Chyan Chia,1,477,0.2,,openalex:https://openalex.org/a5126008799,authorship-covered canonical works,canonical works with usable structured OpenAlex authorship,multiple response; one count per unique author per work,0aad164402f8e4deea3b,OpenAlex author ID
Author productivity,Canonical work count,Nicolás Elías de Peralta,1,477,0.2,,openalex:https://openalex.org/a5095996881,authorship-covered canonical works,canonical works with usable structured OpenAlex authorship,multiple response; one count per unique author per work,a44cf2193e8756673fa7,OpenAlex author ID
Author productivity,Canonical work count,Nihal Ahamed,1,477,0.2,,openalex:https://openalex.org/a5126703172,authorship-covered canonical works,canonical works with usable structured OpenAlex authorship,multiple response; one count per unique author per work,3e3d7476a0d0198a12a3,OpenAlex author ID
Author productivity,Canonical work count,Niina Ito,1,477,0.2,,name-only:fcd1902a5e565b2d2fcc:a23f91779de66298,authorship-covered canonical works,canonical works with usable structured OpenAlex authorship,multiple response; one count per unique author per work,fcd1902a5e565b2d2fcc,name-only record; duplicates collapsed within work only; not merged across works
Author productivity,Canonical work count,Nikhil Gupta,1,477,0.2,,openalex:https://openalex.org/a5101524905,authorship-covered canonical works,canonical works with usable structured OpenAlex authorship,multiple response; one count per unique author per work,5c99d6be17d81210020f,OpenAlex author ID
Author productivity,Canonical work count,Nikhil Manoj,1,477,0.2,,openalex:https://openalex.org/a5130746587,authorship-covered canonical works,canonical works with usable structured OpenAlex authorship,multiple response; one count per unique author per work,c98aa2499bea62fd3f2a,OpenAlex author ID
Author productivity,Canonical work count,Nikhil Ramaiya,1,477,0.2,,openalex:https://openalex.org/a5146820916,authorship-covered canonical works,canonical works with usable structured OpenAlex authorship,multiple response; one count per unique author per work,e5304eeb960c6393b03a,OpenAlex author ID
Author productivity,Canonical work count,Nikhilesh Anand,1,477,0.2,,openalex:https://openalex.org/a5068449054,authorship-covered canonical works,canonical works with usable structured OpenAlex authorship,multiple response; one count per unique author per work,76597dc445d9df2ae743,OpenAlex author ID
Author productivity,Canonical work count,Nikil Dutt,1,477,0.2,,openalex:https://openalex.org/a5102144903,authorship-covered canonical works,canonical works with usable structured OpenAlex authorship,multiple response; one count per unique author per work,235688621e9d66593a40,OpenAlex author ID
Author productivity,Canonical work count,Nikki Binz,1,477,0.2,,openalex:https://openalex.org/a5118762034,authorship-covered canonical works,canonical works with usable structured OpenAlex authorship,multiple response; one count per unique author per work,039798e4f1498c17cf82,OpenAlex author ID
Author productivity,Canonical work count,Nikki Holliday,1,477,0.2,,openalex:https://openalex.org/a5032786214,authorship-covered canonical works,canonical works with usable structured OpenAlex authorship,multiple response; one count per unique author per work,30b04ea7e17c283383c8,OpenAlex author ID
Author productivity,Canonical work count,Nikki Nathanielsz,1,477,0.2,,openalex:https://openalex.org/a5032199191,authorship-covered canonical works,canonical works with usable structured OpenAlex authorship,multiple response; one count per unique author per work,243562012607f7033171,OpenAlex author ID
Author productivity,Canonical work count,Niklas Pakkasjärvi,1,477,0.2,,openalex:https://openalex.org/a5082522273,authorship-covered canonical works,canonical works with usable structured OpenAlex authorship,multiple response; one count per unique author per work,088f42aecd2674d3dbe5,OpenAlex author ID
Author productivity,Canonical work count,Nilgün BEK,1,477,0.2,,openalex:https://openalex.org/a5135356130,authorship-covered canonical works,canonical works with usable structured OpenAlex authorship,multiple response; one count per unique author per work,5e70fc602d28beb4158b,OpenAlex author ID
Author productivity,Canonical work count,Niloy Roy,1,477,0.2,,openalex:https://openalex.org/a5112221337,authorship-covered canonical works,canonical works with usable structured OpenAlex authorship,multiple response; one count per unique author per work,63c69a200d415bc42d9b,OpenAlex author ID
Author productivity,Canonical work count,Nin-Jun Zhu,1,477,0.2,,name-only:668b98624eeda1089d99:c8cc9b519630bc8a,authorship-covered canonical works,canonical works with usable structured OpenAlex authorship,multiple response; one count per unique author per work,668b98624eeda1089d99,name-only record; duplicates collapsed within work only; not merged across works
Author productivity,Canonical work count,Nina Tan,1,477,0.2,,openalex:https://openalex.org/a5082117161,authorship-covered canonical works,canonical works with usable structured OpenAlex authorship,multiple response; one count per unique author per work,d90096afc3b383fbecb7,OpenAlex author ID
Author productivity,Canonical work count,Nirmal Saseendran,1,477,0.2,,openalex:https://openalex.org/a5126595574,authorship-covered canonical works,canonical works with usable structured OpenAlex authorship,multiple response; one count per unique author per work,5b356113a239c62ba5ac,OpenAlex author ID
Author productivity,Canonical work count,Nivedha Kannapadi,1,477,0.2,,openalex:https://openalex.org/a5059713182,authorship-covered canonical works,canonical works with usable structured OpenAlex authorship,multiple response; one count per unique author per work,50ac103890932b40242c,OpenAlex author ID
Author productivity,Canonical work count,Noa Beiman,1,477,0.2,,openalex:https://openalex.org/a5116888495,authorship-covered canonical works,canonical works with usable structured OpenAlex authorship,multiple response; one count per unique author per work,e4a287ed511b7be9baa5,OpenAlex author ID
Author productivity,Canonical work count,Noah Kurian Jacob,1,477,0.2,,openalex:https://openalex.org/a5146949988,authorship-covered canonical works,canonical works with usable structured OpenAlex authorship,multiple response; one count per unique author per work,425ec6ee2ca714b7434a,OpenAlex author ID
Author productivity,Canonical work count,Nobu Fukumoto,1,477,0.2,,openalex:https://openalex.org/a5076866524,authorship-covered canonical works,canonical works with usable structured OpenAlex authorship,multiple response; one count per unique author per work,862592293f46ff109fb6,OpenAlex author ID
Author productivity,Canonical work count,Noor Akmal Shareela Ismail,1,477,0.2,,openalex:https://openalex.org/a5144058855,authorship-covered canonical works,canonical works with usable structured OpenAlex authorship,multiple response; one count per unique author per work,31f58d5793ca1ef590ea,OpenAlex author ID
Author productivity,Canonical work count,Noor Siah Abdul Aziz,1,477,0.2,,openalex:https://openalex.org/a5044093952,authorship-covered canonical works,canonical works with usable structured OpenAlex authorship,multiple response; one count per unique author per work,643ef34d4dd326d5b164,OpenAlex author ID
Author productivity,Canonical work count,Nora C. Kim,1,477,0.2,,openalex:https://openalex.org/a5070207769,authorship-covered canonical works,canonical works with usable structured OpenAlex authorship,multiple response; one count per unique author per work,50ac103890932b40242c,OpenAlex author ID
Author productivity,Canonical work count,Nouf Alshowaier,1,477,0.2,,openalex:https://openalex.org/a5119281824,authorship-covered canonical works,canonical works with usable structured OpenAlex authorship,multiple response; one count per unique author per work,155acc9f21eba7b06b56,OpenAlex author ID
Author productivity,Canonical work count,Nozomu Shima,1,477,0.2,,openalex:https://openalex.org/a5011522137,authorship-covered canonical works,canonical works with usable structured OpenAlex authorship,multiple response; one count per unique author per work,862592293f46ff109fb6,OpenAlex author ID
Author productivity,Canonical work count,Nsomma A. Alilonu,1,477,0.2,,openalex:https://openalex.org/a5098925979,authorship-covered canonical works,canonical works with usable structured OpenAlex authorship,multiple response; one count per unique author per work,sci_300870bf7109221baf28,OpenAlex author ID
Author productivity,Canonical work count,Nuntapong Boonrit,1,477,0.2,,openalex:https://openalex.org/a5093882285,authorship-covered canonical works,canonical works with usable structured OpenAlex authorship,multiple response; one count per unique author per work,1a8a9f25ccdf589f88f6,OpenAlex author ID
Author productivity,Canonical work count,Nuoxi Lin,1,477,0.2,,openalex:https://openalex.org/a5083092093,authorship-covered canonical works,canonical works with usable structured OpenAlex authorship,multiple response; one count per unique author per work,582bc7c400fa7acf214f,OpenAlex author ID
Author productivity,Canonical work count,Nur Fariza Ramly,1,477,0.2,,openalex:https://openalex.org/a5039925787,authorship-covered canonical works,canonical works with usable structured OpenAlex authorship,multiple response; one count per unique author per work,43800694173ba371af4f,OpenAlex author ID
Author productivity,Canonical work count,O.N Ekwufulem,1,477,0.2,,openalex:https://openalex.org/a5140550402,authorship-covered canonical works,canonical works with usable structured OpenAlex authorship,multiple response; one count per unique author per work,681bba8e632d1614f426,OpenAlex author ID
Author productivity,Canonical work count,Odiljon Qobilov,1,477,0.2,,openalex:https://openalex.org/a5121968309,authorship-covered canonical works,canonical works with usable structured OpenAlex authorship,multiple response; one count per unique author per work,eb6afac746ee34d7a37f,OpenAlex author ID
Author productivity,Canonical work count,Ole Hätscher,1,477,0.2,,openalex:https://openalex.org/a5137363914,authorship-covered canonical works,canonical works with usable structured OpenAlex authorship,multiple response; one count per unique author per work,7442954006aac8fa63fa,OpenAlex author ID
Author productivity,Canonical work count,Oleh Bilokrylyi,1,477,0.2,,openalex:https://openalex.org/a5120042074,authorship-covered canonical works,canonical works with usable structured OpenAlex authorship,multiple response; one count per unique author per work,11f31f18ad70545cab85,OpenAlex author ID
Author productivity,Canonical work count,Olga Chernikova,1,477,0.2,,openalex:https://openalex.org/a5083568392,authorship-covered canonical works,canonical works with usable structured OpenAlex authorship,multiple response; one count per unique author per work,43f6ad0fa6f4597d56fc,OpenAlex author ID
Author productivity,Canonical work count,Olga Riklikienė,1,477,0.2,,openalex:https://openalex.org/a5056361051,authorship-covered canonical works,canonical works with usable structured OpenAlex authorship,multiple response; one count per unique author per work,e9d6ceded269a04cde99,OpenAlex author ID
Author productivity,Canonical work count,Olga Winkler,1,477,0.2,,openalex:https://openalex.org/a5048237201,authorship-covered canonical works,canonical works with usable structured OpenAlex authorship,multiple response; one count per unique author per work,63c69a200d415bc42d9b,OpenAlex author ID
Author productivity,Canonical work count,Oliver Ng,1,477,0.2,,openalex:https://openalex.org/a5000554874,authorship-covered canonical works,canonical works with usable structured OpenAlex authorship,multiple response; one count per unique author per work,db80308782a219cbea0e,OpenAlex author ID
Author productivity,Canonical work count,Olivia Ganescu,1,477,0.2,,openalex:https://openalex.org/a5040016364,authorship-covered canonical works,canonical works with usable structured OpenAlex authorship,multiple response; one count per unique author per work,7791c8951d81b4aa0b71,OpenAlex author ID
Author productivity,Canonical work count,Olivia Wright,1,477,0.2,,openalex:https://openalex.org/a5043008069,authorship-covered canonical works,canonical works with usable structured OpenAlex authorship,multiple response; one count per unique author per work,dec5b56924e40c32e506,OpenAlex author ID
Author productivity,Canonical work count,Omar G Ahmed,1,477,0.2,,openalex:https://openalex.org/a5134865427,authorship-covered canonical works,canonical works with usable structured OpenAlex authorship,multiple response; one count per unique author per work,6ad5ba253eb6dea25a47,OpenAlex author ID
Author productivity,Canonical work count,Orit Karnieli-Miller,1,477,0.2,,openalex:https://openalex.org/a5124395450,authorship-covered canonical works,canonical works with usable structured OpenAlex authorship,multiple response; one count per unique author per work,116dd099707d378fb9a6,OpenAlex author ID
Author productivity,Canonical work count,Ou Chen,1,477,0.2,,openalex:https://openalex.org/a5138100525,authorship-covered canonical works,canonical works with usable structured OpenAlex authorship,multiple response; one count per unique author per work,669cbda7d16ac3f32155,OpenAlex author ID
Author productivity,Canonical work count,Owen Crawford,1,477,0.2,,openalex:https://openalex.org/a5113222857,authorship-covered canonical works,canonical works with usable structured OpenAlex authorship,multiple response; one count per unique author per work,c4f5fe90704c2aa68c75,OpenAlex author ID
Author productivity,Canonical work count,Ozlem Ulku Bulut,1,477,0.2,,openalex:https://openalex.org/a5128736789,authorship-covered canonical works,canonical works with usable structured OpenAlex authorship,multiple response; one count per unique author per work,5e70fc602d28beb4158b,OpenAlex author ID
Author productivity,Canonical work count,Oğuzhan Kılınçel,1,477,0.2,,openalex:https://openalex.org/a5035466312,authorship-covered canonical works,canonical works with usable structured OpenAlex authorship,multiple response; one count per unique author per work,73cb9769cd2180a04bb0,OpenAlex author ID
Author productivity,Canonical work count,P Courtet,1,477,0.2,,openalex:https://openalex.org/a5054305425,authorship-covered canonical works,canonical works with usable structured OpenAlex authorship,multiple response; one count per unique author per work,73f1b1dee9a19c0ea0af,OpenAlex author ID
Author productivity,Canonical work count,P Lajkó,1,477,0.2,,openalex:https://openalex.org/a5038822710,authorship-covered canonical works,canonical works with usable structured OpenAlex authorship,multiple response; one count per unique author per work,sci_479872e4f60f538cbd03,OpenAlex author ID
Author productivity,Canonical work count,P. Kubíček,1,477,0.2,,openalex:https://openalex.org/a5144102457,authorship-covered canonical works,canonical works with usable structured OpenAlex authorship,multiple response; one count per unique author per work,ea35181a48e801132195,OpenAlex author ID
Author productivity,Canonical work count,P. R. R. Clarke,1,477,0.2,,openalex:https://openalex.org/a5011046174,authorship-covered canonical works,canonical works with usable structured OpenAlex authorship,multiple response; one count per unique author per work,415ba4f99eeb473a50c2,OpenAlex author ID
Author productivity,Canonical work count,P. Sivaram,1,477,0.2,,openalex:https://openalex.org/a5053121764,authorship-covered canonical works,canonical works with usable structured OpenAlex authorship,multiple response; one count per unique author per work,caf55d1c5f0358791a96,OpenAlex author ID
Author productivity,Canonical work count,Pablo Achurra,1,477,0.2,,openalex:https://openalex.org/a5011950767,authorship-covered canonical works,canonical works with usable structured OpenAlex authorship,multiple response; one count per unique author per work,b53bf33d223a68f17e8c,OpenAlex author ID
Author productivity,Canonical work count,Pak Ming Fan,1,477,0.2,,openalex:https://openalex.org/a5023973129,authorship-covered canonical works,canonical works with usable structured OpenAlex authorship,multiple response; one count per unique author per work,ead3628c23fe3e244e24,OpenAlex author ID
Author productivity,Canonical work count,Pao-Ju Chen,1,477,0.2,,openalex:https://openalex.org/a5002608907,authorship-covered canonical works,canonical works with usable structured OpenAlex authorship,multiple response; one count per unique author per work,8f2528d2ba0e05485210,OpenAlex author ID
Author productivity,Canonical work count,Paola Mejía Hernández,1,477,0.2,,openalex:https://openalex.org/a5122255724,authorship-covered canonical works,canonical works with usable structured OpenAlex authorship,multiple response; one count per unique author per work,d0ead936020ec24f78a7,OpenAlex author ID
Author productivity,Canonical work count,Paolo Minerba,1,477,0.2,,openalex:https://openalex.org/a5139253872,authorship-covered canonical works,canonical works with usable structured OpenAlex authorship,multiple response; one count per unique author per work,07d462beafe4d21ba016,OpenAlex author ID
Author productivity,Canonical work count,Paolo Russo,1,477,0.2,,openalex:https://openalex.org/a5062555637,authorship-covered canonical works,canonical works with usable structured OpenAlex authorship,multiple response; one count per unique author per work,e2a36443154e9a33aff9,OpenAlex author ID
Author productivity,Canonical work count,Paolo Santino P. Caoile,1,477,0.2,,openalex:https://openalex.org/a5115950670,authorship-covered canonical works,canonical works with usable structured OpenAlex authorship,multiple response; one count per unique author per work,7fc0513f51b7c61dad31,OpenAlex author ID
Author productivity,Canonical work count,Pascal Kockwelp,1,477,0.2,,openalex:https://openalex.org/a5059415364,authorship-covered canonical works,canonical works with usable structured OpenAlex authorship,multiple response; one count per unique author per work,7442954006aac8fa63fa,OpenAlex author ID
Author productivity,Canonical work count,Pascal Riachi,1,477,0.2,,openalex:https://openalex.org/a5138791050,authorship-covered canonical works,canonical works with usable structured OpenAlex authorship,multiple response; one count per unique author per work,20e73ed62a3078e6a9b4,OpenAlex author ID
Author productivity,Canonical work count,Pascal Staccini,1,477,0.2,,openalex:https://openalex.org/a5056891151,authorship-covered canonical works,canonical works with usable structured OpenAlex authorship,multiple response; one count per unique author per work,5245cf325337d81e78ff,OpenAlex author ID
Author productivity,Canonical work count,Patrick A. Boland,1,477,0.2,,openalex:https://openalex.org/a5003718017,authorship-covered canonical works,canonical works with usable structured OpenAlex authorship,multiple response; one count per unique author per work,1c5402a057ba8f451244,OpenAlex author ID
Author productivity,Canonical work count,Patrick Meybohm,1,477,0.2,,openalex:https://openalex.org/a5004835573,authorship-covered canonical works,canonical works with usable structured OpenAlex authorship,multiple response; one count per unique author per work,47160b043b610b447eca,OpenAlex author ID
Author productivity,Canonical work count,Patrick Pui Kin Kor,1,477,0.2,,openalex:https://openalex.org/a5137988468,authorship-covered canonical works,canonical works with usable structured OpenAlex authorship,multiple response; one count per unique author per work,3adc77e0b0502fcefcc3,OpenAlex author ID
Author productivity,Canonical work count,Patrick Staples,1,477,0.2,,openalex:https://openalex.org/a5045799059,authorship-covered canonical works,canonical works with usable structured OpenAlex authorship,multiple response; one count per unique author per work,415ba4f99eeb473a50c2,OpenAlex author ID
Author productivity,Canonical work count,Patrick Ting,1,477,0.2,,openalex:https://openalex.org/a5088316418,authorship-covered canonical works,canonical works with usable structured OpenAlex authorship,multiple response; one count per unique author per work,54972cda535948a803e8,OpenAlex author ID
Author productivity,Canonical work count,Paul A. Hemmer,1,477,0.2,,openalex:https://openalex.org/a5021066781,authorship-covered canonical works,canonical works with usable structured OpenAlex authorship,multiple response; one count per unique author per work,7bda59402c9478eda64c,OpenAlex author ID
Author productivity,Canonical work count,Paul B.S. Lai,1,477,0.2,,openalex:https://openalex.org/a5007877222,authorship-covered canonical works,canonical works with usable structured OpenAlex authorship,multiple response; one count per unique author per work,0b1e929029c5b43c5beb,OpenAlex author ID
Author productivity,Canonical work count,Paul Calcraft,1,477,0.2,,openalex:https://openalex.org/a5118857530,authorship-covered canonical works,canonical works with usable structured OpenAlex authorship,multiple response; one count per unique author per work,2a63460a75ff944e1d44,OpenAlex author ID
Author productivity,Canonical work count,Paul Gellert,1,477,0.2,,openalex:https://openalex.org/a5076407919,authorship-covered canonical works,canonical works with usable structured OpenAlex authorship,multiple response; one count per unique author per work,37bb0c4c182653ebb8f9,OpenAlex author ID
Author productivity,Canonical work count,Paula Rodrigues‐Pereira,1,477,0.2,,openalex:https://openalex.org/a5120597455,authorship-covered canonical works,canonical works with usable structured OpenAlex authorship,multiple response; one count per unique author per work,3aba8ba7976a49acd0ac,OpenAlex author ID
Author productivity,Canonical work count,Paulo V. Steagall,1,477,0.2,,openalex:https://openalex.org/a5068546352,authorship-covered canonical works,canonical works with usable structured OpenAlex authorship,multiple response; one count per unique author per work,ffe994fbb4a27b100f16,OpenAlex author ID
Author productivity,Canonical work count,Pedro Ribeiro,1,477,0.2,,openalex:https://openalex.org/a5029102665,authorship-covered canonical works,canonical works with usable structured OpenAlex authorship,multiple response; one count per unique author per work,d46506f34cc784478c88,OpenAlex author ID
Author productivity,Canonical work count,Pei-Ching Ngu,1,477,0.2,,openalex:https://openalex.org/a5000015838,authorship-covered canonical works,canonical works with usable structured OpenAlex authorship,multiple response; one count per unique author per work,32c1dcd0212f833ee125,OpenAlex author ID
Author productivity,Canonical work count,Peijie Lin,1,477,0.2,,openalex:https://openalex.org/a5131448167,authorship-covered canonical works,canonical works with usable structured OpenAlex authorship,multiple response; one count per unique author per work,6f1527fb10827ca1da01,OpenAlex author ID
Author productivity,Canonical work count,Pelin Göksel,1,477,0.2,,openalex:https://openalex.org/a5010746941,authorship-covered canonical works,canonical works with usable structured OpenAlex authorship,multiple response; one count per unique author per work,73cb9769cd2180a04bb0,OpenAlex author ID
Author productivity,Canonical work count,Penelope C. Lema,1,477,0.2,,openalex:https://openalex.org/a5066581771,authorship-covered canonical works,canonical works with usable structured OpenAlex authorship,multiple response; one count per unique author per work,039798e4f1498c17cf82,OpenAlex author ID
Author productivity,Canonical work count,Pengyu Lu,1,477,0.2,,openalex:https://openalex.org/a5123744233,authorship-covered canonical works,canonical works with usable structured OpenAlex authorship,multiple response; one count per unique author per work,ead3628c23fe3e244e24,OpenAlex author ID
Author productivity,Canonical work count,Peter Kranke,1,477,0.2,,openalex:https://openalex.org/a5060782749,authorship-covered canonical works,canonical works with usable structured OpenAlex authorship,multiple response; one count per unique author per work,47160b043b610b447eca,OpenAlex author ID
Author productivity,Canonical work count,Petros Lameras,1,477,0.2,,openalex:https://openalex.org/a5019775906,authorship-covered canonical works,canonical works with usable structured OpenAlex authorship,multiple response; one count per unique author per work,30b04ea7e17c283383c8,OpenAlex author ID
Author productivity,Canonical work count,"Pham, Thai",1,477,0.2,,name-only:5e9d52b66e4686a38781:6d3ab1fe50ec7d1d,authorship-covered canonical works,canonical works with usable structured OpenAlex authorship,multiple response; one count per unique author per work,5e9d52b66e4686a38781,name-only record; duplicates collapsed within work only; not merged across works
Author productivity,Canonical work count,Philip D. McEntee,1,477,0.2,,openalex:https://openalex.org/a5071766344,authorship-covered canonical works,canonical works with usable structured OpenAlex authorship,multiple response; one count per unique author per work,1c5402a057ba8f451244,OpenAlex author ID
Author productivity,Canonical work count,Philippe Amouyel,1,477,0.2,,openalex:https://openalex.org/a5033321689,authorship-covered canonical works,canonical works with usable structured OpenAlex authorship,multiple response; one count per unique author per work,03345c1deb2aad29820e,OpenAlex author ID
Author productivity,Canonical work count,Philippe Gatault,1,477,0.2,,openalex:https://openalex.org/a5078724215,authorship-covered canonical works,canonical works with usable structured OpenAlex authorship,multiple response; one count per unique author per work,5aeb6b891099b95aa832,OpenAlex author ID
Author productivity,Canonical work count,Phillip Olla,1,477,0.2,,openalex:https://openalex.org/a5048479550,authorship-covered canonical works,canonical works with usable structured OpenAlex authorship,multiple response; one count per unique author per work,4781da10664bc6a33ebc,OpenAlex author ID
Author productivity,Canonical work count,Pierre Wohlgemuth,1,477,0.2,,openalex:https://openalex.org/a5078460213,authorship-covered canonical works,canonical works with usable structured OpenAlex authorship,multiple response; one count per unique author per work,8ad0258644c0c312a7d8,OpenAlex author ID
Author productivity,Canonical work count,Pinar Kullu,1,477,0.2,,openalex:https://openalex.org/a5053195426,authorship-covered canonical works,canonical works with usable structured OpenAlex authorship,multiple response; one count per unique author per work,3cc4d65478e63af8ab6e,OpenAlex author ID
Author productivity,Canonical work count,Pinckney Benedict,1,477,0.2,,openalex:https://openalex.org/a5088823412,authorship-covered canonical works,canonical works with usable structured OpenAlex authorship,multiple response; one count per unique author per work,8db4130844dc8d367d1f,OpenAlex author ID
Author productivity,Canonical work count,Ping Wu,1,477,0.2,,openalex:https://openalex.org/a5135154130,authorship-covered canonical works,canonical works with usable structured OpenAlex authorship,multiple response; one count per unique author per work,da920e8320da57a1954a,OpenAlex author ID
Author productivity,Canonical work count,Ping Zhao,1,477,0.2,,openalex:https://openalex.org/a5011017196,authorship-covered canonical works,canonical works with usable structured OpenAlex authorship,multiple response; one count per unique author per work,902be756a877af6118c0,OpenAlex author ID
Author productivity,Canonical work count,Polamreddy Dinesh Reddy,1,477,0.2,,openalex:https://openalex.org/a5126641807,authorship-covered canonical works,canonical works with usable structured OpenAlex authorship,multiple response; one count per unique author per work,5b356113a239c62ba5ac,OpenAlex author ID
Author productivity,Canonical work count,Poonnakarn Panjasriprakarn,1,477,0.2,,openalex:https://openalex.org/a5064999253,authorship-covered canonical works,canonical works with usable structured OpenAlex authorship,multiple response; one count per unique author per work,594d7ce86781a2e8398f,OpenAlex author ID
Author productivity,Canonical work count,Prakit Anukoolwittaya,1,477,0.2,,openalex:https://openalex.org/a5068357485,authorship-covered canonical works,canonical works with usable structured OpenAlex authorship,multiple response; one count per unique author per work,594d7ce86781a2e8398f,OpenAlex author ID
Author productivity,Canonical work count,Pranav Malladi,1,477,0.2,,openalex:https://openalex.org/a5040494386,authorship-covered canonical works,canonical works with usable structured OpenAlex authorship,multiple response; one count per unique author per work,e5b4ed028b3c0ea2eeec,OpenAlex author ID
Author productivity,Canonical work count,Prasanna Honnavar,1,477,0.2,,openalex:https://openalex.org/a5019009535,authorship-covered canonical works,canonical works with usable structured OpenAlex authorship,multiple response; one count per unique author per work,76597dc445d9df2ae743,OpenAlex author ID
Author productivity,Canonical work count,Prasha Sooful,1,477,0.2,,openalex:https://openalex.org/a5070733923,authorship-covered canonical works,canonical works with usable structured OpenAlex authorship,multiple response; one count per unique author per work,6457c6be7c6ba150ede6,OpenAlex author ID
Author productivity,Canonical work count,Prashant Kumar,1,477,0.2,,openalex:https://openalex.org/a5138342542,authorship-covered canonical works,canonical works with usable structured OpenAlex authorship,multiple response; one count per unique author per work,f30eee8f6354bfa06744,OpenAlex author ID
Author productivity,Canonical work count,Praveen Nadesan,1,477,0.2,,openalex:https://openalex.org/a5129682412,authorship-covered canonical works,canonical works with usable structured OpenAlex authorship,multiple response; one count per unique author per work,91738aa3fb8146efb96d,OpenAlex author ID
Author productivity,Canonical work count,Praveen Rajasegaran,1,477,0.2,,openalex:https://openalex.org/a5138643784,authorship-covered canonical works,canonical works with usable structured OpenAlex authorship,multiple response; one count per unique author per work,caf55d1c5f0358791a96,OpenAlex author ID
Author productivity,Canonical work count,Priya Janghu,1,477,0.2,,openalex:https://openalex.org/a5120428438,authorship-covered canonical works,canonical works with usable structured OpenAlex authorship,multiple response; one count per unique author per work,a44cf2193e8756673fa7,OpenAlex author ID
Author productivity,Canonical work count,Priyanka Sharma,1,477,0.2,,openalex:https://openalex.org/a5139632852,authorship-covered canonical works,canonical works with usable structured OpenAlex authorship,multiple response; one count per unique author per work,b216d2e3bbb753147fd2,OpenAlex author ID
Author productivity,Canonical work count,Pryscilla Díaz Mora,1,477,0.2,,openalex:https://openalex.org/a5146919054,authorship-covered canonical works,canonical works with usable structured OpenAlex authorship,multiple response; one count per unique author per work,501d19c3bd3160083e8a,OpenAlex author ID
Author productivity,Canonical work count,Pui Ki Kwok,1,477,0.2,,openalex:https://openalex.org/a5132685757,authorship-covered canonical works,canonical works with usable structured OpenAlex authorship,multiple response; one count per unique author per work,0835d7fde9c090ca963c,OpenAlex author ID
Author productivity,Canonical work count,Punith Kempegowda,1,477,0.2,,openalex:https://openalex.org/a5027548347,authorship-covered canonical works,canonical works with usable structured OpenAlex authorship,multiple response; one count per unique author per work,f54e36609097c96e8b6d,OpenAlex author ID
Author productivity,Canonical work count,Pável Eber Bautista Portilla,1,477,0.2,,openalex:https://openalex.org/a5139535873,authorship-covered canonical works,canonical works with usable structured OpenAlex authorship,multiple response; one count per unique author per work,59ac00c951a84da39213,OpenAlex author ID
Author productivity,Canonical work count,Qi Chen,1,477,0.2,,openalex:https://openalex.org/a5138977128,authorship-covered canonical works,canonical works with usable structured OpenAlex authorship,multiple response; one count per unique author per work,64caff9ef7b3adaafe2d,OpenAlex author ID
Author productivity,Canonical work count,Qi Dou,1,477,0.2,,openalex:https://openalex.org/a5045959721,authorship-covered canonical works,canonical works with usable structured OpenAlex authorship,multiple response; one count per unique author per work,d977c356ff57ab060fef,OpenAlex author ID
Author productivity,Canonical work count,Qian Xu,1,477,0.2,,openalex:https://openalex.org/a5101815126,authorship-covered canonical works,canonical works with usable structured OpenAlex authorship,multiple response; one count per unique author per work,48e2ce8734d9d1acb602,OpenAlex author ID
Author productivity,Canonical work count,Qiao Jiao,1,477,0.2,,name-only:ba93136b38c9a66d059f:da3d6a69768da8b7,authorship-covered canonical works,canonical works with usable structured OpenAlex authorship,multiple response; one count per unique author per work,ba93136b38c9a66d059f,name-only record; duplicates collapsed within work only; not merged across works
Author productivity,Canonical work count,Qiaoli Su,1,477,0.2,,openalex:https://openalex.org/a5125888334,authorship-covered canonical works,canonical works with usable structured OpenAlex authorship,multiple response; one count per unique author per work,48e2ce8734d9d1acb602,OpenAlex author ID
Author productivity,Canonical work count,Qifeng Wan,1,477,0.2,,openalex:https://openalex.org/a5048108814,authorship-covered canonical works,canonical works with usable structured OpenAlex authorship,multiple response; one count per unique author per work,1c073acedd6171c3394d,OpenAlex author ID
Author productivity,Canonical work count,Qijia Xuan,1,477,0.2,,openalex:https://openalex.org/a5084293711,authorship-covered canonical works,canonical works with usable structured OpenAlex authorship,multiple response; one count per unique author per work,eb664530dc232a9e1750,OpenAlex author ID
Author productivity,Canonical work count,Qin Yang,1,477,0.2,,openalex:https://openalex.org/a5140310300,authorship-covered canonical works,canonical works with usable structured OpenAlex authorship,multiple response; one count per unique author per work,sci_454fe3ad37947557e9a6,OpenAlex author ID
Author productivity,Canonical work count,Qing Cao,1,477,0.2,,openalex:https://openalex.org/a5082342555,authorship-covered canonical works,canonical works with usable structured OpenAlex authorship,multiple response; one count per unique author per work,2610ebe5f560db94c888,OpenAlex author ID
Author productivity,Canonical work count,Qingguo Lyu,1,477,0.2,,openalex:https://openalex.org/a5129814433,authorship-covered canonical works,canonical works with usable structured OpenAlex authorship,multiple response; one count per unique author per work,48e2ce8734d9d1acb602,OpenAlex author ID
Author productivity,Canonical work count,Qingping Wen,1,477,0.2,,openalex:https://openalex.org/a5135178935,authorship-covered canonical works,canonical works with usable structured OpenAlex authorship,multiple response; one count per unique author per work,da920e8320da57a1954a,OpenAlex author ID
Author productivity,Canonical work count,Qingqing ZHENG,1,477,0.2,,name-only:359e1289e1f098bb36e2:1ce37710b7ab1a87,authorship-covered canonical works,canonical works with usable structured OpenAlex authorship,multiple response; one count per unique author per work,359e1289e1f098bb36e2,name-only record; duplicates collapsed within work only; not merged across works
Author productivity,Canonical work count,Quetzal Chavez-Castañeda,1,477,0.2,,openalex:https://openalex.org/a5118898352,authorship-covered canonical works,canonical works with usable structured OpenAlex authorship,multiple response; one count per unique author per work,98c23d01b9fb23bd43c4,OpenAlex author ID
Author productivity,Canonical work count,Quratulain Sial,1,477,0.2,,openalex:https://openalex.org/a5004396426,authorship-covered canonical works,canonical works with usable structured OpenAlex authorship,multiple response; one count per unique author per work,5966d1a884499670acf2,OpenAlex author ID
Author productivity,Canonical work count,R Madhu,1,477,0.2,,openalex:https://openalex.org/a5015109673,authorship-covered canonical works,canonical works with usable structured OpenAlex authorship,multiple response; one count per unique author per work,c6788113fb3c0b6f7bcf,OpenAlex author ID
Author productivity,Canonical work count,R. Vijaya Kumar Reddy,1,477,0.2,,openalex:https://openalex.org/a5102977389,authorship-covered canonical works,canonical works with usable structured OpenAlex authorship,multiple response; one count per unique author per work,416753b67d9e900455c8,OpenAlex author ID
Author productivity,Canonical work count,R.D. Lobato,1,477,0.2,,openalex:https://openalex.org/a5003722837,authorship-covered canonical works,canonical works with usable structured OpenAlex authorship,multiple response; one count per unique author per work,6ab002878664147423a1,OpenAlex author ID
Author productivity,Canonical work count,Rachel E. Geoghegan,1,477,0.2,,openalex:https://openalex.org/a5146936105,authorship-covered canonical works,canonical works with usable structured OpenAlex authorship,multiple response; one count per unique author per work,f917e0b66cef158b9df0,OpenAlex author ID
Author productivity,Canonical work count,Rachel Kavanaugh,1,477,0.2,,openalex:https://openalex.org/a5080830449,authorship-covered canonical works,canonical works with usable structured OpenAlex authorship,multiple response; one count per unique author per work,8bece1a102e2fe87b74e,OpenAlex author ID
Author productivity,Canonical work count,Rachel Stafford,1,477,0.2,,openalex:https://openalex.org/a5050241896,authorship-covered canonical works,canonical works with usable structured OpenAlex authorship,multiple response; one count per unique author per work,03e1a6632b830e0512c9,OpenAlex author ID
Author productivity,Canonical work count,Rachel Umoren,1,477,0.2,,openalex:https://openalex.org/a5019177247,authorship-covered canonical works,canonical works with usable structured OpenAlex authorship,multiple response; one count per unique author per work,7a9ca4d4d16f4705139f,OpenAlex author ID
Author productivity,Canonical work count,Rachelle Esterhazy,1,477,0.2,,openalex:https://openalex.org/a5029082916,authorship-covered canonical works,canonical works with usable structured OpenAlex authorship,multiple response; one count per unique author per work,43f6ad0fa6f4597d56fc,OpenAlex author ID
Author productivity,Canonical work count,Rada Mihalcea,1,477,0.2,,openalex:https://openalex.org/a5082450455,authorship-covered canonical works,canonical works with usable structured OpenAlex authorship,multiple response; one count per unique author per work,bc5dd5d7b1ad1b4d21e4,OpenAlex author ID
Author productivity,Canonical work count,Rafael Rubio,1,477,0.2,,openalex:https://openalex.org/a5015147550,authorship-covered canonical works,canonical works with usable structured OpenAlex authorship,multiple response; one count per unique author per work,6ab002878664147423a1,OpenAlex author ID
Author productivity,Canonical work count,Rafael T. Sousa,1,477,0.2,,name-only:d46506f34cc784478c88:f04f927d14d1bd7b,authorship-covered canonical works,canonical works with usable structured OpenAlex authorship,multiple response; one count per unique author per work,d46506f34cc784478c88,name-only record; duplicates collapsed within work only; not merged across works
Author productivity,Canonical work count,Rafael Torchelsen,1,477,0.2,,openalex:https://openalex.org/a5083634358,authorship-covered canonical works,canonical works with usable structured OpenAlex authorship,multiple response; one count per unique author per work,1c9542cefba3287a5281,OpenAlex author ID
Author productivity,Canonical work count,Rafael Wampfler,1,477,0.2,,openalex:https://openalex.org/a5015553607,authorship-covered canonical works,canonical works with usable structured OpenAlex authorship,multiple response; one count per unique author per work,20e73ed62a3078e6a9b4,OpenAlex author ID
Author productivity,Canonical work count,Rafat Amer,1,477,0.2,,openalex:https://openalex.org/a5010993221,authorship-covered canonical works,canonical works with usable structured OpenAlex authorship,multiple response; one count per unique author per work,ba402925b430558ae1e0,OpenAlex author ID
Author productivity,Canonical work count,Rahul Jain,1,477,0.2,,openalex:https://openalex.org/a5031768243,authorship-covered canonical works,canonical works with usable structured OpenAlex authorship,multiple response; one count per unique author per work,afa9fe102dc8ed9bfaff,OpenAlex author ID
Author productivity,Canonical work count,Raima Bilal,1,477,0.2,,openalex:https://openalex.org/a5096148915,authorship-covered canonical works,canonical works with usable structured OpenAlex authorship,multiple response; one count per unique author per work,6fb769efa53620e383b7,OpenAlex author ID
Author productivity,Canonical work count,Rajashree Srivastava,1,477,0.2,,openalex:https://openalex.org/a5014968343,authorship-covered canonical works,canonical works with usable structured OpenAlex authorship,multiple response; one count per unique author per work,6fdf974a01dd27215f86,OpenAlex author ID
Author productivity,Canonical work count,Rajkumar Elanjeran,1,477,0.2,,openalex:https://openalex.org/a5016451592,authorship-covered canonical works,canonical works with usable structured OpenAlex authorship,multiple response; one count per unique author per work,6e06ede93e94c8f8e15c,OpenAlex author ID
Author productivity,Canonical work count,Rajna Knez,1,477,0.2,,openalex:https://openalex.org/a5022915322,authorship-covered canonical works,canonical works with usable structured OpenAlex authorship,multiple response; one count per unique author per work,319d5b791f54df181b23,OpenAlex author ID
Author productivity,Canonical work count,Rakesh K. Maurya,1,477,0.2,,openalex:https://openalex.org/a5055552248,authorship-covered canonical works,canonical works with usable structured OpenAlex authorship,multiple response; one count per unique author per work,sci_a8f02e0b2a448efff5e6,OpenAlex author ID
Author productivity,Canonical work count,Raniah N. Aldekhyyel,1,477,0.2,,openalex:https://openalex.org/a5029368149,authorship-covered canonical works,canonical works with usable structured OpenAlex authorship,multiple response; one count per unique author per work,7acd89712f3fc0bb4cb7,OpenAlex author ID
Author productivity,Canonical work count,Ranjev Kainth,1,477,0.2,,openalex:https://openalex.org/a5043845581,authorship-covered canonical works,canonical works with usable structured OpenAlex authorship,multiple response; one count per unique author per work,f30eee8f6354bfa06744,OpenAlex author ID
Author productivity,Canonical work count,Raoul Kanav Khanna,1,477,0.2,,openalex:https://openalex.org/a5061390687,authorship-covered canonical works,canonical works with usable structured OpenAlex authorship,multiple response; one count per unique author per work,5aeb6b891099b95aa832,OpenAlex author ID
Author productivity,Canonical work count,Raphaël Bentegeac,1,477,0.2,,openalex:https://openalex.org/a5008745717,authorship-covered canonical works,canonical works with usable structured OpenAlex authorship,multiple response; one count per unique author per work,03345c1deb2aad29820e,OpenAlex author ID
Author productivity,Canonical work count,Rashi Ghosh,1,477,0.2,,openalex:https://openalex.org/a5040950127,authorship-covered canonical works,canonical works with usable structured OpenAlex authorship,multiple response; one count per unique author per work,894f08a5035b3a1872d5,OpenAlex author ID
Author productivity,Canonical work count,Ravanth Baskaran,1,477,0.2,,openalex:https://openalex.org/a5030010889,authorship-covered canonical works,canonical works with usable structured OpenAlex authorship,multiple response; one count per unique author per work,166aa3cc368ebd076b91,OpenAlex author ID
Author productivity,Canonical work count,Raya A. Gandhi,1,477,0.2,,openalex:https://openalex.org/a5045742899,authorship-covered canonical works,canonical works with usable structured OpenAlex authorship,multiple response; one count per unique author per work,8db4130844dc8d367d1f,OpenAlex author ID
Author productivity,Canonical work count,Raymond R. Bond,1,477,0.2,,name-only:df4adbef2a265890959e:b2ad3471edd30cbe,authorship-covered canonical works,canonical works with usable structured OpenAlex authorship,multiple response; one count per unique author per work,df4adbef2a265890959e,name-only record; duplicates collapsed within work only; not merged across works
Author productivity,Canonical work count,Raymond Robinson,1,477,0.2,,openalex:https://openalex.org/a5019972378,authorship-covered canonical works,canonical works with usable structured OpenAlex authorship,multiple response; one count per unique author per work,76597dc445d9df2ae743,OpenAlex author ID
Author productivity,Canonical work count,Rebecca Erschens,1,477,0.2,,openalex:https://openalex.org/a5075698173,authorship-covered canonical works,canonical works with usable structured OpenAlex authorship,multiple response; one count per unique author per work,282aa7d3820de53059e9,OpenAlex author ID
Author productivity,Canonical work count,Rebekah Milligan,1,477,0.2,,openalex:https://openalex.org/a5114230152,authorship-covered canonical works,canonical works with usable structured OpenAlex authorship,multiple response; one count per unique author per work,b3a8d73bf08119c4ce68,OpenAlex author ID
Author productivity,Canonical work count,Regina G. Russell,1,477,0.2,,openalex:https://openalex.org/a5021040764,authorship-covered canonical works,canonical works with usable structured OpenAlex authorship,multiple response; one count per unique author per work,766fde2e997ea8140bd0,OpenAlex author ID
Author productivity,Canonical work count,Regina Pires,1,477,0.2,,openalex:https://openalex.org/a5055276478,authorship-covered canonical works,canonical works with usable structured OpenAlex authorship,multiple response; one count per unique author per work,1563f87491d1ce4d02fb,OpenAlex author ID
Author productivity,Canonical work count,Reinhard Janssen‐Aguilar,1,477,0.2,,openalex:https://openalex.org/a5007543039,authorship-covered canonical works,canonical works with usable structured OpenAlex authorship,multiple response; one count per unique author per work,63c69a200d415bc42d9b,OpenAlex author ID
Author productivity,Canonical work count,Remi Sampaleanu,1,477,0.2,,openalex:https://openalex.org/a5120593000,authorship-covered canonical works,canonical works with usable structured OpenAlex authorship,multiple response; one count per unique author per work,de583e684ddd0364a161,OpenAlex author ID
Author productivity,Canonical work count,Ren Kawamura,1,477,0.2,,openalex:https://openalex.org/a5030355121,authorship-covered canonical works,canonical works with usable structured OpenAlex authorship,multiple response; one count per unique author per work,0c75f057197182777687,OpenAlex author ID
Author productivity,Canonical work count,Renata Szydlak,1,477,0.2,,openalex:https://openalex.org/a5117491734,authorship-covered canonical works,canonical works with usable structured OpenAlex authorship,multiple response; one count per unique author per work,14a6c8b99daf76e8179d,OpenAlex author ID
Author productivity,Canonical work count,Renjie Zhang,1,477,0.2,,openalex:https://openalex.org/a5132678690,authorship-covered canonical works,canonical works with usable structured OpenAlex authorship,multiple response; one count per unique author per work,0835d7fde9c090ca963c,OpenAlex author ID
Author productivity,Canonical work count,Reon Ohashi,1,477,0.2,,openalex:https://openalex.org/a5111099266,authorship-covered canonical works,canonical works with usable structured OpenAlex authorship,multiple response; one count per unique author per work,fcd1902a5e565b2d2fcc,OpenAlex author ID
Author productivity,Canonical work count,Reza Mehvar,1,477,0.2,,openalex:https://openalex.org/a5035771353,authorship-covered canonical works,canonical works with usable structured OpenAlex authorship,multiple response; one count per unique author per work,e28e63bbe4974bda0026,OpenAlex author ID
Author productivity,Canonical work count,Ricardo Cruz‐Correia,1,477,0.2,,openalex:https://openalex.org/a5048922185,authorship-covered canonical works,canonical works with usable structured OpenAlex authorship,multiple response; one count per unique author per work,69f44a30a1f5c09b5e41,OpenAlex author ID
Author productivity,Canonical work count,Ricardo Hood,1,477,0.2,,openalex:https://openalex.org/a5092406456,authorship-covered canonical works,canonical works with usable structured OpenAlex authorship,multiple response; one count per unique author per work,76597dc445d9df2ae743,OpenAlex author ID
Author productivity,Canonical work count,Ricardo Xopan Suárez-García,1,477,0.2,,openalex:https://openalex.org/a5116411399,authorship-covered canonical works,canonical works with usable structured OpenAlex authorship,multiple response; one count per unique author per work,98c23d01b9fb23bd43c4,OpenAlex author ID
Author productivity,Canonical work count,Richard G. Kyle,1,477,0.2,,openalex:https://openalex.org/a5056532176,authorship-covered canonical works,canonical works with usable structured OpenAlex authorship,multiple response; one count per unique author per work,902be756a877af6118c0,OpenAlex author ID
Author productivity,Canonical work count,Richard Joiner,1,477,0.2,,openalex:https://openalex.org/a5090800526,authorship-covered canonical works,canonical works with usable structured OpenAlex authorship,multiple response; one count per unique author per work,d90096afc3b383fbecb7,OpenAlex author ID
Author productivity,Canonical work count,Richard S. Lee,1,477,0.2,,openalex:https://openalex.org/a5085851557,authorship-covered canonical works,canonical works with usable structured OpenAlex authorship,multiple response; one count per unique author per work,ba93136b38c9a66d059f,OpenAlex author ID
Author productivity,Canonical work count,Rie Yamada,1,477,0.2,,openalex:https://openalex.org/a5008927863,authorship-covered canonical works,canonical works with usable structured OpenAlex authorship,multiple response; one count per unique author per work,859f96f4eca259cdb9e8,OpenAlex author ID
Author productivity,Canonical work count,Rikiya Watanabe,1,477,0.2,,openalex:https://openalex.org/a5042131978,authorship-covered canonical works,canonical works with usable structured OpenAlex authorship,multiple response; one count per unique author per work,da8839d00c24db7f6ad6,OpenAlex author ID
Author productivity,Canonical work count,Riko Nakamura,1,477,0.2,,openalex:https://openalex.org/a5054943241,authorship-covered canonical works,canonical works with usable structured OpenAlex authorship,multiple response; one count per unique author per work,fcd1902a5e565b2d2fcc,OpenAlex author ID
Author productivity,Canonical work count,Riley Brian,1,477,0.2,,openalex:https://openalex.org/a5007850599,authorship-covered canonical works,canonical works with usable structured OpenAlex authorship,multiple response; one count per unique author per work,79301031755b16db8fe6,OpenAlex author ID
Author productivity,Canonical work count,Risa Kishikawa,1,477,0.2,,openalex:https://openalex.org/a5080172837,authorship-covered canonical works,canonical works with usable structured OpenAlex authorship,multiple response; one count per unique author per work,81e99943a71c35f1b5e2,OpenAlex author ID
Author productivity,Canonical work count,Rita Baranauskaitė,1,477,0.2,,openalex:https://openalex.org/a5117260151,authorship-covered canonical works,canonical works with usable structured OpenAlex authorship,multiple response; one count per unique author per work,e9d6ceded269a04cde99,OpenAlex author ID
Author productivity,Canonical work count,Riya Milan Mehta,1,477,0.2,,openalex:https://openalex.org/a5134293582,authorship-covered canonical works,canonical works with usable structured OpenAlex authorship,multiple response; one count per unique author per work,35ffd2cef7df5e4ea7fc,OpenAlex author ID
Author productivity,Canonical work count,Robbin Miraglia,1,477,0.2,,openalex:https://openalex.org/a5137872667,authorship-covered canonical works,canonical works with usable structured OpenAlex authorship,multiple response; one count per unique author per work,5aa2066f4c78fde5a50b,OpenAlex author ID
Author productivity,Canonical work count,Robert E. Kraut,1,477,0.2,,openalex:https://openalex.org/a5084649058,authorship-covered canonical works,canonical works with usable structured OpenAlex authorship,multiple response; one count per unique author per work,9b8b66d55c35b17e843c,OpenAlex author ID
Author productivity,Canonical work count,Robert F. Dougherty,1,477,0.2,,openalex:https://openalex.org/a5049315614,authorship-covered canonical works,canonical works with usable structured OpenAlex authorship,multiple response; one count per unique author per work,415ba4f99eeb473a50c2,OpenAlex author ID
Author productivity,Canonical work count,Robert Steele,1,477,0.2,,openalex:https://openalex.org/a5129036727,authorship-covered canonical works,canonical works with usable structured OpenAlex authorship,multiple response; one count per unique author per work,50ac103890932b40242c,OpenAlex author ID
Author productivity,Canonical work count,Robert Tennill,1,477,0.2,,openalex:https://openalex.org/a5051742751,authorship-covered canonical works,canonical works with usable structured OpenAlex authorship,multiple response; one count per unique author per work,4ef0a8247384321e8b47,OpenAlex author ID
Author productivity,Canonical work count,Roberto Cuomo,1,477,0.2,,openalex:https://openalex.org/a5090812354,authorship-covered canonical works,canonical works with usable structured OpenAlex authorship,multiple response; one count per unique author per work,5116aab375eedc896bfd,OpenAlex author ID
Author productivity,Canonical work count,Robin Rabey,1,477,0.2,,openalex:https://openalex.org/a5121868727,authorship-covered canonical works,canonical works with usable structured OpenAlex authorship,multiple response; one count per unique author per work,7f735724143207af94c1,OpenAlex author ID
Author productivity,Canonical work count,Robin Southwood,1,477,0.2,,openalex:https://openalex.org/a5145935715,authorship-covered canonical works,canonical works with usable structured OpenAlex authorship,multiple response; one count per unique author per work,e4987ba5c8f46735e9ff,OpenAlex author ID
Author productivity,Canonical work count,Rocío Hernández,1,477,0.2,,openalex:https://openalex.org/a5101747162,authorship-covered canonical works,canonical works with usable structured OpenAlex authorship,multiple response; one count per unique author per work,b53bf33d223a68f17e8c,OpenAlex author ID
Author productivity,Canonical work count,Rodney A. Gabriel,1,477,0.2,,openalex:https://openalex.org/a5085615582,authorship-covered canonical works,canonical works with usable structured OpenAlex authorship,multiple response; one count per unique author per work,48a55d4cf5cff922481f,OpenAlex author ID
Author productivity,Canonical work count,Rodrigo Gutiérrez,1,477,0.2,,openalex:https://openalex.org/a5046863770,authorship-covered canonical works,canonical works with usable structured OpenAlex authorship,multiple response; one count per unique author per work,64a85483f87115653128,OpenAlex author ID
Author productivity,Canonical work count,Rodrigo Orrico-Pérez,1,477,0.2,,openalex:https://openalex.org/a5118898353,authorship-covered canonical works,canonical works with usable structured OpenAlex authorship,multiple response; one count per unique author per work,98c23d01b9fb23bd43c4,OpenAlex author ID
Author productivity,Canonical work count,Roger Edwards,1,477,0.2,,openalex:https://openalex.org/a5085596646,authorship-covered canonical works,canonical works with usable structured OpenAlex authorship,multiple response; one count per unique author per work,e359eafa6af6abbb467d,OpenAlex author ID
Author productivity,Canonical work count,Roger Shannon D'souza,1,477,0.2,,openalex:https://openalex.org/a5112949972,authorship-covered canonical works,canonical works with usable structured OpenAlex authorship,multiple response; one count per unique author per work,afa9fe102dc8ed9bfaff,OpenAlex author ID
Author productivity,Canonical work count,Roghayeh Barmaki,1,477,0.2,,openalex:https://openalex.org/a5011977440,authorship-covered canonical works,canonical works with usable structured OpenAlex authorship,multiple response; one count per unique author per work,3cc4d65478e63af8ab6e,OpenAlex author ID
Author productivity,Canonical work count,Rommy Márquez-Hernández,1,477,0.2,,openalex:https://openalex.org/a5092391915,authorship-covered canonical works,canonical works with usable structured OpenAlex authorship,multiple response; one count per unique author per work,3cc4d65478e63af8ab6e,OpenAlex author ID
Author productivity,Canonical work count,Ronald M. Epstein,1,477,0.2,,openalex:https://openalex.org/a5058581702,authorship-covered canonical works,canonical works with usable structured OpenAlex authorship,multiple response; one count per unique author per work,76a6c8049ee4223224f6,OpenAlex author ID
Author productivity,Canonical work count,Ronan A. Cahill,1,477,0.2,,openalex:https://openalex.org/a5001389064,authorship-covered canonical works,canonical works with usable structured OpenAlex authorship,multiple response; one count per unique author per work,1c5402a057ba8f451244,OpenAlex author ID
Author productivity,Canonical work count,Rong Yin,1,477,0.2,,openalex:https://openalex.org/a5038415072,authorship-covered canonical works,canonical works with usable structured OpenAlex authorship,multiple response; one count per unique author per work,582bc7c400fa7acf214f,OpenAlex author ID
Author productivity,Canonical work count,Ronghua Xu,1,477,0.2,,openalex:https://openalex.org/a5028381116,authorship-covered canonical works,canonical works with usable structured OpenAlex authorship,multiple response; one count per unique author per work,ba1df7c86ec2eeb0e945,OpenAlex author ID
Author productivity,Canonical work count,Rongrong Hu,1,477,0.2,,openalex:https://openalex.org/a5035630250,authorship-covered canonical works,canonical works with usable structured OpenAlex authorship,multiple response; one count per unique author per work,a4f6e4afd67cbf667f95,OpenAlex author ID
Author productivity,Canonical work count,Rongxin Chen,1,477,0.2,,openalex:https://openalex.org/a5101650010,authorship-covered canonical works,canonical works with usable structured OpenAlex authorship,multiple response; one count per unique author per work,adc1485c258278b24c4e,OpenAlex author ID
Author productivity,Canonical work count,Rooh Ullah,1,477,0.2,,openalex:https://openalex.org/a5081103983,authorship-covered canonical works,canonical works with usable structured OpenAlex authorship,multiple response; one count per unique author per work,6fb769efa53620e383b7,OpenAlex author ID
Author productivity,Canonical work count,Roopa Sebastian,1,477,0.2,,openalex:https://openalex.org/a5111716411,authorship-covered canonical works,canonical works with usable structured OpenAlex authorship,multiple response; one count per unique author per work,76597dc445d9df2ae743,OpenAlex author ID
Author productivity,Canonical work count,Rosa I. Arriaga,1,477,0.2,,openalex:https://openalex.org/a5091262280,authorship-covered canonical works,canonical works with usable structured OpenAlex authorship,multiple response; one count per unique author per work,ed23e4c8ee00516d2110,OpenAlex author ID
Author productivity,Canonical work count,Rosanna F. Hess,1,477,0.2,,openalex:https://openalex.org/a5068986720,authorship-covered canonical works,canonical works with usable structured OpenAlex authorship,multiple response; one count per unique author per work,3bb7eee2436c25920c9e,OpenAlex author ID
Author productivity,Canonical work count,Rosanna Vaschetto,1,477,0.2,,openalex:https://openalex.org/a5140759993,authorship-covered canonical works,canonical works with usable structured OpenAlex authorship,multiple response; one count per unique author per work,56dc16bbc7cd98ca993a,OpenAlex author ID
Author productivity,Canonical work count,Roselaine Terezinha Migotto Watanabe,1,477,0.2,,openalex:https://openalex.org/a5112728126,authorship-covered canonical works,canonical works with usable structured OpenAlex authorship,multiple response; one count per unique author per work,fd0c4ec164cda596074b,OpenAlex author ID
Author productivity,Canonical work count,Roshan Nallaveettil,1,477,0.2,,openalex:https://openalex.org/a5096115298,authorship-covered canonical works,canonical works with usable structured OpenAlex authorship,multiple response; one count per unique author per work,8db4130844dc8d367d1f,OpenAlex author ID
Author productivity,Canonical work count,Roshan Venkatakrishnan,1,477,0.2,,openalex:https://openalex.org/a5001409667,authorship-covered canonical works,canonical works with usable structured OpenAlex authorship,multiple response; one count per unique author per work,894f08a5035b3a1872d5,OpenAlex author ID
Author productivity,Canonical work count,Rosie Kneafsey,1,477,0.2,,openalex:https://openalex.org/a5001154100,authorship-covered canonical works,canonical works with usable structured OpenAlex authorship,multiple response; one count per unique author per work,30b04ea7e17c283383c8,OpenAlex author ID
Author productivity,Canonical work count,Roswold Jemuel C. Sanchez,1,477,0.2,,name-only:7fc0513f51b7c61dad31:c244d21e2cddca11,authorship-covered canonical works,canonical works with usable structured OpenAlex authorship,multiple response; one count per unique author per work,7fc0513f51b7c61dad31,name-only record; duplicates collapsed within work only; not merged across works
Author productivity,Canonical work count,Roxane Gardner,1,477,0.2,,openalex:https://openalex.org/a5011310771,authorship-covered canonical works,canonical works with usable structured OpenAlex authorship,multiple response; one count per unique author per work,af9edf1f4c2a0c11a5eb,OpenAlex author ID
Author productivity,Canonical work count,Rubén Manrique,1,477,0.2,,openalex:https://openalex.org/a5102941827,authorship-covered canonical works,canonical works with usable structured OpenAlex authorship,multiple response; one count per unique author per work,432422a165ddc6a24c2f,OpenAlex author ID
Author productivity,Canonical work count,Rugved B. Parmar,1,477,0.2,,openalex:https://openalex.org/a5114338952,authorship-covered canonical works,canonical works with usable structured OpenAlex authorship,multiple response; one count per unique author per work,2366390c9f679e2c90b7,OpenAlex author ID
Author productivity,Canonical work count,Ruihong Zhao,1,477,0.2,,openalex:https://openalex.org/a5123335245,authorship-covered canonical works,canonical works with usable structured OpenAlex authorship,multiple response; one count per unique author per work,8fce68134f06065fdd4a,OpenAlex author ID
Author productivity,Canonical work count,Ruijie Wang,1,477,0.2,,openalex:https://openalex.org/a5100777475,authorship-covered canonical works,canonical works with usable structured OpenAlex authorship,multiple response; one count per unique author per work,b608f772e32f2dbbff5e,OpenAlex author ID
Author productivity,Canonical work count,Ruijin Hu,1,477,0.2,,openalex:https://openalex.org/a5102811212,authorship-covered canonical works,canonical works with usable structured OpenAlex authorship,multiple response; one count per unique author per work,sci_3d6777cb059403330506,OpenAlex author ID
Author productivity,Canonical work count,Ruijuan Wu,1,477,0.2,,openalex:https://openalex.org/a5076079264,authorship-covered canonical works,canonical works with usable structured OpenAlex authorship,multiple response; one count per unique author per work,2610ebe5f560db94c888,OpenAlex author ID
Author productivity,Canonical work count,Ruitao Zhang,1,477,0.2,,openalex:https://openalex.org/a5082274293,authorship-covered canonical works,canonical works with usable structured OpenAlex authorship,multiple response; one count per unique author per work,da4715a1835405ea02b7,OpenAlex author ID
Author productivity,Canonical work count,Ruiyi Wang,1,477,0.2,,openalex:https://openalex.org/a5011197937,authorship-covered canonical works,canonical works with usable structured OpenAlex authorship,multiple response; one count per unique author per work,sci_637ee1f73b6fd5027d1c,OpenAlex author ID
Author productivity,Canonical work count,Ruoyu Zhang,1,477,0.2,,openalex:https://openalex.org/a5100371683,authorship-covered canonical works,canonical works with usable structured OpenAlex authorship,multiple response; one count per unique author per work,04b48ce4dda567febfa2,OpenAlex author ID
Author productivity,Canonical work count,Rupesh Raina,1,477,0.2,,openalex:https://openalex.org/a5006830135,authorship-covered canonical works,canonical works with usable structured OpenAlex authorship,multiple response; one count per unique author per work,caf55d1c5f0358791a96,OpenAlex author ID
Author productivity,Canonical work count,Russ Palmer,1,477,0.2,,openalex:https://openalex.org/a5123581401,authorship-covered canonical works,canonical works with usable structured OpenAlex authorship,multiple response; one count per unique author per work,e4987ba5c8f46735e9ff,OpenAlex author ID
Author productivity,Canonical work count,Ruth Doherty,1,477,0.2,,openalex:https://openalex.org/a5067818786,authorship-covered canonical works,canonical works with usable structured OpenAlex authorship,multiple response; one count per unique author per work,db80308782a219cbea0e,OpenAlex author ID
Author productivity,Canonical work count,Ryan McKenna,1,477,0.2,,openalex:https://openalex.org/a5051516514,authorship-covered canonical works,canonical works with usable structured OpenAlex authorship,multiple response; one count per unique author per work,80e9a9d9f964aea305e9,OpenAlex author ID
Author productivity,Canonical work count,Ryoma Seto,1,477,0.2,,openalex:https://openalex.org/a5035094671,authorship-covered canonical works,canonical works with usable structured OpenAlex authorship,multiple response; one count per unique author per work,7713a8c3085fddc6419c,OpenAlex author ID
Author productivity,Canonical work count,Ryuhei So,1,477,0.2,,openalex:https://openalex.org/a5082770590,authorship-covered canonical works,canonical works with usable structured OpenAlex authorship,multiple response; one count per unique author per work,328dc44eb7208308940c,OpenAlex author ID
Author productivity,Canonical work count,Răzvan-Corneliu Pop,1,477,0.2,,openalex:https://openalex.org/a5136697804,authorship-covered canonical works,canonical works with usable structured OpenAlex authorship,multiple response; one count per unique author per work,sci_aea73a0d6d3e592a48a0,OpenAlex author ID
Author productivity,Canonical work count,S C Zhang,1,477,0.2,,openalex:https://openalex.org/a5050881231,authorship-covered canonical works,canonical works with usable structured OpenAlex authorship,multiple response; one count per unique author per work,9717d5f24495686aabe2,OpenAlex author ID
Author productivity,Canonical work count,S J Lee,1,477,0.2,,openalex:https://openalex.org/a5055581651,authorship-covered canonical works,canonical works with usable structured OpenAlex authorship,multiple response; one count per unique author per work,c837d77a482b4e089619,OpenAlex author ID
Author productivity,Canonical work count,S Jayasrilakshmi,1,477,0.2,,openalex:https://openalex.org/a5126646150,authorship-covered canonical works,canonical works with usable structured OpenAlex authorship,multiple response; one count per unique author per work,5b356113a239c62ba5ac,OpenAlex author ID
Author productivity,Canonical work count,S. B. Gokhale,1,477,0.2,,openalex:https://openalex.org/a5038423120,authorship-covered canonical works,canonical works with usable structured OpenAlex authorship,multiple response; one count per unique author per work,f9c1bb8b50eb65edbf84,OpenAlex author ID
Author productivity,Canonical work count,S. R. Patel,1,477,0.2,,openalex:https://openalex.org/a5113104550,authorship-covered canonical works,canonical works with usable structured OpenAlex authorship,multiple response; one count per unique author per work,c4f5fe90704c2aa68c75,OpenAlex author ID
Author productivity,Canonical work count,S. Wright Kennedy,1,477,0.2,,openalex:https://openalex.org/a5034993157,authorship-covered canonical works,canonical works with usable structured OpenAlex authorship,multiple response; one count per unique author per work,e5b4ed028b3c0ea2eeec,OpenAlex author ID
Author productivity,Canonical work count,S.A.R.R.P. Dissanayake,1,477,0.2,,openalex:https://openalex.org/a5110433887,authorship-covered canonical works,canonical works with usable structured OpenAlex authorship,multiple response; one count per unique author per work,5116aab375eedc896bfd,OpenAlex author ID
Author productivity,Canonical work count,S.V. Fasulo,1,477,0.2,,openalex:https://openalex.org/a5093940612,authorship-covered canonical works,canonical works with usable structured OpenAlex authorship,multiple response; one count per unique author per work,633dafafd7b2de3e7ad0,OpenAlex author ID
Author productivity,Canonical work count,Saachi Shah,1,477,0.2,,name-only:f74b171e97e291bab8d3:132519731ef3e147,authorship-covered canonical works,canonical works with usable structured OpenAlex authorship,multiple response; one count per unique author per work,f74b171e97e291bab8d3,name-only record; duplicates collapsed within work only; not merged across works
Author productivity,Canonical work count,Sabina Sciążko-Gancarczyk,1,477,0.2,,name-only:4ff984fed8d71f9ad381:c851cfe893e2dcd0,authorship-covered canonical works,canonical works with usable structured OpenAlex authorship,multiple response; one count per unique author per work,4ff984fed8d71f9ad381,name-only record; duplicates collapsed within work only; not merged across works
Author productivity,Canonical work count,Sadek Obeidat,1,477,0.2,,name-only:155acc9f21eba7b06b56:0221ae0559cc983e,authorship-covered canonical works,canonical works with usable structured OpenAlex authorship,multiple response; one count per unique author per work,155acc9f21eba7b06b56,name-only record; duplicates collapsed within work only; not merged across works
Author productivity,Canonical work count,Safa Ozyilmaz,1,477,0.2,,openalex:https://openalex.org/a5124329713,authorship-covered canonical works,canonical works with usable structured OpenAlex authorship,multiple response; one count per unique author per work,ec6081495209898a9c42,OpenAlex author ID
Author productivity,Canonical work count,Sai Varun Chandrashekar,1,477,0.2,,openalex:https://openalex.org/a5123146098,authorship-covered canonical works,canonical works with usable structured OpenAlex authorship,multiple response; one count per unique author per work,3e3d7476a0d0198a12a3,OpenAlex author ID
Author productivity,Canonical work count,Saida Makhkamova,1,477,0.2,,openalex:https://openalex.org/a5138528866,authorship-covered canonical works,canonical works with usable structured OpenAlex authorship,multiple response; one count per unique author per work,eb6afac746ee34d7a37f,OpenAlex author ID
Author productivity,Canonical work count,Saiyonora Hemrom,1,477,0.2,,openalex:https://openalex.org/a5117426905,authorship-covered canonical works,canonical works with usable structured OpenAlex authorship,multiple response; one count per unique author per work,c4f5fe90704c2aa68c75,OpenAlex author ID
Author productivity,Canonical work count,Sally Shiels,1,477,0.2,,openalex:https://openalex.org/a5008784850,authorship-covered canonical works,canonical works with usable structured OpenAlex authorship,multiple response; one count per unique author per work,bed98da775e40e17c44e,OpenAlex author ID
Author productivity,Canonical work count,Salma Elwazeer,1,477,0.2,,openalex:https://openalex.org/a5039879959,authorship-covered canonical works,canonical works with usable structured OpenAlex authorship,multiple response; one count per unique author per work,b3e39792f96130f4a0b4,OpenAlex author ID
Author productivity,Canonical work count,Samantha Bothwell,1,477,0.2,,openalex:https://openalex.org/a5098977089,authorship-covered canonical works,canonical works with usable structured OpenAlex authorship,multiple response; one count per unique author per work,f9c1bb8b50eb65edbf84,OpenAlex author ID
Author productivity,Canonical work count,Samantha Castañeda,1,477,0.2,,openalex:https://openalex.org/a5117737092,authorship-covered canonical works,canonical works with usable structured OpenAlex authorship,multiple response; one count per unique author per work,7fc0513f51b7c61dad31,OpenAlex author ID
Author productivity,Canonical work count,Samantha Sevenhuysen,1,477,0.2,,openalex:https://openalex.org/a5016093603,authorship-covered canonical works,canonical works with usable structured OpenAlex authorship,multiple response; one count per unique author per work,d11ce96adb05741aef6d,OpenAlex author ID
Author productivity,Canonical work count,Samar Binkheder,1,477,0.2,,openalex:https://openalex.org/a5013073771,authorship-covered canonical works,canonical works with usable structured OpenAlex authorship,multiple response; one count per unique author per work,7acd89712f3fc0bb4cb7,OpenAlex author ID
Author productivity,Canonical work count,Sameer Aggarwal,1,477,0.2,,openalex:https://openalex.org/a5022782607,authorship-covered canonical works,canonical works with usable structured OpenAlex authorship,multiple response; one count per unique author per work,5c99d6be17d81210020f,OpenAlex author ID
Author productivity,Canonical work count,Samina Malik,1,477,0.2,,openalex:https://openalex.org/a5109109739,authorship-covered canonical works,canonical works with usable structured OpenAlex authorship,multiple response; one count per unique author per work,6e7213516f82875618ff,OpenAlex author ID
Author productivity,Canonical work count,Samriti Sharma,1,477,0.2,,openalex:https://openalex.org/a5043837743,authorship-covered canonical works,canonical works with usable structured OpenAlex authorship,multiple response; one count per unique author per work,58a5647e55ff3ae5746e,OpenAlex author ID
Author productivity,Canonical work count,Samuel M. Murphy,1,477,0.2,,openalex:https://openalex.org/a5104317852,authorship-covered canonical works,canonical works with usable structured OpenAlex authorship,multiple response; one count per unique author per work,sci_637ee1f73b6fd5027d1c,OpenAlex author ID
Author productivity,Canonical work count,Sana Cheema,1,477,0.2,,openalex:https://openalex.org/a5074344735,authorship-covered canonical works,canonical works with usable structured OpenAlex authorship,multiple response; one count per unique author per work,bb3a5362f067d65fc98d,OpenAlex author ID
Author productivity,Canonical work count,Sana Loubbairi,1,477,0.2,,openalex:https://openalex.org/a5120662187,authorship-covered canonical works,canonical works with usable structured OpenAlex authorship,multiple response; one count per unique author per work,1b913a0ed3ab13c6f644,OpenAlex author ID
Author productivity,Canonical work count,Sandra Johnston,1,477,0.2,,openalex:https://openalex.org/a5030825304,authorship-covered canonical works,canonical works with usable structured OpenAlex authorship,multiple response; one count per unique author per work,sci_a90d053bc1db526acda9,OpenAlex author ID
Author productivity,Canonical work count,Sandra Monteiro,1,477,0.2,,openalex:https://openalex.org/a5016790773,authorship-covered canonical works,canonical works with usable structured OpenAlex authorship,multiple response; one count per unique author per work,58483951ebaed609e26a,OpenAlex author ID
Author productivity,Canonical work count,Sandra Pahr-Hosbach,1,477,0.2,,openalex:https://openalex.org/a5115618994,authorship-covered canonical works,canonical works with usable structured OpenAlex authorship,multiple response; one count per unique author per work,594824ec9813877abe34,OpenAlex author ID
Author productivity,Canonical work count,Sandra Werner,1,477,0.2,,openalex:https://openalex.org/a5103356206,authorship-covered canonical works,canonical works with usable structured OpenAlex authorship,multiple response; one count per unique author per work,039798e4f1498c17cf82,OpenAlex author ID
Author productivity,Canonical work count,Sandra Ximena Jaramillo-Rincón,1,477,0.2,,openalex:https://openalex.org/a5050644629,authorship-covered canonical works,canonical works with usable structured OpenAlex authorship,multiple response; one count per unique author per work,432422a165ddc6a24c2f,OpenAlex author ID
Author productivity,Canonical work count,Sandro Radovanović,1,477,0.2,,openalex:https://openalex.org/a5061400789,authorship-covered canonical works,canonical works with usable structured OpenAlex authorship,multiple response; one count per unique author per work,f5c57c1a6cc5d054fcac,OpenAlex author ID
Author productivity,Canonical work count,Sang Yun Han,1,477,0.2,,openalex:https://openalex.org/a5108117042,authorship-covered canonical works,canonical works with usable structured OpenAlex authorship,multiple response; one count per unique author per work,e5814fecd144cc3fe016,OpenAlex author ID
Author productivity,Canonical work count,Sanghamitra M. Misra,1,477,0.2,,openalex:https://openalex.org/a5083953906,authorship-covered canonical works,canonical works with usable structured OpenAlex authorship,multiple response; one count per unique author per work,27940ac9615817e019e3,OpenAlex author ID
Author productivity,Canonical work count,Sangzin Ahn,1,477,0.2,,openalex:https://openalex.org/a5091482988,authorship-covered canonical works,canonical works with usable structured OpenAlex authorship,multiple response; one count per unique author per work,0a2c09d04e10e0478041,OpenAlex author ID
Author productivity,Canonical work count,Sanjeev Sockalingam,1,477,0.2,,openalex:https://openalex.org/a5141279990,authorship-covered canonical works,canonical works with usable structured OpenAlex authorship,multiple response; one count per unique author per work,63c69a200d415bc42d9b,OpenAlex author ID
Author productivity,Canonical work count,Santiago Alonso Sousa,1,477,0.2,,openalex:https://openalex.org/a5111290583,authorship-covered canonical works,canonical works with usable structured OpenAlex authorship,multiple response; one count per unique author per work,ffe994fbb4a27b100f16,OpenAlex author ID
Author productivity,Canonical work count,Sara Bakhaya,1,477,0.2,,openalex:https://openalex.org/a5119501063,authorship-covered canonical works,canonical works with usable structured OpenAlex authorship,multiple response; one count per unique author per work,afc8c786ca5b65ba8c74,OpenAlex author ID
Author productivity,Canonical work count,Sara Mirali,1,477,0.2,,openalex:https://openalex.org/a5006884999,authorship-covered canonical works,canonical works with usable structured OpenAlex authorship,multiple response; one count per unique author per work,243562012607f7033171,OpenAlex author ID
Author productivity,Canonical work count,Sarah Blair,1,477,0.2,,openalex:https://openalex.org/a5110557149,authorship-covered canonical works,canonical works with usable structured OpenAlex authorship,multiple response; one count per unique author per work,c2a9bbee811cd29891e3,OpenAlex author ID
Author productivity,Canonical work count,Sarah Litt,1,477,0.2,,openalex:https://openalex.org/a5029521482,authorship-covered canonical works,canonical works with usable structured OpenAlex authorship,multiple response; one count per unique author per work,sci_6140618886946efd3455,OpenAlex author ID
Author productivity,Canonical work count,Sarah Litt,1,477,0.2,,name-only:4dcbdf4bf0f5a9a6c8c8:a2fd54d88e2e3a0d,authorship-covered canonical works,canonical works with usable structured OpenAlex authorship,multiple response; one count per unique author per work,4dcbdf4bf0f5a9a6c8c8,name-only record; duplicates collapsed within work only; not merged across works
Author productivity,Canonical work count,Sarah Lund,1,477,0.2,,openalex:https://openalex.org/a5077853929,authorship-covered canonical works,canonical works with usable structured OpenAlex authorship,multiple response; one count per unique author per work,79301031755b16db8fe6,OpenAlex author ID
Author productivity,Canonical work count,Sarah Ricchizzi,1,477,0.2,,openalex:https://openalex.org/a5029565432,authorship-covered canonical works,canonical works with usable structured OpenAlex authorship,multiple response; one count per unique author per work,0a56637c161743569cf5,OpenAlex author ID
Author productivity,Canonical work count,Sarah Young,1,477,0.2,,openalex:https://openalex.org/a5104358320,authorship-covered canonical works,canonical works with usable structured OpenAlex authorship,multiple response; one count per unique author per work,68306d2649f0e34ccfa7,OpenAlex author ID
Author productivity,Canonical work count,Sarang Kim,1,477,0.2,,openalex:https://openalex.org/a5101586172,authorship-covered canonical works,canonical works with usable structured OpenAlex authorship,multiple response; one count per unique author per work,425ec6ee2ca714b7434a,OpenAlex author ID
Author productivity,Canonical work count,Sasa Tkalcan,1,477,0.2,,openalex:https://openalex.org/a5093439421,authorship-covered canonical works,canonical works with usable structured OpenAlex authorship,multiple response; one count per unique author per work,4cac4c9f22b3d59d56dd,OpenAlex author ID
Author productivity,Canonical work count,Satoo Ogawa,1,477,0.2,,openalex:https://openalex.org/a5111377154,authorship-covered canonical works,canonical works with usable structured OpenAlex authorship,multiple response; one count per unique author per work,5a18de075da6eacf874c,OpenAlex author ID
Author productivity,Canonical work count,Satoshi Kodera,1,477,0.2,,openalex:https://openalex.org/a5066658224,authorship-covered canonical works,canonical works with usable structured OpenAlex authorship,multiple response; one count per unique author per work,81e99943a71c35f1b5e2,OpenAlex author ID
Author productivity,Canonical work count,Sayil Alejandra De la Torre Othón,1,477,0.2,,openalex:https://openalex.org/a5107819841,authorship-covered canonical works,canonical works with usable structured OpenAlex authorship,multiple response; one count per unique author per work,a2883a095e505041a802,OpenAlex author ID
Author productivity,Canonical work count,"Sboron, Martin",1,477,0.2,,name-only:sci_0deb435b497fb81c6d22:a8e382478563bf66,authorship-covered canonical works,canonical works with usable structured OpenAlex authorship,multiple response; one count per unique author per work,sci_0deb435b497fb81c6d22,name-only record; duplicates collapsed within work only; not merged across works
Author productivity,Canonical work count,"Schmid, Thomas",1,477,0.2,,name-only:sci_0deb435b497fb81c6d22:07bfeef10384a8bb,authorship-covered canonical works,canonical works with usable structured OpenAlex authorship,multiple response; one count per unique author per work,sci_0deb435b497fb81c6d22,name-only record; duplicates collapsed within work only; not merged across works
Author productivity,Canonical work count,Scott Sumpter,1,477,0.2,,openalex:https://openalex.org/a5096085127,authorship-covered canonical works,canonical works with usable structured OpenAlex authorship,multiple response; one count per unique author per work,9aeba4bdaf161dff8c40,OpenAlex author ID
Author productivity,Canonical work count,Sean A. Setzen,1,477,0.2,,openalex:https://openalex.org/a5037752462,authorship-covered canonical works,canonical works with usable structured OpenAlex authorship,multiple response; one count per unique author per work,sci_7924be52acf88877d8df,OpenAlex author ID
Author productivity,Canonical work count,Sean N. Neifert,1,477,0.2,,openalex:https://openalex.org/a5048580400,authorship-covered canonical works,canonical works with usable structured OpenAlex authorship,multiple response; one count per unique author per work,50ac103890932b40242c,OpenAlex author ID
Author productivity,Canonical work count,Sean X. Zhou,1,477,0.2,,openalex:https://openalex.org/a5020486246,authorship-covered canonical works,canonical works with usable structured OpenAlex authorship,multiple response; one count per unique author per work,2a63460a75ff944e1d44,OpenAlex author ID
Author productivity,Canonical work count,Sebastián Valencia-Marín,1,477,0.2,,openalex:https://openalex.org/a5116411398,authorship-covered canonical works,canonical works with usable structured OpenAlex authorship,multiple response; one count per unique author per work,98c23d01b9fb23bd43c4,OpenAlex author ID
Author productivity,Canonical work count,Sejoong Kim,1,477,0.2,,openalex:https://openalex.org/a5066672164,authorship-covered canonical works,canonical works with usable structured OpenAlex authorship,multiple response; one count per unique author per work,8ce5650fcd50af3976ab,OpenAlex author ID
Author productivity,Canonical work count,Selcen Öncü,1,477,0.2,,openalex:https://openalex.org/a5023240211,authorship-covered canonical works,canonical works with usable structured OpenAlex authorship,multiple response; one count per unique author per work,f41f37dbb22b9ed8ae7c,OpenAlex author ID
Author productivity,Canonical work count,Selin Katarci,1,477,0.2,,openalex:https://openalex.org/a5120725164,authorship-covered canonical works,canonical works with usable structured OpenAlex authorship,multiple response; one count per unique author per work,86f76ce0ac18d03915b2,OpenAlex author ID
Author productivity,Canonical work count,Seng Chan You,1,477,0.2,,openalex:https://openalex.org/a5126814488,authorship-covered canonical works,canonical works with usable structured OpenAlex authorship,multiple response; one count per unique author per work,c837d77a482b4e089619,OpenAlex author ID
Author productivity,Canonical work count,Seoi Jeong,1,477,0.2,,openalex:https://openalex.org/a5128726633,authorship-covered canonical works,canonical works with usable structured OpenAlex authorship,multiple response; one count per unique author per work,9d0e015a74d4a026b092,OpenAlex author ID
Author productivity,Canonical work count,Seolhee Lee,1,477,0.2,,openalex:https://openalex.org/a5021297173,authorship-covered canonical works,canonical works with usable structured OpenAlex authorship,multiple response; one count per unique author per work,9b8b66d55c35b17e843c,OpenAlex author ID
Author productivity,Canonical work count,Seora Kim,1,477,0.2,,openalex:https://openalex.org/a5006019172,authorship-covered canonical works,canonical works with usable structured OpenAlex authorship,multiple response; one count per unique author per work,45e7ea1fbbde53125fd7,OpenAlex author ID
Author productivity,Canonical work count,Serena Ricci,1,477,0.2,,openalex:https://openalex.org/a5140906514,authorship-covered canonical works,canonical works with usable structured OpenAlex authorship,multiple response; one count per unique author per work,56dc16bbc7cd98ca993a,OpenAlex author ID
Author productivity,Canonical work count,Sergio M. Navarro,1,477,0.2,,openalex:https://openalex.org/a5020748977,authorship-covered canonical works,canonical works with usable structured OpenAlex authorship,multiple response; one count per unique author per work,79301031755b16db8fe6,OpenAlex author ID
Author productivity,Canonical work count,Seung-Ho Lee,1,477,0.2,,openalex:https://openalex.org/a5100363404,authorship-covered canonical works,canonical works with usable structured OpenAlex authorship,multiple response; one count per unique author per work,e5814fecd144cc3fe016,OpenAlex author ID
Author productivity,Canonical work count,Seunghyup Lee,1,477,0.2,,openalex:https://openalex.org/a5008720646,authorship-covered canonical works,canonical works with usable structured OpenAlex authorship,multiple response; one count per unique author per work,581dc0790951c1557bba,OpenAlex author ID
Author productivity,Canonical work count,Seydou Golo Barro,1,477,0.2,,openalex:https://openalex.org/a5023818154,authorship-covered canonical works,canonical works with usable structured OpenAlex authorship,multiple response; one count per unique author per work,5245cf325337d81e78ff,OpenAlex author ID
Author productivity,Canonical work count,Seyed Parsa Neshaei,1,477,0.2,,openalex:https://openalex.org/a5071717885,authorship-covered canonical works,canonical works with usable structured OpenAlex authorship,multiple response; one count per unique author per work,sci_b852c26f48dfbf482b84,OpenAlex author ID
Author productivity,Canonical work count,Sha Liu,1,477,0.2,,openalex:https://openalex.org/a5126519033,authorship-covered canonical works,canonical works with usable structured OpenAlex authorship,multiple response; one count per unique author per work,2c33e3b00e199776ba05,OpenAlex author ID
Author productivity,Canonical work count,Shagaf Bakour,1,477,0.2,,openalex:https://openalex.org/a5139701412,authorship-covered canonical works,canonical works with usable structured OpenAlex authorship,multiple response; one count per unique author per work,b216d2e3bbb753147fd2,OpenAlex author ID
Author productivity,Canonical work count,Shahnoor Adil,1,477,0.2,,openalex:https://openalex.org/a5139657628,authorship-covered canonical works,canonical works with usable structured OpenAlex authorship,multiple response; one count per unique author per work,b216d2e3bbb753147fd2,OpenAlex author ID
Author productivity,Canonical work count,Shalong Wang,1,477,0.2,,openalex:https://openalex.org/a5103143246,authorship-covered canonical works,canonical works with usable structured OpenAlex authorship,multiple response; one count per unique author per work,1c073acedd6171c3394d,OpenAlex author ID
Author productivity,Canonical work count,Shan Chen,1,477,0.2,,openalex:https://openalex.org/a5085715940,authorship-covered canonical works,canonical works with usable structured OpenAlex authorship,multiple response; one count per unique author per work,d977c356ff57ab060fef,OpenAlex author ID
Author productivity,Canonical work count,Shan Li,1,477,0.2,,openalex:https://openalex.org/a5100655194,authorship-covered canonical works,canonical works with usable structured OpenAlex authorship,multiple response; one count per unique author per work,2610ebe5f560db94c888,OpenAlex author ID
Author productivity,Canonical work count,Shandra Jamison,1,477,0.2,,openalex:https://openalex.org/a5060711959,authorship-covered canonical works,canonical works with usable structured OpenAlex authorship,multiple response; one count per unique author per work,37a099d4d3aa15cafaa9,OpenAlex author ID
Author productivity,Canonical work count,Shane Halse,1,477,0.2,,openalex:https://openalex.org/a5072395820,authorship-covered canonical works,canonical works with usable structured OpenAlex authorship,multiple response; one count per unique author per work,d885762caf8919afe125,OpenAlex author ID
Author productivity,Canonical work count,Shannon K. T. Bailey,1,477,0.2,,openalex:https://openalex.org/a5053724089,authorship-covered canonical works,canonical works with usable structured OpenAlex authorship,multiple response; one count per unique author per work,80e9a9d9f964aea305e9,OpenAlex author ID
Author productivity,Canonical work count,Shaopeng Ming,1,477,0.2,,openalex:https://openalex.org/a5034433507,authorship-covered canonical works,canonical works with usable structured OpenAlex authorship,multiple response; one count per unique author per work,9053eb63f4358c343310,OpenAlex author ID
Author productivity,Canonical work count,Shaowei Bi,1,477,0.2,,openalex:https://openalex.org/a5080018035,authorship-covered canonical works,canonical works with usable structured OpenAlex authorship,multiple response; one count per unique author per work,adc1485c258278b24c4e,OpenAlex author ID
Author productivity,Canonical work count,Sharath Chandra Guntuku,1,477,0.2,,openalex:https://openalex.org/a5010646067,authorship-covered canonical works,canonical works with usable structured OpenAlex authorship,multiple response; one count per unique author per work,72c30900482428bf1e49,OpenAlex author ID
Author productivity,Canonical work count,Sharon Chekijian,1,477,0.2,,openalex:https://openalex.org/a5033237473,authorship-covered canonical works,canonical works with usable structured OpenAlex authorship,multiple response; one count per unique author per work,039798e4f1498c17cf82,OpenAlex author ID
Author productivity,Canonical work count,Sharon Jiang,1,477,0.2,,openalex:https://openalex.org/a5067794157,authorship-covered canonical works,canonical works with usable structured OpenAlex authorship,multiple response; one count per unique author per work,ba93136b38c9a66d059f,OpenAlex author ID
Author productivity,Canonical work count,Sharon Kim,1,477,0.2,,openalex:https://openalex.org/a5130772746,authorship-covered canonical works,canonical works with usable structured OpenAlex authorship,multiple response; one count per unique author per work,4ef0a8247384321e8b47,OpenAlex author ID
Author productivity,Canonical work count,Sharon Wingert,1,477,0.2,,openalex:https://openalex.org/a5094299648,authorship-covered canonical works,canonical works with usable structured OpenAlex authorship,multiple response; one count per unique author per work,a44cf2193e8756673fa7,OpenAlex author ID
Author productivity,Canonical work count,Shaun M. Eack,1,477,0.2,,openalex:https://openalex.org/a5028003662,authorship-covered canonical works,canonical works with usable structured OpenAlex authorship,multiple response; one count per unique author per work,sci_637ee1f73b6fd5027d1c,OpenAlex author ID
Author productivity,Canonical work count,Shayan Smani,1,477,0.2,,openalex:https://openalex.org/a5001139300,authorship-covered canonical works,canonical works with usable structured OpenAlex authorship,multiple response; one count per unique author per work,ebc2ea10b1b751d8e58c,OpenAlex author ID
Author productivity,Canonical work count,Shayla Sharmin,1,477,0.2,,openalex:https://openalex.org/a5009660539,authorship-covered canonical works,canonical works with usable structured OpenAlex authorship,multiple response; one count per unique author per work,3cc4d65478e63af8ab6e,OpenAlex author ID
Author productivity,Canonical work count,Sheetal Naik,1,477,0.2,,openalex:https://openalex.org/a5064280102,authorship-covered canonical works,canonical works with usable structured OpenAlex authorship,multiple response; one count per unique author per work,76597dc445d9df2ae743,OpenAlex author ID
Author productivity,Canonical work count,Sheila A. M. Rauch,1,477,0.2,,openalex:https://openalex.org/a5027702973,authorship-covered canonical works,canonical works with usable structured OpenAlex authorship,multiple response; one count per unique author per work,ed23e4c8ee00516d2110,OpenAlex author ID
Author productivity,Canonical work count,Shelby Thompson,1,477,0.2,,openalex:https://openalex.org/a5110534251,authorship-covered canonical works,canonical works with usable structured OpenAlex authorship,multiple response; one count per unique author per work,e4987ba5c8f46735e9ff,OpenAlex author ID
Author productivity,Canonical work count,Shelley Tischkau,1,477,0.2,,openalex:https://openalex.org/a5122850938,authorship-covered canonical works,canonical works with usable structured OpenAlex authorship,multiple response; one count per unique author per work,8db4130844dc8d367d1f,OpenAlex author ID
Author productivity,Canonical work count,Shen Hong,1,477,0.2,,openalex:https://openalex.org/a5100933846,authorship-covered canonical works,canonical works with usable structured OpenAlex authorship,multiple response; one count per unique author per work,sci_637ee1f73b6fd5027d1c,OpenAlex author ID
Author productivity,Canonical work count,Sheravika Leonny,1,477,0.2,,openalex:https://openalex.org/a5095846838,authorship-covered canonical works,canonical works with usable structured OpenAlex authorship,multiple response; one count per unique author per work,d11ce96adb05741aef6d,OpenAlex author ID
Author productivity,Canonical work count,Shereen Fouad,1,477,0.2,,openalex:https://openalex.org/a5138050097,authorship-covered canonical works,canonical works with usable structured OpenAlex authorship,multiple response; one count per unique author per work,4f06f0d72a1de087b5c5,OpenAlex author ID
Author productivity,Canonical work count,Sheri Kiami,1,477,0.2,,openalex:https://openalex.org/a5084125547,authorship-covered canonical works,canonical works with usable structured OpenAlex authorship,multiple response; one count per unique author per work,5b529e4bc562ac2c093e,OpenAlex author ID
Author productivity,Canonical work count,Sherry A. Burrell,1,477,0.2,,openalex:https://openalex.org/a5056010013,authorship-covered canonical works,canonical works with usable structured OpenAlex authorship,multiple response; one count per unique author per work,e4caff2128dfb4f4ac0c,OpenAlex author ID
Author productivity,Canonical work count,Shi Chen,1,477,0.2,,openalex:https://openalex.org/a5078155112,authorship-covered canonical works,canonical works with usable structured OpenAlex authorship,multiple response; one count per unique author per work,1158803af3fb0ab9c072,OpenAlex author ID
Author productivity,Canonical work count,SHI Jie,1,477,0.2,,name-only:1f1c780e93f8833f8015:4bedce3a39d5090c,authorship-covered canonical works,canonical works with usable structured OpenAlex authorship,multiple response; one count per unique author per work,1f1c780e93f8833f8015,name-only record; duplicates collapsed within work only; not merged across works
Author productivity,Canonical work count,Shigeaki Inoue,1,477,0.2,,openalex:https://openalex.org/a5054472676,authorship-covered canonical works,canonical works with usable structured OpenAlex authorship,multiple response; one count per unique author per work,862592293f46ff109fb6,OpenAlex author ID
Author productivity,Canonical work count,Shihua Cao,1,477,0.2,,openalex:https://openalex.org/a5026071960,authorship-covered canonical works,canonical works with usable structured OpenAlex authorship,multiple response; one count per unique author per work,a4d746b41f7f88ceb127,OpenAlex author ID
Author productivity,Canonical work count,Shihua Cao,1,477,0.2,,openalex:https://openalex.org/a5139546889,authorship-covered canonical works,canonical works with usable structured OpenAlex authorship,multiple response; one count per unique author per work,c58a4682ca46d2e66e96,OpenAlex author ID
Author productivity,Canonical work count,Shijie Jiang,1,477,0.2,,openalex:https://openalex.org/a5123336718,authorship-covered canonical works,canonical works with usable structured OpenAlex authorship,multiple response; one count per unique author per work,8fce68134f06065fdd4a,OpenAlex author ID
Author productivity,Canonical work count,Shikha Srivastava,1,477,0.2,,openalex:https://openalex.org/a5052905922,authorship-covered canonical works,canonical works with usable structured OpenAlex authorship,multiple response; one count per unique author per work,6fdf974a01dd27215f86,OpenAlex author ID
Author productivity,Canonical work count,Shiling Zhou,1,477,0.2,,name-only:d2f64f874b70a189b145:3d2b7b95d9211ba4,authorship-covered canonical works,canonical works with usable structured OpenAlex authorship,multiple response; one count per unique author per work,d2f64f874b70a189b145,name-only record; duplicates collapsed within work only; not merged across works
Author productivity,Canonical work count,Shinjitsu Agatsuma,1,477,0.2,,openalex:https://openalex.org/a5093567668,authorship-covered canonical works,canonical works with usable structured OpenAlex authorship,multiple response; one count per unique author per work,fcd1902a5e565b2d2fcc,OpenAlex author ID
Author productivity,Canonical work count,Shinpei Nakamura-Sakai,1,477,0.2,,openalex:https://openalex.org/a5067317104,authorship-covered canonical works,canonical works with usable structured OpenAlex authorship,multiple response; one count per unique author per work,ea8e0a7c38a125bf8f1d,OpenAlex author ID
Author productivity,Canonical work count,Shiori Minami,1,477,0.2,,name-only:fcd1902a5e565b2d2fcc:708beb384b808ee9,authorship-covered canonical works,canonical works with usable structured OpenAlex authorship,multiple response; one count per unique author per work,fcd1902a5e565b2d2fcc,name-only record; duplicates collapsed within work only; not merged across works
Author productivity,Canonical work count,Shivani Vhora,1,477,0.2,,openalex:https://openalex.org/a5092370421,authorship-covered canonical works,canonical works with usable structured OpenAlex authorship,multiple response; one count per unique author per work,afa9fe102dc8ed9bfaff,OpenAlex author ID
Author productivity,Canonical work count,Shiying Shen,1,477,0.2,,openalex:https://openalex.org/a5110010732,authorship-covered canonical works,canonical works with usable structured OpenAlex authorship,multiple response; one count per unique author per work,c58a4682ca46d2e66e96,OpenAlex author ID
Author productivity,Canonical work count,Sholem Hack,1,477,0.2,,openalex:https://openalex.org/a5111183023,authorship-covered canonical works,canonical works with usable structured OpenAlex authorship,multiple response; one count per unique author per work,6ad5ba253eb6dea25a47,OpenAlex author ID
Author productivity,Canonical work count,Shota Okuno,1,477,0.2,,openalex:https://openalex.org/a5031550933,authorship-covered canonical works,canonical works with usable structured OpenAlex authorship,multiple response; one count per unique author per work,00b1591b551023fc549f,OpenAlex author ID
Author productivity,Canonical work count,Shreena Joshi Pradhan,1,477,0.2,,openalex:https://openalex.org/a5126258416,authorship-covered canonical works,canonical works with usable structured OpenAlex authorship,multiple response; one count per unique author per work,437f09a0c472e4ba343e,OpenAlex author ID
Author productivity,Canonical work count,Shreyasi Baruah,1,477,0.2,,openalex:https://openalex.org/a5120195960,authorship-covered canonical works,canonical works with usable structured OpenAlex authorship,multiple response; one count per unique author per work,dec5b56924e40c32e506,OpenAlex author ID
Author productivity,Canonical work count,Shruthi Deshpande,1,477,0.2,,openalex:https://openalex.org/a5049146713,authorship-covered canonical works,canonical works with usable structured OpenAlex authorship,multiple response; one count per unique author per work,afa9fe102dc8ed9bfaff,OpenAlex author ID
Author productivity,Canonical work count,Shruti Suresh,1,477,0.2,,name-only:14e96fc7b4c3181fd39b:2574afee5904fd0a,authorship-covered canonical works,canonical works with usable structured OpenAlex authorship,multiple response; one count per unique author per work,14e96fc7b4c3181fd39b,name-only record; duplicates collapsed within work only; not merged across works
Author productivity,Canonical work count,Shuang Li,1,477,0.2,,openalex:https://openalex.org/a5129768030,authorship-covered canonical works,canonical works with usable structured OpenAlex authorship,multiple response; one count per unique author per work,6f1527fb10827ca1da01,OpenAlex author ID
Author productivity,Canonical work count,Shuangyu Li,1,477,0.2,,openalex:https://openalex.org/a5016237410,authorship-covered canonical works,canonical works with usable structured OpenAlex authorship,multiple response; one count per unique author per work,f5c57c1a6cc5d054fcac,OpenAlex author ID
Author productivity,Canonical work count,Shuhan Li,1,477,0.2,,openalex:https://openalex.org/a5020718778,authorship-covered canonical works,canonical works with usable structured OpenAlex authorship,multiple response; one count per unique author per work,582bc7c400fa7acf214f,OpenAlex author ID
Author productivity,Canonical work count,Shuining Wang,1,477,0.2,,openalex:https://openalex.org/a5006980335,authorship-covered canonical works,canonical works with usable structured OpenAlex authorship,multiple response; one count per unique author per work,ed38fd3a7de3cb77f8a6,OpenAlex author ID
Author productivity,Canonical work count,Shunsuke Nakamura,1,477,0.2,,name-only:862592293f46ff109fb6:e30ce0d4c08b4133,authorship-covered canonical works,canonical works with usable structured OpenAlex authorship,multiple response; one count per unique author per work,862592293f46ff109fb6,name-only record; duplicates collapsed within work only; not merged across works
Author productivity,Canonical work count,Shuying Shen,1,477,0.2,,openalex:https://openalex.org/a5113710224,authorship-covered canonical works,canonical works with usable structured OpenAlex authorship,multiple response; one count per unique author per work,a4d746b41f7f88ceb127,OpenAlex author ID
Author productivity,Canonical work count,Sidharth Kumar Sethi,1,477,0.2,,openalex:https://openalex.org/a5083689179,authorship-covered canonical works,canonical works with usable structured OpenAlex authorship,multiple response; one count per unique author per work,caf55d1c5f0358791a96,OpenAlex author ID
Author productivity,Canonical work count,Sierra Adare-Tasiwoopa Ápi,1,477,0.2,,openalex:https://openalex.org/a5138005140,authorship-covered canonical works,canonical works with usable structured OpenAlex authorship,multiple response; one count per unique author per work,740cc1ae550411dacecc,OpenAlex author ID
Author productivity,Canonical work count,Sigit Mulyono,1,477,0.2,,openalex:https://openalex.org/a5135086280,authorship-covered canonical works,canonical works with usable structured OpenAlex authorship,multiple response; one count per unique author per work,6a18d985481870e99d72,OpenAlex author ID
Author productivity,Canonical work count,Sihong Li,1,477,0.2,,name-only:ed38fd3a7de3cb77f8a6:389bf4f4b6b3c66f,authorship-covered canonical works,canonical works with usable structured OpenAlex authorship,multiple response; one count per unique author per work,ed38fd3a7de3cb77f8a6,name-only record; duplicates collapsed within work only; not merged across works
Author productivity,Canonical work count,Sihui Hu,1,477,0.2,,openalex:https://openalex.org/a5006088977,authorship-covered canonical works,canonical works with usable structured OpenAlex authorship,multiple response; one count per unique author per work,412046e11296d150c70a,OpenAlex author ID
Author productivity,Canonical work count,Simon M. Breil,1,477,0.2,,openalex:https://openalex.org/a5135504955,authorship-covered canonical works,canonical works with usable structured OpenAlex authorship,multiple response; one count per unique author per work,7442954006aac8fa63fa,OpenAlex author ID
Author productivity,Canonical work count,Simon N. Chu,1,477,0.2,,openalex:https://openalex.org/a5102750865,authorship-covered canonical works,canonical works with usable structured OpenAlex authorship,multiple response; one count per unique author per work,3a5aebe14250eec39412,OpenAlex author ID
Author productivity,Canonical work count,Simon Ostermann,1,477,0.2,,openalex:https://openalex.org/a5136720127,authorship-covered canonical works,canonical works with usable structured OpenAlex authorship,multiple response; one count per unique author per work,bad1f4fb855554cb4aba,OpenAlex author ID
Author productivity,Canonical work count,Simon Stone,1,477,0.2,,openalex:https://openalex.org/a5016859545,authorship-covered canonical works,canonical works with usable structured OpenAlex authorship,multiple response; one count per unique author per work,sci_300870bf7109221baf28,OpenAlex author ID
Author productivity,Canonical work count,Simon Williams,1,477,0.2,,openalex:https://openalex.org/a5135831853,authorship-covered canonical works,canonical works with usable structured OpenAlex authorship,multiple response; one count per unique author per work,434224fa76b1280311a5,OpenAlex author ID
Author productivity,Canonical work count,Simone Appenzeller,1,477,0.2,,name-only:9eb3b25f5e4e48cdcb6a:fbf383a471a47a7a,authorship-covered canonical works,canonical works with usable structured OpenAlex authorship,multiple response; one count per unique author per work,9eb3b25f5e4e48cdcb6a,name-only record; duplicates collapsed within work only; not merged across works
Author productivity,Canonical work count,Simone Colosimo,1,477,0.2,,openalex:https://openalex.org/a5050617807,authorship-covered canonical works,canonical works with usable structured OpenAlex authorship,multiple response; one count per unique author per work,7d5cb710e5a6901bbaaa,OpenAlex author ID
Author productivity,Canonical work count,Simone Kresevic,1,477,0.2,,openalex:https://openalex.org/a5018176259,authorship-covered canonical works,canonical works with usable structured OpenAlex authorship,multiple response; one count per unique author per work,ea8e0a7c38a125bf8f1d,OpenAlex author ID
Author productivity,Canonical work count,Sina Zarrieß,1,477,0.2,,openalex:https://openalex.org/a5078051602,authorship-covered canonical works,canonical works with usable structured OpenAlex authorship,multiple response; one count per unique author per work,7938acbdb4523b82db58,OpenAlex author ID
Author productivity,Canonical work count,Siobhan Corbett,1,477,0.2,,openalex:https://openalex.org/a5147046360,authorship-covered canonical works,canonical works with usable structured OpenAlex authorship,multiple response; one count per unique author per work,425ec6ee2ca714b7434a,OpenAlex author ID
Author productivity,Canonical work count,Sirous Golchinheydari,1,477,0.2,,openalex:https://openalex.org/a5118577819,authorship-covered canonical works,canonical works with usable structured OpenAlex authorship,multiple response; one count per unique author per work,86d7e55b4cfd49b202f0,OpenAlex author ID
Author productivity,Canonical work count,Siti Fatimah Md Shariff,1,477,0.2,,openalex:https://openalex.org/a5116405498,authorship-covered canonical works,canonical works with usable structured OpenAlex authorship,multiple response; one count per unique author per work,643ef34d4dd326d5b164,OpenAlex author ID
Author productivity,Canonical work count,Siu Ling Chan,1,477,0.2,,openalex:https://openalex.org/a5027225186,authorship-covered canonical works,canonical works with usable structured OpenAlex authorship,multiple response; one count per unique author per work,7a5ffafc98c031b3684e,OpenAlex author ID
Author productivity,Canonical work count,Siu Lun Au,1,477,0.2,,openalex:https://openalex.org/a5018957629,authorship-covered canonical works,canonical works with usable structured OpenAlex authorship,multiple response; one count per unique author per work,7a5ffafc98c031b3684e,OpenAlex author ID
Author productivity,Canonical work count,Siyang Liu,1,477,0.2,,openalex:https://openalex.org/a5100629084,authorship-covered canonical works,canonical works with usable structured OpenAlex authorship,multiple response; one count per unique author per work,bc5dd5d7b1ad1b4d21e4,OpenAlex author ID
Author productivity,Canonical work count,Siyu Huang,1,477,0.2,,name-only:ed38fd3a7de3cb77f8a6:8233925a5b306cf4,authorship-covered canonical works,canonical works with usable structured OpenAlex authorship,multiple response; one count per unique author per work,ed38fd3a7de3cb77f8a6,name-only record; duplicates collapsed within work only; not merged across works
Author productivity,Canonical work count,Smitha Elizabeth Kore,1,477,0.2,,name-only:9eb3b25f5e4e48cdcb6a:9732ff7c911eb799,authorship-covered canonical works,canonical works with usable structured OpenAlex authorship,multiple response; one count per unique author per work,9eb3b25f5e4e48cdcb6a,name-only record; duplicates collapsed within work only; not merged across works
Author productivity,Canonical work count,Sofia Salahuddin,1,477,0.2,,openalex:https://openalex.org/a5072306898,authorship-covered canonical works,canonical works with usable structured OpenAlex authorship,multiple response; one count per unique author per work,f54e36609097c96e8b6d,OpenAlex author ID
Author productivity,Canonical work count,Sofie Kamber,1,477,0.2,,openalex:https://openalex.org/a5138759684,authorship-covered canonical works,canonical works with usable structured OpenAlex authorship,multiple response; one count per unique author per work,20e73ed62a3078e6a9b4,OpenAlex author ID
Author productivity,Canonical work count,Soheil Saadat,1,477,0.2,,openalex:https://openalex.org/a5079981443,authorship-covered canonical works,canonical works with usable structured OpenAlex authorship,multiple response; one count per unique author per work,2dd7865e84af395616af,OpenAlex author ID
Author productivity,Canonical work count,Sok Ying Liaw,1,477,0.2,,openalex:https://openalex.org/a5083886826,authorship-covered canonical works,canonical works with usable structured OpenAlex authorship,multiple response; one count per unique author per work,e5e611fc18a4d66128d9,OpenAlex author ID
Author productivity,Canonical work count,Sonal Admane,1,477,0.2,,openalex:https://openalex.org/a5084620648,authorship-covered canonical works,canonical works with usable structured OpenAlex authorship,multiple response; one count per unique author per work,ac7ed05801a4bd006e07,OpenAlex author ID
Author productivity,Canonical work count,SONG Jialin,1,477,0.2,,name-only:3e6c586541bbab277f12:a139ea0a104f04a4,authorship-covered canonical works,canonical works with usable structured OpenAlex authorship,multiple response; one count per unique author per work,3e6c586541bbab277f12,name-only record; duplicates collapsed within work only; not merged across works
Author productivity,Canonical work count,Sonia León‐Cabrera,1,477,0.2,,openalex:https://openalex.org/a5016681940,authorship-covered canonical works,canonical works with usable structured OpenAlex authorship,multiple response; one count per unique author per work,98c23d01b9fb23bd43c4,OpenAlex author ID
Author productivity,Canonical work count,Sophia Hu,1,477,0.2,,openalex:https://openalex.org/a5102883073,authorship-covered canonical works,canonical works with usable structured OpenAlex authorship,multiple response; one count per unique author per work,7a5ffafc98c031b3684e,OpenAlex author ID
Author productivity,Canonical work count,Sophia Viktoria Ragaller,1,477,0.2,,openalex:https://openalex.org/a5116277800,authorship-covered canonical works,canonical works with usable structured OpenAlex authorship,multiple response; one count per unique author per work,f5e8d39c518465a0d255,OpenAlex author ID
Author productivity,Canonical work count,Sophie Catanese,1,477,0.2,,openalex:https://openalex.org/a5053553878,authorship-covered canonical works,canonical works with usable structured OpenAlex authorship,multiple response; one count per unique author per work,5aeb6b891099b95aa832,OpenAlex author ID
Author productivity,Canonical work count,Sophie Jörg,1,477,0.2,,openalex:https://openalex.org/a5025756610,authorship-covered canonical works,canonical works with usable structured OpenAlex authorship,multiple response; one count per unique author per work,7b19776512fecc94e643,OpenAlex author ID
Author productivity,Canonical work count,Sophie Leducq,1,477,0.2,,openalex:https://openalex.org/a5001564881,authorship-covered canonical works,canonical works with usable structured OpenAlex authorship,multiple response; one count per unique author per work,5aeb6b891099b95aa832,OpenAlex author ID
Author productivity,Canonical work count,Sophie Mårtensson,1,477,0.2,,openalex:https://openalex.org/a5083385823,authorship-covered canonical works,canonical works with usable structured OpenAlex authorship,multiple response; one count per unique author per work,319d5b791f54df181b23,OpenAlex author ID
Author productivity,Canonical work count,Sophy McFarlane,1,477,0.2,,name-only:df4adbef2a265890959e:67027a35a69eff57,authorship-covered canonical works,canonical works with usable structured OpenAlex authorship,multiple response; one count per unique author per work,df4adbef2a265890959e,name-only record; duplicates collapsed within work only; not merged across works
Author productivity,Canonical work count,Soyeon Shin,1,477,0.2,,openalex:https://openalex.org/a5130118790,authorship-covered canonical works,canonical works with usable structured OpenAlex authorship,multiple response; one count per unique author per work,9d0e015a74d4a026b092,OpenAlex author ID
Author productivity,Canonical work count,Sridhar Krishnan,1,477,0.2,,openalex:https://openalex.org/a5086845888,authorship-covered canonical works,canonical works with usable structured OpenAlex authorship,multiple response; one count per unique author per work,63c69a200d415bc42d9b,OpenAlex author ID
Author productivity,Canonical work count,Sriharsha Makineni,1,477,0.2,,openalex:https://openalex.org/a5125622879,authorship-covered canonical works,canonical works with usable structured OpenAlex authorship,multiple response; one count per unique author per work,6af91184365b35a93de5,OpenAlex author ID
Author productivity,Canonical work count,Srinivasan Suresh,1,477,0.2,,openalex:https://openalex.org/a5000915304,authorship-covered canonical works,canonical works with usable structured OpenAlex authorship,multiple response; one count per unique author per work,27940ac9615817e019e3,OpenAlex author ID
Author productivity,Canonical work count,Stanton Honig,1,477,0.2,,openalex:https://openalex.org/a5085245311,authorship-covered canonical works,canonical works with usable structured OpenAlex authorship,multiple response; one count per unique author per work,ebc2ea10b1b751d8e58c,OpenAlex author ID
Author productivity,Canonical work count,Stefan Hobi,1,477,0.2,,openalex:https://openalex.org/a5077677042,authorship-covered canonical works,canonical works with usable structured OpenAlex authorship,multiple response; one count per unique author per work,ffe994fbb4a27b100f16,OpenAlex author ID
Author productivity,Canonical work count,Steffen Hauck,1,477,0.2,,openalex:https://openalex.org/a5075597365,authorship-covered canonical works,canonical works with usable structured OpenAlex authorship,multiple response; one count per unique author per work,7b19776512fecc94e643,OpenAlex author ID
Author productivity,Canonical work count,Stella Brogna,1,477,0.2,,openalex:https://openalex.org/a5108657076,authorship-covered canonical works,canonical works with usable structured OpenAlex authorship,multiple response; one count per unique author per work,20e73ed62a3078e6a9b4,OpenAlex author ID
Author productivity,Canonical work count,Stephan Zipfel,1,477,0.2,,openalex:https://openalex.org/a5121452284,authorship-covered canonical works,canonical works with usable structured OpenAlex authorship,multiple response; one count per unique author per work,282aa7d3820de53059e9,OpenAlex author ID
Author productivity,Canonical work count,Stephanie B. Jones,1,477,0.2,,openalex:https://openalex.org/a5021912346,authorship-covered canonical works,canonical works with usable structured OpenAlex authorship,multiple response; one count per unique author per work,5aa2066f4c78fde5a50b,OpenAlex author ID
Author productivity,Canonical work count,Stephanie Milani,1,477,0.2,,openalex:https://openalex.org/a5007950132,authorship-covered canonical works,canonical works with usable structured OpenAlex authorship,multiple response; one count per unique author per work,sci_637ee1f73b6fd5027d1c,OpenAlex author ID
Author productivity,Canonical work count,Stephanie Rupp,1,477,0.2,,openalex:https://openalex.org/a5061657764,authorship-covered canonical works,canonical works with usable structured OpenAlex authorship,multiple response; one count per unique author per work,594824ec9813877abe34,OpenAlex author ID
Author productivity,Canonical work count,Stephen McKeever,1,477,0.2,,openalex:https://openalex.org/a5104104995,authorship-covered canonical works,canonical works with usable structured OpenAlex authorship,multiple response; one count per unique author per work,0038624c09ec9fe46395,OpenAlex author ID
Author productivity,Canonical work count,Stephen R. Payne,1,477,0.2,,openalex:https://openalex.org/a5000666294,authorship-covered canonical works,canonical works with usable structured OpenAlex authorship,multiple response; one count per unique author per work,db80308782a219cbea0e,OpenAlex author ID
Author productivity,Canonical work count,Steve N’Guyen,1,477,0.2,,openalex:https://openalex.org/a5106429708,authorship-covered canonical works,canonical works with usable structured OpenAlex authorship,multiple response; one count per unique author per work,327767a02786d8ff7a19,OpenAlex author ID
Author productivity,Canonical work count,Steven D. Mercer,1,477,0.2,,openalex:https://openalex.org/a5114234032,authorship-covered canonical works,canonical works with usable structured OpenAlex authorship,multiple response; one count per unique author per work,437f09a0c472e4ba343e,OpenAlex author ID
Author productivity,Canonical work count,Steven Yule,1,477,0.2,,openalex:https://openalex.org/a5098667739,authorship-covered canonical works,canonical works with usable structured OpenAlex authorship,multiple response; one count per unique author per work,db80308782a219cbea0e,OpenAlex author ID
Author productivity,Canonical work count,Stian Reimers,1,477,0.2,,openalex:https://openalex.org/a5075207296,authorship-covered canonical works,canonical works with usable structured OpenAlex authorship,multiple response; one count per unique author per work,06baad752a52246f7f43,OpenAlex author ID
Author productivity,Canonical work count,Stiliano Maimaris,1,477,0.2,,openalex:https://openalex.org/a5011917888,authorship-covered canonical works,canonical works with usable structured OpenAlex authorship,multiple response; one count per unique author per work,07d462beafe4d21ba016,OpenAlex author ID
Author productivity,Canonical work count,Suhaila Nanyan,1,477,0.2,,openalex:https://openalex.org/a5037290152,authorship-covered canonical works,canonical works with usable structured OpenAlex authorship,multiple response; one count per unique author per work,43800694173ba371af4f,OpenAlex author ID
Author productivity,Canonical work count,Sujay Galen,1,477,0.2,,openalex:https://openalex.org/a5112547055,authorship-covered canonical works,canonical works with usable structured OpenAlex authorship,multiple response; one count per unique author per work,45e7ea1fbbde53125fd7,OpenAlex author ID
Author productivity,Canonical work count,Sujin Shin,1,477,0.2,,openalex:https://openalex.org/a5128350954,authorship-covered canonical works,canonical works with usable structured OpenAlex authorship,multiple response; one count per unique author per work,3d4ea70252a23ce4cd2f,OpenAlex author ID
Author productivity,Canonical work count,Sulaiman Al Sabei,1,477,0.2,,openalex:https://openalex.org/a5079697405,authorship-covered canonical works,canonical works with usable structured OpenAlex authorship,multiple response; one count per unique author per work,sci_49f3e83303945c5d95da,OpenAlex author ID
Author productivity,Canonical work count,Sumaia Sabouni,1,477,0.2,,openalex:https://openalex.org/a5120005619,authorship-covered canonical works,canonical works with usable structured OpenAlex authorship,multiple response; one count per unique author per work,eb6ba637fab26b824344,OpenAlex author ID
Author productivity,Canonical work count,Sumanth Devaraju,1,477,0.2,,name-only:76597dc445d9df2ae743:44db9cd92d14a6f6,authorship-covered canonical works,canonical works with usable structured OpenAlex authorship,multiple response; one count per unique author per work,76597dc445d9df2ae743,name-only record; duplicates collapsed within work only; not merged across works
Author productivity,Canonical work count,Sumin Seo,1,477,0.2,,openalex:https://openalex.org/a5114035736,authorship-covered canonical works,canonical works with usable structured OpenAlex authorship,multiple response; one count per unique author per work,4b471ab893f0c3845025,OpenAlex author ID
Author productivity,Canonical work count,Sun Jones,1,477,0.2,,name-only:ef046f239f256df5f180:a8cf412aa035f04f,authorship-covered canonical works,canonical works with usable structured OpenAlex authorship,multiple response; one count per unique author per work,ef046f239f256df5f180,name-only record; duplicates collapsed within work only; not merged across works
Author productivity,Canonical work count,Sun Jung Myung,1,477,0.2,,openalex:https://openalex.org/a5059227237,authorship-covered canonical works,canonical works with usable structured OpenAlex authorship,multiple response; one count per unique author per work,9d0e015a74d4a026b092,OpenAlex author ID
Author productivity,Canonical work count,Sun Ok Jung,1,477,0.2,,openalex:https://openalex.org/a5002212100,authorship-covered canonical works,canonical works with usable structured OpenAlex authorship,multiple response; one count per unique author per work,49bb4b3f2e5c7a1a3f92,OpenAlex author ID
Author productivity,Canonical work count,Sunaina Saharan,1,477,0.2,,name-only:a44cf2193e8756673fa7:dca223911a70095a,authorship-covered canonical works,canonical works with usable structured OpenAlex authorship,multiple response; one count per unique author per work,a44cf2193e8756673fa7,name-only record; duplicates collapsed within work only; not merged across works
Author productivity,Canonical work count,Sung Hae Kim,1,477,0.2,,openalex:https://openalex.org/a5143543284,authorship-covered canonical works,canonical works with usable structured OpenAlex authorship,multiple response; one count per unique author per work,ce47d43f097c456cdf45,OpenAlex author ID
Author productivity,Canonical work count,Sunil Reddy,1,477,0.2,,openalex:https://openalex.org/a5083383734,authorship-covered canonical works,canonical works with usable structured OpenAlex authorship,multiple response; one count per unique author per work,ebc2ea10b1b751d8e58c,OpenAlex author ID
Author productivity,Canonical work count,Sunjay Jain,1,477,0.2,,openalex:https://openalex.org/a5026979531,authorship-covered canonical works,canonical works with usable structured OpenAlex authorship,multiple response; one count per unique author per work,db80308782a219cbea0e,OpenAlex author ID
Author productivity,Canonical work count,Supapak Phetrasuwan,1,477,0.2,,openalex:https://openalex.org/a5033371807,authorship-covered canonical works,canonical works with usable structured OpenAlex authorship,multiple response; one count per unique author per work,7a5ffafc98c031b3684e,OpenAlex author ID
Author productivity,Canonical work count,Surachai Leksuwankun,1,477,0.2,,openalex:https://openalex.org/a5062086155,authorship-covered canonical works,canonical works with usable structured OpenAlex authorship,multiple response; one count per unique author per work,594d7ce86781a2e8398f,OpenAlex author ID
Author productivity,Canonical work count,Susan Farrell,1,477,0.2,,openalex:https://openalex.org/a5085611135,authorship-covered canonical works,canonical works with usable structured OpenAlex authorship,multiple response; one count per unique author per work,ba93136b38c9a66d059f,OpenAlex author ID
Author productivity,Canonical work count,Susanne Olesen,1,477,0.2,,openalex:https://openalex.org/a5108717232,authorship-covered canonical works,canonical works with usable structured OpenAlex authorship,multiple response; one count per unique author per work,43f6ad0fa6f4597d56fc,OpenAlex author ID
Author productivity,Canonical work count,Suvranu De,1,477,0.2,,openalex:https://openalex.org/a5137809065,authorship-covered canonical works,canonical works with usable structured OpenAlex authorship,multiple response; one count per unique author per work,5aa2066f4c78fde5a50b,OpenAlex author ID
Author productivity,Canonical work count,Suzan Kardong-Edgren,1,477,0.2,,openalex:https://openalex.org/a5134976605,authorship-covered canonical works,canonical works with usable structured OpenAlex authorship,multiple response; one count per unique author per work,e359eafa6af6abbb467d,OpenAlex author ID
Author productivity,Canonical work count,Suzanne Donnelly,1,477,0.2,,openalex:https://openalex.org/a5087959453,authorship-covered canonical works,canonical works with usable structured OpenAlex authorship,multiple response; one count per unique author per work,1c5402a057ba8f451244,OpenAlex author ID
Author productivity,Canonical work count,Su‐I Hou,1,477,0.2,,openalex:https://openalex.org/a5072922849,authorship-covered canonical works,canonical works with usable structured OpenAlex authorship,multiple response; one count per unique author per work,a3991fd1e09daca82f29,OpenAlex author ID
Author productivity,Canonical work count,Swara Bhatt,1,477,0.2,,openalex:https://openalex.org/a5109815352,authorship-covered canonical works,canonical works with usable structured OpenAlex authorship,multiple response; one count per unique author per work,8bece1a102e2fe87b74e,OpenAlex author ID
Author productivity,Canonical work count,Syaheerah Lebai Lutfi,1,477,0.2,,name-only:038dc9e15385ce662149:2884ccfd7262f174,authorship-covered canonical works,canonical works with usable structured OpenAlex authorship,multiple response; one count per unique author per work,038dc9e15385ce662149,name-only record; duplicates collapsed within work only; not merged across works
Author productivity,Canonical work count,Syaheerah Lebai Lutfi,1,477,0.2,,openalex:https://openalex.org/a5053859600,authorship-covered canonical works,canonical works with usable structured OpenAlex authorship,multiple response; one count per unique author per work,36878122d89a1f0ba51c,OpenAlex author ID
Author productivity,Canonical work count,Syed S. U. H. Bukhari,1,477,0.2,,openalex:https://openalex.org/a5046456929,authorship-covered canonical works,canonical works with usable structured OpenAlex authorship,multiple response; one count per unique author per work,ffe994fbb4a27b100f16,OpenAlex author ID
Author productivity,Canonical work count,Szabolcs Arnoczki,1,477,0.2,,openalex:https://openalex.org/a5119727124,authorship-covered canonical works,canonical works with usable structured OpenAlex authorship,multiple response; one count per unique author per work,30b04ea7e17c283383c8,OpenAlex author ID
Author productivity,Canonical work count,T Chikezie,1,477,0.2,,openalex:https://openalex.org/a5140518768,authorship-covered canonical works,canonical works with usable structured OpenAlex authorship,multiple response; one count per unique author per work,681bba8e632d1614f426,OpenAlex author ID
Author productivity,Canonical work count,T Kwok,1,477,0.2,,openalex:https://openalex.org/a5036089481,authorship-covered canonical works,canonical works with usable structured OpenAlex authorship,multiple response; one count per unique author per work,592d3957693502aad933,OpenAlex author ID
Author productivity,Canonical work count,T Ragavendhiran.,1,477,0.2,,openalex:https://openalex.org/a5116424354,authorship-covered canonical works,canonical works with usable structured OpenAlex authorship,multiple response; one count per unique author per work,416753b67d9e900455c8,OpenAlex author ID
Author productivity,Canonical work count,T Wilson,1,477,0.2,,openalex:https://openalex.org/a5111326096,authorship-covered canonical works,canonical works with usable structured OpenAlex authorship,multiple response; one count per unique author per work,sci_1b84a9e2391f6779175c,OpenAlex author ID
Author productivity,Canonical work count,T. C. Fung,1,477,0.2,,openalex:https://openalex.org/a5067826712,authorship-covered canonical works,canonical works with usable structured OpenAlex authorship,multiple response; one count per unique author per work,7a5ffafc98c031b3684e,OpenAlex author ID
Author productivity,Canonical work count,T. S. Shchudrova,1,477,0.2,,openalex:https://openalex.org/a5063839443,authorship-covered canonical works,canonical works with usable structured OpenAlex authorship,multiple response; one count per unique author per work,14a6c8b99daf76e8179d,OpenAlex author ID
Author productivity,Canonical work count,T.V Chukwuoke,1,477,0.2,,openalex:https://openalex.org/a5140538196,authorship-covered canonical works,canonical works with usable structured OpenAlex authorship,multiple response; one count per unique author per work,681bba8e632d1614f426,OpenAlex author ID
Author productivity,Canonical work count,"Tactical Data Group, Stafford, VA, USA",1,477,0.2,,name-only:a44cf2193e8756673fa7:e1aee4434dc3ad39,authorship-covered canonical works,canonical works with usable structured OpenAlex authorship,multiple response; one count per unique author per work,a44cf2193e8756673fa7,name-only record; duplicates collapsed within work only; not merged across works
Author productivity,Canonical work count,Tadashi Matsuura,1,477,0.2,,openalex:https://openalex.org/a5030901390,authorship-covered canonical works,canonical works with usable structured OpenAlex authorship,multiple response; one count per unique author per work,fd0c4ec164cda596074b,OpenAlex author ID
Author productivity,Canonical work count,Taerim Kim,1,477,0.2,,openalex:https://openalex.org/a5102993955,authorship-covered canonical works,canonical works with usable structured OpenAlex authorship,multiple response; one count per unique author per work,581dc0790951c1557bba,OpenAlex author ID
Author productivity,Canonical work count,Takahiro Shinohara,1,477,0.2,,name-only:fd0c4ec164cda596074b:6f420e40d502c42c,authorship-covered canonical works,canonical works with usable structured OpenAlex authorship,multiple response; one count per unique author per work,fd0c4ec164cda596074b,name-only record; duplicates collapsed within work only; not merged across works
Author productivity,Canonical work count,Takahiro Shinohara,1,477,0.2,,name-only:da8839d00c24db7f6ad6:9ed35888fe267fde,authorship-covered canonical works,canonical works with usable structured OpenAlex authorship,multiple response; one count per unique author per work,da8839d00c24db7f6ad6,name-only record; duplicates collapsed within work only; not merged across works
Author productivity,Canonical work count,Takayuki Fukatsu,1,477,0.2,,openalex:https://openalex.org/a5070674367,authorship-covered canonical works,canonical works with usable structured OpenAlex authorship,multiple response; one count per unique author per work,328dc44eb7208308940c,OpenAlex author ID
Author productivity,Canonical work count,Takeshi Koike,1,477,0.2,,openalex:https://openalex.org/a5108640916,authorship-covered canonical works,canonical works with usable structured OpenAlex authorship,multiple response; one count per unique author per work,sci_66be3ed42b9293d2ff9f,OpenAlex author ID
Author productivity,Canonical work count,Takeshi Matsuura,1,477,0.2,,name-only:da8839d00c24db7f6ad6:dacfaf0d136dee12,authorship-covered canonical works,canonical works with usable structured OpenAlex authorship,multiple response; one count per unique author per work,da8839d00c24db7f6ad6,name-only record; duplicates collapsed within work only; not merged across works
Author productivity,Canonical work count,Takuto Tone,1,477,0.2,,openalex:https://openalex.org/a5118214196,authorship-covered canonical works,canonical works with usable structured OpenAlex authorship,multiple response; one count per unique author per work,862592293f46ff109fb6,OpenAlex author ID
Author productivity,Canonical work count,Tamara Mitchell,1,477,0.2,,openalex:https://openalex.org/a5144010309,authorship-covered canonical works,canonical works with usable structured OpenAlex authorship,multiple response; one count per unique author per work,907d492e03a26ae110b8,OpenAlex author ID
Author productivity,Canonical work count,Tamotsu Yamaguchi,1,477,0.2,,name-only:00b1591b551023fc549f:8b7c21b3a3735175,authorship-covered canonical works,canonical works with usable structured OpenAlex authorship,multiple response; one count per unique author per work,00b1591b551023fc549f,name-only record; duplicates collapsed within work only; not merged across works
Author productivity,Canonical work count,Tan Dang,1,477,0.2,,openalex:https://openalex.org/a5138899222,authorship-covered canonical works,canonical works with usable structured OpenAlex authorship,multiple response; one count per unique author per work,539c65e906ee41f3eabf,OpenAlex author ID
Author productivity,Canonical work count,Tanja Grammer,1,477,0.2,,openalex:https://openalex.org/a5137380814,authorship-covered canonical works,canonical works with usable structured OpenAlex authorship,multiple response; one count per unique author per work,7442954006aac8fa63fa,OpenAlex author ID
Author productivity,Canonical work count,Tanja Käser,1,477,0.2,,openalex:https://openalex.org/a5133581818,authorship-covered canonical works,canonical works with usable structured OpenAlex authorship,multiple response; one count per unique author per work,sci_b852c26f48dfbf482b84,OpenAlex author ID
Author productivity,Canonical work count,Tanqiu Jiang,1,477,0.2,,openalex:https://openalex.org/a5029462644,authorship-covered canonical works,canonical works with usable structured OpenAlex authorship,multiple response; one count per unique author per work,sci_6140618886946efd3455,OpenAlex author ID
Author productivity,Canonical work count,Tanqiu Jiang,1,477,0.2,,name-only:4dcbdf4bf0f5a9a6c8c8:e12bb0456288e794,authorship-covered canonical works,canonical works with usable structured OpenAlex authorship,multiple response; one count per unique author per work,4dcbdf4bf0f5a9a6c8c8,name-only record; duplicates collapsed within work only; not merged across works
Author productivity,Canonical work count,Tanya Nazaretsky,1,477,0.2,,openalex:https://openalex.org/a5081767435,authorship-covered canonical works,canonical works with usable structured OpenAlex authorship,multiple response; one count per unique author per work,sci_b852c26f48dfbf482b84,OpenAlex author ID
Author productivity,Canonical work count,Tao Shen,1,477,0.2,,openalex:https://openalex.org/a5135898662,authorship-covered canonical works,canonical works with usable structured OpenAlex authorship,multiple response; one count per unique author per work,da4715a1835405ea02b7,OpenAlex author ID
Author productivity,Canonical work count,Tara Mansour,1,477,0.2,,openalex:https://openalex.org/a5114297674,authorship-covered canonical works,canonical works with usable structured OpenAlex authorship,multiple response; one count per unique author per work,sci_f57abde71790ef1bc83d,OpenAlex author ID
Author productivity,Canonical work count,Taro Shimizu,1,477,0.2,,openalex:https://openalex.org/a5138169595,authorship-covered canonical works,canonical works with usable structured OpenAlex authorship,multiple response; one count per unique author per work,4fdab8147c5288a598e6,OpenAlex author ID
Author productivity,Canonical work count,Tarron Kayalackakom,1,477,0.2,,openalex:https://openalex.org/a5012272056,authorship-covered canonical works,canonical works with usable structured OpenAlex authorship,multiple response; one count per unique author per work,76597dc445d9df2ae743,OpenAlex author ID
Author productivity,Canonical work count,Tatiana Lapa,1,477,0.2,,openalex:https://openalex.org/a5044187001,authorship-covered canonical works,canonical works with usable structured OpenAlex authorship,multiple response; one count per unique author per work,243562012607f7033171,OpenAlex author ID
Author productivity,Canonical work count,Taylan Sen,1,477,0.2,,openalex:https://openalex.org/a5040263978,authorship-covered canonical works,canonical works with usable structured OpenAlex authorship,multiple response; one count per unique author per work,76a6c8049ee4223224f6,OpenAlex author ID
Author productivity,Canonical work count,Taylor Crouch,1,477,0.2,,openalex:https://openalex.org/a5024440744,authorship-covered canonical works,canonical works with usable structured OpenAlex authorship,multiple response; one count per unique author per work,df5127c0b752274d452e,OpenAlex author ID
Author productivity,Canonical work count,Taylor Long,1,477,0.2,,openalex:https://openalex.org/a5011299568,authorship-covered canonical works,canonical works with usable structured OpenAlex authorship,multiple response; one count per unique author per work,4781da10664bc6a33ebc,OpenAlex author ID
Author productivity,Canonical work count,Taylor Sawyer,1,477,0.2,,openalex:https://openalex.org/a5054223377,authorship-covered canonical works,canonical works with usable structured OpenAlex authorship,multiple response; one count per unique author per work,7a9ca4d4d16f4705139f,OpenAlex author ID
Author productivity,Canonical work count,Tejas S. Sathe,1,477,0.2,,openalex:https://openalex.org/a5010098168,authorship-covered canonical works,canonical works with usable structured OpenAlex authorship,multiple response; one count per unique author per work,79301031755b16db8fe6,OpenAlex author ID
Author productivity,Canonical work count,Teng Grace Zhang,1,477,0.2,,openalex:https://openalex.org/a5123772292,authorship-covered canonical works,canonical works with usable structured OpenAlex authorship,multiple response; one count per unique author per work,ead3628c23fe3e244e24,OpenAlex author ID
Author productivity,Canonical work count,Teng Teng,1,477,0.2,,openalex:https://openalex.org/a5111386802,authorship-covered canonical works,canonical works with usable structured OpenAlex authorship,multiple response; one count per unique author per work,f2454b259920b1b1d032,OpenAlex author ID
Author productivity,Canonical work count,Teniola Adeniji,1,477,0.2,,openalex:https://openalex.org/a5099337409,authorship-covered canonical works,canonical works with usable structured OpenAlex authorship,multiple response; one count per unique author per work,76597dc445d9df2ae743,OpenAlex author ID
Author productivity,Canonical work count,Teresa Festl-Wietek,1,477,0.2,,openalex:https://openalex.org/a5121485650,authorship-covered canonical works,canonical works with usable structured OpenAlex authorship,multiple response; one count per unique author per work,282aa7d3820de53059e9,OpenAlex author ID
Author productivity,Canonical work count,Teresa Murphy,1,477,0.2,,name-only:df4adbef2a265890959e:9fd3333e28c1c1ee,authorship-covered canonical works,canonical works with usable structured OpenAlex authorship,multiple response; one count per unique author per work,df4adbef2a265890959e,name-only record; duplicates collapsed within work only; not merged across works
Author productivity,Canonical work count,Terri Christensen,1,477,0.2,,openalex:https://openalex.org/a5029180582,authorship-covered canonical works,canonical works with usable structured OpenAlex authorship,multiple response; one count per unique author per work,eeb5a3afa4e8b1c2635c,OpenAlex author ID
Author productivity,Canonical work count,Terry Morris Hendry,1,477,0.2,,openalex:https://openalex.org/a5118139129,authorship-covered canonical works,canonical works with usable structured OpenAlex authorship,multiple response; one count per unique author per work,45e7ea1fbbde53125fd7,OpenAlex author ID
Author productivity,Canonical work count,Tetsuro Sakai,1,477,0.2,,openalex:https://openalex.org/a5062201071,authorship-covered canonical works,canonical works with usable structured OpenAlex authorship,multiple response; one count per unique author per work,48a55d4cf5cff922481f,OpenAlex author ID
Author productivity,Canonical work count,Thanakit Pongpitakmetha,1,477,0.2,,openalex:https://openalex.org/a5034830927,authorship-covered canonical works,canonical works with usable structured OpenAlex authorship,multiple response; one count per unique author per work,594d7ce86781a2e8398f,OpenAlex author ID
Author productivity,Canonical work count,Thea DeBroux,1,477,0.2,,openalex:https://openalex.org/a5092609946,authorship-covered canonical works,canonical works with usable structured OpenAlex authorship,multiple response; one count per unique author per work,7a9ca4d4d16f4705139f,OpenAlex author ID
Author productivity,Canonical work count,Themistocles L. Assimes,1,477,0.2,,openalex:https://openalex.org/a5008652100,authorship-covered canonical works,canonical works with usable structured OpenAlex authorship,multiple response; one count per unique author per work,d977c356ff57ab060fef,OpenAlex author ID
Author productivity,Canonical work count,Theresa Schell,1,477,0.2,,openalex:https://openalex.org/a5041338704,authorship-covered canonical works,canonical works with usable structured OpenAlex authorship,multiple response; one count per unique author per work,7b19776512fecc94e643,OpenAlex author ID
Author productivity,Canonical work count,"Thews, Oliver",1,477,0.2,,name-only:sci_0deb435b497fb81c6d22:14f5a69caff5ea44,authorship-covered canonical works,canonical works with usable structured OpenAlex authorship,multiple response; one count per unique author per work,sci_0deb435b497fb81c6d22,name-only record; duplicates collapsed within work only; not merged across works
Author productivity,Canonical work count,Thomas Carroll,1,477,0.2,,openalex:https://openalex.org/a5002608885,authorship-covered canonical works,canonical works with usable structured OpenAlex authorship,multiple response; one count per unique author per work,76a6c8049ee4223224f6,OpenAlex author ID
Author productivity,Canonical work count,Thomas Johnston,1,477,0.2,,openalex:https://openalex.org/a5087227419,authorship-covered canonical works,canonical works with usable structured OpenAlex authorship,multiple response; one count per unique author per work,8db4130844dc8d367d1f,OpenAlex author ID
Author productivity,Canonical work count,Thomas Keller,1,477,0.2,,openalex:https://openalex.org/a5134451945,authorship-covered canonical works,canonical works with usable structured OpenAlex authorship,multiple response; one count per unique author per work,sci_a09f51bed9668b4f7e21,OpenAlex author ID
Author productivity,Canonical work count,Thomas Rimmelé,1,477,0.2,,openalex:https://openalex.org/a5070066752,authorship-covered canonical works,canonical works with usable structured OpenAlex authorship,multiple response; one count per unique author per work,b75fad8b8777d2f878b6,OpenAlex author ID
Author productivity,Canonical work count,Thomas Thesen,1,477,0.2,,openalex:https://openalex.org/a5013861512,authorship-covered canonical works,canonical works with usable structured OpenAlex authorship,multiple response; one count per unique author per work,sci_300870bf7109221baf28,OpenAlex author ID
Author productivity,Canonical work count,Tian Bai,1,477,0.2,,openalex:https://openalex.org/a5123342804,authorship-covered canonical works,canonical works with usable structured OpenAlex authorship,multiple response; one count per unique author per work,8fce68134f06065fdd4a,OpenAlex author ID
Author productivity,Canonical work count,Tianle Gao,1,477,0.2,,openalex:https://openalex.org/a5133392802,authorship-covered canonical works,canonical works with usable structured OpenAlex authorship,multiple response; one count per unique author per work,48e2ce8734d9d1acb602,OpenAlex author ID
Author productivity,Canonical work count,Tianshu Du,1,477,0.2,,openalex:https://openalex.org/a5146436406,authorship-covered canonical works,canonical works with usable structured OpenAlex authorship,multiple response; one count per unique author per work,ac7ed05801a4bd006e07,OpenAlex author ID
Author productivity,Canonical work count,Tien Yin Wong,1,477,0.2,,openalex:https://openalex.org/a5072258594,authorship-covered canonical works,canonical works with usable structured OpenAlex authorship,multiple response; one count per unique author per work,359e1289e1f098bb36e2,OpenAlex author ID
Author productivity,Canonical work count,Tiffany Kim,1,477,0.2,,openalex:https://openalex.org/a5132896836,authorship-covered canonical works,canonical works with usable structured OpenAlex authorship,multiple response; one count per unique author per work,3a87ecbc1ceea37e2382,OpenAlex author ID
Author productivity,Canonical work count,Tim Peters,1,477,0.2,,openalex:https://openalex.org/a5126260782,authorship-covered canonical works,canonical works with usable structured OpenAlex authorship,multiple response; one count per unique author per work,bad1f4fb855554cb4aba,OpenAlex author ID
Author productivity,Canonical work count,Timothy Bickmore,1,477,0.2,,openalex:https://openalex.org/a5005469838,authorship-covered canonical works,canonical works with usable structured OpenAlex authorship,multiple response; one count per unique author per work,sci_93a452609f10d60e9d33,OpenAlex author ID
Author productivity,Canonical work count,Timothy Brown,1,477,0.2,,openalex:https://openalex.org/a5021116255,authorship-covered canonical works,canonical works with usable structured OpenAlex authorship,multiple response; one count per unique author per work,sci_a8f02e0b2a448efff5e6,OpenAlex author ID
Author productivity,Canonical work count,Timothy Brown,1,477,0.2,,openalex:https://openalex.org/a5110027136,authorship-covered canonical works,canonical works with usable structured OpenAlex authorship,multiple response; one count per unique author per work,b608f772e32f2dbbff5e,OpenAlex author ID
Author productivity,Canonical work count,Timothy Rennie,1,477,0.2,,openalex:https://openalex.org/a5071809518,authorship-covered canonical works,canonical works with usable structured OpenAlex authorship,multiple response; one count per unique author per work,c8c9e4c672bea3a6d994,OpenAlex author ID
Author productivity,Canonical work count,Ting Chen,1,477,0.2,,openalex:https://openalex.org/a5100443189,authorship-covered canonical works,canonical works with usable structured OpenAlex authorship,multiple response; one count per unique author per work,2610ebe5f560db94c888,OpenAlex author ID
Author productivity,Canonical work count,Tingting Fan,1,477,0.2,,openalex:https://openalex.org/a5133368500,authorship-covered canonical works,canonical works with usable structured OpenAlex authorship,multiple response; one count per unique author per work,48e2ce8734d9d1acb602,OpenAlex author ID
Author productivity,Canonical work count,Tingting Fan,1,477,0.2,,openalex:https://openalex.org/a5059983501,authorship-covered canonical works,canonical works with usable structured OpenAlex authorship,multiple response; one count per unique author per work,668b98624eeda1089d99,OpenAlex author ID
Author productivity,Canonical work count,Tingyan Wang,1,477,0.2,,openalex:https://openalex.org/a5069755583,authorship-covered canonical works,canonical works with usable structured OpenAlex authorship,multiple response; one count per unique author per work,1158803af3fb0ab9c072,OpenAlex author ID
Author productivity,Canonical work count,Titta Vilanti,1,477,0.2,,openalex:https://openalex.org/a5095780574,authorship-covered canonical works,canonical works with usable structured OpenAlex authorship,multiple response; one count per unique author per work,4cac4c9f22b3d59d56dd,OpenAlex author ID
Author productivity,Canonical work count,Tobias Raupach,1,477,0.2,,openalex:https://openalex.org/a5035935031,authorship-covered canonical works,canonical works with usable structured OpenAlex authorship,multiple response; one count per unique author per work,f5e8d39c518465a0d255,OpenAlex author ID
Author productivity,Canonical work count,Tom Dore,1,477,0.2,,openalex:https://openalex.org/a5129137192,authorship-covered canonical works,canonical works with usable structured OpenAlex authorship,multiple response; one count per unique author per work,b3a8d73bf08119c4ce68,OpenAlex author ID
Author productivity,Canonical work count,Tom O’Connor,1,477,0.2,,openalex:https://openalex.org/a5113981743,authorship-covered canonical works,canonical works with usable structured OpenAlex authorship,multiple response; one count per unique author per work,c13d5a010789f6f44c11,OpenAlex author ID
Author productivity,Canonical work count,Tomas Blažauskas,1,477,0.2,,openalex:https://openalex.org/a5017882557,authorship-covered canonical works,canonical works with usable structured OpenAlex authorship,multiple response; one count per unique author per work,e9d6ceded269a04cde99,OpenAlex author ID
Author productivity,Canonical work count,Tomohiko Masuno,1,477,0.2,,openalex:https://openalex.org/a5063353571,authorship-covered canonical works,canonical works with usable structured OpenAlex authorship,multiple response; one count per unique author per work,5a18de075da6eacf874c,OpenAlex author ID
Author productivity,Canonical work count,Tomoki Takata,1,477,0.2,,name-only:859f96f4eca259cdb9e8:1b41e51235b09478,authorship-covered canonical works,canonical works with usable structured OpenAlex authorship,multiple response; one count per unique author per work,859f96f4eca259cdb9e8,name-only record; duplicates collapsed within work only; not merged across works
Author productivity,Canonical work count,Tomoko Miyoshi,1,477,0.2,,openalex:https://openalex.org/a5075868440,authorship-covered canonical works,canonical works with usable structured OpenAlex authorship,multiple response; one count per unique author per work,8fa1ae6b843e2388520d,OpenAlex author ID
Author productivity,Canonical work count,Tomás Eduardo Campos-Martínez,1,477,0.2,,openalex:https://openalex.org/a5118898350,authorship-covered canonical works,canonical works with usable structured OpenAlex authorship,multiple response; one count per unique author per work,98c23d01b9fb23bd43c4,OpenAlex author ID
Author productivity,Canonical work count,Tony Stockman,1,477,0.2,,openalex:https://openalex.org/a5001452354,authorship-covered canonical works,canonical works with usable structured OpenAlex authorship,multiple response; one count per unique author per work,401238697481e3dbe32e,OpenAlex author ID
Author productivity,Canonical work count,Totsapol Surawattanawong,1,477,0.2,,openalex:https://openalex.org/a5027764674,authorship-covered canonical works,canonical works with usable structured OpenAlex authorship,multiple response; one count per unique author per work,594d7ce86781a2e8398f,OpenAlex author ID
Author productivity,Canonical work count,Tracy Levett‐Jones,1,477,0.2,,openalex:https://openalex.org/a5029718910,authorship-covered canonical works,canonical works with usable structured OpenAlex authorship,multiple response; one count per unique author per work,e5e611fc18a4d66128d9,OpenAlex author ID
Author productivity,Canonical work count,Travis Labrum,1,477,0.2,,openalex:https://openalex.org/a5072322608,authorship-covered canonical works,canonical works with usable structured OpenAlex authorship,multiple response; one count per unique author per work,sci_637ee1f73b6fd5027d1c,OpenAlex author ID
Author productivity,Canonical work count,Trevor Champagne,1,477,0.2,,openalex:https://openalex.org/a5022844919,authorship-covered canonical works,canonical works with usable structured OpenAlex authorship,multiple response; one count per unique author per work,243562012607f7033171,OpenAlex author ID
Author productivity,Canonical work count,Trevor Thompson,1,477,0.2,,openalex:https://openalex.org/a5080790316,authorship-covered canonical works,canonical works with usable structured OpenAlex authorship,multiple response; one count per unique author per work,d90096afc3b383fbecb7,OpenAlex author ID
Author productivity,Canonical work count,Tri Nguyen,1,477,0.2,,openalex:https://openalex.org/a5126192314,authorship-covered canonical works,canonical works with usable structured OpenAlex authorship,multiple response; one count per unique author per work,9b778c91d64124298579,OpenAlex author ID
Author productivity,Canonical work count,Trisha Gupte,1,477,0.2,,openalex:https://openalex.org/a5095085878,authorship-covered canonical works,canonical works with usable structured OpenAlex authorship,multiple response; one count per unique author per work,d977c356ff57ab060fef,OpenAlex author ID
Author productivity,Canonical work count,Tu Nguyen,1,477,0.2,,openalex:https://openalex.org/a5100891443,authorship-covered canonical works,canonical works with usable structured OpenAlex authorship,multiple response; one count per unique author per work,539c65e906ee41f3eabf,OpenAlex author ID
Author productivity,Canonical work count,Tuba Mutluer,1,477,0.2,,openalex:https://openalex.org/a5136114133,authorship-covered canonical works,canonical works with usable structured OpenAlex authorship,multiple response; one count per unique author per work,73cb9769cd2180a04bb0,OpenAlex author ID
Author productivity,Canonical work count,Uday Patil,1,477,0.2,,openalex:https://openalex.org/a5022467699,authorship-covered canonical works,canonical works with usable structured OpenAlex authorship,multiple response; one count per unique author per work,25591cbc3c2b21cbfbdf,OpenAlex author ID
Author productivity,Canonical work count,Ugne Auksoraityte,1,477,0.2,,openalex:https://openalex.org/a5133646596,authorship-covered canonical works,canonical works with usable structured OpenAlex authorship,multiple response; one count per unique author per work,ae74530d7e9fa7f91f65,OpenAlex author ID
Author productivity,Canonical work count,Ulla Hemminki-Reijonen,1,477,0.2,,openalex:https://openalex.org/a5117647091,authorship-covered canonical works,canonical works with usable structured OpenAlex authorship,multiple response; one count per unique author per work,4cac4c9f22b3d59d56dd,OpenAlex author ID
Author productivity,Canonical work count,Ulrike Keim,1,477,0.2,,openalex:https://openalex.org/a5128676308,authorship-covered canonical works,canonical works with usable structured OpenAlex authorship,multiple response; one count per unique author per work,e2272dd53f2ee764e3a8,OpenAlex author ID
Author productivity,Canonical work count,Urmala Roopnarinesingh,1,477,0.2,,openalex:https://openalex.org/a5019985430,authorship-covered canonical works,canonical works with usable structured OpenAlex authorship,multiple response; one count per unique author per work,50e4613efeaaadc861f8,OpenAlex author ID
Author productivity,Canonical work count,Urmi Ashar,1,477,0.2,,openalex:https://openalex.org/a5130282539,authorship-covered canonical works,canonical works with usable structured OpenAlex authorship,multiple response; one count per unique author per work,98459bc57c099322761c,OpenAlex author ID
Author productivity,Canonical work count,Urmi Sheth,1,477,0.2,,openalex:https://openalex.org/a5037226700,authorship-covered canonical works,canonical works with usable structured OpenAlex authorship,multiple response; one count per unique author per work,58483951ebaed609e26a,OpenAlex author ID
Author productivity,Canonical work count,V Uwanuruochi,1,477,0.2,,openalex:https://openalex.org/a5070206868,authorship-covered canonical works,canonical works with usable structured OpenAlex authorship,multiple response; one count per unique author per work,681bba8e632d1614f426,OpenAlex author ID
Author productivity,Canonical work count,V. El Sawah,1,477,0.2,,openalex:https://openalex.org/a5123533029,authorship-covered canonical works,canonical works with usable structured OpenAlex authorship,multiple response; one count per unique author per work,d644a8da3cdeae0603e0,OpenAlex author ID
Author productivity,Canonical work count,V. Shane Pankratz,1,477,0.2,,openalex:https://openalex.org/a5088891117,authorship-covered canonical works,canonical works with usable structured OpenAlex authorship,multiple response; one count per unique author per work,2877ad2c6a928639280a,OpenAlex author ID
Author productivity,Canonical work count,V. Thakor Sanjaykumar,1,477,0.2,,openalex:https://openalex.org/a5092168452,authorship-covered canonical works,canonical works with usable structured OpenAlex authorship,multiple response; one count per unique author per work,416753b67d9e900455c8,OpenAlex author ID
Author productivity,Canonical work count,V.I. Petrenko,1,477,0.2,,openalex:https://openalex.org/a5033757149,authorship-covered canonical works,canonical works with usable structured OpenAlex authorship,multiple response; one count per unique author per work,096c409373966ea99821,OpenAlex author ID
Author productivity,Canonical work count,V.I. Stepanenko,1,477,0.2,,openalex:https://openalex.org/a5086296928,authorship-covered canonical works,canonical works with usable structured OpenAlex authorship,multiple response; one count per unique author per work,096c409373966ea99821,OpenAlex author ID
Author productivity,Canonical work count,Vahid Aryadoust,1,477,0.2,,openalex:https://openalex.org/a5000574657,authorship-covered canonical works,canonical works with usable structured OpenAlex authorship,multiple response; one count per unique author per work,7b627eb0e17b77a07c57,OpenAlex author ID
Author productivity,Canonical work count,Valdes Roberto Bóllela,1,477,0.2,,openalex:https://openalex.org/a5030306485,authorship-covered canonical works,canonical works with usable structured OpenAlex authorship,multiple response; one count per unique author per work,cc3c546075dc11e58802,OpenAlex author ID
Author productivity,Canonical work count,Valentin Maisons,1,477,0.2,,openalex:https://openalex.org/a5008300192,authorship-covered canonical works,canonical works with usable structured OpenAlex authorship,multiple response; one count per unique author per work,03345c1deb2aad29820e,OpenAlex author ID
Author productivity,Canonical work count,Valentin Nădășan,1,477,0.2,,openalex:https://openalex.org/a5045755622,authorship-covered canonical works,canonical works with usable structured OpenAlex authorship,multiple response; one count per unique author per work,c2d6c7abc598aacc0368,OpenAlex author ID
Author productivity,Canonical work count,Valentina Durán Espinoza,1,477,0.2,,openalex:https://openalex.org/a5083893929,authorship-covered canonical works,canonical works with usable structured OpenAlex authorship,multiple response; one count per unique author per work,b53bf33d223a68f17e8c,OpenAlex author ID
Author productivity,Canonical work count,Vania Dimitrova,1,477,0.2,,openalex:https://openalex.org/a5084785996,authorship-covered canonical works,canonical works with usable structured OpenAlex authorship,multiple response; one count per unique author per work,b4fa4675ffa2674da6e1,OpenAlex author ID
Author productivity,Canonical work count,Venkat Bhat,1,477,0.2,,openalex:https://openalex.org/a5141237784,authorship-covered canonical works,canonical works with usable structured OpenAlex authorship,multiple response; one count per unique author per work,63c69a200d415bc42d9b,OpenAlex author ID
Author productivity,Canonical work count,Victor De Marez,1,477,0.2,,openalex:https://openalex.org/a5121177548,authorship-covered canonical works,canonical works with usable structured OpenAlex authorship,multiple response; one count per unique author per work,4823a4ac11c66c68a7d4,OpenAlex author ID
Author productivity,Canonical work count,Victoria Brazil,1,477,0.2,,openalex:https://openalex.org/a5138322409,authorship-covered canonical works,canonical works with usable structured OpenAlex authorship,multiple response; one count per unique author per work,f30eee8f6354bfa06744,OpenAlex author ID
Author productivity,Canonical work count,Vijay Koduri,1,477,0.2,,openalex:https://openalex.org/a5146959523,authorship-covered canonical works,canonical works with usable structured OpenAlex authorship,multiple response; one count per unique author per work,425ec6ee2ca714b7434a,OpenAlex author ID
Author productivity,Canonical work count,Vijaya Marakala,1,477,0.2,,name-only:9eb3b25f5e4e48cdcb6a:c15c707af83b0f25,authorship-covered canonical works,canonical works with usable structured OpenAlex authorship,multiple response; one count per unique author per work,9eb3b25f5e4e48cdcb6a,name-only record; duplicates collapsed within work only; not merged across works
Author productivity,Canonical work count,Viktoria Gagarin,1,477,0.2,,openalex:https://openalex.org/a5093399334,authorship-covered canonical works,canonical works with usable structured OpenAlex authorship,multiple response; one count per unique author per work,7bda59402c9478eda64c,OpenAlex author ID
Author productivity,Canonical work count,Vincent Dupont,1,477,0.2,,openalex:https://openalex.org/a5063236015,authorship-covered canonical works,canonical works with usable structured OpenAlex authorship,multiple response; one count per unique author per work,4b7753ecc7bff0d54289,OpenAlex author ID
Author productivity,Canonical work count,Vishnu Renjith,1,477,0.2,,openalex:https://openalex.org/a5137427465,authorship-covered canonical works,canonical works with usable structured OpenAlex authorship,multiple response; one count per unique author per work,c13d5a010789f6f44c11,OpenAlex author ID
Author productivity,Canonical work count,Vishwanath Hanchanale,1,477,0.2,,openalex:https://openalex.org/a5111850867,authorship-covered canonical works,canonical works with usable structured OpenAlex authorship,multiple response; one count per unique author per work,db80308782a219cbea0e,OpenAlex author ID
Author productivity,Canonical work count,Vital Da Silva Domingues,1,477,0.2,,openalex:https://openalex.org/a5068623303,authorship-covered canonical works,canonical works with usable structured OpenAlex authorship,multiple response; one count per unique author per work,14a6c8b99daf76e8179d,OpenAlex author ID
Author productivity,Canonical work count,Vittoria Frattolillo,1,477,0.2,,openalex:https://openalex.org/a5106565000,authorship-covered canonical works,canonical works with usable structured OpenAlex authorship,multiple response; one count per unique author per work,7d5cb710e5a6901bbaaa,OpenAlex author ID
Author productivity,Canonical work count,Vuthea Chheang,1,477,0.2,,openalex:https://openalex.org/a5036188615,authorship-covered canonical works,canonical works with usable structured OpenAlex authorship,multiple response; one count per unique author per work,3cc4d65478e63af8ab6e,OpenAlex author ID
Author productivity,Canonical work count,W. Huw Williams,1,477,0.2,,openalex:https://openalex.org/a5040013077,authorship-covered canonical works,canonical works with usable structured OpenAlex authorship,multiple response; one count per unique author per work,c4f5fe90704c2aa68c75,OpenAlex author ID
Author productivity,Canonical work count,Walter Daelemans,1,477,0.2,,openalex:https://openalex.org/a5083411784,authorship-covered canonical works,canonical works with usable structured OpenAlex authorship,multiple response; one count per unique author per work,4823a4ac11c66c68a7d4,OpenAlex author ID
Author productivity,Canonical work count,Walter Stummer,1,477,0.2,,openalex:https://openalex.org/a5064834985,authorship-covered canonical works,canonical works with usable structured OpenAlex authorship,multiple response; one count per unique author per work,0a56637c161743569cf5,OpenAlex author ID
Author productivity,Canonical work count,Wan Chen,1,477,0.2,,openalex:https://openalex.org/a5101802832,authorship-covered canonical works,canonical works with usable structured OpenAlex authorship,multiple response; one count per unique author per work,061a5c17950367156401,OpenAlex author ID
Author productivity,Canonical work count,Wan Tang,1,477,0.2,,openalex:https://openalex.org/a5144413336,authorship-covered canonical works,canonical works with usable structured OpenAlex authorship,multiple response; one count per unique author per work,48e2ce8734d9d1acb602,OpenAlex author ID
Author productivity,Canonical work count,WANG Yongjun,1,477,0.2,,name-only:1f1c780e93f8833f8015:4b4d0e6369798578,authorship-covered canonical works,canonical works with usable structured OpenAlex authorship,multiple response; one count per unique author per work,1f1c780e93f8833f8015,name-only record; duplicates collapsed within work only; not merged across works
Author productivity,Canonical work count,"Wang, Benyou",1,477,0.2,,name-only:df6dd96b9ea594a121ce:fe466b36805245fc,authorship-covered canonical works,canonical works with usable structured OpenAlex authorship,multiple response; one count per unique author per work,df6dd96b9ea594a121ce,name-only record; duplicates collapsed within work only; not merged across works
Author productivity,Canonical work count,"Wang, Shengqian",1,477,0.2,,name-only:217a1796806e392c3e77:577ad01d92023c5b,authorship-covered canonical works,canonical works with usable structured OpenAlex authorship,multiple response; one count per unique author per work,217a1796806e392c3e77,name-only record; duplicates collapsed within work only; not merged across works
Author productivity,Canonical work count,"Wang, Yuchi",1,477,0.2,,name-only:df6dd96b9ea594a121ce:c61204464540f2dd,authorship-covered canonical works,canonical works with usable structured OpenAlex authorship,multiple response; one count per unique author per work,df6dd96b9ea594a121ce,name-only record; duplicates collapsed within work only; not merged across works
Author productivity,Canonical work count,Wanning Cheng,1,477,0.2,,openalex:https://openalex.org/a5039028026,authorship-covered canonical works,canonical works with usable structured OpenAlex authorship,multiple response; one count per unique author per work,f9c1bb8b50eb65edbf84,OpenAlex author ID
Author productivity,Canonical work count,Wanting Shen,1,477,0.2,,openalex:https://openalex.org/a5141307595,authorship-covered canonical works,canonical works with usable structured OpenAlex authorship,multiple response; one count per unique author per work,0394426a6c4e7afe938e,OpenAlex author ID
Author productivity,Canonical work count,Warit Ruanglertboon,1,477,0.2,,openalex:https://openalex.org/a5058361478,authorship-covered canonical works,canonical works with usable structured OpenAlex authorship,multiple response; one count per unique author per work,1a8a9f25ccdf589f88f6,OpenAlex author ID
Author productivity,Canonical work count,Warren D. Widmann,1,477,0.2,,openalex:https://openalex.org/a5035359444,authorship-covered canonical works,canonical works with usable structured OpenAlex authorship,multiple response; one count per unique author per work,79301031755b16db8fe6,OpenAlex author ID
Author productivity,Canonical work count,Warren M. Rozen,1,477,0.2,,openalex:https://openalex.org/a5051942076,authorship-covered canonical works,canonical works with usable structured OpenAlex authorship,multiple response; one count per unique author per work,5116aab375eedc896bfd,OpenAlex author ID
Author productivity,Canonical work count,Warren Wiechmann,1,477,0.2,,openalex:https://openalex.org/a5068632202,authorship-covered canonical works,canonical works with usable structured OpenAlex authorship,multiple response; one count per unique author per work,c2a9bbee811cd29891e3,OpenAlex author ID
Author productivity,Canonical work count,Wei Chen,1,477,0.2,,openalex:https://openalex.org/a5100638937,authorship-covered canonical works,canonical works with usable structured OpenAlex authorship,multiple response; one count per unique author per work,sci_3d6777cb059403330506,OpenAlex author ID
Author productivity,Canonical work count,Wei DU,1,477,0.2,,openalex:https://openalex.org/a5146466768,authorship-covered canonical works,canonical works with usable structured OpenAlex authorship,multiple response; one count per unique author per work,7a269bae27b9f603ddda,OpenAlex author ID
Author productivity,Canonical work count,Wei Hu,1,477,0.2,,name-only:1c073acedd6171c3394d:9ee0586bcce9a5b4,authorship-covered canonical works,canonical works with usable structured OpenAlex authorship,multiple response; one count per unique author per work,1c073acedd6171c3394d,name-only record; duplicates collapsed within work only; not merged across works
Author productivity,Canonical work count,Wei Ling Chua,1,477,0.2,,openalex:https://openalex.org/a5023922435,authorship-covered canonical works,canonical works with usable structured OpenAlex authorship,multiple response; one count per unique author per work,e5e611fc18a4d66128d9,OpenAlex author ID
Author productivity,Canonical work count,Wei Meng,1,477,0.2,,openalex:https://openalex.org/a5126532232,authorship-covered canonical works,canonical works with usable structured OpenAlex authorship,multiple response; one count per unique author per work,bd2cdf16f21f3814f67d,OpenAlex author ID
Author productivity,Canonical work count,Wei Qiu,1,477,0.2,,openalex:https://openalex.org/a5144118689,authorship-covered canonical works,canonical works with usable structured OpenAlex authorship,multiple response; one count per unique author per work,a4f6e4afd67cbf667f95,OpenAlex author ID
Author productivity,Canonical work count,Wei-Kai Liou,1,477,0.2,,openalex:https://openalex.org/a5023446411,authorship-covered canonical works,canonical works with usable structured OpenAlex authorship,multiple response; one count per unique author per work,8f2528d2ba0e05485210,OpenAlex author ID
Author productivity,Canonical work count,Weibing Zheng,1,477,0.2,,openalex:https://openalex.org/a5064707763,authorship-covered canonical works,canonical works with usable structured OpenAlex authorship,multiple response; one count per unique author per work,d885762caf8919afe125,OpenAlex author ID
Author productivity,Canonical work count,Weihua Zhou,1,477,0.2,,openalex:https://openalex.org/a5011955671,authorship-covered canonical works,canonical works with usable structured OpenAlex authorship,multiple response; one count per unique author per work,ba1df7c86ec2eeb0e945,OpenAlex author ID
Author productivity,Canonical work count,Weipeng Han,1,477,0.2,,openalex:https://openalex.org/a5102483023,authorship-covered canonical works,canonical works with usable structured OpenAlex authorship,multiple response; one count per unique author per work,1158803af3fb0ab9c072,OpenAlex author ID
Author productivity,Canonical work count,Weiping Jia,1,477,0.2,,openalex:https://openalex.org/a5007251193,authorship-covered canonical works,canonical works with usable structured OpenAlex authorship,multiple response; one count per unique author per work,359e1289e1f098bb36e2,OpenAlex author ID
Author productivity,Canonical work count,Weishan Zhang,1,477,0.2,,name-only:240393927e83854aac9b:85744fa89121c6c6,authorship-covered canonical works,canonical works with usable structured OpenAlex authorship,multiple response; one count per unique author per work,240393927e83854aac9b,name-only record; duplicates collapsed within work only; not merged across works
Author productivity,Canonical work count,Weiyu Ding,1,477,0.2,,openalex:https://openalex.org/a5130642628,authorship-covered canonical works,canonical works with usable structured OpenAlex authorship,multiple response; one count per unique author per work,37a099d4d3aa15cafaa9,OpenAlex author ID
Author productivity,Canonical work count,Wen-Hsuan Hou,1,477,0.2,,openalex:https://openalex.org/a5123304189,authorship-covered canonical works,canonical works with usable structured OpenAlex authorship,multiple response; one count per unique author per work,f97eadc969f29dc262e7,OpenAlex author ID
Author productivity,Canonical work count,Wenben Chen,1,477,0.2,,openalex:https://openalex.org/a5016329994,authorship-covered canonical works,canonical works with usable structured OpenAlex authorship,multiple response; one count per unique author per work,adc1485c258278b24c4e,OpenAlex author ID
Author productivity,Canonical work count,Wenda Li,1,477,0.2,,openalex:https://openalex.org/a5037563130,authorship-covered canonical works,canonical works with usable structured OpenAlex authorship,multiple response; one count per unique author per work,bc5dd5d7b1ad1b4d21e4,OpenAlex author ID
Author productivity,Canonical work count,Wendy W. Sun,1,477,0.2,,openalex:https://openalex.org/a5082603319,authorship-covered canonical works,canonical works with usable structured OpenAlex authorship,multiple response; one count per unique author per work,039798e4f1498c17cf82,OpenAlex author ID
Author productivity,Canonical work count,Wenhao Qi,1,477,0.2,,openalex:https://openalex.org/a5114150239,authorship-covered canonical works,canonical works with usable structured OpenAlex authorship,multiple response; one count per unique author per work,a4d746b41f7f88ceb127,OpenAlex author ID
Author productivity,Canonical work count,Wenjia(Stella) Zhang,1,477,0.2,,openalex:https://openalex.org/a5125273759,authorship-covered canonical works,canonical works with usable structured OpenAlex authorship,multiple response; one count per unique author per work,7571d4d2871565bc5c1c,OpenAlex author ID
Author productivity,Canonical work count,Wenjing Liu,1,477,0.2,,openalex:https://openalex.org/a5002838744,authorship-covered canonical works,canonical works with usable structured OpenAlex authorship,multiple response; one count per unique author per work,sci_454fe3ad37947557e9a6,OpenAlex author ID
Author productivity,Canonical work count,Wenxuan Song,1,477,0.2,,openalex:https://openalex.org/a5130634073,authorship-covered canonical works,canonical works with usable structured OpenAlex authorship,multiple response; one count per unique author per work,37a099d4d3aa15cafaa9,OpenAlex author ID
Author productivity,Canonical work count,Wenyue Hua,1,477,0.2,,openalex:https://openalex.org/a5042013742,authorship-covered canonical works,canonical works with usable structured OpenAlex authorship,multiple response; one count per unique author per work,d977c356ff57ab060fef,OpenAlex author ID
Author productivity,Canonical work count,Wesley Ferreira de Ferreira,1,477,0.2,,openalex:https://openalex.org/a5002601645,authorship-covered canonical works,canonical works with usable structured OpenAlex authorship,multiple response; one count per unique author per work,1c9542cefba3287a5281,OpenAlex author ID
Author productivity,Canonical work count,William D. Freeman,1,477,0.2,,openalex:https://openalex.org/a5085592232,authorship-covered canonical works,canonical works with usable structured OpenAlex authorship,multiple response; one count per unique author per work,e3ee954b5290b4f74f0b,OpenAlex author ID
Author productivity,Canonical work count,William Thomas,1,477,0.2,,openalex:https://openalex.org/a5122884350,authorship-covered canonical works,canonical works with usable structured OpenAlex authorship,multiple response; one count per unique author per work,8db4130844dc8d367d1f,OpenAlex author ID
Author productivity,Canonical work count,Willy Bustillos Torrez,1,477,0.2,,name-only:78868accc1f86fb42dce:ebb1193fe2236eda,authorship-covered canonical works,canonical works with usable structured OpenAlex authorship,multiple response; one count per unique author per work,78868accc1f86fb42dce,name-only record; duplicates collapsed within work only; not merged across works
Author productivity,Canonical work count,Wissam Harib,1,477,0.2,,openalex:https://openalex.org/a5123628844,authorship-covered canonical works,canonical works with usable structured OpenAlex authorship,multiple response; one count per unique author per work,4f06f0d72a1de087b5c5,OpenAlex author ID
Author productivity,Canonical work count,Won-Yung Lee,1,477,0.2,,openalex:https://openalex.org/a5068790637,authorship-covered canonical works,canonical works with usable structured OpenAlex authorship,multiple response; one count per unique author per work,e5814fecd144cc3fe016,OpenAlex author ID
Author productivity,Canonical work count,Wínola Dafny Douglas De Oliveira,1,477,0.2,,openalex:https://openalex.org/a5092960302,authorship-covered canonical works,canonical works with usable structured OpenAlex authorship,multiple response; one count per unique author per work,b924bd45d30abb49831e,OpenAlex author ID
Author productivity,Canonical work count,Xavier Ochôa,1,477,0.2,,openalex:https://openalex.org/a5014320446,authorship-covered canonical works,canonical works with usable structured OpenAlex authorship,multiple response; one count per unique author per work,327767a02786d8ff7a19,OpenAlex author ID
Author productivity,Canonical work count,Xiajing Lou,1,477,0.2,,openalex:https://openalex.org/a5037868416,authorship-covered canonical works,canonical works with usable structured OpenAlex authorship,multiple response; one count per unique author per work,a4d746b41f7f88ceb127,OpenAlex author ID
Author productivity,Canonical work count,Xiandi Wang,1,477,0.2,,openalex:https://openalex.org/a5115749179,authorship-covered canonical works,canonical works with usable structured OpenAlex authorship,multiple response; one count per unique author per work,582bc7c400fa7acf214f,OpenAlex author ID
Author productivity,Canonical work count,Xiang Li,1,477,0.2,,openalex:https://openalex.org/a5100331090,authorship-covered canonical works,canonical works with usable structured OpenAlex authorship,multiple response; one count per unique author per work,d977c356ff57ab060fef,OpenAlex author ID
Author productivity,Canonical work count,Xiangfei Hu,1,477,0.2,,openalex:https://openalex.org/a5138524431,authorship-covered canonical works,canonical works with usable structured OpenAlex authorship,multiple response; one count per unique author per work,6cf6dbf3648bde45720a,OpenAlex author ID
Author productivity,Canonical work count,Xiaochen Wang,1,477,0.2,,openalex:https://openalex.org/a5100401915,authorship-covered canonical works,canonical works with usable structured OpenAlex authorship,multiple response; one count per unique author per work,668b98624eeda1089d99,OpenAlex author ID
Author productivity,Canonical work count,Xiaohang Wu,1,477,0.2,,openalex:https://openalex.org/a5058264621,authorship-covered canonical works,canonical works with usable structured OpenAlex authorship,multiple response; one count per unique author per work,adc1485c258278b24c4e,OpenAlex author ID
Author productivity,Canonical work count,Xiaohong Lyu,1,477,0.2,,openalex:https://openalex.org/a5030858283,authorship-covered canonical works,canonical works with usable structured OpenAlex authorship,multiple response; one count per unique author per work,1158803af3fb0ab9c072,OpenAlex author ID
Author productivity,Canonical work count,Xiaohong Zhu,1,477,0.2,,openalex:https://openalex.org/a5001013358,authorship-covered canonical works,canonical works with usable structured OpenAlex authorship,multiple response; one count per unique author per work,a4d746b41f7f88ceb127,OpenAlex author ID
Author productivity,Canonical work count,Xiaoli Xu,1,477,0.2,,openalex:https://openalex.org/a5051738248,authorship-covered canonical works,canonical works with usable structured OpenAlex authorship,multiple response; one count per unique author per work,359e1289e1f098bb36e2,OpenAlex author ID
Author productivity,Canonical work count,Xiaomei Tan,1,477,0.2,,openalex:https://openalex.org/a5001564549,authorship-covered canonical works,canonical works with usable structured OpenAlex authorship,multiple response; one count per unique author per work,582bc7c400fa7acf214f,OpenAlex author ID
Author productivity,Canonical work count,Xiaoming Huang,1,477,0.2,,openalex:https://openalex.org/a5144100577,authorship-covered canonical works,canonical works with usable structured OpenAlex authorship,multiple response; one count per unique author per work,a4f6e4afd67cbf667f95,OpenAlex author ID
Author productivity,Canonical work count,Xiaoqin Chen,1,477,0.2,,name-only:240393927e83854aac9b:ce5a9a69e76038b5,authorship-covered canonical works,canonical works with usable structured OpenAlex authorship,multiple response; one count per unique author per work,240393927e83854aac9b,name-only record; duplicates collapsed within work only; not merged across works
Author productivity,Canonical work count,Xiaoshan Shen,1,477,0.2,,openalex:https://openalex.org/a5011484506,authorship-covered canonical works,canonical works with usable structured OpenAlex authorship,multiple response; one count per unique author per work,f2454b259920b1b1d032,OpenAlex author ID
Author productivity,Canonical work count,Xiaowei Xu,1,477,0.2,,openalex:https://openalex.org/a5137902143,authorship-covered canonical works,canonical works with usable structured OpenAlex authorship,multiple response; one count per unique author per work,3a2d4841832fea8715fe,OpenAlex author ID
Author productivity,Canonical work count,Xiaoxi Liu,1,477,0.2,,openalex:https://openalex.org/a5126552905,authorship-covered canonical works,canonical works with usable structured OpenAlex authorship,multiple response; one count per unique author per work,bd2cdf16f21f3814f67d,OpenAlex author ID
Author productivity,Canonical work count,Xiaoxi Yan,1,477,0.2,,openalex:https://openalex.org/a5138089336,authorship-covered canonical works,canonical works with usable structured OpenAlex authorship,multiple response; one count per unique author per work,669cbda7d16ac3f32155,OpenAlex author ID
Author productivity,Canonical work count,Xiaoxing Gao,1,477,0.2,,openalex:https://openalex.org/a5144128726,authorship-covered canonical works,canonical works with usable structured OpenAlex authorship,multiple response; one count per unique author per work,a4f6e4afd67cbf667f95,OpenAlex author ID
Author productivity,Canonical work count,Xiaoxing Gao,1,477,0.2,,openalex:https://openalex.org/a5128202980,authorship-covered canonical works,canonical works with usable structured OpenAlex authorship,multiple response; one count per unique author per work,73a1f91733c91359d5f0,OpenAlex author ID
Author productivity,Canonical work count,Xiaoxuan Wang,1,477,0.2,,name-only:ed38fd3a7de3cb77f8a6:f4dbac958f718466,authorship-covered canonical works,canonical works with usable structured OpenAlex authorship,multiple response; one count per unique author per work,ed38fd3a7de3cb77f8a6,name-only record; duplicates collapsed within work only; not merged across works
Author productivity,Canonical work count,Xiaoyan Gong,1,477,0.2,,openalex:https://openalex.org/a5101769324,authorship-covered canonical works,canonical works with usable structured OpenAlex authorship,multiple response; one count per unique author per work,2610ebe5f560db94c888,OpenAlex author ID
Author productivity,Canonical work count,Xiaoyan Wang,1,477,0.2,,openalex:https://openalex.org/a5131395961,authorship-covered canonical works,canonical works with usable structured OpenAlex authorship,multiple response; one count per unique author per work,6f1527fb10827ca1da01,OpenAlex author ID
Author productivity,Canonical work count,Xiaoyin Ke,1,477,0.2,,openalex:https://openalex.org/a5110374569,authorship-covered canonical works,canonical works with usable structured OpenAlex authorship,multiple response; one count per unique author per work,2c33e3b00e199776ba05,OpenAlex author ID
Author productivity,Canonical work count,Xiawei Li,1,477,0.2,,openalex:https://openalex.org/a5034163588,authorship-covered canonical works,canonical works with usable structured OpenAlex authorship,multiple response; one count per unique author per work,sci_3d6777cb059403330506,OpenAlex author ID
Author productivity,Canonical work count,Xibin Xu,1,477,0.2,,openalex:https://openalex.org/a5100947116,authorship-covered canonical works,canonical works with usable structured OpenAlex authorship,multiple response; one count per unique author per work,061a5c17950367156401,OpenAlex author ID
Author productivity,Canonical work count,"Xie, Qianqian",1,477,0.2,,name-only:df6dd96b9ea594a121ce:3ba57084cd7d1a32,authorship-covered canonical works,canonical works with usable structured OpenAlex authorship,multiple response; one count per unique author per work,df6dd96b9ea594a121ce,name-only record; duplicates collapsed within work only; not merged across works
Author productivity,Canonical work count,Xihe Tian,1,477,0.2,,openalex:https://openalex.org/a5110929873,authorship-covered canonical works,canonical works with usable structured OpenAlex authorship,multiple response; one count per unique author per work,sci_6140618886946efd3455,OpenAlex author ID
Author productivity,Canonical work count,Xihe Tian,1,477,0.2,,name-only:4dcbdf4bf0f5a9a6c8c8:fbe8ca8b3ea3bbf7,authorship-covered canonical works,canonical works with usable structured OpenAlex authorship,multiple response; one count per unique author per work,4dcbdf4bf0f5a9a6c8c8,name-only record; duplicates collapsed within work only; not merged across works
Author productivity,Canonical work count,Xin Liu,1,477,0.2,,openalex:https://openalex.org/a5104079325,authorship-covered canonical works,canonical works with usable structured OpenAlex authorship,multiple response; one count per unique author per work,a4d746b41f7f88ceb127,OpenAlex author ID
Author productivity,Canonical work count,Xin Liu,1,477,0.2,,openalex:https://openalex.org/a5139614301,authorship-covered canonical works,canonical works with usable structured OpenAlex authorship,multiple response; one count per unique author per work,c58a4682ca46d2e66e96,OpenAlex author ID
Author productivity,Canonical work count,Xin Ma,1,477,0.2,,openalex:https://openalex.org/a5060769407,authorship-covered canonical works,canonical works with usable structured OpenAlex authorship,multiple response; one count per unique author per work,d977c356ff57ab060fef,OpenAlex author ID
Author productivity,Canonical work count,Xin Qian,1,477,0.2,,openalex:https://openalex.org/a5146490097,authorship-covered canonical works,canonical works with usable structured OpenAlex authorship,multiple response; one count per unique author per work,ba1df7c86ec2eeb0e945,OpenAlex author ID
Author productivity,Canonical work count,Xin-tong Yao,1,477,0.2,,openalex:https://openalex.org/a5139021537,authorship-covered canonical works,canonical works with usable structured OpenAlex authorship,multiple response; one count per unique author per work,64caff9ef7b3adaafe2d,OpenAlex author ID
Author productivity,Canonical work count,Xingyou Wang,1,477,0.2,,openalex:https://openalex.org/a5009746606,authorship-covered canonical works,canonical works with usable structured OpenAlex authorship,multiple response; one count per unique author per work,48e2ce8734d9d1acb602,OpenAlex author ID
Author productivity,Canonical work count,Xinhao Xu,1,477,0.2,,openalex:https://openalex.org/a5130648713,authorship-covered canonical works,canonical works with usable structured OpenAlex authorship,multiple response; one count per unique author per work,sci_829c4bcf5b773dba44a2,OpenAlex author ID
Author productivity,Canonical work count,Xinhao Xu,1,477,0.2,,openalex:https://openalex.org/a5130904304,authorship-covered canonical works,canonical works with usable structured OpenAlex authorship,multiple response; one count per unique author per work,906c1e2afc9ab8dc6794,OpenAlex author ID
Author productivity,Canonical work count,Xining (Ning) Wang,1,477,0.2,,openalex:https://openalex.org/a5139494351,authorship-covered canonical works,canonical works with usable structured OpenAlex authorship,multiple response; one count per unique author per work,107a276748b6c98a2e50,OpenAlex author ID
Author productivity,Canonical work count,Xinjia Dai,1,477,0.2,,openalex:https://openalex.org/a5035807805,authorship-covered canonical works,canonical works with usable structured OpenAlex authorship,multiple response; one count per unique author per work,03dcc8a1b078476d19e0,OpenAlex author ID
Author productivity,Canonical work count,Xinyu Li,1,477,0.2,,openalex:https://openalex.org/a5100406123,authorship-covered canonical works,canonical works with usable structured OpenAlex authorship,multiple response; one count per unique author per work,6d60da2f964efcc60587,OpenAlex author ID
Author productivity,Canonical work count,Xinyu Lu,1,477,0.2,,openalex:https://openalex.org/a5135122009,authorship-covered canonical works,canonical works with usable structured OpenAlex authorship,multiple response; one count per unique author per work,da920e8320da57a1954a,OpenAlex author ID
Author productivity,Canonical work count,Xinyu Zhang,1,477,0.2,,openalex:https://openalex.org/a5115749184,authorship-covered canonical works,canonical works with usable structured OpenAlex authorship,multiple response; one count per unique author per work,582bc7c400fa7acf214f,OpenAlex author ID
Author productivity,Canonical work count,Xinyun Liu,1,477,0.2,,openalex:https://openalex.org/a5146502086,authorship-covered canonical works,canonical works with usable structured OpenAlex authorship,multiple response; one count per unique author per work,ba1df7c86ec2eeb0e945,OpenAlex author ID
Author productivity,Canonical work count,Xiongwen Ran,1,477,0.2,,openalex:https://openalex.org/a5101273668,authorship-covered canonical works,canonical works with usable structured OpenAlex authorship,multiple response; one count per unique author per work,81087c9bc5a7366ff084,OpenAlex author ID
Author productivity,Canonical work count,Xiule Lin,1,477,0.2,,name-only:240393927e83854aac9b:4bbb7ce01b213e38,authorship-covered canonical works,canonical works with usable structured OpenAlex authorship,multiple response; one count per unique author per work,240393927e83854aac9b,name-only record; duplicates collapsed within work only; not merged across works
Author productivity,Canonical work count,Xiuqi Zhu,1,477,0.2,,openalex:https://openalex.org/a5009253521,authorship-covered canonical works,canonical works with usable structured OpenAlex authorship,multiple response; one count per unique author per work,5b529e4bc562ac2c093e,OpenAlex author ID
Author productivity,Canonical work count,Xudong Lü,1,477,0.2,,openalex:https://openalex.org/a5050004899,authorship-covered canonical works,canonical works with usable structured OpenAlex authorship,multiple response; one count per unique author per work,3a2d4841832fea8715fe,OpenAlex author ID
Author productivity,Canonical work count,Xue Zhou,1,477,0.2,,openalex:https://openalex.org/a5080243235,authorship-covered canonical works,canonical works with usable structured OpenAlex authorship,multiple response; one count per unique author per work,f2454b259920b1b1d032,OpenAlex author ID
Author productivity,Canonical work count,Xuechen Zhang,1,477,0.2,,openalex:https://openalex.org/a5084907146,authorship-covered canonical works,canonical works with usable structured OpenAlex authorship,multiple response; one count per unique author per work,43f6ad0fa6f4597d56fc,OpenAlex author ID
Author productivity,Canonical work count,Xuefeng Sun,1,477,0.2,,openalex:https://openalex.org/a5048299379,authorship-covered canonical works,canonical works with usable structured OpenAlex authorship,multiple response; one count per unique author per work,a4f6e4afd67cbf667f95,OpenAlex author ID
Author productivity,Canonical work count,Xuefeng Sun,1,477,0.2,,openalex:https://openalex.org/a5139005293,authorship-covered canonical works,canonical works with usable structured OpenAlex authorship,multiple response; one count per unique author per work,73a1f91733c91359d5f0,OpenAlex author ID
Author productivity,Canonical work count,Xuejing Li,1,477,0.2,,openalex:https://openalex.org/a5039041291,authorship-covered canonical works,canonical works with usable structured OpenAlex authorship,multiple response; one count per unique author per work,0394426a6c4e7afe938e,OpenAlex author ID
Author productivity,Canonical work count,Xuewang Geng,1,477,0.2,,openalex:https://openalex.org/a5002640897,authorship-covered canonical works,canonical works with usable structured OpenAlex authorship,multiple response; one count per unique author per work,25f6a5df250f3ed0360b,OpenAlex author ID
Author productivity,Canonical work count,Xuexue Bai,1,477,0.2,,name-only:8616afb3ca85007ec9d7:21e715ad69d70844,authorship-covered canonical works,canonical works with usable structured OpenAlex authorship,multiple response; one count per unique author per work,8616afb3ca85007ec9d7,name-only record; duplicates collapsed within work only; not merged across works
Author productivity,Canonical work count,Xueying Bai,1,477,0.2,,openalex:https://openalex.org/a5103877293,authorship-covered canonical works,canonical works with usable structured OpenAlex authorship,multiple response; one count per unique author per work,ed38fd3a7de3cb77f8a6,OpenAlex author ID
Author productivity,Canonical work count,Xueying Huang,1,477,0.2,,openalex:https://openalex.org/a5140368575,authorship-covered canonical works,canonical works with usable structured OpenAlex authorship,multiple response; one count per unique author per work,sci_454fe3ad37947557e9a6,OpenAlex author ID
Author productivity,Canonical work count,Xule Zhu,1,477,0.2,,openalex:https://openalex.org/a5102666154,authorship-covered canonical works,canonical works with usable structured OpenAlex authorship,multiple response; one count per unique author per work,c58a4682ca46d2e66e96,OpenAlex author ID
Author productivity,Canonical work count,Xusheng Liang,1,477,0.2,,openalex:https://openalex.org/a5112796021,authorship-covered canonical works,canonical works with usable structured OpenAlex authorship,multiple response; one count per unique author per work,8616afb3ca85007ec9d7,OpenAlex author ID
Author productivity,Canonical work count,Y U Q I A O Xie,1,477,0.2,,openalex:https://openalex.org/a5125017711,authorship-covered canonical works,canonical works with usable structured OpenAlex authorship,multiple response; one count per unique author per work,81087c9bc5a7366ff084,OpenAlex author ID
Author productivity,Canonical work count,Yahan Yang,1,477,0.2,,openalex:https://openalex.org/a5025607157,authorship-covered canonical works,canonical works with usable structured OpenAlex authorship,multiple response; one count per unique author per work,adc1485c258278b24c4e,OpenAlex author ID
Author productivity,Canonical work count,Yale Tung‐Chen,1,477,0.2,,openalex:https://openalex.org/a5017674869,authorship-covered canonical works,canonical works with usable structured OpenAlex authorship,multiple response; one count per unique author per work,6ab002878664147423a1,OpenAlex author ID
Author productivity,Canonical work count,Yan Lv,1,477,0.2,,openalex:https://openalex.org/a5134888573,authorship-covered canonical works,canonical works with usable structured OpenAlex authorship,multiple response; one count per unique author per work,412046e11296d150c70a,OpenAlex author ID
Author productivity,Canonical work count,Yan Xu,1,477,0.2,,openalex:https://openalex.org/a5034094966,authorship-covered canonical works,canonical works with usable structured OpenAlex authorship,multiple response; one count per unique author per work,sci_3d6777cb059403330506,OpenAlex author ID
Author productivity,Canonical work count,Yanbo Zhang,1,477,0.2,,openalex:https://openalex.org/a5141285404,authorship-covered canonical works,canonical works with usable structured OpenAlex authorship,multiple response; one count per unique author per work,63c69a200d415bc42d9b,OpenAlex author ID
Author productivity,Canonical work count,Yaneng Li,1,477,0.2,,openalex:https://openalex.org/a5104285911,authorship-covered canonical works,canonical works with usable structured OpenAlex authorship,multiple response; one count per unique author per work,04b48ce4dda567febfa2,OpenAlex author ID
Author productivity,Canonical work count,Yanfang Yu,1,477,0.2,,openalex:https://openalex.org/a5103219069,authorship-covered canonical works,canonical works with usable structured OpenAlex authorship,multiple response; one count per unique author per work,412046e11296d150c70a,OpenAlex author ID
Author productivity,Canonical work count,Yang Dong,1,477,0.2,,openalex:https://openalex.org/a5064735218,authorship-covered canonical works,canonical works with usable structured OpenAlex authorship,multiple response; one count per unique author per work,ed38fd3a7de3cb77f8a6,OpenAlex author ID
Author productivity,Canonical work count,Yang Fan,1,477,0.2,,openalex:https://openalex.org/a5137150857,authorship-covered canonical works,canonical works with usable structured OpenAlex authorship,multiple response; one count per unique author per work,9717d5f24495686aabe2,OpenAlex author ID
Author productivity,Canonical work count,Yang Liu,1,477,0.2,,name-only:240393927e83854aac9b:880b4d33202c8db4,authorship-covered canonical works,canonical works with usable structured OpenAlex authorship,multiple response; one count per unique author per work,240393927e83854aac9b,name-only record; duplicates collapsed within work only; not merged across works
Author productivity,Canonical work count,Yang Liu,1,477,0.2,,openalex:https://openalex.org/a5128681209,authorship-covered canonical works,canonical works with usable structured OpenAlex authorship,multiple response; one count per unique author per work,6d60da2f964efcc60587,OpenAlex author ID
Author productivity,Canonical work count,Yang WEN,1,477,0.2,,name-only:359e1289e1f098bb36e2:bb4740d283f8611e,authorship-covered canonical works,canonical works with usable structured OpenAlex authorship,multiple response; one count per unique author per work,359e1289e1f098bb36e2,name-only record; duplicates collapsed within work only; not merged across works
Author productivity,Canonical work count,YANG Yuanqing,1,477,0.2,,name-only:1f1c780e93f8833f8015:df5c40da63384b4f,authorship-covered canonical works,canonical works with usable structured OpenAlex authorship,multiple response; one count per unique author per work,1f1c780e93f8833f8015,name-only record; duplicates collapsed within work only; not merged across works
Author productivity,Canonical work count,Yang Zhou,1,477,0.2,,openalex:https://openalex.org/a5101819169,authorship-covered canonical works,canonical works with usable structured OpenAlex authorship,multiple response; one count per unique author per work,d977c356ff57ab060fef,OpenAlex author ID
Author productivity,Canonical work count,Yangfan Yang,1,477,0.2,,openalex:https://openalex.org/a5101475006,authorship-covered canonical works,canonical works with usable structured OpenAlex authorship,multiple response; one count per unique author per work,adc1485c258278b24c4e,OpenAlex author ID
Author productivity,Canonical work count,Yanghee Pang,1,477,0.2,,openalex:https://openalex.org/a5082968868,authorship-covered canonical works,canonical works with usable structured OpenAlex authorship,multiple response; one count per unique author per work,49bb4b3f2e5c7a1a3f92,OpenAlex author ID
Author productivity,Canonical work count,Yanhong Liu,1,477,0.2,,openalex:https://openalex.org/a5015719633,authorship-covered canonical works,canonical works with usable structured OpenAlex authorship,multiple response; one count per unique author per work,sci_6140618886946efd3455,OpenAlex author ID
Author productivity,Canonical work count,Yanhong Liu,1,477,0.2,,name-only:4dcbdf4bf0f5a9a6c8c8:2e9eabf01d857320,authorship-covered canonical works,canonical works with usable structured OpenAlex authorship,multiple response; one count per unique author per work,4dcbdf4bf0f5a9a6c8c8,name-only record; duplicates collapsed within work only; not merged across works
Author productivity,Canonical work count,Yankai Shi,1,477,0.2,,openalex:https://openalex.org/a5113148523,authorship-covered canonical works,canonical works with usable structured OpenAlex authorship,multiple response; one count per unique author per work,a4d746b41f7f88ceb127,OpenAlex author ID
Author productivity,Canonical work count,Yannik Haven,1,477,0.2,,openalex:https://openalex.org/a5107571101,authorship-covered canonical works,canonical works with usable structured OpenAlex authorship,multiple response; one count per unique author per work,bad1f4fb855554cb4aba,OpenAlex author ID
Author productivity,Canonical work count,Yannik Müller,1,477,0.2,,openalex:https://openalex.org/a5138506147,authorship-covered canonical works,canonical works with usable structured OpenAlex authorship,multiple response; one count per unique author per work,37bb0c4c182653ebb8f9,OpenAlex author ID
Author productivity,Canonical work count,Yanping Shen,1,477,0.2,,name-only:sci_333316fb42bc0b910010:7071817436d1f831,authorship-covered canonical works,canonical works with usable structured OpenAlex authorship,multiple response; one count per unique author per work,sci_333316fb42bc0b910010,name-only record; duplicates collapsed within work only; not merged across works
Author productivity,Canonical work count,Yanqiu Xing,1,477,0.2,,openalex:https://openalex.org/a5109953657,authorship-covered canonical works,canonical works with usable structured OpenAlex authorship,multiple response; one count per unique author per work,d977c356ff57ab060fef,OpenAlex author ID
Author productivity,Canonical work count,Yanxin Zhang,1,477,0.2,,openalex:https://openalex.org/a5032744848,authorship-covered canonical works,canonical works with usable structured OpenAlex authorship,multiple response; one count per unique author per work,548ca816901c7761f0bf,OpenAlex author ID
Author productivity,Canonical work count,Yanzeng Li,1,477,0.2,,openalex:https://openalex.org/a5004012681,authorship-covered canonical works,canonical works with usable structured OpenAlex authorship,multiple response; one count per unique author per work,0fe5747ae7b23830be21,OpenAlex author ID
Author productivity,Canonical work count,Yaodong Gong,1,477,0.2,,openalex:https://openalex.org/a5123742439,authorship-covered canonical works,canonical works with usable structured OpenAlex authorship,multiple response; one count per unique author per work,03dcc8a1b078476d19e0,OpenAlex author ID
Author productivity,Canonical work count,Yaping Li,1,477,0.2,,openalex:https://openalex.org/a5100462120,authorship-covered canonical works,canonical works with usable structured OpenAlex authorship,multiple response; one count per unique author per work,0b386fbba1d6908a565d,OpenAlex author ID
Author productivity,Canonical work count,Yaqi Chen,1,477,0.2,,openalex:https://openalex.org/a5131066954,authorship-covered canonical works,canonical works with usable structured OpenAlex authorship,multiple response; one count per unique author per work,6f1527fb10827ca1da01,OpenAlex author ID
Author productivity,Canonical work count,Yaroslav Vyklyuk,1,477,0.2,,openalex:https://openalex.org/a5040172378,authorship-covered canonical works,canonical works with usable structured OpenAlex authorship,multiple response; one count per unique author per work,096c409373966ea99821,OpenAlex author ID
Author productivity,Canonical work count,Yash Pankhania,1,477,0.2,,openalex:https://openalex.org/a5122710498,authorship-covered canonical works,canonical works with usable structured OpenAlex authorship,multiple response; one count per unique author per work,3a87ecbc1ceea37e2382,OpenAlex author ID
Author productivity,Canonical work count,Yassmine El Moussaoui,1,477,0.2,,openalex:https://openalex.org/a5119826675,authorship-covered canonical works,canonical works with usable structured OpenAlex authorship,multiple response; one count per unique author per work,1b913a0ed3ab13c6f644,OpenAlex author ID
Author productivity,Canonical work count,Yasuharu Okuda,1,477,0.2,,openalex:https://openalex.org/a5060025720,authorship-covered canonical works,canonical works with usable structured OpenAlex authorship,multiple response; one count per unique author per work,80e9a9d9f964aea305e9,OpenAlex author ID
Author productivity,Canonical work count,Yaxuan Li,1,477,0.2,,openalex:https://openalex.org/a5034854007,authorship-covered canonical works,canonical works with usable structured OpenAlex authorship,multiple response; one count per unique author per work,43f6ad0fa6f4597d56fc,OpenAlex author ID
Author productivity,Canonical work count,Yejin Han,1,477,0.2,,openalex:https://openalex.org/a5052197153,authorship-covered canonical works,canonical works with usable structured OpenAlex authorship,multiple response; one count per unique author per work,e5814fecd144cc3fe016,OpenAlex author ID
Author productivity,Canonical work count,Yejin Yoon,1,477,0.2,,openalex:https://openalex.org/a5129754322,authorship-covered canonical works,canonical works with usable structured OpenAlex authorship,multiple response; one count per unique author per work,9d0e015a74d4a026b092,OpenAlex author ID
Author productivity,Canonical work count,Yen‐Ting Ho,1,477,0.2,,openalex:https://openalex.org/a5073631067,authorship-covered canonical works,canonical works with usable structured OpenAlex authorship,multiple response; one count per unique author per work,32c1dcd0212f833ee125,OpenAlex author ID
Author productivity,Canonical work count,Yeo Eun Shin,1,477,0.2,,openalex:https://openalex.org/a5101856780,authorship-covered canonical works,canonical works with usable structured OpenAlex authorship,multiple response; one count per unique author per work,ea8e0a7c38a125bf8f1d,OpenAlex author ID
Author productivity,Canonical work count,Yeon‐Ju Huh,1,477,0.2,,openalex:https://openalex.org/a5005171494,authorship-covered canonical works,canonical works with usable structured OpenAlex authorship,multiple response; one count per unique author per work,9d0e015a74d4a026b092,OpenAlex author ID
Author productivity,Canonical work count,Yeru Xia,1,477,0.2,,openalex:https://openalex.org/a5106266902,authorship-covered canonical works,canonical works with usable structured OpenAlex authorship,multiple response; one count per unique author per work,2610ebe5f560db94c888,OpenAlex author ID
Author productivity,Canonical work count,Ye‐Jean Park,1,477,0.2,,openalex:https://openalex.org/a5062792034,authorship-covered canonical works,canonical works with usable structured OpenAlex authorship,multiple response; one count per unique author per work,243562012607f7033171,OpenAlex author ID
Author productivity,Canonical work count,Yi Zuo,1,477,0.2,,openalex:https://openalex.org/a5050326276,authorship-covered canonical works,canonical works with usable structured OpenAlex authorship,multiple response; one count per unique author per work,1c073acedd6171c3394d,OpenAlex author ID
Author productivity,Canonical work count,Yibei Wang,1,477,0.2,,openalex:https://openalex.org/a5135290403,authorship-covered canonical works,canonical works with usable structured OpenAlex authorship,multiple response; one count per unique author per work,beedb370b817079634f7,OpenAlex author ID
Author productivity,Canonical work count,Yijie Wang,1,477,0.2,,openalex:https://openalex.org/a5137835185,authorship-covered canonical works,canonical works with usable structured OpenAlex authorship,multiple response; one count per unique author per work,3a2d4841832fea8715fe,OpenAlex author ID
Author productivity,Canonical work count,Yiming Qin,1,477,0.2,,openalex:https://openalex.org/a5101264781,authorship-covered canonical works,canonical works with usable structured OpenAlex authorship,multiple response; one count per unique author per work,359e1289e1f098bb36e2,OpenAlex author ID
Author productivity,Canonical work count,Ying Ding,1,477,0.2,,openalex:https://openalex.org/a5146569452,authorship-covered canonical works,canonical works with usable structured OpenAlex authorship,multiple response; one count per unique author per work,ac7ed05801a4bd006e07,OpenAlex author ID
Author productivity,Canonical work count,Ying Han,1,477,0.2,,name-only:582bc7c400fa7acf214f:b93379d3380d4e49,authorship-covered canonical works,canonical works with usable structured OpenAlex authorship,multiple response; one count per unique author per work,582bc7c400fa7acf214f,name-only record; duplicates collapsed within work only; not merged across works
Author productivity,Canonical work count,Ying Huang,1,477,0.2,,openalex:https://openalex.org/a5134538097,authorship-covered canonical works,canonical works with usable structured OpenAlex authorship,multiple response; one count per unique author per work,9053eb63f4358c343310,OpenAlex author ID
Author productivity,Canonical work count,Ying Liu,1,477,0.2,,openalex:https://openalex.org/a5100644814,authorship-covered canonical works,canonical works with usable structured OpenAlex authorship,multiple response; one count per unique author per work,d3f99e099b9310de57e3,OpenAlex author ID
Author productivity,Canonical work count,Ying Zhu-ge,1,477,0.2,,openalex:https://openalex.org/a5139006364,authorship-covered canonical works,canonical works with usable structured OpenAlex authorship,multiple response; one count per unique author per work,64caff9ef7b3adaafe2d,OpenAlex author ID
Author productivity,Canonical work count,Yingbo Ma,1,477,0.2,,openalex:https://openalex.org/a5072818182,authorship-covered canonical works,canonical works with usable structured OpenAlex authorship,multiple response; one count per unique author per work,4a9222af3af0a24b98ba,OpenAlex author ID
Author productivity,Canonical work count,Yingming Sun,1,477,0.2,,openalex:https://openalex.org/a5071427909,authorship-covered canonical works,canonical works with usable structured OpenAlex authorship,multiple response; one count per unique author per work,sci_3d6777cb059403330506,OpenAlex author ID
Author productivity,Canonical work count,Yining Wu,1,477,0.2,,openalex:https://openalex.org/a5001446924,authorship-covered canonical works,canonical works with usable structured OpenAlex authorship,multiple response; one count per unique author per work,ac7ed05801a4bd006e07,OpenAlex author ID
Author productivity,Canonical work count,Yipeng Zhuang,1,477,0.2,,openalex:https://openalex.org/a5067921848,authorship-covered canonical works,canonical works with usable structured OpenAlex authorship,multiple response; one count per unique author per work,ead3628c23fe3e244e24,OpenAlex author ID
Author productivity,Canonical work count,Yiqing Li,1,477,0.2,,openalex:https://openalex.org/a5100784542,authorship-covered canonical works,canonical works with usable structured OpenAlex authorship,multiple response; one count per unique author per work,adc1485c258278b24c4e,OpenAlex author ID
Author productivity,Canonical work count,Yiying Zhu,1,477,0.2,,name-only:240393927e83854aac9b:b159cbf13ff403db,authorship-covered canonical works,canonical works with usable structured OpenAlex authorship,multiple response; one count per unique author per work,240393927e83854aac9b,name-only record; duplicates collapsed within work only; not merged across works
Author productivity,Canonical work count,Yi‐Wen Hsieh,1,477,0.2,,openalex:https://openalex.org/a5070173088,authorship-covered canonical works,canonical works with usable structured OpenAlex authorship,multiple response; one count per unique author per work,0835d7fde9c090ca963c,OpenAlex author ID
Author productivity,Canonical work count,Ynhi T. Thomas,1,477,0.2,,openalex:https://openalex.org/a5015496569,authorship-covered canonical works,canonical works with usable structured OpenAlex authorship,multiple response; one count per unique author per work,039798e4f1498c17cf82,OpenAlex author ID
Author productivity,Canonical work count,Yogender Malik,1,477,0.2,,openalex:https://openalex.org/a5017372742,authorship-covered canonical works,canonical works with usable structured OpenAlex authorship,multiple response; one count per unique author per work,5c99d6be17d81210020f,OpenAlex author ID
Author productivity,Canonical work count,Yoko Hamaguchi,1,477,0.2,,name-only:862592293f46ff109fb6:119f5f9574e83275,authorship-covered canonical works,canonical works with usable structured OpenAlex authorship,multiple response; one count per unique author per work,862592293f46ff109fb6,name-only record; duplicates collapsed within work only; not merged across works
Author productivity,Canonical work count,Yong LYU,1,477,0.2,,name-only:b777355095979479280c:b4be810ef049f232,authorship-covered canonical works,canonical works with usable structured OpenAlex authorship,multiple response; one count per unique author per work,b777355095979479280c,name-only record; duplicates collapsed within work only; not merged across works
Author productivity,Canonical work count,Yong Xu,1,477,0.2,,openalex:https://openalex.org/a5126456476,authorship-covered canonical works,canonical works with usable structured OpenAlex authorship,multiple response; one count per unique author per work,2c33e3b00e199776ba05,OpenAlex author ID
Author productivity,Canonical work count,Yong-Sik Jo,1,477,0.2,,openalex:https://openalex.org/a5061730876,authorship-covered canonical works,canonical works with usable structured OpenAlex authorship,multiple response; one count per unique author per work,1df5cdc0b4ba5e34b2ba,OpenAlex author ID
Author productivity,Canonical work count,Yong-Xiang Chen,1,477,0.2,,openalex:https://openalex.org/a5124089779,authorship-covered canonical works,canonical works with usable structured OpenAlex authorship,multiple response; one count per unique author per work,1a1d7801effe1e2b850a,OpenAlex author ID
Author productivity,Canonical work count,Yongfeng Zhang,1,477,0.2,,openalex:https://openalex.org/a5100329828,authorship-covered canonical works,canonical works with usable structured OpenAlex authorship,multiple response; one count per unique author per work,d977c356ff57ab060fef,OpenAlex author ID
Author productivity,Canonical work count,Yongjin Yi,1,477,0.2,,openalex:https://openalex.org/a5008764061,authorship-covered canonical works,canonical works with usable structured OpenAlex authorship,multiple response; one count per unique author per work,713e417da7d85579b2d1,OpenAlex author ID
Author productivity,Canonical work count,Yongjin Yi,1,477,0.2,,openalex:https://openalex.org/a5103515674,authorship-covered canonical works,canonical works with usable structured OpenAlex authorship,multiple response; one count per unique author per work,8ce5650fcd50af3976ab,OpenAlex author ID
Author productivity,Canonical work count,Yongpeng Xu,1,477,0.2,,openalex:https://openalex.org/a5136346910,authorship-covered canonical works,canonical works with usable structured OpenAlex authorship,multiple response; one count per unique author per work,eb664530dc232a9e1750,OpenAlex author ID
Author productivity,Canonical work count,Yongtaek Oh,1,477,0.2,,openalex:https://openalex.org/a5113169711,authorship-covered canonical works,canonical works with usable structured OpenAlex authorship,multiple response; one count per unique author per work,4b471ab893f0c3845025,OpenAlex author ID
Author productivity,Canonical work count,Yongxiang Yuan,1,477,0.2,,openalex:https://openalex.org/a5020033608,authorship-covered canonical works,canonical works with usable structured OpenAlex authorship,multiple response; one count per unique author per work,0b386fbba1d6908a565d,OpenAlex author ID
Author productivity,Canonical work count,Yoojin Bae,1,477,0.2,,openalex:https://openalex.org/a5010305789,authorship-covered canonical works,canonical works with usable structured OpenAlex authorship,multiple response; one count per unique author per work,45e7ea1fbbde53125fd7,OpenAlex author ID
Author productivity,Canonical work count,Yoshinobu Maeda,1,477,0.2,,openalex:https://openalex.org/a5025889209,authorship-covered canonical works,canonical works with usable structured OpenAlex authorship,multiple response; one count per unique author per work,8fa1ae6b843e2388520d,OpenAlex author ID
Author productivity,Canonical work count,Yoshitake Takebayashi,1,477,0.2,,openalex:https://openalex.org/a5039970954,authorship-covered canonical works,canonical works with usable structured OpenAlex authorship,multiple response; one count per unique author per work,328dc44eb7208308940c,OpenAlex author ID
Author productivity,Canonical work count,Yosra Magdi Mekki,1,477,0.2,,openalex:https://openalex.org/a5011155157,authorship-covered canonical works,canonical works with usable structured OpenAlex authorship,multiple response; one count per unique author per work,e3ee954b5290b4f74f0b,OpenAlex author ID
Author productivity,Canonical work count,Yossi Levi-Belz,1,477,0.2,,openalex:https://openalex.org/a5143636419,authorship-covered canonical works,canonical works with usable structured OpenAlex authorship,multiple response; one count per unique author per work,e4a287ed511b7be9baa5,OpenAlex author ID
Author productivity,Canonical work count,Yossi Levi-Belz,1,477,0.2,,openalex:https://openalex.org/a5139806216,authorship-covered canonical works,canonical works with usable structured OpenAlex authorship,multiple response; one count per unique author per work,73f1b1dee9a19c0ea0af,OpenAlex author ID
Author productivity,Canonical work count,Young Sam Kim,1,477,0.2,,openalex:https://openalex.org/a5089171427,authorship-covered canonical works,canonical works with usable structured OpenAlex authorship,multiple response; one count per unique author per work,c837d77a482b4e089619,OpenAlex author ID
Author productivity,Canonical work count,YoungJi Ko,1,477,0.2,,openalex:https://openalex.org/a5031957384,authorship-covered canonical works,canonical works with usable structured OpenAlex authorship,multiple response; one count per unique author per work,9b8b66d55c35b17e843c,OpenAlex author ID
Author productivity,Canonical work count,Youngjon Kim,1,477,0.2,,openalex:https://openalex.org/a5007532877,authorship-covered canonical works,canonical works with usable structured OpenAlex authorship,multiple response; one count per unique author per work,1b087547ad0e2e8a3fa3,OpenAlex author ID
Author productivity,Canonical work count,Youngjoon Kang,1,477,0.2,,openalex:https://openalex.org/a5081110891,authorship-covered canonical works,canonical works with usable structured OpenAlex authorship,multiple response; one count per unique author per work,1b087547ad0e2e8a3fa3,OpenAlex author ID
Author productivity,Canonical work count,Young‐A Ji,1,477,0.2,,openalex:https://openalex.org/a5044300186,authorship-covered canonical works,canonical works with usable structured OpenAlex authorship,multiple response; one count per unique author per work,4c10642623772d392b58,OpenAlex author ID
Author productivity,Canonical work count,Yu Han,1,477,0.2,,openalex:https://openalex.org/a5022623630,authorship-covered canonical works,canonical works with usable structured OpenAlex authorship,multiple response; one count per unique author per work,da920e8320da57a1954a,OpenAlex author ID
Author productivity,Canonical work count,Yu-Chiao Chang,1,477,0.2,,openalex:https://openalex.org/a5077489360,authorship-covered canonical works,canonical works with usable structured OpenAlex authorship,multiple response; one count per unique author per work,1a1d7801effe1e2b850a,OpenAlex author ID
Author productivity,Canonical work count,Yua Nishio,1,477,0.2,,openalex:https://openalex.org/a5114906723,authorship-covered canonical works,canonical works with usable structured OpenAlex authorship,multiple response; one count per unique author per work,fcd1902a5e565b2d2fcc,OpenAlex author ID
Author productivity,Canonical work count,Yuan Pu,1,477,0.2,,openalex:https://openalex.org/a5103112749,authorship-covered canonical works,canonical works with usable structured OpenAlex authorship,multiple response; one count per unique author per work,c6db1164aeacaa778bd4,OpenAlex author ID
Author productivity,Canonical work count,Yuanding Huang,1,477,0.2,,openalex:https://openalex.org/a5137069174,authorship-covered canonical works,canonical works with usable structured OpenAlex authorship,multiple response; one count per unique author per work,81087c9bc5a7366ff084,OpenAlex author ID
Author productivity,Canonical work count,Yuanyuan Gu,1,477,0.2,,openalex:https://openalex.org/a5003557670,authorship-covered canonical works,canonical works with usable structured OpenAlex authorship,multiple response; one count per unique author per work,sci_829c4bcf5b773dba44a2,OpenAlex author ID
Author productivity,Canonical work count,Yuanyuan Gu,1,477,0.2,,openalex:https://openalex.org/a5130909366,authorship-covered canonical works,canonical works with usable structured OpenAlex authorship,multiple response; one count per unique author per work,906c1e2afc9ab8dc6794,OpenAlex author ID
Author productivity,Canonical work count,Yudai Suzuki,1,477,0.2,,openalex:https://openalex.org/a5103949150,authorship-covered canonical works,canonical works with usable structured OpenAlex authorship,multiple response; one count per unique author per work,0c75f057197182777687,OpenAlex author ID
Author productivity,Canonical work count,Yue LI,1,477,0.2,,openalex:https://openalex.org/a5126487668,authorship-covered canonical works,canonical works with usable structured OpenAlex authorship,multiple response; one count per unique author per work,2c33e3b00e199776ba05,OpenAlex author ID
Author productivity,Canonical work count,Yuelun Zhang,1,477,0.2,,openalex:https://openalex.org/a5005351185,authorship-covered canonical works,canonical works with usable structured OpenAlex authorship,multiple response; one count per unique author per work,1158803af3fb0ab9c072,OpenAlex author ID
Author productivity,Canonical work count,Yueyue Zhang,1,477,0.2,,name-only:902be756a877af6118c0:7605d1171795f119,authorship-covered canonical works,canonical works with usable structured OpenAlex authorship,multiple response; one count per unique author per work,902be756a877af6118c0,name-only record; duplicates collapsed within work only; not merged across works
Author productivity,Canonical work count,Yufang Guo,1,477,0.2,,openalex:https://openalex.org/a5103225476,authorship-covered canonical works,canonical works with usable structured OpenAlex authorship,multiple response; one count per unique author per work,669cbda7d16ac3f32155,OpenAlex author ID
Author productivity,Canonical work count,Yufang Hao,1,477,0.2,,openalex:https://openalex.org/a5053409748,authorship-covered canonical works,canonical works with usable structured OpenAlex authorship,multiple response; one count per unique author per work,0394426a6c4e7afe938e,OpenAlex author ID
Author productivity,Canonical work count,Yufei Qu,1,477,0.2,,openalex:https://openalex.org/a5137890244,authorship-covered canonical works,canonical works with usable structured OpenAlex authorship,multiple response; one count per unique author per work,3a2d4841832fea8715fe,OpenAlex author ID
Author productivity,Canonical work count,Yuhan Zhou,1,477,0.2,,openalex:https://openalex.org/a5130633302,authorship-covered canonical works,canonical works with usable structured OpenAlex authorship,multiple response; one count per unique author per work,37a099d4d3aa15cafaa9,OpenAlex author ID
Author productivity,Canonical work count,YuJing Wang,1,477,0.2,,openalex:https://openalex.org/a5123580637,authorship-covered canonical works,canonical works with usable structured OpenAlex authorship,multiple response; one count per unique author per work,4eabef99b9ccb8ef8fd4,OpenAlex author ID
Author productivity,Canonical work count,Yujoon Jung,1,477,0.2,,name-only:581dc0790951c1557bba:2fb86bc833ef3af4,authorship-covered canonical works,canonical works with usable structured OpenAlex authorship,multiple response; one count per unique author per work,581dc0790951c1557bba,name-only record; duplicates collapsed within work only; not merged across works
Author productivity,Canonical work count,Yuki Aiyama,1,477,0.2,,openalex:https://openalex.org/a5120797594,authorship-covered canonical works,canonical works with usable structured OpenAlex authorship,multiple response; one count per unique author per work,fd0c4ec164cda596074b,OpenAlex author ID
Author productivity,Canonical work count,Yuki Aiyama,1,477,0.2,,name-only:da8839d00c24db7f6ad6:c8752d75a452b564,authorship-covered canonical works,canonical works with usable structured OpenAlex authorship,multiple response; one count per unique author per work,da8839d00c24db7f6ad6,name-only record; duplicates collapsed within work only; not merged across works
Author productivity,Canonical work count,Yukie Majima,1,477,0.2,,openalex:https://openalex.org/a5007094437,authorship-covered canonical works,canonical works with usable structured OpenAlex authorship,multiple response; one count per unique author per work,sci_66be3ed42b9293d2ff9f,OpenAlex author ID
Author productivity,Canonical work count,Yukyeong Song,1,477,0.2,,openalex:https://openalex.org/a5038303955,authorship-covered canonical works,canonical works with usable structured OpenAlex authorship,multiple response; one count per unique author per work,4a9222af3af0a24b98ba,OpenAlex author ID
Author productivity,Canonical work count,Yumika Akiba,1,477,0.2,,openalex:https://openalex.org/a5120710516,authorship-covered canonical works,canonical works with usable structured OpenAlex authorship,multiple response; one count per unique author per work,5a18de075da6eacf874c,OpenAlex author ID
Author productivity,Canonical work count,Yun Zhang,1,477,0.2,,openalex:https://openalex.org/a5100356787,authorship-covered canonical works,canonical works with usable structured OpenAlex authorship,multiple response; one count per unique author per work,9053eb63f4358c343310,OpenAlex author ID
Author productivity,Canonical work count,Yung Kit Man,1,477,0.2,,openalex:https://openalex.org/a5139548704,authorship-covered canonical works,canonical works with usable structured OpenAlex authorship,multiple response; one count per unique author per work,ffe994fbb4a27b100f16,OpenAlex author ID
Author productivity,Canonical work count,Yunqi Li,1,477,0.2,,openalex:https://openalex.org/a5056094426,authorship-covered canonical works,canonical works with usable structured OpenAlex authorship,multiple response; one count per unique author per work,da920e8320da57a1954a,OpenAlex author ID
Author productivity,Canonical work count,Yunus Yaşar,1,477,0.2,,openalex:https://openalex.org/a5045685735,authorship-covered canonical works,canonical works with usable structured OpenAlex authorship,multiple response; one count per unique author per work,ec6081495209898a9c42,OpenAlex author ID
Author productivity,Canonical work count,Yunxi Lai,1,477,0.2,,openalex:https://openalex.org/a5002671672,authorship-covered canonical works,canonical works with usable structured OpenAlex authorship,multiple response; one count per unique author per work,adc1485c258278b24c4e,OpenAlex author ID
Author productivity,Canonical work count,Yunzhan Zhou,1,477,0.2,,openalex:https://openalex.org/a5003657349,authorship-covered canonical works,canonical works with usable structured OpenAlex authorship,multiple response; one count per unique author per work,6cf6dbf3648bde45720a,OpenAlex author ID
Author productivity,Canonical work count,Yunzi Long,1,477,0.2,,openalex:https://openalex.org/a5062418863,authorship-covered canonical works,canonical works with usable structured OpenAlex authorship,multiple response; one count per unique author per work,3a2d4841832fea8715fe,OpenAlex author ID
Author productivity,Canonical work count,Yuqi Hu,1,477,0.2,,openalex:https://openalex.org/a5137577041,authorship-covered canonical works,canonical works with usable structured OpenAlex authorship,multiple response; one count per unique author per work,4eabef99b9ccb8ef8fd4,OpenAlex author ID
Author productivity,Canonical work count,Yuqi Hu,1,477,0.2,,openalex:https://openalex.org/a5069201145,authorship-covered canonical works,canonical works with usable structured OpenAlex authorship,multiple response; one count per unique author per work,758d651bc8d5020199f1,OpenAlex author ID
Author productivity,Canonical work count,"Yuriev, Elizabeth; id_orcid 0000-0002-3909-0379",1,477,0.2,,name-only:5e9d52b66e4686a38781:f76a1fcc6fa42531,authorship-covered canonical works,canonical works with usable structured OpenAlex authorship,multiple response; one count per unique author per work,5e9d52b66e4686a38781,name-only record; duplicates collapsed within work only; not merged across works
Author productivity,Canonical work count,Yurina Sugamiya,1,477,0.2,,openalex:https://openalex.org/a5059631639,authorship-covered canonical works,canonical works with usable structured OpenAlex authorship,multiple response; one count per unique author per work,7938acbdb4523b82db58,OpenAlex author ID
Author productivity,Canonical work count,Yuru Boon,1,477,0.2,,openalex:https://openalex.org/a5033420035,authorship-covered canonical works,canonical works with usable structured OpenAlex authorship,multiple response; one count per unique author per work,3592795dfee0e066000a,OpenAlex author ID
Author productivity,Canonical work count,Yusuf Alibrahim,1,477,0.2,,openalex:https://openalex.org/a5096912378,authorship-covered canonical works,canonical works with usable structured OpenAlex authorship,multiple response; one count per unique author per work,197361cc9246160f71a5,OpenAlex author ID
Author productivity,Canonical work count,Yusuf Ağaçkaya,1,477,0.2,,openalex:https://openalex.org/a5115556642,authorship-covered canonical works,canonical works with usable structured OpenAlex authorship,multiple response; one count per unique author per work,ec6081495209898a9c42,OpenAlex author ID
Author productivity,Canonical work count,Yutao Tang,1,477,0.2,,openalex:https://openalex.org/a5101844144,authorship-covered canonical works,canonical works with usable structured OpenAlex authorship,multiple response; one count per unique author per work,061a5c17950367156401,OpenAlex author ID
Author productivity,Canonical work count,Yutong Song,1,477,0.2,,openalex:https://openalex.org/a5122954351,authorship-covered canonical works,canonical works with usable structured OpenAlex authorship,multiple response; one count per unique author per work,235688621e9d66593a40,OpenAlex author ID
Author productivity,Canonical work count,Yuusuke Harada,1,477,0.2,,openalex:https://openalex.org/a5146902810,authorship-covered canonical works,canonical works with usable structured OpenAlex authorship,multiple response; one count per unique author per work,34ea437817489bccb36b,OpenAlex author ID
Author productivity,Canonical work count,Yuxian Zou,1,477,0.2,,name-only:adc1485c258278b24c4e:e5044dfa8b9dc4fe,authorship-covered canonical works,canonical works with usable structured OpenAlex authorship,multiple response; one count per unique author per work,adc1485c258278b24c4e,name-only record; duplicates collapsed within work only; not merged across works
Author productivity,Canonical work count,Yuzhi Yang,1,477,0.2,,openalex:https://openalex.org/a5052835543,authorship-covered canonical works,canonical works with usable structured OpenAlex authorship,multiple response; one count per unique author per work,412046e11296d150c70a,OpenAlex author ID
Author productivity,Canonical work count,Yu‐Ran Lee,1,477,0.2,,openalex:https://openalex.org/a5112853332,authorship-covered canonical works,canonical works with usable structured OpenAlex authorship,multiple response; one count per unique author per work,sci_9353c3c154cbf1cd3c54,OpenAlex author ID
Author productivity,Canonical work count,Yves‐Marie Pers,1,477,0.2,,openalex:https://openalex.org/a5042725314,authorship-covered canonical works,canonical works with usable structured OpenAlex authorship,multiple response; one count per unique author per work,4b7753ecc7bff0d54289,OpenAlex author ID
Author productivity,Canonical work count,Yvonne O’Meara,1,477,0.2,,openalex:https://openalex.org/a5112695584,authorship-covered canonical works,canonical works with usable structured OpenAlex authorship,multiple response; one count per unique author per work,1c5402a057ba8f451244,OpenAlex author ID
Author productivity,Canonical work count,Z. Z. Du,1,477,0.2,,openalex:https://openalex.org/a5109732238,authorship-covered canonical works,canonical works with usable structured OpenAlex authorship,multiple response; one count per unique author per work,sci_3d6777cb059403330506,OpenAlex author ID
Author productivity,Canonical work count,Zachary Pape,1,477,0.2,,openalex:https://openalex.org/a5050004600,authorship-covered canonical works,canonical works with usable structured OpenAlex authorship,multiple response; one count per unique author per work,8bece1a102e2fe87b74e,OpenAlex author ID
Author productivity,Canonical work count,Zachary Patterson,1,477,0.2,,openalex:https://openalex.org/a5122848316,authorship-covered canonical works,canonical works with usable structured OpenAlex authorship,multiple response; one count per unique author per work,8db4130844dc8d367d1f,OpenAlex author ID
Author productivity,Canonical work count,Zack Cote,1,477,0.2,,openalex:https://openalex.org/a5141289047,authorship-covered canonical works,canonical works with usable structured OpenAlex authorship,multiple response; one count per unique author per work,63c69a200d415bc42d9b,OpenAlex author ID
Author productivity,Canonical work count,Zahra Azizi,1,477,0.2,,openalex:https://openalex.org/a5033944429,authorship-covered canonical works,canonical works with usable structured OpenAlex authorship,multiple response; one count per unique author per work,d977c356ff57ab060fef,OpenAlex author ID
Author productivity,Canonical work count,Zefan Zhang,1,477,0.2,,openalex:https://openalex.org/a5012016681,authorship-covered canonical works,canonical works with usable structured OpenAlex authorship,multiple response; one count per unique author per work,8fce68134f06065fdd4a,OpenAlex author ID
Author productivity,Canonical work count,Zena Moore,1,477,0.2,,openalex:https://openalex.org/a5137443589,authorship-covered canonical works,canonical works with usable structured OpenAlex authorship,multiple response; one count per unique author per work,c13d5a010789f6f44c11,OpenAlex author ID
Author productivity,Canonical work count,ZHANG Ningjie,1,477,0.2,,name-only:1f1c780e93f8833f8015:60e55f81c7ea46cb,authorship-covered canonical works,canonical works with usable structured OpenAlex authorship,multiple response; one count per unique author per work,1f1c780e93f8833f8015,name-only record; duplicates collapsed within work only; not merged across works
Author productivity,Canonical work count,"Zhang, Bingquan",1,477,0.2,,name-only:df6dd96b9ea594a121ce:d5a9146dce1fb407,authorship-covered canonical works,canonical works with usable structured OpenAlex authorship,multiple response; one count per unique author per work,df6dd96b9ea594a121ce,name-only record; duplicates collapsed within work only; not merged across works
Author productivity,Canonical work count,Zhanpeng Ou,1,477,0.2,,openalex:https://openalex.org/a5134490603,authorship-covered canonical works,canonical works with usable structured OpenAlex authorship,multiple response; one count per unique author per work,81087c9bc5a7366ff084,OpenAlex author ID
Author productivity,Canonical work count,Zhao Li,1,477,0.2,,openalex:https://openalex.org/a5101704159,authorship-covered canonical works,canonical works with usable structured OpenAlex authorship,multiple response; one count per unique author per work,d977c356ff57ab060fef,OpenAlex author ID
Author productivity,Canonical work count,Zhaolong Wu,1,477,0.2,,openalex:https://openalex.org/a5000376447,authorship-covered canonical works,canonical works with usable structured OpenAlex authorship,multiple response; one count per unique author per work,ead3628c23fe3e244e24,OpenAlex author ID
Author productivity,Canonical work count,Zhe Li,1,477,0.2,,openalex:https://openalex.org/a5115027464,authorship-covered canonical works,canonical works with usable structured OpenAlex authorship,multiple response; one count per unique author per work,061a5c17950367156401,OpenAlex author ID
Author productivity,Canonical work count,Zhen Chen,1,477,0.2,,openalex:https://openalex.org/a5100457694,authorship-covered canonical works,canonical works with usable structured OpenAlex authorship,multiple response; one count per unique author per work,8616afb3ca85007ec9d7,OpenAlex author ID
Author productivity,Canonical work count,Zhen Wang,1,477,0.2,,openalex:https://openalex.org/a5100422292,authorship-covered canonical works,canonical works with usable structured OpenAlex authorship,multiple response; one count per unique author per work,668b98624eeda1089d99,OpenAlex author ID
Author productivity,Canonical work count,Zheng Wang,1,477,0.2,,openalex:https://openalex.org/a5134535168,authorship-covered canonical works,canonical works with usable structured OpenAlex authorship,multiple response; one count per unique author per work,9053eb63f4358c343310,OpenAlex author ID
Author productivity,Canonical work count,Zhenzhen Liu,1,477,0.2,,openalex:https://openalex.org/a5100322246,authorship-covered canonical works,canonical works with usable structured OpenAlex authorship,multiple response; one count per unique author per work,adc1485c258278b24c4e,OpenAlex author ID
Author productivity,Canonical work count,Zhenzhen Qin,1,477,0.2,,openalex:https://openalex.org/a5124877786,authorship-covered canonical works,canonical works with usable structured OpenAlex authorship,multiple response; one count per unique author per work,4eabef99b9ccb8ef8fd4,OpenAlex author ID
Author productivity,Canonical work count,Zhibiao Huang,1,477,0.2,,openalex:https://openalex.org/a5126474400,authorship-covered canonical works,canonical works with usable structured OpenAlex authorship,multiple response; one count per unique author per work,2c33e3b00e199776ba05,OpenAlex author ID
Author productivity,Canonical work count,Zhipeng Wang,1,477,0.2,,openalex:https://openalex.org/a5103110589,authorship-covered canonical works,canonical works with usable structured OpenAlex authorship,multiple response; one count per unique author per work,34ab5ecef79b768723f6,OpenAlex author ID
Author productivity,Canonical work count,Zhiqi Gao,1,477,0.2,,openalex:https://openalex.org/a5038725525,authorship-covered canonical works,canonical works with usable structured OpenAlex authorship,multiple response; one count per unique author per work,fd1a9c7f0b28a609f8af,OpenAlex author ID
Author productivity,Canonical work count,Zhiwei Wang,1,477,0.2,,openalex:https://openalex.org/a5100449937,authorship-covered canonical works,canonical works with usable structured OpenAlex authorship,multiple response; one count per unique author per work,412046e11296d150c70a,OpenAlex author ID
Author productivity,Canonical work count,Zhiyu Chen,1,477,0.2,,openalex:https://openalex.org/a5115588715,authorship-covered canonical works,canonical works with usable structured OpenAlex authorship,multiple response; one count per unique author per work,sci_637ee1f73b6fd5027d1c,OpenAlex author ID
Author productivity,Canonical work count,Zhong Wei,1,477,0.2,,openalex:https://openalex.org/a5125908407,authorship-covered canonical works,canonical works with usable structured OpenAlex authorship,multiple response; one count per unique author per work,94bb63aeb68eddb59442,OpenAlex author ID
Author productivity,Canonical work count,ZHOU Xinyue,1,477,0.2,,name-only:3e6c586541bbab277f12:e4eaf35af7fd8986,authorship-covered canonical works,canonical works with usable structured OpenAlex authorship,multiple response; one count per unique author per work,3e6c586541bbab277f12,name-only record; duplicates collapsed within work only; not merged across works
Author productivity,Canonical work count,ZHOU Zhihao,1,477,0.2,,name-only:3e6c586541bbab277f12:ad4eb77f0fb06d80,authorship-covered canonical works,canonical works with usable structured OpenAlex authorship,multiple response; one count per unique author per work,3e6c586541bbab277f12,name-only record; duplicates collapsed within work only; not merged across works
Author productivity,Canonical work count,"Zhou, Lei",1,477,0.2,,name-only:df6dd96b9ea594a121ce:f39575610d0097dc,authorship-covered canonical works,canonical works with usable structured OpenAlex authorship,multiple response; one count per unique author per work,df6dd96b9ea594a121ce,name-only record; duplicates collapsed within work only; not merged across works
Author productivity,Canonical work count,Zhouyu Guan,1,477,0.2,,openalex:https://openalex.org/a5003418365,authorship-covered canonical works,canonical works with usable structured OpenAlex authorship,multiple response; one count per unique author per work,359e1289e1f098bb36e2,OpenAlex author ID
Author productivity,Canonical work count,Zhu Hong,1,477,0.2,,openalex:https://openalex.org/a5055033770,authorship-covered canonical works,canonical works with usable structured OpenAlex authorship,multiple response; one count per unique author per work,2610ebe5f560db94c888,OpenAlex author ID
Author productivity,Canonical work count,Zhu Hua,1,477,0.2,,openalex:https://openalex.org/a5072163767,authorship-covered canonical works,canonical works with usable structured OpenAlex authorship,multiple response; one count per unique author per work,7b627eb0e17b77a07c57,OpenAlex author ID
Author productivity,Canonical work count,Zi Wang,1,477,0.2,,openalex:https://openalex.org/a5100338337,authorship-covered canonical works,canonical works with usable structured OpenAlex authorship,multiple response; one count per unique author per work,669cbda7d16ac3f32155,OpenAlex author ID
Author productivity,Canonical work count,Zichen Zhu,1,477,0.2,,openalex:https://openalex.org/a5138215425,authorship-covered canonical works,canonical works with usable structured OpenAlex authorship,multiple response; one count per unique author per work,1d69e819d76b702e955f,OpenAlex author ID
Author productivity,Canonical work count,Zijian Li,1,477,0.2,,openalex:https://openalex.org/a5128638943,authorship-covered canonical works,canonical works with usable structured OpenAlex authorship,multiple response; one count per unique author per work,6d60da2f964efcc60587,OpenAlex author ID
Author productivity,Canonical work count,Zilin Jia,1,477,0.2,,openalex:https://openalex.org/a5119117547,authorship-covered canonical works,canonical works with usable structured OpenAlex authorship,multiple response; one count per unique author per work,7b627eb0e17b77a07c57,OpenAlex author ID
Author productivity,Canonical work count,Ziv Ko Hong Tai,1,477,0.2,,openalex:https://openalex.org/a5120153943,authorship-covered canonical works,canonical works with usable structured OpenAlex authorship,multiple response; one count per unique author per work,0b1e929029c5b43c5beb,OpenAlex author ID
Author productivity,Canonical work count,Ziyan Wang,1,477,0.2,,openalex:https://openalex.org/a5130650333,authorship-covered canonical works,canonical works with usable structured OpenAlex authorship,multiple response; one count per unique author per work,0394426a6c4e7afe938e,OpenAlex author ID
Author productivity,Canonical work count,Ziyuan Yang,1,477,0.2,,openalex:https://openalex.org/a5004716830,authorship-covered canonical works,canonical works with usable structured OpenAlex authorship,multiple response; one count per unique author per work,412046e11296d150c70a,OpenAlex author ID
Author productivity,Canonical work count,Zohar Elyoseph,1,477,0.2,,openalex:https://openalex.org/a5127887888,authorship-covered canonical works,canonical works with usable structured OpenAlex authorship,multiple response; one count per unique author per work,116dd099707d378fb9a6,OpenAlex author ID
Author productivity,Canonical work count,Zohar Elyoseph,1,477,0.2,,openalex:https://openalex.org/a5139820848,authorship-covered canonical works,canonical works with usable structured OpenAlex authorship,multiple response; one count per unique author per work,73f1b1dee9a19c0ea0af,OpenAlex author ID
Author productivity,Canonical work count,Zoltán Balogh,1,477,0.2,,openalex:https://openalex.org/a5071250267,authorship-covered canonical works,canonical works with usable structured OpenAlex authorship,multiple response; one count per unique author per work,sci_479872e4f60f538cbd03,OpenAlex author ID
Author productivity,Canonical work count,Zuxin Shi,1,477,0.2,,name-only:sci_333316fb42bc0b910010:2f9cd6e7ff8c183b,authorship-covered canonical works,canonical works with usable structured OpenAlex authorship,multiple response; one count per unique author per work,sci_333316fb42bc0b910010,name-only record; duplicates collapsed within work only; not merged across works
Author productivity,Canonical work count,Ádám Attila Szűcs,1,477,0.2,,name-only:sci_479872e4f60f538cbd03:51f409b0e14e232a,authorship-covered canonical works,canonical works with usable structured OpenAlex authorship,multiple response; one count per unique author per work,sci_479872e4f60f538cbd03,name-only record; duplicates collapsed within work only; not merged across works
Author productivity,Canonical work count,Ángel Corchado-Vargas,1,477,0.2,,openalex:https://openalex.org/a5074103218,authorship-covered canonical works,canonical works with usable structured OpenAlex authorship,multiple response; one count per unique author per work,59ac00c951a84da39213,OpenAlex author ID
Author productivity,Canonical work count,Ángel Elizalde-Méndez,1,477,0.2,,openalex:https://openalex.org/a5065372496,authorship-covered canonical works,canonical works with usable structured OpenAlex authorship,multiple response; one count per unique author per work,59ac00c951a84da39213,OpenAlex author ID
Author productivity,Canonical work count,Çetin Toraman,1,477,0.2,,openalex:https://openalex.org/a5038536226,authorship-covered canonical works,canonical works with usable structured OpenAlex authorship,multiple response; one count per unique author per work,94dc4442e5bc1f047433,OpenAlex author ID
Author productivity,Canonical work count,Çiğdem Öksüz,1,477,0.2,,openalex:https://openalex.org/a5143950839,authorship-covered canonical works,canonical works with usable structured OpenAlex authorship,multiple response; one count per unique author per work,5e70fc602d28beb4158b,OpenAlex author ID
Author productivity,Canonical work count,Émilie Olié,1,477,0.2,,openalex:https://openalex.org/a5109519577,authorship-covered canonical works,canonical works with usable structured OpenAlex authorship,multiple response; one count per unique author per work,be9dea9f8b093b59c0c4,OpenAlex author ID
Author productivity,Canonical work count,Éric Piver,1,477,0.2,,openalex:https://openalex.org/a5022287678,authorship-covered canonical works,canonical works with usable structured OpenAlex authorship,multiple response; one count per unique author per work,5aeb6b891099b95aa832,OpenAlex author ID
Author productivity,Canonical work count,Şenay Kılınçel,1,477,0.2,,openalex:https://openalex.org/a5036130576,authorship-covered canonical works,canonical works with usable structured OpenAlex authorship,multiple response; one count per unique author per work,73cb9769cd2180a04bb0,OpenAlex author ID
Author productivity,Canonical work count,В. В. Берещенко,1,477,0.2,,openalex:https://openalex.org/a5025978478,authorship-covered canonical works,canonical works with usable structured OpenAlex authorship,multiple response; one count per unique author per work,8a18fabf9cf9be3f8a36,OpenAlex author ID
Author productivity,Canonical work count,В. В. Попов,1,477,0.2,,openalex:https://openalex.org/a5023673056,authorship-covered canonical works,canonical works with usable structured OpenAlex authorship,multiple response; one count per unique author per work,43f6ad0fa6f4597d56fc,OpenAlex author ID
Author productivity,Canonical work count,Головин Ф. М.,1,477,0.2,,openalex:https://openalex.org/a5140531091,authorship-covered canonical works,canonical works with usable structured OpenAlex authorship,multiple response; one count per unique author per work,8a18fabf9cf9be3f8a36,OpenAlex author ID
Author productivity,Canonical work count,Н. В. Давыдова,1,477,0.2,,openalex:https://openalex.org/a5102983354,authorship-covered canonical works,canonical works with usable structured OpenAlex authorship,multiple response; one count per unique author per work,14a6c8b99daf76e8179d,OpenAlex author ID
Author productivity,Canonical work count,І. С. Попова,1,477,0.2,,openalex:https://openalex.org/a5079025516,authorship-covered canonical works,canonical works with usable structured OpenAlex authorship,multiple response; one count per unique author per work,14a6c8b99daf76e8179d,OpenAlex author ID
Author productivity,Canonical work count,晓文 朱,1,477,0.2,,openalex:https://openalex.org/a5118728226,authorship-covered canonical works,canonical works with usable structured OpenAlex authorship,multiple response; one count per unique author per work,bda47b5b58b47ca77285,OpenAlex author ID
Author productivity distribution,Number of studies per unique author identity,1 study,2208,2388,92.5,,,unique author identities,all usable structured author identities in the fixed OpenAlex snapshot,single response; mutually exclusive productivity bands,,OpenAlex author IDs are used when available; unresolved name-only records are not merged across studies.
Author productivity distribution,Number of studies per unique author identity,2 studies,126,2388,5.3,,,unique author identities,all usable structured author identities in the fixed OpenAlex snapshot,single response; mutually exclusive productivity bands,,OpenAlex author IDs are used when available; unresolved name-only records are not merged across studies.
Author productivity distribution,Number of studies per unique author identity,3 studies,33,2388,1.4,,,unique author identities,all usable structured author identities in the fixed OpenAlex snapshot,single response; mutually exclusive productivity bands,,OpenAlex author IDs are used when available; unresolved name-only records are not merged across studies.
Author productivity distribution,Number of studies per unique author identity,>=4 studies,21,2388,0.9,,,unique author identities,all usable structured author identities in the fixed OpenAlex snapshot,single response; mutually exclusive productivity bands,,OpenAlex author IDs are used when available; unresolved name-only records are not merged across studies.
Coverage,Authorship coverage,Usable structured OpenAlex authorship,477,485,98.4,,,canonical works,all canonical works,coverage,4781da10664bc6a33ebc;859f96f4eca259cdb9e8;64947cabbe7282713c10;e82a026a5524b0d4f0d3;eb6afac746ee34d7a37f;116dd099707d378fb9a6;9d0e015a74d4a026b092;47160b043b610b447eca;9aeba4bdaf161dff8c40;01a746b554d461cb998c;2a63460a75ff944e1d44;4c4dc7fcefb1e9f3abdf;98459bc57c099322761c;e5b4ed028b3c0ea2eeec;6fb769efa53620e383b7;34ea437817489bccb36b;b53bf33d223a68f17e8c;0b386fbba1d6908a565d;e5e611fc18a4d66128d9;713e417da7d85579b2d1;6e7213516f82875618ff;55c688efa556cdf3a77e;e4a287ed511b7be9baa5;dcce0a8cef5543c4fec4;fa24b39d9c9c2f6142d6;7f98755e27ed54f044ae;088f42aecd2674d3dbe5;5966d1a884499670acf2;sci_7924be52acf88877d8df;594824ec9813877abe34;654de90417901825feeb;6cf6dbf3648bde45720a;26de74e3debea64ac297;72c30900482428bf1e49;5116aab375eedc896bfd;669cbda7d16ac3f32155;633dafafd7b2de3e7ad0;18f9eaf414ec69e25aad;319d5b791f54df181b23;180163049fadb98a0ef8;07d462beafe4d21ba016;58483951ebaed609e26a;a2fb845a99fa4f6e080c;eb8b75c75edacbfa547b;beedb370b817079634f7;sci_a8f02e0b2a448efff5e6;31f58d5793ca1ef590ea;ba93136b38c9a66d059f;67e2860b474712736027;8ad0258644c0c312a7d8;0aad164402f8e4deea3b;f1b256cdccd6208d0cc8;64a85483f87115653128;fbcfe4a5c41e518e74ba;e73b99fafd0009a6e927;425ec6ee2ca714b7434a;5d6128771afb1cccb251;4fdab8147c5288a598e6;ed23e4c8ee00516d2110;50e4613efeaaadc861f8;adc1485c258278b24c4e;3b0e82db448631888b4c;f54e36609097c96e8b6d;94ed3a0dbe4657397dc4;d885762caf8919afe125;afc8c786ca5b65ba8c74;sci_829c4bcf5b773dba44a2;5b529e4bc562ac2c093e;166aa3cc368ebd076b91;f41f37dbb22b9ed8ae7c;ac7ed05801a4bd006e07;3aba8ba7976a49acd0ac;c837d77a482b4e089619;df6dd96b9ea594a121ce;a32c2fb665f05ef6086f;2610ebe5f560db94c888;1158803af3fb0ab9c072;b191e9f77e079eab9ed3;f68a92632e9b465b9cd8;1c9542cefba3287a5281;501d19c3bd3160083e8a;4c10642623772d392b58;598901438bbefd691625;9d1c14070287793c215b;035291e867ecf965f467;34ab5ecef79b768723f6;sci_454fe3ad37947557e9a6;sci_f57abde71790ef1bc83d;e5814fecd144cc3fe016;906c1e2afc9ab8dc6794;594d7ce86781a2e8398f;c2d6c7abc598aacc0368;7d5cb710e5a6901bbaaa;sci_300870bf7109221baf28;2dd7865e84af395616af;8f2528d2ba0e05485210;af881e87f70fad542887;0de698b6ef36192c9365;4301913b143d4dcf67c6;4eabef99b9ccb8ef8fd4;9ba2ceb3ea808e2794a1;sci_0f0b074ee785f63a5645;538dc624d4f06d86f6a2;3592795dfee0e066000a;sci_0deb435b497fb81c6d22;df5127c0b752274d452e;c9defba9bce13454aa5f;de583e684ddd0364a161;1a8a9f25ccdf589f88f6;1563f87491d1ce4d02fb;7a269bae27b9f603ddda;c6db1164aeacaa778bd4;0b1e929029c5b43c5beb;ea8e0a7c38a125bf8f1d;7442954006aac8fa63fa;ebc2ea10b1b751d8e58c;1df5cdc0b4ba5e34b2ba;235688621e9d66593a40;76597dc445d9df2ae743;12a5244797e0de4599d0;e4987ba5c8f46735e9ff;d6b29e9cea0c868cc28e;f6df2d018d41c258414a;7f84c902e862e25dbf2c;cc3c546075dc11e58802;bd0527af9d9859ca54bb;32b43fcb025a9d77581f;72f2fcd3a833c8b6e39e;296fc2ba93325a6b3ed0;437f09a0c472e4ba343e;86d7e55b4cfd49b202f0;64caff9ef7b3adaafe2d;ed072d60d05f5e236143;581dc0790951c1557bba;64d8153970a657aa23b0;6f1527fb10827ca1da01;ba1df7c86ec2eeb0e945;d3f99e099b9310de57e3;a03df064164f1b54d1d5;894f08a5035b3a1872d5;302dee907e926e18ddba;eee52e824f1559f7759a;30b04ea7e17c283383c8;8fa1ae6b843e2388520d;f9c1bb8b50eb65edbf84;ce47d43f097c456cdf45;19e84bd61f0782eec51c;a4f6e4afd67cbf667f95;sci_6840c15b05b568f05153;0b1b0febb2293831bcc0;412046e11296d150c70a;b052274076e5e7cc16db;3adc77e0b0502fcefcc3;fcd1902a5e565b2d2fcc;272439595ff3b96c35f3;aea68236a77645892d74;eb0a6b505c3ccc9e534d;f2be4ac5256845407914;ed38fd3a7de3cb77f8a6;sci_b852c26f48dfbf482b84;f5e8d39c518465a0d255;5a18de075da6eacf874c;79301031755b16db8fe6;sci_6140618886946efd3455;sci_a90d053bc1db526acda9;4cac4c9f22b3d59d56dd;bc52d7f8f145e43beefc;d644a8da3cdeae0603e0;7938acbdb4523b82db58;3a5aebe14250eec39412;cfa4cceea1f21315935e;ead3628c23fe3e244e24;9eb3b25f5e4e48cdcb6a;9053eb63f4358c343310;7b19776512fecc94e643;03345c1deb2aad29820e;af9edf1f4c2a0c11a5eb;6d85b580a0562cc121d4;4b471ab893f0c3845025;38300507331b97225df5;d977c356ff57ab060fef;e3ee954b5290b4f74f0b;43f6ad0fa6f4597d56fc;e5304eeb960c6393b03a;5dd47cd1855294dcfafd;8a18fabf9cf9be3f8a36;3e3d7476a0d0198a12a3;sci_a09f51bed9668b4f7e21;5b995fc6546cbe610568;e2272dd53f2ee764e3a8;758d651bc8d5020199f1;593c7da1de5e9f26b59d;5245cf325337d81e78ff;1a1d7801effe1e2b850a;f31767356a0db5360a3d;3a87ecbc1ceea37e2382;sci_93a452609f10d60e9d33;5c99d6be17d81210020f;7ab76d429b6539b40243;b36e071a220a2c96e7c2;4c580842a4d610a72e9d;bb3a5362f067d65fc98d;9b8b66d55c35b17e843c;25591cbc3c2b21cbfbdf;c8c9e4c672bea3a6d994;7571d4d2871565bc5c1c;5e70fc602d28beb4158b;4fed0ae03cd7415c40f4;539c65e906ee41f3eabf;da920e8320da57a1954a;5aeb6b891099b95aa832;53e73c84997817856e1f;sci_637ee1f73b6fd5027d1c;1c5402a057ba8f451244;86f76ce0ac18d03915b2;b608f772e32f2dbbff5e;b924bd45d30abb49831e;643ef34d4dd326d5b164;4bae43896a7e20da2e4b;b3e39792f96130f4a0b4;5aa2066f4c78fde5a50b;81337a44aeb46520e3ec;1c073acedd6171c3394d;8a1c6e7038c447a20568;sci_aea73a0d6d3e592a48a0;f74b171e97e291bab8d3;50ac103890932b40242c;d0ead936020ec24f78a7;b216d2e3bbb753147fd2;0aea8997b3d07a3c7455;aedb9561df16d70a7ef8;fb4436cacb550c46d347;sci_d54eaf2ee85c6160a060;60653c070afcf8848788;8db4130844dc8d367d1f;32c1dcd0212f833ee125;061a5c17950367156401;56dc16bbc7cd98ca993a;38da855b4155bb083590;240393927e83854aac9b;328dc44eb7208308940c;907d492e03a26ae110b8;35ffd2cef7df5e4ea7fc;b3a8d73bf08119c4ce68;aa05a5932f8ebb716574;db80308782a219cbea0e;614d439112e6f1ccea50;6ab002878664147423a1;434224fa76b1280311a5;1557e783fc8af1e8fdd6;ff3b7f48f6f586cf90b7;359e1289e1f098bb36e2;3cc4d65478e63af8ab6e;7920ebcf271025a5a8ee;15b1e2fee67db58575b7;fd0c4ec164cda596074b;a9588de788e2402350be;282aa7d3820de53059e9;c13d5a010789f6f44c11;2877ad2c6a928639280a;bed98da775e40e17c44e;0fe5747ae7b23830be21;ae74530d7e9fa7f91f65;0038624c09ec9fe46395;be9dea9f8b093b59c0c4;6d3fca2519e927f795b8;9b778c91d64124298579;d02cfb250e397dd52db5;81087c9bc5a7366ff084;3a2d4841832fea8715fe;08cc34de5385d0bd76a6;7b627eb0e17b77a07c57;c6788113fb3c0b6f7bcf;78868accc1f86fb42dce;327767a02786d8ff7a19;3bb7eee2436c25920c9e;44090e715310ee158f37;6a18d985481870e99d72;1131dfab50144331e92a;582bc7c400fa7acf214f;b4fa4675ffa2674da6e1;9287cf74b213e44a489d;432422a165ddc6a24c2f;59ac00c951a84da39213;94bb63aeb68eddb59442;592d3957693502aad933;416753b67d9e900455c8;43800694173ba371af4f;sci_49f3e83303945c5d95da;04b48ce4dda567febfa2;cb97375c66ea36d11d94;c98aa2499bea62fd3f2a;14a6c8b99daf76e8179d;f97eadc969f29dc262e7;5b356113a239c62ba5ac;0a56637c161743569cf5;f2454b259920b1b1d032;4ef0a8247384321e8b47;48e2ce8734d9d1acb602;766fde2e997ea8140bd0;a44cf2193e8756673fa7;70cb1e0a134b7f41b447;bad1f4fb855554cb4aba;e2a36443154e9a33aff9;58a5647e55ff3ae5746e;902be756a877af6118c0;4b5e1bc310423d1d0555;sci_3d6777cb059403330506;548ca816901c7761f0bf;7fc0513f51b7c61dad31;0c75f057197182777687;87dd3b9b5e7ef2d3f457;4ff984fed8d71f9ad381;4a9222af3af0a24b98ba;ed80b78f8297d945224d;48a55d4cf5cff922481f;4b7753ecc7bff0d54289;b4ed643f7430dbf0ccb9;1f1c780e93f8833f8015;7bda59402c9478eda64c;7713a8c3085fddc6419c;155acc9f21eba7b06b56;ec6081495209898a9c42;5e9d52b66e4686a38781;94dc4442e5bc1f047433;740cc1ae550411dacecc;6d60da2f964efcc60587;db6b016a13edb570269a;096c409373966ea99821;415ba4f99eeb473a50c2;3d4ea70252a23ce4cd2f;f917e0b66cef158b9df0;bc5dd5d7b1ad1b4d21e4;78b358c1b1f53fdbc100;eeb5a3afa4e8b1c2635c;81e99943a71c35f1b5e2;9eabda9ff317373c18d3;69f44a30a1f5c09b5e41;891bdc5ee1f3d07f820a;03e1a6632b830e0512c9;038dc9e15385ce662149;b2f1db675b2599e354ab;d46506f34cc784478c88;ab784e3f29bfc7622997;sci_9353c3c154cbf1cd3c54;73a1f91733c91359d5f0;73cb9769cd2180a04bb0;6fdf974a01dd27215f86;7791c8951d81b4aa0b71;sci_479872e4f60f538cbd03;0394426a6c4e7afe938e;4252b0b43599d37a154a;fc535dce265384650ae6;37a099d4d3aa15cafaa9;766d498375e7ceff4c70;039798e4f1498c17cf82;5da1c6c1e35204ff7f9d;0a2c09d04e10e0478041;401238697481e3dbe32e;b75fad8b8777d2f878b6;caf55d1c5f0358791a96;6af91184365b35a93de5;73f1b1dee9a19c0ea0af;eb664530dc232a9e1750;a4d746b41f7f88ceb127;91738aa3fb8146efb96d;8616afb3ca85007ec9d7;1b087547ad0e2e8a3fa3;d7a2412d7fe5f7bee1e5;80e9a9d9f964aea305e9;3e6c586541bbab277f12;06baad752a52246f7f43;fd1a9c7f0b28a609f8af;f4631b37b9a1fd57d914;11f31f18ad70545cab85;2366390c9f679e2c90b7;843a6b1f2c79c1bd4273;862592293f46ff109fb6;eb6ba637fab26b824344;e28e63bbe4974bda0026;9717d5f24495686aabe2;2972cffe675ec25e930c;9d44b976cb2c076751e8;588316012a3f2d9b790a;107a276748b6c98a2e50;adf94a39c16c36a40d45;sci_1b84a9e2391f6779175c;c301ce506b01b01e6207;33fa7a94d105663796d8;ba402925b430558ae1e0;8fce68134f06065fdd4a;68306d2649f0e34ccfa7;e359eafa6af6abbb467d;d290e5bf22b00e731795;886368e8c3c194de3abd;7a9ca4d4d16f4705139f;ffe994fbb4a27b100f16;da4715a1835405ea02b7;27940ac9615817e019e3;sci_333316fb42bc0b910010;d90096afc3b383fbecb7;54972cda535948a803e8;4f06f0d72a1de087b5c5;c4f5fe90704c2aa68c75;49bb4b3f2e5c7a1a3f92;df606ccebb857fa9a592;sci_f2cc5417df9af41a5165;217a1796806e392c3e77;71a491a468f6c4c71249;7f735724143207af94c1;f4d7fdee2c3cc083329d;00dc13a955ae4496d4ca;bd2cdf16f21f3814f67d;d11ce96adb05741aef6d;8ce5650fcd50af3976ab;03dcc8a1b078476d19e0;00b1591b551023fc549f;4823a4ac11c66c68a7d4;2f08c4b2b3acc1eaa9d5;63c69a200d415bc42d9b;36878122d89a1f0ba51c;b94b9bcb1d96d93db9c0;7a5ffafc98c031b3684e;ea35181a48e801132195;987d3b654bc3d24dc464;afa9fe102dc8ed9bfaff;bda47b5b58b47ca77285;c58a4682ca46d2e66e96;dec5b56924e40c32e506;8bece1a102e2fe87b74e;ef046f239f256df5f180;4dcbdf4bf0f5a9a6c8c8;76a6c8049ee4223224f6;df4adbef2a265890959e;98c23d01b9fb23bd43c4;ac37bfba546f78614410;1d69e819d76b702e955f;45e7ea1fbbde53125fd7;668b98624eeda1089d99;da8839d00c24db7f6ad6;2c33e3b00e199776ba05;24ffbec5a9dbce04e0fd;b777355095979479280c;a3991fd1e09daca82f29;1b913a0ed3ab13c6f644;4f796e0ce90dce8d4da8;0835d7fde9c090ca963c;681bba8e632d1614f426;49a3c3f5df637d33e854;37bb0c4c182653ebb8f9;c2a9bbee811cd29891e3;197361cc9246160f71a5;d06c6ad96bb08eb739dc;b6f4bfb66f82ba008b32;6457c6be7c6ba150ede6;6e06ede93e94c8f8e15c;60f8f44c77f909f61dc3;20e73ed62a3078e6a9b4;8094cb5448e9c4e2f371;0a25081e59bfa2406a89;e9d6ceded269a04cde99;a2883a095e505041a802;6ad5ba253eb6dea25a47;24c93ac0955292251f20;7acd89712f3fc0bb4cb7;14e96fc7b4c3181fd39b;2befb2019a25a1ea563f;e4caff2128dfb4f4ac0c;25f6a5df250f3ed0360b;abda3007be07a5153c0c;f30eee8f6354bfa06744;d2f64f874b70a189b145;f5c57c1a6cc5d054fcac;sci_66be3ed42b9293d2ff9f;44d09fb5dabfde2e9e31;9b5ff9099d241db5f86a;243562012607f7033171,Name-only authors are not merged across works.
Coverage,Authorship coverage,No usable structured authorship,8,485,1.6,,,canonical works,all canonical works,missingness category; mutually exclusive with covered,sci_b283d7022275d4ea7f72;sci_ce41b4792638011f5d74;e7357cbd0c17edcf1ae4;ee3afe8181b997d521a2;sci_205c7c070474c3f60b30;sci_19c7e7b5094b7aa538d4;85b8ae635d7a78f669e0;sci_42199d910f14a1707aa3,Missing structured authorship is not treated as zero authors.
